I	pron
be	noun
you	pron
the	art
to	part
a	art
it	pron
do	noun
that	noun
and	noun
have	noun
we	pron
of	adp
he	noun
in	noun
this	det
what	noun
go	verb
will	noun
get	verb
for	adp
she	noun
on	adp
they	pron
so	noun
your	det
know	verb
can	aux
no	noun
but	verb
with	adp
like	verb
not	noun
all	noun
just	adv
here	adv
there	noun
right	verb
want	verb
come	verb
good	verb
up	verb
if	noun
think	verb
one	noun
about	adp
out	verb
at	noun
oh	noun
say	verb
see	verb
now	noun
how	noun
okay	intj
yeah	intj
let	verb
look	verb
make	verb
take	verb
yes	noun
time	verb
as	adp
well	verb
tell	verb
who	noun
why	noun
from	adp
when	noun
need	verb
really	adv
his	det
back	verb
many	adj
hey	intj
man	verb
thing	noun
person	noun
then	adv
could	aux
our	det
or	noun
because	sconj
too	adv
give	verb
where	noun
play	verb
way	noun
love	verb
some	det
by	adp
mean	adj
should	aux
something	noun
work	verb
feel	verb
talk	noun
music	noun
leave	noun
guy	noun
win	verb
day	noun
find	verb
down	verb
laugh	verb
call	noun
two	noun
thank	verb
even	verb
over	noun
very	adv
please	verb
never	adv
first	noun
try	verb
sorry	noun
only	adv
happen	verb
little	noun
wait	verb
help	verb
much	adv
uh	intj
off	verb
sure	adj
life	verb
stop	verb
keep	verb
other	noun
year	noun
still	verb
great	noun
into	adp
use	verb
ask	verb
start	verb
their	det
after	noun
put	verb
again	adv
any	det
everything	pron
fuck	noun
anything	pron
lot	noun
hear	verb
big	noun
long	verb
show	verb
friend	verb
before	sconj
always	adv
than	adp
mom	noun
home	verb
god	noun
bad	noun
woman	verb
new	adj
nothing	noun
chuckle	verb
girl	verb
mr	noun
maybe	noun
away	verb
nice	adj
last	verb
today	noun
run	verb
move	noun
kid	verb
dad	noun
place	verb
someone	noun
sir	noun
three	noun
kill	verb
must	noun
both	cconj
sigh	intj
night	noun
around	adp
bring	verb
name	verb
stay	noun
live	verb
family	noun
fine	verb
lose	verb
old	noun
world	noun
money	noun
through	adp
end	verb
huh	intj
meet	verb
believe	verb
kind	adj
next	adj
hello	noun
turn	verb
thanks	noun
everyone	pron
ever	adv
every	det
together	adv
care	verb
course	verb
house	verb
hard	adj
late	noun
wrong	noun
eat	verb
hand	verb
baby	verb
which	pron
listen	noun
same	adj
hold	verb
open	verb
close	noun
miss	noun
also	adv
enough	adv
um	intj
remember	verb
hi	intj
head	verb
might	noun
already	adv
door	noun
job	noun
own	verb
ready	verb
happy	adj
understand	verb
another	det
break	verb
change	verb
actually	adv
die	verb
watch	noun
cause	verb
team	verb
bit	noun
else	adj
boy	noun
cheer	verb
real	noun
phone	verb
face	verb
car	noun
speak	verb
shit	verb
father	verb
minute	noun
gasp	noun
second	verb
grunt	verb
fight	noun
since	sconj
hope	noun
game	verb
son	noun
most	adv
idea	noun
school	verb
problem	noun
hit	verb
brother	noun
hmm	intj
while	verb
pretty	verb
mother	verb
wow	noun
room	verb
mind	noun
without	adp
worry	noun
once	adv
pay	verb
may	noun
point	verb
eye	verb
become	verb
seem	verb
sound	noun
guess	noun
plan	verb
forget	verb
send	verb
ah	noun
groan	verb
whole	adj
child	verb
matter	verb
part	verb
high	noun
heart	verb
each	det
such	det
check	noun
hell	noun
sit	verb
fun	verb
case	verb
five	noun
continue	verb
true	adj
yet	adv
save	verb
scream	noun
anyone	pron
morning	noun
different	adj
cool	verb
fall	verb
walk	verb
stand	verb
soon	adj
word	verb
until	sconj
question	verb
haven	noun
side	verb
whoa	intj
easy	adj
young	verb
drink	noun
week	noun
catch	verb
ring	verb
hurt	verb
deal	verb
four	noun
lie	verb
sleep	verb
stuff	verb
number	verb
tonight	noun
fire	verb
hour	noun
buy	noun
alone	adv
water	verb
able	adj
crazy	noun
clear	verb
set	verb
tomorrow	noun
power	verb
beautiful	adj
whatever	noun
party	verb
story	verb
bye	noun
exactly	adv
body	verb
pick	noun
chance	verb
moment	noun
important	adj
business	noun
dead	noun
sing	verb
probably	adv
inside	noun
few	det
damn	noun
marry	verb
excuse	verb
lady	noun
pass	verb
ball	verb
trust	verb
cry	verb
crowd	noun
answer	verb
welcome	noun
police	verb
far	adj
line	verb
ago	adv
wife	verb
order	verb
write	verb
follow	verb
food	noun
though	sconj
light	verb
sister	noun
against	adp
daughter	noun
throw	verb
reason	verb
dream	verb
suppose	verb
cut	noun
perfect	noun
everybody	pron
top	verb
promise	noun
month	noun
fast	noun
wish	noun
amazing	adj
song	noun
ooh	noun
drive	noun
almost	adv
strong	adj
wear	verb
match	verb
rest	verb
behind	noun
grow	verb
least	adv
grunting	noun
shut	noun
between	adp
finish	noun
learn	verb
beat	verb
ten	noun
read	verb
dog	verb
hot	noun
under	noun
don	verb
ha	intj
decide	verb
hang	verb
OK	intj
pull	verb
truth	noun
audience	noun
early	adv
king	noun
hate	verb
hide	noun
step	verb
voice	verb
shot	noun
mine	verb
either	cconj
act	verb
anyway	adv
doctor	verb
front	verb
figure	noun
half	noun
laughter	noun
full	adj
ma	noun
free	noun
boss	verb
death	noun
honey	verb
finally	adv
sell	noun
spend	verb
parent	noun
ho	noun
quite	adv
city	noun
blow	verb
six	noun
touch	noun
narrator	noun
black	verb
date	verb
outside	noun
safe	noun
attack	verb
bear	noun
news	noun
book	verb
choose	verb
wonder	noun
dr	noun
foot	verb
kick	verb
drop	noun
surprise	verb
its	det
scared	adj
stick	noun
lead	verb
hurry	verb
couple	verb
rock	verb
gosh	intj
definitely	adv
company	noun
special	noun
shoot	noun
calm	noun
ahead	adv
husband	noun
piece	verb
office	noun
realize	verb
blood	verb
sometimes	adv
nobody	noun
fly	verb
control	verb
steal	verb
trouble	noun
serious	adj
human	noun
expect	verb
past	noun
sign	verb
return	verb
country	noun
john	noun
fact	noun
dude	noun
small	noun
somebody	noun
dance	verb
player	noun
seriously	adv
mess	verb
enjoy	verb
gun	verb
agree	verb
protect	verb
white	noun
weird	noun
secret	verb
sweet	verb
wake	verb
meeting	noun
hair	verb
red	noun
million	noun
kiss	noun
star	verb
sense	verb
cover	noun
yell	noun
cook	noun
ass	noun
giggle	verb
stupid	noun
park	verb
picture	verb
worried	adj
dear	noun
join	noun
funny	noun
push	noun
state	verb
class	verb
alive	adj
master	verb
relationship	noun
force	verb
share	noun
bed	verb
test	verb
future	noun
cold	noun
exhale	verb
afraid	adj
knock	noun
em	noun
bitch	verb
group	verb
indistinct	adj
super	noun
town	noun
begin	verb
mistake	verb
build	verb
dinner	noun
law	noun
along	adp
base	adj
careful	adj
glad	adj
dramatic	adj
clean	noun
focus	verb
situation	noun
lord	noun
bro	noun
luck	verb
explain	verb
fix	noun
allow	verb
message	verb
movie	noun
report	verb
sort	verb
video	verb
imagine	noun
possible	noun
offer	verb
experience	verb
shall	aux
choice	adj
handle	verb
cute	adj
cake	verb
hospital	noun
totally	adv
street	noun
single	verb
teach	verb
war	noun
count	noun
rule	verb
captain	verb
excited	adj
decision	noun
key	verb
air	verb
pain	verb
round	verb
smell	verb
low	noun
chatter	noun
dress	verb
record	verb
jump	verb
absolutely	adv
woo	verb
joke	verb
deep	noun
panting	noun
charge	noun
birthday	noun
sick	verb
forward	verb
click	verb
seven	noun
fault	verb
mark	verb
create	verb
during	adp
awesome	adj
reach	verb
monster	noun
murder	verb
cell	noun
magic	noun
judge	verb
goodness	noun
bell	noun
mmm	intj
scoff	verb
camera	noun
wedding	noun
president	noun
pop	verb
quick	adj
bet	verb
taste	verb
instead	adv
prepare	verb
straight	noun
treat	noun
dark	noun
tough	noun
yesterday	noun
bag	verb
alright	adj
busy	verb
age	noun
less	verb
lock	noun
visit	noun
officer	noun
land	verb
mouth	verb
final	noun
space	verb
mad	verb
respect	verb
student	noun
jack	verb
uncle	noun
carry	verb
roll	verb
burn	noun
honest	adj
accept	verb
somewhere	noun
photo	noun
ride	verb
fan	verb
eight	noun
building	noun
favorite	noun
leg	noun
relax	verb
support	verb
lucky	adj
completely	adv
card	verb
box	verb
level	verb
drug	verb
train	verb
huge	adj
middle	noun
type	verb
deserve	verb
idiot	noun
short	verb
cat	noun
grab	verb
bird	noun
nervous	adj
third	noun
smile	verb
add	verb
tense	noun
issue	verb
horse	noun
raise	verb
swear	noun
sad	adj
prove	verb
member	noun
engine	noun
goal	noun
coffee	noun
battle	verb
normal	noun
entire	adj
forever	adv
study	verb
trip	verb
arm	noun
seat	verb
min	noun
quiet	verb
tired	adj
table	verb
throat	noun
slow	noun
blue	noun
wall	verb
sex	verb
notice	noun
information	noun
spot	verb
ice	verb
proud	adj
buddy	noun
score	verb
club	verb
arrive	verb
glass	noun
floor	verb
color	verb
upbeat	noun
worth	noun
involve	verb
draw	noun
dangerous	adj
forgive	verb
area	noun
tree	verb
gift	verb
daddy	noun
quickly	adv
road	noun
fill	verb
guard	verb
smart	noun
chief	noun
anybody	pron
obviously	adv
partner	verb
challenge	verb
cross	verb
girlfriend	noun
whoo	noun
fail	verb
theme	noun
rise	noun
poor	noun
invite	noun
fish	verb
present	verb
bar	verb
paper	verb
earth	noun
destroy	verb
dare	noun
consider	verb
sun	verb
crime	noun
cop	verb
memory	noun
fear	verb
beep	verb
position	verb
ground	verb
pitch	verb
history	noun
waste	verb
search	verb
none	noun
energy	noun
fool	noun
chef	noun
opportunity	noun
queen	noun
prison	noun
chuckling	noun
goodbye	noun
attention	noun
champion	verb
breathing	noun
yo	noun
honestly	adv
general	noun
arrest	verb
honor	verb
whistle	noun
congratulation	noun
apologize	verb
loud	adj
ruin	verb
agent	noun
list	verb
conversation	noun
rather	adv
difficult	adj
center	verb
serve	verb
station	verb
feeling	noun
mention	verb
especially	adv
fair	noun
court	verb
wind	verb
store	verb
doubt	verb
quit	noun
whisper	verb
action	noun
spirit	verb
chicken	verb
risk	verb
system	noun
animal	noun
sea	noun
American	adj
evidence	verb
hm	intj
patient	noun
angry	adj
pressure	verb
coach	verb
beeping	noun
boyfriend	noun
receive	verb
dong	noun
Christmas	adj
event	noun
corey	noun
appreciate	verb
gentleman	noun
soul	noun
escape	noun
brain	verb
stage	verb
breathe	verb
block	verb
favor	verb
green	noun
truck	verb
upset	noun
applause	noun
marriage	noun
Jesus	intj
simple	adj
contact	noun
letter	verb
teacher	noun
anywhere	noun
whether	sconj
track	verb
manager	noun
bill	verb
clothes	noun
ship	verb
softly	adv
scene	noun
ugh	intj
island	noun
art	noun
shop	verb
ya	noun
interesting	adj
shoe	verb
press	verb
security	noun
shouting	noun
suck	verb
strange	adj
bastard	noun
field	verb
director	noun
wonderful	adj
near	verb
travel	verb
bother	noun
flower	verb
gold	noun
hero	noun
radio	verb
mission	noun
lawyer	verb
restaurant	noun
guest	noun
tear	verb
service	verb
nine	noun
strike	verb
across	adp
double	noun
lunch	verb
hundred	noun
yep	noun
peace	noun
machine	verb
soft	adj
terrible	adj
hungry	adj
tie	verb
thousand	noun
reporter	noun
fit	adj
hotel	noun
weapon	noun
season	verb
manage	verb
race	verb
however	adv
enter	verb
crash	verb
pack	noun
princess	noun
dish	verb
perhaps	adv
personal	noun
incredible	adj
egg	verb
boat	noun
bank	verb
survive	verb
evening	noun
rich	adj
sky	noun
bus	verb
belong	verb
enemy	noun
suit	verb
besides	adp
victim	noun
screw	verb
evil	noun
lay	noun
blame	verb
style	verb
trick	verb
form	verb
finger	verb
exclaim	verb
public	adj
hole	verb
delicious	adj
usually	adv
moon	verb
grandma	noun
asshole	noun
impossible	adj
mama	noun
interested	adj
remain	verb
jail	verb
shake	noun
till	verb
client	noun
accident	noun
pretend	verb
fake	noun
prince	noun
feed	verb
suddenly	adv
training	noun
complete	verb
result	verb
stone	verb
unless	sconj
disappear	verb
college	noun
ghost	verb
tea	noun
fade	verb
speed	verb
often	adv
surgery	noun
suspenseful	adj
cough	noun
danger	noun
leader	noun
self	noun
cream	verb
announcer	noun
extra	noun
rain	verb
vote	verb
truly	adv
note	verb
heavy	noun
aw	intj
release	verb
french	verb
chocolate	noun
celebrate	verb
remind	verb
deeply	adv
admit	verb
cost	verb
lovely	noun
commentator	noun
pants	verb
holy	noun
within	adp
killer	noun
horn	verb
bottom	verb
certain	adj
heavily	adv
gasping	noun
defense	noun
ow	intj
scary	adj
tag	verb
nick	verb
board	verb
beginning	noun
everywhere	adv
corner	verb
warm	verb
suspect	verb
film	verb
approach	verb
government	noun
dollar	noun
project	verb
camp	verb
practice	noun
demon	noun
file	verb
trap	verb
bark	verb
post	verb
window	noun
chase	verb
strength	noun
circle	verb
witness	verb
winner	noun
ding	verb
except	verb
owe	verb
difference	noun
bang	verb
eh	verb
career	noun
soldier	verb
mountain	noun
bleep	verb
drunk	noun
wild	noun
interview	verb
text	verb
wash	noun
kitchen	noun
meat	noun
national	noun
subtitle	verb
detective	noun
translation	noun
clearly	adv
clock	verb
main	noun
apartment	noun
distance	verb
plus	noun
competition	noun
basically	adv
connect	verb
literally	adv
criminal	noun
character	noun
professor	noun
neither	det
max	verb
deliver	verb
grand	noun
detail	verb
summer	noun
private	noun
growl	verb
hat	noun
inhale	verb
include	verb
shout	noun
appear	verb
sake	noun
bathroom	noun
price	verb
babe	noun
dragon	noun
cup	verb
introduce	verb
correct	noun
whirring	noun
view	verb
dig	verb
tire	noun
tooth	verb
cash	verb
mary	noun
breath	noun
army	noun
village	noun
rid	verb
growling	noun
beg	verb
title	verb
plane	verb
regret	noun
kinda	adv
dirty	verb
exist	verb
powerful	adj
settle	noun
term	verb
target	verb
justice	noun
bite	verb
driver	noun
freak	noun
bunch	verb
ticket	verb
solve	noun
apart	adv
afternoon	noun
famous	adj
smoke	verb
meow	verb
large	noun
process	verb
skill	noun
hug	verb
ex	noun
pleasure	verb
shape	verb
frank	noun
condition	verb
rush	noun
bone	verb
shirt	noun
hire	noun
path	noun
dating	noun
sniffle	verb
breakfast	noun
meal	noun
willing	adj
immediately	adv
fresh	adj
wood	verb
pregnant	adj
ear	noun
bottle	noun
alarm	verb
plant	verb
majesty	noun
punch	verb
social	noun
skin	noun
investigation	noun
due	noun
wine	verb
switch	verb
beer	noun
avoid	verb
owner	noun
bless	verb
commit	noun
raw	adj
design	verb
sweetie	noun
discuss	verb
recognize	verb
whose	det
thud	noun
tiny	adj
nose	verb
south	noun
connection	noun
weak	adj
darling	noun
mile	noun
hunt	verb
church	noun
major	verb
sport	verb
steve	verb
lift	noun
tight	adj
trial	noun
beach	verb
crew	verb
dry	verb
indistinctly	adv
computer	noun
gather	verb
roar	verb
bomb	verb
weekend	noun
hearing	noun
sniff	verb
earn	verb
damage	verb
empty	noun
royal	noun
mommy	noun
crap	verb
defeat	verb
mix	verb
option	verb
heaven	noun
account	verb
address	verb
female	noun
artist	noun
whenever	adv
media	noun
dick	verb
chant	noun
convince	verb
dumb	verb
shame	verb
siren	noun
model	verb
grandpa	noun
stress	verb
certainly	adv
band	verb
swing	verb
struggle	verb
yay	intj
copy	verb
effort	noun
aunt	noun
interest	noun
river	noun
pray	verb
rice	noun
cheese	verb
paint	verb
cousin	noun
perform	verb
shoulder	verb
twice	adv
community	noun
male	noun
thou	noun
apparently	adv
comfortable	adj
department	noun
request	verb
crush	verb
otherwise	adv
championship	noun
above	adp
chime	verb
wave	verb
market	verb
amount	verb
drag	verb
neck	verb
original	noun
chat	noun
noise	noun
unite	noun
shower	verb
zero	verb
highness	noun
rescue	verb
bullshit	verb
defend	verb
easily	adv
innocent	noun
bat	verb
bright	noun
tongue	verb
official	noun
advice	noun
university	noun
code	verb
exciting	adj
ridiculous	adj
chair	verb
knee	verb
fry	noun
operation	noun
accord	noun
size	verb
spread	noun
mate	noun
weight	verb
whoever	pron
page	verb
total	noun
lesson	noun
piss	verb
whimper	noun
Japanese	adj
fat	verb
hook	noun
insane	adj
k	noun
responsibility	noun
adult	noun
heat	verb
boom	verb
emergency	noun
claim	noun
episode	noun
flavor	verb
role	noun
onto	adp
sugar	verb
suffer	verb
plate	verb
toy	verb
sobbing	noun
wing	verb
silly	noun
north	adv
angel	noun
handsome	adj
gang	verb
pirate	verb
suggest	verb
giant	noun
sword	noun
lip	verb
mum	noun
assume	verb
example	noun
remove	verb
crack	noun
jealous	adj
bread	verb
hall	noun
dancing	noun
location	noun
towards	adp
contract	verb
asleep	adj
climb	noun
blind	noun
although	sconj
wail	noun
milk	verb
tall	adj
guilty	adj
shh	noun
ray	noun
further	verb
chattering	noun
van	noun
journey	verb
opinion	noun
pig	noun
soo	noun
flight	noun
shine	verb
upon	adp
program	verb
nurse	verb
hop	noun
nope	noun
moan	noun
purpose	verb
beauty	noun
hum	noun
load	verb
barely	adv
performance	noun
grace	verb
tape	verb
threaten	verb
slowly	adv
duty	noun
natural	noun
somehow	adv
refuse	verb
excellent	adj
chirping	noun
medical	noun
wound	verb
devil	verb
nowhere	noun
victory	noun
common	noun
gate	noun
scare	noun
professional	noun
tour	verb
sauce	verb
health	noun
wheel	verb
thunder	verb
schedule	verb
mask	verb
host	verb
swim	noun
unbelievable	adj
perfectly	adv
butt	noun
bobby	noun
recently	adv
dean	noun
nonsense	noun
spell	noun
minister	verb
applaud	verb
gay	noun
folk	noun
language	noun
emotional	adj
depend	verb
talent	noun
unit	noun
sudden	adj
knife	verb
pizza	noun
brave	verb
series	noun
local	noun
rumbling	noun
chill	noun
separate	verb
pat	verb
research	verb
jerk	verb
chip	verb
advantage	noun
indeed	adv
brand	verb
brown	noun
batter	verb
gentle	noun
punk	noun
grade	verb
responsible	adj
curious	adj
hip	adj
german	noun
split	noun
joy	noun
west	noun
pool	verb
awful	adj
fruit	verb
reality	noun
confuse	verb
military	noun
oil	verb
intense	adj
ash	noun
shock	verb
confirm	verb
rope	verb
ignore	verb
twenty	noun
freeze	noun
ability	noun
staff	verb
pound	verb
aware	adj
crown	verb
lately	adv
gas	verb
ominous	adj
customer	noun
success	noun
horrible	adj
wrap	noun
sight	verb
baker	noun
button	verb
clap	noun
neighbor	verb
junior	noun
planet	noun
rob	verb
madam	noun
japan	noun
nut	noun
among	adp
curse	verb
nail	verb
rat	verb
value	verb
sale	noun
buzzing	noun
unfortunately	adv
loss	noun
simply	adv
abandon	noun
gunshot	noun
martin	noun
several	adj
bury	noun
soccer	noun
ninja	noun
edge	noun
property	noun
former	noun
rent	verb
football	verb
fantastic	adj
sacrifice	verb
trash	verb
transfer	verb
tip	verb
stomach	noun
mood	noun
repeat	noun
footstep	noun
medicine	noun
flow	verb
bullet	noun
soup	verb
effect	verb
motherfucker	noun
treasure	verb
bike	verb
beyond	adp
complicated	adj
collect	verb
divorce	verb
singer	noun
investigate	verb
emotion	noun
science	noun
reveal	verb
confident	adj
kidnap	noun
rip	verb
ton	noun
neighborhood	noun
cancel	noun
nature	noun
prefer	verb
metal	noun
rate	verb
lab	noun
healthy	adj
safety	noun
birth	verb
zone	verb
creature	noun
threat	noun
slip	verb
provide	verb
runner	noun
statement	noun
represent	verb
snow	verb
product	noun
piano	noun
concern	verb
goddamn	adj
square	noun
prosecutor	noun
hunter	noun
Chinese	adj
shadow	verb
faith	noun
grant	verb
Korean	adj
pair	verb
odd	noun
sweetheart	noun
direction	noun
priest	noun
discover	verb
signal	verb
upstairs	adv
ocean	noun
proof	verb
opponent	noun
genius	noun
expensive	adj
credit	verb
candy	verb
sexy	adj
heal	verb
gorgeous	adj
drama	noun
witch	noun
spring	verb
storm	verb
obvious	adj
potato	noun
tone	verb
robot	noun
bob	verb
fate	noun
fancy	verb
wade	verb
plenty	noun
attorney	noun
monkey	verb
freedom	noun
instrumental	adj
necessary	adj
clue	verb
screeching	noun
affect	verb
period	noun
forest	verb
theory	noun
grateful	adj
wolf	verb
gain	noun
chest	noun
percent	noun
thought	noun
snap	verb
stare	noun
explosion	noun
seek	verb
hopefully	adv
bedroom	noun
boring	adj
concerned	adj
romantic	noun
online	adj
rough	noun
exam	noun
toilet	noun
popular	adj
ugly	adj
eventually	adv
revenge	verb
vehicle	noun
tool	verb
attempt	verb
rumor	verb
apple	noun
speech	noun
pie	noun
weather	verb
slam	verb
golden	adj
nation	noun
positive	noun
slide	verb
argue	verb
warrior	noun
thief	noun
meaning	noun
assistant	noun
pot	verb
dump	noun
prize	verb
balance	verb
st	noun
capture	noun
image	verb
cheat	noun
pocket	verb
cookie	noun
impressive	adj
farm	verb
palace	noun
Italian	adj
pour	noun
bridge	verb
possibly	adv
incident	noun
employee	noun
actor	noun
bean	verb
apply	verb
miracle	noun
access	verb
poison	verb
physical	noun
whoop	verb
buck	verb
alien	noun
fully	adv
elevator	noun
painting	noun
strategy	noun
usual	adj
hill	noun
demand	verb
snack	verb
friendship	noun
screen	verb
lack	verb
similar	adj
extremely	adv
stranger	noun
spare	verb
yellow	verb
snake	verb
generation	noun
borrow	noun
bubble	verb
legal	adj
loser	noun
confidence	noun
mirror	verb
express	verb
mighty	adj
crow	verb
apology	noun
pill	noun
nightmare	noun
sentence	verb
wet	verb
bake	noun
deny	verb
beast	noun
bug	verb
warn	verb
harm	verb
salt	verb
sin	verb
garden	noun
Christ	intj
fourth	noun
squeal	verb
east	adv
map	verb
yelp	noun
aside	adv
jake	noun
vibe	verb
senior	noun
annoying	adj
afford	verb
adventure	noun
makeup	noun
regular	noun
happiness	noun
flip	verb
toast	verb
comment	verb
league	noun
award	verb
nor	cconj
bleed	noun
betray	verb
compete	verb
lonely	adj
skip	noun
punish	verb
boo	verb
determine	verb
worker	noun
sob	verb
degree	noun
seal	noun
capable	adj
sink	noun
shift	verb
juice	verb
learning	noun
tail	verb
cloud	verb
successful	adj
surround	verb
affair	noun
mouse	noun
squeaking	noun
compare	verb
chain	verb
complain	verb
limit	noun
cheap	adj
iron	verb
properly	adv
twist	verb
bowl	verb
society	noun
disappointed	adj
gym	noun
pika	noun
magical	adj
funeral	noun
recover	noun
expert	noun
orange	noun
actual	adj
cancer	noun
fashion	noun
butter	verb
launch	verb
rude	adj
whimpering	noun
develop	verb
liar	noun
maya	noun
despite	adp
solution	noun
silence	verb
device	noun
document	verb
sneak	verb
delivery	noun
source	verb
current	noun
guitar	noun
scratch	verb
sharply	adv
require	verb
attend	verb
lake	noun
familiar	noun
movement	noun
santa	noun
studio	noun
desire	verb
culture	verb
holiday	verb
alert	verb
likely	adj
personally	adv
strain	verb
blast	verb
material	noun
item	noun
wide	adj
treatment	noun
exchange	verb
er	verb
accuse	verb
nearly	adv
judgment	noun
sweat	noun
squeak	verb
wipe	noun
version	noun
commander	noun
roaring	noun
regard	noun
mayor	noun
per	adp
article	noun
cow	verb
gut	verb
guarantee	verb
roger	noun
subject	verb
lover	noun
useless	adj
monitor	noun
mare	noun
bloody	verb
doll	noun
heh	noun
carefully	adv
diamond	noun
mystery	noun
chop	verb
nerve	noun
murderer	noun
internet	noun
injury	noun
wherever	adv
roof	verb
loving	adj
brilliant	adj
winter	verb
permission	noun
insist	verb
mysterious	adj
suicide	verb
awake	verb
agency	noun
site	verb
duck	verb
debt	noun
auntie	noun
blade	verb
aye	noun
personality	noun
screech	noun
spin	verb
billion	noun
warning	noun
kingdom	noun
announce	verb
vision	noun
command	verb
row	verb
organize	verb
bum	verb
legend	noun
root	verb
tiger	noun
colonel	noun
industry	noun
sandwich	verb
loose	noun
pride	verb
normally	adv
twin	verb
sharp	noun
attitude	noun
authority	noun
trade	verb
task	verb
opposite	noun
chairman	noun
pink	noun
bath	verb
universe	noun
vacation	verb
tick	verb
pardon	noun
mail	verb
tower	verb
flag	verb
engage	verb
fortune	noun
heck	noun
flat	noun
increase	verb
spit	noun
fairy	noun
muscle	verb
replace	verb
non	noun
ingredient	noun
jacket	noun
desk	noun
bust	noun
flash	verb
technique	noun
shark	noun
datum	noun
lily	noun
supply	verb
rare	verb
secure	verb
pro	noun
somber	verb
advance	verb
precious	adj
direct	verb
quality	noun
airport	noun
embarrassing	adj
aim	verb
smash	noun
destiny	noun
concert	noun
guide	verb
firm	verb
embarrassed	adj
athlete	noun
festival	noun
achieve	verb
rank	verb
knight	verb
bow	verb
prime	noun
potential	noun
surely	adv
eliminate	verb
unique	adj
tan	verb
badly	adv
pitcher	noun
distract	verb
anger	verb
recording	noun
yard	noun
foul	adj
pee	noun
wise	verb
candidate	noun
interrupt	verb
string	verb
cleaning	noun
expose	verb
progress	verb
producer	noun
darn	verb
baseball	noun
awkward	adj
flame	verb
cure	verb
object	verb
rumble	verb
benefit	verb
frame	verb
shocked	adj
background	noun
improve	verb
belt	verb
footage	noun
accent	noun
timing	noun
confess	verb
describe	verb
desperate	adj
propose	verb
lion	noun
inform	verb
injure	verb
exact	verb
naked	adj
noodle	noun
co	noun
slap	noun
riding	noun
tune	verb
boot	verb
pork	verb
gross	noun
dessert	noun
squad	noun
passion	noun
panic	verb
grandmother	noun
illegal	noun
produce	verb
uncomfortable	adj
pure	adj
inning	noun
bond	verb
intention	verb
route	noun
thirty	noun
explode	verb
india	noun
triple	noun
proper	adj
ta	noun
outfit	verb
inspire	verb
bull	noun
silver	noun
ranger	noun
campaign	verb
muffle	noun
appointment	noun
pin	verb
loudly	adv
banana	noun
organization	noun
directly	adv
sighing	noun
distant	adj
behave	verb
contest	verb
classic	noun
solid	noun
pet	verb
basketball	noun
shopping	noun
drum	noun
alcohol	noun
beef	verb
inmate	noun
ace	verb
quietly	adv
castle	noun
secretary	noun
respond	verb
toe	verb
impressed	adj
tap	verb
lieutenant	noun
print	noun
andy	noun
f	noun
related	adj
electricity	noun
suspicious	adj
link	verb
outta	adp
operate	verb
activity	noun
British	adj
math	noun
fund	verb
grave	adj
reaction	noun
golf	verb
succeed	verb
offense	noun
stretch	noun
available	adj
pal	verb
uniform	verb
election	noun
crystal	noun
magazine	noun
thin	verb
identity	noun
sexual	adj
cast	noun
yup	noun
jam	verb
relief	noun
cave	verb
disease	verb
grandfather	verb
tank	verb
colleague	noun
prisoner	noun
suffering	noun
toward	adp
squawk	noun
chuck	verb
thick	adj
ceremony	noun
disaster	noun
negative	noun
arrange	noun
stock	verb
album	noun
someday	adv
loan	verb
indian	noun
splash	verb
meter	noun
traffic	noun
century	noun
dawn	verb
academy	noun
reward	verb
fighter	noun
snoring	noun
graduate	verb
tattoo	verb
ceo	noun
exhaust	noun
float	noun
citizen	noun
id	noun
gi	noun
trigger	noun
ancient	noun
courage	noun
darkness	noun
violence	noun
pump	verb
downstairs	adv
behavior	noun
identify	verb
friendly	noun
sue	verb
individual	noun
branch	verb
disgusting	adj
snort	verb
retire	noun
torture	verb
license	verb
spy	verb
leak	noun
belly	verb
quarter	verb
shutter	verb
blaring	noun
fifth	noun
tournament	noun
whooshing	noun
assault	verb
jonathan	noun
agreement	noun
shin	verb
factory	noun
ordinary	adj
political	adj
costume	verb
sand	verb
shy	noun
bee	noun
massive	adj
experiment	noun
stab	noun
smooth	verb
speaker	noun
wire	verb
impact	verb
currently	adv
particular	noun
failure	noun
mostly	adv
abuse	verb
fellow	noun
channel	verb
Christian	adj
pilot	verb
trace	verb
spicy	adj
coat	verb
rainbow	noun
pa	noun
app	noun
technology	noun
chick	noun
possibility	noun
clinic	noun
governor	noun
whip	verb
measure	verb
international	noun
grumble	verb
estate	noun
comedy	noun
honk	verb
theater	noun
exit	verb
cock	noun
height	noun
entrance	verb
angle	verb
doc	noun
knowledge	noun
counter	verb
ba	noun
childhood	noun
kelly	noun
inspector	noun
understanding	noun
starve	verb
reject	noun
pen	verb
march	verb
ouch	noun
mental	noun
temple	noun
profile	verb
crackling	noun
kitty	noun
urgent	adj
doorbell	noun
mercy	noun
crisis	noun
border	verb
bump	verb
versus	adp
stammer	verb
update	verb
emperor	noun
basic	noun
sergeant	noun
tax	verb
gear	verb
package	verb
insurance	noun
amen	intj
sail	noun
whoosh	noun
coincidence	noun
teaching	noun
cage	verb
plastic	noun
protection	noun
assure	verb
email	verb
dinosaur	noun
coast	verb
electronic	adj
specific	noun
stair	noun
Mexican	adj
throughout	adp
punishment	noun
coin	verb
foundation	noun
sock	verb
exercise	verb
central	adj
bounce	verb
element	noun
ruby	noun
straw	noun
fishing	noun
garage	noun
intend	verb
nearby	adv
review	verb
charm	verb
weigh	noun
sec	noun
react	verb
principal	noun
foreign	adj
presence	noun
bride	noun
balloon	verb
conference	noun
cap	verb
clamoring	noun
avenger	noun
dirt	noun
district	noun
walker	noun
incredibly	adv
steel	verb
teddy	noun
pipe	verb
inch	verb
jean	noun
bravo	noun
maggie	noun
therapy	noun
vice	noun
recipe	noun
reputation	noun
shell	verb
prevent	verb
oven	noun
bored	adj
wrestling	noun
helicopter	noun
division	noun
invest	noun
pathetic	adj
ashamed	adj
log	noun
boil	verb
ambulance	noun
impression	noun
pit	verb
multiple	noun
tech	noun
parking	noun
clattering	noun
attract	verb
brat	noun
china	noun
aid	verb
chaos	noun
cheating	noun
celebrity	noun
layer	verb
standard	noun
con	verb
selfish	adj
sik	adj
couch	verb
gossip	verb
clatter	noun
bin	verb
scale	verb
comfort	verb
saint	verb
vibrate	noun
rabbit	noun
greeting	noun
honking	noun
creaking	noun
mister	noun
construction	noun
closet	verb
stake	verb
ill	noun
pace	verb
relieve	verb
session	noun
officially	adv
bud	noun
tend	verb
hardly	adv
anxious	adj
range	verb
silent	adj
goat	noun
merry	adj
rocket	verb
dancer	noun
recommend	verb
pastor	noun
false	adj
below	adv
garbage	noun
modern	noun
sunny	adj
referee	noun
ko	noun
drown	verb
profit	verb
tasty	adj
zombie	noun
bend	verb
clown	noun
anytime	adv
smack	verb
marine	noun
daily	noun
tunnel	verb
rap	verb
yen	noun
echoing	noun
ally	verb
capital	noun
desert	verb
influence	verb
circumstance	noun
sweep	verb
fridge	noun
gum	verb
crab	noun
glove	verb
collapse	verb
spill	verb
glory	noun
consequence	noun
approve	verb
intensify	verb
highly	adv
method	noun
lightning	noun
writer	noun
register	noun
talented	adj
pepper	verb
education	noun
traitor	noun
unlike	adp
section	verb
eve	noun
retreat	verb
prayer	noun
tradition	noun
youth	noun
rape	verb
dust	verb
intelligence	noun
mumble	noun
rub	noun
seed	verb
overcome	noun
racing	noun
shriek	verb
snarling	noun
basis	noun
argument	noun
equal	verb
lemon	noun
resident	noun
fella	noun
spider	noun
proposal	noun
clever	adj
compliment	verb
audition	verb
homework	noun
solo	verb
jet	verb
fifty	noun
useful	adj
television	noun
decent	adj
reign	noun
sensitive	adj
painful	adj
sample	verb
hood	verb
environment	noun
warrant	verb
journalist	noun
commercial	noun
pan	verb
arrow	noun
imitate	verb
bam	noun
fr	noun
kit	verb
mia	noun
revving	noun
nasty	noun
creative	noun
lean	noun
era	noun
menu	noun
ultimate	adj
motion	verb
entertainment	noun
coward	noun
clan	noun
stink	verb
signature	noun
stable	verb
explanation	noun
toss	verb
brush	verb
average	verb
library	noun
valley	noun
scar	verb
shitty	adj
dial	noun
decade	noun
shatter	verb
smoking	noun
pattern	verb
obsessed	adj
midnight	noun
ad	noun
scientist	noun
backup	noun
newspaper	noun
equipment	noun
stadium	noun
taxi	noun
cigarette	noun
communicate	verb
victor	noun
delete	noun
vegetable	noun
dealer	noun
aww	intj
sheet	verb
pity	verb
response	noun
museum	noun
stir	noun
diva	noun
trail	verb
salad	noun
patience	noun
county	noun
extreme	noun
collection	noun
pony	noun
ease	verb
repair	verb
hack	noun
nervously	adv
grey	verb
heel	verb
spark	verb
cupcake	noun
loyal	adj
strip	verb
designer	noun
slave	verb
happily	adv
tale	noun
dash	noun
amber	noun
contain	verb
sheriff	noun
sheep	noun
budget	verb
rattling	noun
hesitate	verb
traditional	adj
previous	adj
spencer	noun
puppy	noun
humiliate	verb
script	verb
pussy	noun
mass	verb
squeeze	noun
guardian	noun
vocalizing	noun
bind	noun
creepy	adj
locker	noun
feature	verb
melt	verb
jade	verb
jungle	noun
obstacle	noun
lap	verb
violent	adj
manner	noun
moron	noun
chew	noun
maintain	verb
praise	verb
meanwhile	adv
rib	verb
chad	noun
haunt	noun
echo	noun
rocky	adj
onion	noun
temperature	noun
slice	verb
ranch	noun
possess	verb
Hollywood	adj
penny	noun
blah	intj
swallow	noun
production	noun
miz	adj
underneath	adv
clay	noun
basement	noun
fox	verb
dot	verb
hostage	noun
occur	verb
surrender	noun
champ	noun
stubborn	adj
associate	verb
complaint	noun
sting	verb
unusual	adj
joint	verb
intrigue	noun
payment	noun
random	noun
drill	verb
texas	noun
bully	verb
safely	adv
communication	noun
lifetime	noun
previously	adv
weed	noun
penalty	noun
jazz	verb
musical	noun
content	verb
motor	noun
weakness	noun
corn	verb
pose	noun
custody	noun
tent	verb
absolute	noun
anti	noun
priority	noun
peanut	noun
status	noun
union	noun
champagne	noun
divorced	adj
paradise	noun
differently	adv
locate	verb
hun	noun
council	noun
fuel	verb
lane	noun
network	verb
anniversary	noun
faint	noun
grill	verb
hammer	verb
valuable	noun
butterfly	noun
fee	noun
glow	verb
financial	adj
labor	verb
admire	verb
burden	verb
rely	verb
insult	verb
servant	noun
attach	verb
creak	verb
facility	noun
bunny	noun
delay	verb
habit	noun
battery	noun
pleased	adj
technically	adv
civil	adj
fart	verb
beloved	noun
fang	noun
politics	noun
texture	verb
gunfire	noun
carol	noun
harsh	verb
elephant	noun
booing	noun
strawberry	noun
comedian	noun
rage	verb
surface	verb
spike	noun
unknown	noun
terrorist	noun
purple	noun
accomplish	verb
jury	noun
buzzer	noun
disappoint	verb
explore	noun
concept	noun
taco	noun
spice	verb
promote	verb
conclude	verb
gibberish	noun
zoom	verb
thrill	noun
pope	noun
steak	noun
competitor	noun
alpha	noun
mini	noun
squealing	noun
bucket	noun
aggressive	adj
slightly	adv
whore	verb
bid	verb
dip	verb
fold	verb
frog	noun
ban	noun
cruel	adj
biscuit	noun
zulu	noun
telephone	verb
surgeon	noun
constantly	adv
pole	noun
nicely	adv
brad	noun
tiki	noun
appearance	noun
volunteer	verb
breast	verb
bay	adj
eerie	adj
execute	verb
towel	noun
dough	noun
crawl	verb
expectation	noun
powder	verb
upper	noun
armed	adj
pile	verb
routine	noun
oops	intj
establish	verb
pastry	noun
encourage	verb
shield	verb
conduct	noun
unfair	adj
candle	noun
refer	verb
sibling	noun
bail	verb
smurf	noun
steam	verb
fence	verb
romance	verb
announcement	noun
naturally	adv
invitation	noun
pickle	verb
culprit	noun
virgin	noun
trauma	noun
celebration	noun
activate	verb
recent	adj
mode	noun
burger	noun
dozen	noun
tomato	noun
rev	verb
forth	adv
net	verb
gray	verb
relative	adj
ew	intj
burst	verb
concentrate	noun
entirely	adv
lame	adj
adorable	adj
flesh	verb
jewel	verb
cricket	noun
cabin	noun
conflict	verb
core	noun
electric	noun
chapter	noun
pillow	noun
sandy	noun
satisfied	adj
passenger	noun
mushroom	verb
novel	noun
pidgin	noun
hail	noun
bold	adj
engineer	verb
superstar	noun
misunderstanding	noun
euro	noun
terrify	verb
charity	noun
landing	noun
hissing	noun
behalf	noun
fist	verb
deck	verb
grief	noun
resist	noun
scan	verb
procedure	noun
villain	noun
combine	verb
invent	verb
murmuring	noun
policy	noun
reverse	noun
spray	verb
investment	noun
forty	noun
select	verb
custom	adj
development	noun
babbling	noun
snarl	verb
mount	noun
adopt	verb
helpful	adj
instruction	noun
structure	verb
hitter	noun
territory	noun
noble	noun
elder	noun
federal	noun
proceed	verb
resource	noun
testing	noun
farmer	noun
management	noun
fever	verb
dope	adj
appeal	noun
lively	adj
doom	noun
alliance	noun
turtle	noun
comic	noun
dino	noun
participate	verb
offend	verb
vampire	noun
practically	adv
laundry	noun
fucker	noun
mature	verb
expression	noun
stream	verb
trunk	noun
keeper	noun
negotiate	verb
turkey	noun
worthy	adj
minor	verb
flee	verb
critical	noun
massage	verb
abroad	adv
chamber	verb
flavour	verb
grass	verb
humanity	noun
occasion	verb
therefore	adv
label	verb
ideal	noun
nap	verb
embrace	verb
empire	noun
dreaming	noun
baking	noun
shelter	verb
frustrated	adj
raven	noun
organ	noun
bush	verb
chili	noun
perspective	noun
erase	noun
resolve	noun
unexpected	adj
wander	noun
chin	noun
visitor	noun
declare	verb
nephew	noun
seize	verb
transform	verb
physically	adv
imagination	noun
port	noun
olive	noun
leaf	verb
instinct	noun
fantasy	noun
cackle	noun
divide	verb
topic	noun
reduce	verb
riddle	noun
practicing	noun
eagle	noun
committee	noun
cherry	noun
actress	noun
caw	noun
rhythm	noun
villa	noun
gulp	verb
swell	adj
presentation	noun
pursue	verb
magician	noun
filming	noun
loyalty	noun
barbecue	verb
spoon	verb
complex	noun
rattle	verb
mac	noun
necklace	noun
phase	verb
testify	verb
ai	noun
curry	verb
generous	adj
virus	noun
gap	noun
charming	noun
inaudible	adj
halfway	adv
ay	noun
poop	verb
resume	verb
prank	verb
encounter	verb
pensive	adj
mole	noun
symbol	noun
carrot	noun
headache	noun
display	verb
brake	verb
follower	noun
region	noun
compromise	verb
deputy	noun
lucifer	noun
trump	verb
howling	noun
protest	verb
relaxed	adj
nickname	verb
survivor	noun
steady	verb
mobile	noun
bun	noun
instant	noun
washington	noun
lung	noun
lend	verb
ladder	noun
maid	noun
defendant	noun
asset	noun
teenager	noun
pearl	noun
guilt	verb
submit	verb
neigh	noun
underwear	noun
palm	verb
defender	noun
confession	noun
recall	verb
trophy	noun
sausage	noun
patch	verb
stack	noun
goddess	noun
legendary	adj
robbery	noun
cellphone	verb
mimic	verb
epic	noun
stroke	verb
lynch	verb
nest	verb
feather	verb
anxiety	noun
arena	noun
reply	verb
badge	noun
sometime	adv
throne	noun
bitter	noun
buzz	verb
diet	noun
claw	verb
politician	noun
underground	adj
unable	adj
cab	noun
brazil	noun
sacred	adj
vanish	noun
warehouse	noun
ankle	noun
messy	adj
bait	verb
cackling	noun
whale	noun
smith	noun
mud	noun
plain	noun
risky	adj
mall	noun
wallet	noun
insect	noun
undertaker	noun
skull	noun
fraud	noun
yummy	adj
tragedy	noun
blanket	noun
stall	noun
miserable	noun
troop	noun
roast	noun
contestant	noun
manipulate	verb
berry	noun
squirrel	verb
cowboy	noun
reflect	verb
peaceful	adj
penis	noun
legacy	noun
headquarters	noun
upside	noun
coral	noun
lyric	noun
sixth	adj
rival	verb
pre	noun
chi	noun
typical	adj
firework	noun
teammate	noun
patrol	verb
ruth	noun
conquer	verb
liver	noun
await	verb
laser	verb
purchase	verb
overlapping	noun
western	noun
bout	noun
importantly	adv
molly	noun
salary	verb
fuss	verb
summon	noun
transport	verb
superhero	noun
trainer	noun
idol	noun
melody	noun
bishop	noun
boxing	noun
pod	noun
assist	noun
platform	noun
active	noun
shrimp	noun
effective	adj
statue	noun
grocery	noun
medal	noun
puzzle	verb
archie	noun
scissors	noun
extraordinary	adj
accompany	verb
congrats	noun
gene	noun
error	noun
debut	verb
regardless	adv
soda	noun
specifically	adv
mid	adj
quote	verb
restore	noun
impress	noun
needle	verb
survival	noun
blare	noun
twelve	noun
ward	noun
shiny	adj
divine	verb
mar	verb
ought	verb
raid	noun
tube	verb
cam	noun
pierce	noun
distort	verb
independent	noun
archer	noun
dedicate	noun
jingle	noun
scout	verb
tension	noun
endure	verb
interfere	verb
grip	verb
gig	noun
petty	adj
yawn	verb
rookie	noun
coconut	noun
zip	verb
African	adj
patty	noun
luckily	adv
deadly	adj
coke	verb
expense	noun
temper	verb
cheek	noun
amateur	noun
thumb	verb
drone	noun
drawer	noun
ginger	noun
hint	verb
acknowledge	verb
bong	noun
combination	noun
commitment	noun
momentum	noun
dang	verb
bench	verb
expand	verb
pasta	noun
whinny	noun
tricky	adj
counselor	noun
foolish	adj
passport	noun
motorcycle	noun
underestimate	noun
bloom	verb
static	noun
duke	verb
vulnerable	adj
pulse	verb
gotcha	noun
illness	noun
global	adj
cooperate	verb
photograph	verb
medication	noun
cracking	noun
frankly	adv
oppose	verb
rustling	noun
draft	verb
sneeze	noun
storage	noun
technical	adj
purse	verb
dammit	intj
raspberry	noun
intimidate	verb
clang	noun
attractive	adj
ritual	noun
assign	noun
particularly	adv
phew	intj
chiming	noun
trailer	noun
whimsical	adj
paperwork	noun
navy	noun
motive	noun
terrifying	adj
extend	verb
inner	adj
debate	verb
brief	noun
conclusion	noun
mega	noun
basket	noun
lick	verb
clip	verb
executive	noun
groom	noun
soap	noun
serial	noun
shakily	adv
ensure	verb
jewelry	noun
cocktail	noun
meantime	noun
fifteen	num
mummy	noun
nuclear	adj
donate	verb
beard	noun
lightly	adv
helmet	noun
invisible	verb
various	adj
shove	verb
drain	verb
sponsor	verb
brick	verb
shed	noun
cocaine	noun
scold	noun
sponge	verb
unlock	verb
tribe	noun
install	noun
suspend	verb
pancake	verb
argh	adj
confront	verb
tackle	noun
whiskey	noun
tennis	noun
furniture	noun
cycle	verb
liquor	verb
oxygen	noun
auction	verb
plot	verb
thudding	noun
prosecution	noun
ultimately	adv
suitcase	noun
delicate	noun
flush	noun
Asian	adj
shepherd	noun
spinning	noun
hawk	noun
cart	verb
scam	verb
chemical	noun
thankful	adj
discussion	noun
dodge	verb
herb	noun
publish	verb
kimchi	noun
pregnancy	noun
realm	noun
hiss	verb
escort	verb
adjust	verb
poem	noun
leap	noun
ceiling	noun
therapist	noun
interviewer	noun
fierce	adj
roommate	noun
engagement	noun
prick	verb
humor	verb
application	noun
liquid	noun
creep	verb
lamb	noun
rupee	noun
define	verb
assignment	noun
porn	noun
whine	verb
cal	noun
scandal	noun
shave	verb
entry	noun
chirp	noun
martial	adj
rehearsal	noun
cliff	noun
inspiration	noun
promotion	noun
closely	adv
religion	noun
humble	noun
necessarily	adv
reserve	verb
wreck	verb
worm	verb
wee	verb
hilarious	adj
grandson	noun
passionate	adj
resign	verb
drip	noun
deceive	verb
puppet	noun
greet	verb
atmosphere	noun
pad	verb
choke	verb
elbow	verb
website	noun
bacon	noun
armor	noun
beam	verb
lazy	adj
stamp	verb
timer	noun
evolve	verb
overnight	noun
remote	noun
august	adj
fabulous	adj
muttering	noun
rot	verb
arrangement	noun
popcorn	noun
excitement	noun
puff	noun
boob	noun
scent	verb
ski	noun
laptop	noun
testimony	noun
ram	verb
glue	verb
senator	noun
rebel	verb
fetch	noun
existence	noun
jelly	verb
disrespect	verb
peel	verb
toot	noun
mistaken	adj
sunshine	noun
recruit	noun
hiccup	verb
user	noun
circus	noun
protocol	noun
limited	adj
mansion	noun
destruction	noun
superior	noun
granny	noun
luxury	noun
unicorn	noun
yum	adj
strikeout	noun
disturb	verb
junk	verb
dismiss	verb
marina	noun
factor	verb
thug	noun
med	noun
scenario	noun
possession	noun
tracking	noun
burnt	adj
garlic	noun
alley	noun
mankind	noun
lecture	verb
boston	noun
arabic	noun
commission	verb
absurd	adj
startle	noun
ego	noun
crackle	verb
secretly	adv
convict	noun
gently	adv
panel	verb
yah	noun
advise	verb
mic	noun
appropriate	verb
sober	verb
slight	noun
password	noun
function	verb
anchor	verb
refresh	noun
privacy	noun
deposit	verb
neat	adj
filthy	adj
southern	adj
annoyed	adj
thirsty	adj
tender	verb
precisely	adv
scrape	noun
shade	verb
afterwards	adv
detect	verb
owl	noun
honeymoon	verb
fascinating	adj
commissioner	noun
cheerful	adj
explosive	adj
troll	verb
peach	noun
buyer	noun
coop	verb
pinch	noun
temporary	adj
blend	verb
formula	noun
supreme	noun
infect	verb
curtain	noun
depressed	adj
skinny	adj
prep	verb
whining	noun
jersey	noun
poster	noun
scooter	noun
dining	noun
analyze	verb
withdraw	verb
bribe	verb
fame	noun
moral	noun
oof	noun
rubber	noun
ant	noun
scrub	noun
blank	verb
psycho	noun
disguise	noun
sleepy	adj
kindness	noun
crunch	verb
chart	verb
dizzy	verb
brag	verb
pinky	noun
recovery	noun
challenging	adj
finale	noun
rod	noun
predict	verb
ping	verb
Hindi	adj
instrument	noun
cabinet	noun
chemistry	noun
intercontinental	adj
belief	noun
bass	noun
signing	noun
photographer	noun
intern	verb
farewell	noun
sticky	adj
panicked	adj
keen	adj
keyboard	noun
canada	noun
jaw	noun
Nazi	adj
disagree	verb
volume	noun
tissue	noun
seventh	adj
wizard	noun
stew	verb
cartel	noun
dummy	noun
deed	verb
Latin	adj
translate	verb
peso	noun
wrist	noun
naive	adj
species	noun
pounding	noun
funky	adj
poke	noun
vessel	noun
brutal	adj
depth	noun
sunset	noun
yuan	noun
savage	verb
fingerprint	verb
consume	verb
mound	noun
reference	verb
bolt	verb
competitive	adj
horror	noun
mellow	verb
freezing	noun
stain	verb
destination	noun
barrel	verb
fulfill	verb
surveillance	noun
being	noun
surprising	adj
heartbeat	noun
shrieking	noun
hobby	noun
forgiveness	noun
fabric	noun
quack	noun
accidentally	adv
unfortunate	noun
vow	verb
moo	noun
niece	noun
motivate	verb
mutter	verb
rack	verb
bonus	noun
backwards	adv
emotionally	adv
repay	verb
pleasant	adj
stutter	noun
reed	noun
plug	verb
yoga	noun
barrier	noun
revolution	noun
suspicion	noun
eleven	noun
association	noun
elimination	noun
mermaid	noun
thus	adv
fielder	noun
privilege	noun
selfie	noun
munch	verb
naughty	adj
vomit	noun
soil	verb
challenger	noun
pumpkin	noun
downtown	noun
overall	noun
internal	adj
corrupt	verb
crucial	adj
rider	noun
beside	adp
flour	noun
thanksgiving	noun
loop	verb
choking	noun
approval	noun
scheme	verb
furious	adj
mob	verb
blossom	verb
cable	verb
distraction	noun
classical	adj
uplifting	noun
prey	verb
bible	noun
variety	noun
musician	noun
viewer	noun
reckon	verb
sleeve	noun
info	noun
pea	noun
corpse	noun
wealth	noun
peak	verb
principle	verb
investor	noun
shelf	noun
significant	adj
cannon	noun
feast	verb
tuna	noun
phrase	verb
sour	noun
tub	noun
facebook	noun
combat	verb
shortly	adv
flood	verb
overwhelm	noun
endless	adj
imitating	noun
diaper	noun
observe	verb
confusing	adj
ditch	verb
narrow	noun
Thai	adj
maker	noun
prom	noun
rating	noun
spear	verb
murmur	verb
polite	adj
craft	verb
stunning	adj
ministry	noun
kidney	noun
coordinate	verb
harbor	verb
fort	noun
donut	noun
campus	noun
thump	verb
mold	verb
iris	noun
strict	adj
airplane	noun
slurp	noun
diesel	noun
satellite	noun
diary	noun
gambling	noun
bot	noun
highway	noun
bodyguard	noun
certificate	noun
tumor	noun
greek	noun
paw	verb
lad	noun
intelligent	adj
spectacular	adj
reasonable	adj
sub	verb
sizzle	noun
fu	noun
fastball	noun
accurate	adj
mentally	adv
bureau	noun
booth	noun
server	noun
rhyme	verb
advanced	adj
clanging	noun
sailor	noun
google	noun
boundary	noun
symptom	noun
phoenix	noun
reunion	noun
heir	noun
suggestion	noun
sadly	adv
civilian	noun
bracelet	noun
waiter	noun
finance	verb
errand	noun
resort	verb
scholarship	noun
hallway	noun
homeless	adj
snitch	verb
playful	adj
lawsuit	noun
sensei	noun
investigator	noun
religious	adj
badass	noun
carpet	verb
exclusive	noun
highlight	verb
salon	noun
pervert	verb
spiritual	noun
harmony	noun
lance	verb
clank	noun
holly	noun
sip	verb
clink	noun
ancestor	noun
adapt	verb
op	noun
cleaner	noun
assassin	noun
mere	adj
examine	verb
valentine	noun
opera	noun
monk	noun
intel	noun
discharge	verb
European	adj
daisy	noun
tactic	noun
parade	verb
goo	noun
backpack	noun
nowadays	adv
dock	verb
web	verb
residence	noun
vet	verb
dialogue	noun
umbrella	noun
terror	noun
boop	noun
violet	noun
casino	noun
portal	noun
ivy	noun
buttercream	noun
geez	noun
skirt	verb
nerd	noun
dignity	noun
rim	verb
swap	verb
corporate	noun
barbie	noun
nana	noun
wisdom	noun
illusion	noun
conscience	noun
rio	noun
spoil	noun
initial	verb
incoming	noun
lifestyle	noun
originally	adv
permit	verb
elegant	adj
runway	noun
zap	verb
ambition	noun
growth	noun
vip	noun
documentary	noun
gender	noun
clothing	noun
clacking	noun
eternal	adj
cafe	noun
suite	noun
hometown	noun
soak	noun
businessman	noun
granddaughter	noun
mistress	noun
rotten	adj
ham	noun
honesty	noun
eighth	noun
cooing	noun
scoop	verb
deer	noun
foster	verb
adore	verb
shrink	verb
homicide	noun
arrogant	adj
caramel	noun
Jewish	adj
racist	noun
missy	noun
boost	verb
teen	noun
preparation	noun
mock	verb
chittering	noun
lure	verb
autopsy	verb
alike	adv
pudding	noun
aspect	noun
criticize	verb
bingo	noun
polish	noun
reservation	noun
rapidly	adv
gesture	verb
genuine	adj
misunderstand	verb
sushi	noun
reception	noun
upload	verb
restroom	noun
representative	noun
salmon	noun
clanking	noun
tapping	noun
purr	noun
sum	verb
severe	adj
decoration	noun
native	noun
harvest	noun
addition	noun
congratulate	verb
exaggerate	verb
appoint	verb
constant	noun
aha	intj
tourist	noun
marketing	noun
Portuguese	adj
length	noun
donation	noun
stan	noun
trumpet	verb
instance	noun
kay	noun
missile	noun
microphone	noun
absorb	verb
roller	noun
howl	verb
buster	noun
consent	noun
vegan	noun
anyways	adv
cruise	verb
november	noun
wig	verb
toxic	adj
everyday	adj
booze	verb
reckless	adj
berlin	noun
shore	verb
editor	noun
workshop	noun
skate	verb
classmate	noun
wicked	adj
sore	noun
acid	noun
dolphin	noun
bunt	noun
outcome	noun
kilometer	noun
blonde	noun
author	verb
blink	verb
medium	noun
pi	verb
teamwork	noun
population	noun
decorate	verb
stunt	verb
mortal	noun
tragic	adj
tremble	noun
bald	verb
starter	noun
noon	noun
rapid	noun
enormous	adj
amaze	verb
unhappy	adj
sack	noun
carve	noun
stomp	verb
creation	noun
rooster	noun
obey	verb
lamp	noun
cent	noun
poppy	noun
sinister	adj
thread	verb
vanilla	noun
flaw	verb
colt	noun
rarely	adv
karma	noun
analysis	noun
tremendous	adj
flirting	noun
sincere	adj
feedback	noun
motel	noun
hooray	intj
energetic	adj
boxer	noun
fluid	noun
broadcast	noun
frustrating	adj
beneath	adp
fiction	noun
heavyweight	noun
diner	noun
instructor	noun
grudge	noun
triangle	noun
comrade	noun
bruise	verb
villager	noun
relate	verb
offensive	noun
collar	verb
goose	verb
rebuild	noun
elite	noun
batting	noun
haircut	noun
jew	noun
babble	verb
incorrect	adj
whew	verb
mint	verb
discount	verb
fashioned	adj
tuck	noun
maximum	adj
container	noun
picnic	noun
quest	verb
gallery	noun
stressful	adj
retirement	noun
administration	noun
desperately	adv
policeman	noun
shooter	noun
café	noun
forbidden	adj
betrayal	noun
cherish	verb
acquire	verb
leather	noun
inherit	verb
autograph	verb
snore	verb
orphan	verb
concrete	noun
sim	noun
waffle	noun
scattered	adj
vein	noun
psychic	noun
karate	noun
tit	noun
electrical	adj
coo	noun
gem	noun
broad	noun
slash	verb
interior	noun
octopus	noun
pond	noun
educate	verb
hush	verb
cutie	noun
rhythmic	adj
greedy	adj
texting	noun
magnificent	adj
gag	verb
snicker	noun
lizard	noun
crumble	verb
jar	verb
envy	verb
frighten	verb
ambitious	adj
lobster	noun
exception	noun
fur	noun
liberty	noun
sweater	noun
sucker	verb
bleating	noun
conspiracy	noun
zig	verb
mat	verb
breeze	verb
mentor	verb
infection	noun
eager	adj
unconscious	adj
dice	verb
ahem	verb
drift	noun
pause	verb
veteran	noun
lighting	noun
correctly	adv
tide	noun
bandit	noun
deaf	noun
overwhelming	adj
arrival	noun
zoo	noun
barn	noun
household	noun
difficulty	noun
defensive	adj
spooky	adj
lobby	verb
formal	adj
elementary	adj
automated	adj
notebook	noun
gravity	noun
permanent	adj
depression	noun
essentially	adv
blackmail	verb
affection	noun
specialty	noun
widow	verb
scoring	noun
viral	adj
northern	adj
hoof	verb
bicycle	noun
qualify	verb
butcher	noun
distress	verb
mafia	noun
stitch	verb
terribly	adv
leadership	noun
operator	noun
graduation	noun
contrary	noun
sadness	noun
voicemail	noun
rifle	verb
dumbass	noun
preserve	verb
digital	adj
emerge	verb
cult	noun
venue	noun
shush	verb
accusation	noun
vacuum	verb
perfume	verb
obtain	verb
fork	noun
haul	verb
damned	adj
madness	noun
fairly	adv
upgrade	verb
immortal	noun
kiddo	noun
harass	noun
anonymous	adj
salty	adj
countless	adj
gangster	noun
convenient	adj
breach	verb
genuinely	adv
bra	noun
tequila	noun
dumpling	noun
cue	verb
indicate	verb
ting	verb
hut	noun
amongst	adp
memorial	noun
lesbian	noun
appetite	noun
regain	noun
merely	adv
tickle	verb
cotton	verb
firefighter	noun
millionaire	noun
facial	noun
Muslim	adj
hatred	noun
fond	adj
protein	noun
dynamic	noun
kilo	noun
expel	verb
essential	noun
leftover	noun
tweet	verb
caesar	noun
elect	noun
frustration	noun
majority	noun
wealthy	adj
corps	noun
backyard	noun
slut	noun
hopeful	noun
primary	noun
clinking	noun
bare	verb
freezer	noun
sorrow	noun
spa	noun
chomp	verb
trey	noun
duel	noun
whee	verb
classroom	noun
contribute	verb
income	noun
matchup	noun
lava	noun
header	noun
knot	noun
addict	noun
undercover	noun
practiced	adj
disconnect	noun
fortunately	adv
burp	verb
assemble	verb
baseman	noun
worship	verb
glitter	verb
goodnight	noun
hatch	noun
jasmine	noun
choir	noun
riot	verb
venture	verb
worthless	adj
fiancé	noun
excitedly	adv
ladybug	noun
donor	noun
sole	noun
melancholy	noun
decline	verb
ballet	noun
quiz	verb
minded	adj
spotlight	noun
forehead	noun
gee	noun
consciousness	noun
yin	noun
spoiled	adj
isolate	noun
visual	noun
bachelor	noun
mug	verb
slurping	noun
shaman	noun
fi	noun
essence	noun
cape	verb
pale	adj
dutch	noun
lunatic	noun
urge	noun
forge	noun
rear	noun
mango	noun
volcano	noun
aboard	adv
pup	noun
tablet	noun
broth	noun
sentimental	adj
cuisine	noun
fiancée	noun
cube	verb
vagina	noun
hustle	verb
Irish	adj
Norwegian	adj
devote	verb
envelope	noun
com	noun
vroom	noun
gorilla	noun
casual	noun
maze	noun
audio	noun
negotiation	noun
dominate	noun
eastern	adj
fulfil	verb
pineapple	noun
transplant	noun
scrap	verb
halt	verb
wagon	noun
coma	noun
radar	noun
vault	verb
persuade	verb
implant	verb
ambassador	noun
gratitude	noun
additional	adj
cozy	noun
corruption	noun
rapper	noun
strap	verb
aura	noun
bowling	noun
teenage	adj
rally	verb
clone	verb
poetry	noun
paranoid	noun
flap	verb
imperial	noun
provoke	verb
snatch	verb
accomplice	noun
hopeless	adj
calculate	verb
province	noun
intimate	noun
ninth	adj
snorting	noun
fishy	noun
slaughter	noun
chopper	noun
undo	verb
tempo	noun
rug	verb
voting	noun
qualified	adj
objective	noun
execution	noun
squid	noun
agenda	noun
mage	noun
lounge	noun
tee	verb
cisco	noun
relation	noun
allergic	noun
successfully	adv
den	verb
jeans	noun
journal	noun
putt	noun
institution	noun
wrestler	noun
potentially	adv
elsewhere	adv
sketch	verb
grape	noun
somewhat	adv
tolerate	verb
sparkle	verb
someplace	noun
shiver	noun
earthquake	noun
pitching	noun
alibi	verb
dentist	noun
hon	noun
interrogation	noun
uneasy	adj
whack	noun
gong	noun
reliable	adj
assembly	noun
elf	noun
via	adp
grounds	noun
aged	adj
prior	noun
hunger	verb
penguin	noun
allah	noun
evacuate	verb
stash	noun
seagull	noun
pigeon	noun
precise	adj
gram	noun
flirt	noun
detention	noun
independence	noun
ish	noun
weirdo	noun
multi	noun
thoughtful	adj
triumphant	adj
colour	verb
calendar	noun
fragile	adj
crop	verb
felicity	noun
nun	noun
alternative	noun
lodge	verb
objection	noun
gaze	noun
rose	verb
memorize	verb
scumbag	noun
woof	noun
razor	noun
Colombian	adj
outsider	noun
corporation	noun
legally	adv
menace	verb
bling	noun
dorm	noun
absence	noun
formation	noun
beautifully	adv
piper	noun
bleat	noun
satisfy	verb
resistance	noun
substitute	verb
meta	noun
receipt	noun
violate	verb
invade	verb
minimum	noun
presidential	adj
grim	adj
pencil	verb
unnecessary	adj
vodka	noun
mechanic	noun
tofu	noun
instantly	adv
barb	verb
bunker	noun
embarrass	verb
predator	noun
knuckle	verb
underwater	noun
rehab	noun
republic	noun
bliss	noun
alongside	adp
mill	verb
capacity	noun
horny	adj
oyster	noun
disappointment	noun
soy	noun
thumping	noun
alter	noun
aisle	noun
stammering	noun
brace	verb
earring	noun
handy	adj
toll	verb
behold	verb
occupy	verb
bi	noun
bloodline	noun
conscious	adj
discovery	noun
verdict	noun
poker	noun
rusty	noun
dawg	noun
enforcement	noun
inn	noun
minus	noun
thigh	noun
lottery	noun
slack	noun
chorus	noun
catcher	noun
lime	noun
anticipate	verb
entertain	verb
jasper	noun
bargain	noun
terrific	adj
selection	noun
syrup	noun
theft	noun
depart	verb
semi	noun
bash	verb
cone	noun
fountain	noun
replacement	noun
ramen	noun
violation	noun
battlefield	noun
pointless	adj
duh	intj
hurricane	noun
cultural	adj
shipment	noun
coffin	noun
economy	noun
shady	adj
condom	noun
retrieve	noun
overseas	adv
peek	verb
sway	verb
fog	verb
partnership	noun
vicious	adj
grid	noun
physician	noun
savior	noun
cord	noun
sabotage	verb
cocoa	noun
headline	verb
devastate	verb
curve	noun
discipline	noun
spine	noun
sprinkle	noun
disorder	verb
resting	noun
wage	verb
extract	verb
cargo	noun
bae	noun
pawn	noun
supergirl	noun
viking	noun
mutual	adj
gen	noun
bounty	noun
grandparent	noun
supermarket	noun
soviet	noun
filter	verb
exhibit	verb
nanny	noun
brook	noun
supposedly	adv
trend	noun
miraculous	adj
dreamer	noun
wheelchair	noun
shudder	verb
skilled	adj
lousy	adj
hazel	noun
grandchild	noun
invasion	noun
playground	noun
forbid	verb
tang	noun
luggage	noun
stark	adj
ethereal	noun
convincing	adj
coaching	noun
chore	noun
trafficking	noun
auto	noun
dusty	adj
astronaut	noun
barge	verb
cracker	noun
duo	noun
verse	verb
Olympic	adj
stiff	verb
diving	noun
heroin	noun
clash	noun
athletic	noun
abortion	noun
rugby	noun
bakery	noun
swamp	verb
importance	noun
sofa	noun
ruler	noun
circuit	noun
transition	verb
subway	noun
heroic	noun
herd	verb
fluffy	adj
drake	noun
galaxy	noun
eyebrow	noun
mwah	noun
gamble	noun
warden	noun
inappropriate	adj
disco	noun
buckle	verb
scientific	adj
sonic	adj
ricochet	verb
unsettling	adj
mourn	noun
edit	verb
tong	noun
sixty	num
dislike	noun
plead	verb
ambush	verb
counsel	verb
description	noun
immediate	adj
slippery	adj
mash	verb
creek	noun
thy	det
shea	noun
generally	adv
comeback	noun
helpless	adj
void	verb
chess	noun
disgrace	verb
hollow	verb
boing	verb
batch	noun
zapping	noun
shameless	adj
forensic	adj
imply	verb
overreact	verb
mush	verb
cartoon	noun
tease	verb
biological	noun
jealousy	noun
thoroughly	adv
fracture	verb
muffin	noun
climate	noun
rin	noun
specialist	noun
motivation	noun
strand	noun
samurai	noun
timeline	noun
uber	adj
vent	verb
freely	adv
poo	verb
lid	noun
ing	noun
touchdown	noun
scarf	verb
organic	noun
yuri	noun
laurel	noun
remarkable	adj
assistance	noun
improvement	noun
vic	noun
crane	noun
disturbing	adj
pub	noun
booty	noun
boarding	noun
tenth	noun
portrait	noun
annual	adj
vest	noun
dome	verb
unleash	verb
cuff	verb
shard	noun
engineering	noun
pajama	noun
crispy	noun
grain	noun
exhausting	adj
rental	noun
warming	noun
hockey	noun
ribbon	noun
shotgun	verb
karaoke	noun
trading	noun
realistic	adj
clam	verb
harris	noun
hose	verb
congress	noun
apron	noun
marble	verb
reminder	noun
childish	adj
baron	noun
demonstrate	verb
devon	noun
twitter	noun
cass	noun
invention	noun
plaza	noun
equally	adv
flutter	verb
fatal	adj
dai	noun
prostitute	verb
slim	verb
tab	noun
tutor	verb
pyramid	noun
generate	verb
dub	verb
achievement	noun
meaningful	adj
rig	verb
franklin	noun
disrespectful	adj
cockroach	noun
admiral	noun
fitting	noun
supportive	adj
rascal	noun
substance	noun
portion	noun
cease	verb
abduct	verb
reflection	noun
Brazilian	adj
lineup	noun
alma	noun
liza	noun
robber	noun
ralph	verb
smoothly	adv
foreigner	noun
strongly	adv
architect	noun
waitress	verb
consult	noun
limb	noun
smackdown	noun
destine	verb
sneaky	noun
confusion	noun
found	noun
identical	adj
prop	noun
preach	verb
joker	noun
noh	noun
tray	noun
waist	noun
sonny	noun
colorful	adj
earl	noun
tart	verb
philosophy	noun
dose	verb
rash	noun
grasp	verb
mattress	noun
tin	verb
category	noun
solar	adj
authentic	adj
orchestral	adj
practical	adj
pronounce	verb
curiosity	noun
camper	noun
origin	noun
gurgling	noun
icing	noun
mainly	adv
personnel	noun
stumble	noun
troy	adj
classy	adj
innocence	noun
streak	verb
handcuffs	noun
ducky	noun
rodeo	noun
honorable	adj
marshmallow	noun
disappearance	noun
definition	noun
outer	adj
yacht	noun
cocky	noun
caveman	noun
fury	noun
autumn	noun
bulldog	verb
ink	verb
ab	noun
joanna	noun
percy	noun
whereabouts	noun
cassie	noun
justify	verb
nan	noun
vital	adj
informant	noun
beck	noun
breed	verb
scramble	noun
gown	noun
dimension	noun
despair	verb
neighing	noun
logic	noun
tasting	noun
pic	noun
dispatch	verb
addiction	noun
stray	noun
determination	noun
deadline	noun
tile	verb
verify	verb
noisy	adj
spectator	noun
landlord	noun
sid	noun
mosquito	noun
whatsoever	adv
intercept	verb
avatar	noun
robe	verb
sized	adj
seafood	noun
mechanical	adj
kris	noun
yike	verb
inspection	noun
passage	noun
premier	verb
shovel	verb
workout	noun
scum	noun
puke	noun
kitten	noun
deceased	noun
dungeon	noun
dam	verb
wheeze	noun
notify	verb
edition	noun
cinnamon	noun
joyful	adj
meringue	noun
protective	adj
irritate	verb
frost	noun
spaghetti	noun
daylight	noun
overtime	adv
domestic	noun
manual	noun
edible	noun
authorize	verb
outstanding	adj
pine	verb
scroll	noun
bai	noun
bartender	noun
xi	noun
juicy	adj
stereo	noun
inspiring	adj
rubbish	noun
batman	noun
almond	noun
messenger	verb
hashtag	noun
skeleton	noun
sweaty	noun
dull	verb
goalkeeper	noun
chakra	noun
phenomenal	adj
wooden	adj
gilbert	noun
wah	noun
mandarin	noun
heist	verb
relevant	adj
roam	noun
terrace	verb
sniper	noun
rum	noun
assemblyman	noun
settlement	noun
cattle	noun
rag	verb
postpone	verb
freshman	noun
oath	noun
sexually	adv
twinkle	verb
salsa	noun
adrenaline	noun
lease	verb
ginny	adj
lulu	noun
potion	noun
clerk	verb
tummy	noun
maintenance	noun
showcase	noun
pistol	noun
pageant	noun
subtle	adj
performer	noun
fleet	noun
huff	verb
crocodile	noun
collector	noun
santo	noun
llama	noun
introduction	noun
ninety	num
breakup	noun
carnival	noun
shred	verb
hah	noun
exploit	noun
donkey	noun
avenge	verb
disciple	noun
nipple	noun
cemetery	noun
cunt	noun
neglect	noun
cereal	noun
playoff	noun
initiate	noun
serpent	noun
semester	noun
surprisingly	adv
marching	noun
lawn	noun
thruster	noun
sickness	noun
cane	verb
avenue	noun
HQ	adj
resignation	noun
conviction	noun
stalking	noun
newbie	noun
crowded	adj
vast	adj
historical	adj
scorpion	noun
surf	verb
godfather	noun
alcoholic	noun
reassure	verb
mute	verb
integrity	noun
token	noun
nacho	noun
companion	noun
cabbage	noun
sperm	noun
strangle	noun
legit	adj
cautious	adj
angrily	adv
rail	verb
disgust	verb
theo	noun
ounce	noun
fugitive	noun
obsession	noun
perfection	noun
initially	adv
vain	adj
lipstick	noun
handful	noun
sincerely	adv
fondant	noun
mocking	noun
troubled	adj
vocal	noun
manhattan	noun
belle	noun
cafeteria	noun
grind	verb
sage	noun
momma	noun
delighted	adj
magistrate	noun
doughnut	noun
jeon	noun
kneel	verb
examination	noun
admission	noun
wally	noun
convenience	noun
moss	noun
compound	verb
diagnose	verb
hector	noun
Australian	adj
esteem	noun
thrilling	noun
francesca	noun
buffalo	noun
tracker	noun
countdown	noun
gal	noun
pursuit	noun
convert	noun
glance	verb
uncover	verb
metallic	adj
shortstop	noun
pandy	noun
salute	noun
estimate	noun
stripe	verb
rooftop	noun
jughead	noun
bombing	noun
elevate	verb
psychological	adj
catfish	verb
footprint	noun
counterattack	noun
pledge	verb
thankfully	adv
inevitable	adj
sympathy	noun
empress	noun
butler	noun
nursing	noun
funk	noun
microwave	verb
torch	verb
wink	verb
dime	verb
panty	noun
ivan	noun
defy	verb
unstable	adj
jojo	noun
attraction	noun
violin	noun
walt	adj
democracy	noun
slot	verb
stacy	noun
reconsider	verb
semifinal	noun
bizarre	adj
magnet	noun
hamilton	noun
specialize	verb
stove	noun
skating	noun
inject	verb
wand	noun
glorious	adj
notch	verb
wiggle	noun
flute	noun
deacon	noun
seduce	verb
avocado	noun
hallelujah	noun
jackpot	noun
prescription	noun
plague	verb
globe	noun
foam	verb
mixer	noun
yogurt	noun
silk	noun
ruthless	adj
recommendation	noun
exhibition	noun
blueberry	noun
curly	adj
eden	noun
mixing	noun
backstage	noun
incorporate	verb
stinky	noun
slider	noun
stamina	noun
submarine	noun
misery	noun
sticker	noun
clumsy	noun
flyer	noun
strictly	adv
flare	verb
vera	noun
intent	noun
faintly	adv
sculpture	verb
moose	noun
tidy	verb
initiative	noun
dove	noun
hormone	noun
ne	adv
entitle	verb
balcony	noun
immigrant	noun
cheeky	adj
faithful	adj
jeju	noun
aircraft	noun
seizure	noun
wax	verb
mina	noun
extent	noun
pupil	noun
tango	noun
observation	noun
rehearse	verb
reform	verb
comm	noun
melting	noun
traveler	noun
mystical	adj
parole	verb
willy	noun
marvelous	adj
psych	verb
bouncing	noun
cooperation	noun
wit	noun
flustered	adj
civilization	noun
clucking	noun
profession	noun
cheerleader	noun
sook	noun
supervisor	noun
dum	adj
urban	adj
mh	noun
consideration	noun
mona	noun
solemn	adj
lemonade	noun
inheritance	noun
flu	noun
coyote	noun
brady	verb
watermelon	noun
altar	noun
tighten	verb
software	noun
unpredictable	adj
interact	verb
tornado	noun
housing	noun
cheesy	adj
ching	noun
ciao	noun
phenomenon	noun
casting	noun
creator	noun
eternity	noun
favourite	noun
founder	verb
greed	noun
mason	noun
ramp	noun
distribute	verb
stem	verb
percentage	noun
almighty	adj
institute	verb
cloth	noun
visa	noun
mop	verb
sunrise	noun
vintage	noun
rapping	noun
hike	noun
relay	noun
bubbling	noun
blessing	noun
setup	noun
polo	noun
zhu	noun
mindset	noun
hunch	verb
context	noun
loosen	verb
accountant	noun
import	noun
descend	verb
economic	adj
orphanage	noun
kidnapper	noun
fanfare	noun
geum	noun
consistent	adj
perimeter	noun
bop	verb
snail	noun
considerate	adj
fortunate	adj
meaningless	adj
superpower	verb
guidance	noun
til	noun
artery	noun
rep	verb
elderly	noun
straighten	verb
marijuana	noun
exceptional	adj
radiation	noun
coaster	noun
eddy	noun
splat	noun
untie	verb
poet	noun
fortress	noun
sakura	noun
squash	verb
refugee	noun
glitch	verb
crescendo	noun
pretzel	noun
crust	verb
transformation	noun
soar	verb
moe	noun
invincible	noun
foreboding	noun
launder	noun
headphone	noun
marker	noun
crunching	noun
lionel	noun
overlook	noun
numb	verb
lower	verb
consort	verb
cleanse	verb
paste	verb
mousse	noun
Canadian	adj
intact	adj
reader	noun
syndrome	noun
sow	verb
trilling	noun
interrogate	verb
sync	verb
tak	verb
oz	noun
steer	verb
addicted	adj
shattered	adj
hao	noun
suffocate	verb
thorough	adj
wildfire	noun
pharmacy	noun
mortgage	verb
phantom	noun
oink	verb
wipeout	noun
suitable	adj
restrain	verb
panda	noun
sneaker	noun
legitimate	adj
sophisticated	adj
efficient	adj
poverty	noun
embassy	noun
luz	noun
shamrock	noun
meg	noun
kindergarten	noun
participant	noun
gage	noun
cub	noun
meth	noun
allergy	noun
automatically	adv
sunlight	noun
flex	noun
blunt	verb
logo	noun
babysitter	noun
purring	noun
devastating	adj
melvin	noun
petition	verb
broom	noun
condolence	noun
crumb	noun
classify	verb
insert	noun
repeatedly	adv
superman	noun
grease	verb
hangover	noun
harassment	noun
calf	noun
blush	verb
shallow	noun
accelerate	verb
myth	noun
tomb	noun
tran	noun
mack	verb
loneliness	noun
cucumber	noun
courtroom	noun
stun	noun
jing	noun
unlikely	adj
gypsy	noun
casualty	noun
crunchy	adj
cling	verb
fearless	adj
noir	adj
spiral	noun
shrine	noun
glaze	verb
tinkling	noun
modeling	noun
lex	noun
latte	noun
chitter	noun
insecure	adj
asap	adv
courtesy	noun
artificial	adj
poisoning	noun
greatness	noun
swat	verb
advisor	noun
reunite	verb
yelping	noun
eighty	num
coal	noun
clint	noun
utter	verb
unlucky	adj
creativity	noun
registration	noun
intruder	noun
hence	adv
suction	verb
cobra	noun
sew	verb
Ohio	adj
entertaining	noun
regulation	noun
vitamin	noun
flair	noun
mc	noun
triumph	verb
unload	verb
database	noun
suspension	noun
acquaintance	noun
compensation	noun
confidential	adj
recognition	noun
paddle	verb
warmth	noun
colony	noun
misty	adj
kite	noun
custard	noun
quarterback	noun
senpai	noun
expire	verb
spite	noun
pow	noun
ridge	noun
norm	noun
lens	noun
vinegar	noun
industrial	adj
piggy	noun
psychopath	noun
adventurous	adj
publicly	adv
spying	noun
snapping	noun
evolution	noun
awfully	adv
jinx	verb
horizon	noun
speechless	adj
awe	verb
baa	noun
extension	noun
mustard	noun
twilight	noun
seller	noun
sunglasses	noun
urgently	adv
comb	verb
bedtime	noun
logical	adj
optimistic	adj
frequency	noun
seaweed	noun
generator	noun
align	verb
carbon	noun
universal	adj
lakh	noun
fisherman	noun
allegation	noun
reset	noun
rosemary	noun
nod	verb
valve	noun
congressman	noun
homie	noun
gladly	adv
lockdown	noun
orb	verb
veggie	noun
trim	noun
thorn	noun
contender	noun
chunk	noun
worldwide	adv
ferry	verb
retain	verb
oak	noun
roo	noun
psychiatrist	noun
preacher	noun
gran	noun
sensation	noun
soju	noun
revolutionary	noun
shoo	verb
likewise	adv
funding	noun
homemade	adj
kindly	adj
fatty	noun
smoothie	noun
genetic	adj
revive	verb
plea	noun
impose	verb
chug	verb
swipe	verb
grumpy	noun
meditation	noun
employ	verb
cramp	noun
detailed	adj
rogue	noun
deploy	noun
visible	adj
entrust	verb
unacceptable	adj
stroll	noun
hitman	noun
righteous	verb
hacker	noun
console	verb
irresponsible	noun
quirky	adj
memo	noun
rav	noun
marathon	noun
masterpiece	noun
physics	noun
purely	adv
crooked	adj
hoop	noun
phoebe	noun
dribble	verb
builder	noun
robotic	adj
scholar	noun
psychologist	noun
exhaling	noun
calmly	adv
offside	noun
numerous	adj
sinner	noun
stalker	noun
crook	noun
stripper	noun
turf	verb
trumpeting	noun
surgical	adj
crappy	adj
exotic	noun
geon	noun
injustice	noun
protector	noun
imprison	verb
bode	noun
walkie	noun
casually	adv
ketchup	noun
typically	adv
venom	noun
brunch	noun
sideline	verb
bamboo	noun
supporter	noun
banner	noun
elve	noun
surpass	verb
briefcase	noun
dagger	verb
vengeance	noun
coco	noun
lump	verb
lookout	noun
wa	noun
devour	verb
gabi	noun
slick	noun
temptation	noun
rebound	verb
wrestle	verb
flourish	noun
cuddle	verb
tolling	noun
bullying	noun
carriage	noun
welfare	noun
yawning	noun
nominate	verb
reaper	noun
holey	adj
respectful	adj
banquet	noun
pandemic	noun
groove	verb
clarify	verb
maneuver	verb
morale	noun
convention	noun
hairy	adj
birdie	noun
overhear	verb
sloppy	adj
crib	noun
swan	verb
bernard	noun
ruling	noun
stance	noun
compass	noun
ch3ap	adj
ungrateful	noun
pac	noun
moley	adj
enhance	verb
intro	noun
ufo	noun
slay	verb
podcast	noun
eel	noun
seventy	num
tenant	noun
chubby	noun
republican	noun
bomber	noun
Egyptian	adj
hardship	noun
chou	noun
sal	noun
scoundrel	noun
resemble	verb
pillar	noun
zari	noun
overthink	verb
veil	verb
breaker	noun
forensics	noun
ultra	noun
tribute	noun
diagnosis	noun
palmer	noun
reverend	noun
creed	noun
strengthen	verb
monthly	adj
craving	noun
peacefully	adv
neutral	noun
unstoppable	adj
mandy	noun
bandage	verb
entrepreneur	noun
column	noun
raccoon	noun
paycheck	noun
welcoming	adj
camel	noun
royalty	noun
crisp	noun
historic	adj
flop	verb
transaction	noun
compose	verb
yuck	noun
meatball	noun
coup	noun
charger	noun
sector	noun
cutter	noun
dunk	verb
spade	noun
straightforward	adj
dread	verb
te	noun
abide	verb
dc	noun
upsetting	adj
refrigerator	noun
broker	verb
calculation	noun
hen	verb
leverage	verb
obligation	noun
payback	noun
Doris	adj
bacteria	noun
concentration	noun
fling	verb
radish	noun
moth	noun
homeland	noun
artistic	adj
rewind	noun
tao	noun
download	noun
beetle	noun
blog	verb
allege	verb
maple	noun
yeo	noun
mami	noun
complication	noun
gin	noun
squat	verb
sweetness	noun
striker	noun
eyeball	verb
amazon	noun
advertising	noun
metaphor	noun
splutter	noun
poll	verb
infiltrate	noun
sputter	noun
elaborate	verb
strategic	adj
sprout	verb
separately	adv
teasing	noun
cinema	noun
nao	noun
immune	noun
heritage	noun
detector	noun
shortcut	noun
picky	adj
godmother	noun
tribal	noun
wardrobe	noun
handwriting	noun
titty	noun
orbit	verb
tame	verb
bing	noun
weakly	adj
gradually	adv
terminal	noun
bulb	noun
academic	noun
hitch	verb
heartbroken	adj
insulting	adj
tier	verb
newscaster	noun
gringo	noun
hardware	noun
essay	noun
bu	noun
vine	noun
unfinished	adj
hay	noun
surge	verb
corporal	noun
delight	verb
valid	adj
adjustment	noun
tranquil	adj
particle	noun
urine	noun
tempt	verb
constitution	noun
prophecy	noun
rustle	verb
chaotic	adj
narrative	noun
swift	noun
newly	adv
vaccine	noun
lace	noun
combo	noun
regularly	adv
merge	noun
outrageous	adj
disabled	adj
clueless	adj
overboard	verb
junkie	noun
literature	noun
tailor	verb
recreate	verb
goody	noun
construct	noun
disrupt	verb
sequence	verb
thirteen	num
slowing	noun
slipper	noun
compensate	verb
enthusiasm	noun
countryside	noun
ethel	noun
hostile	noun
hick	noun
patron	noun
culinary	adj
trait	noun
contractor	noun
depress	verb
whereas	sconj
hooting	noun
hardcore	adj
infinite	adj
massacre	verb
Atlantic	adj
momo	noun
caller	noun
ignorant	noun
poignant	adj
immunity	noun
approximately	adv
cactus	noun
demo	noun
saddle	verb
immature	noun
dart	noun
fuse	verb
toothbrush	noun
compassion	noun
mist	noun
gala	noun
lantern	noun
apocalypse	noun
prophet	noun
shushing	noun
amulet	noun
beau	noun
jingling	noun
buffet	verb
adoption	noun
precinct	noun
smooch	verb
alaska	noun
mechanism	noun
sever	verb
accessory	noun
underway	adv
automatic	noun
convey	verb
merchandise	noun
kingston	noun
napkin	noun
grenade	noun
preview	noun
unison	noun
conservative	noun
processing	noun
nugget	noun
orgasm	noun
outlaw	verb
jackass	noun
feat	noun
ale	noun
sierra	noun
aurora	noun
iconic	adj
vase	noun
maiden	noun
harp	noun
ransom	verb
criticism	noun
redo	verb
summit	noun
torment	verb
regional	noun
trustworthy	adj
yankee	noun
satisfaction	noun
exclamation	noun
believer	noun
component	noun
probation	noun
squish	verb
cope	noun
separation	noun
orchestra	noun
curl	verb
mild	adj
IV	adj
sup	verb
clack	noun
marshal	verb
manor	noun
airline	noun
submission	noun
rhythmically	adv
discreet	adj
cigar	noun
vendor	noun
ac	noun
weekly	noun
manifest	verb
disqualify	verb
esperanza	noun
wrinkle	verb
awareness	noun
excellency	noun
helper	noun
consecutive	adj
crank	verb
embarrassment	noun
holler	verb
yue	noun
midfielder	noun
shipping	noun
guru	noun
frightening	adj
tiring	adj
rebellion	noun
Adrian	adj
peer	verb
cripple	noun
commotion	noun
navigate	verb
matty	adj
immigration	noun
despise	verb
sixteen	num
donny	noun
detain	verb
modest	adj
tropical	adj
ache	verb
jab	verb
nat	noun
kabaddi	noun
sane	adj
accounting	noun
transmission	noun
sterling	noun
hesitation	noun
appreciation	noun
paralyze	verb
antique	verb
landscape	verb
grinding	noun
breakdown	noun
coworker	noun
huck	noun
disc	noun
genie	noun
acre	noun
bikini	noun
intervene	verb
wren	noun
closure	noun
replay	verb
Cuban	adj
victorious	adj
brownie	noun
boar	noun
lupe	noun
feminine	noun
vegetarian	noun
tow	verb
bummer	noun
weaken	verb
psst	verb
freaky	adj
porridge	noun
negro	noun
inquiry	noun
hideout	noun
blasting	noun
hamburger	noun
braise	noun
arab	noun
understandable	adj
coil	noun
harmless	adj
monitoring	noun
harness	verb
ringside	noun
waterfall	noun
afterlife	noun
raider	noun
bunk	verb
peggy	noun
printer	noun
sensor	noun
textbook	noun
finalist	noun
hog	verb
instruct	verb
careless	adj
che	noun
sideways	adv
underworld	noun
wield	verb
showstopper	noun
contribution	noun
hassle	verb
hereby	adv
openly	adv
sawyer	noun
apprentice	verb
shampoo	verb
nosy	adj
bumper	noun
clover	noun
eon	noun
utterly	adv
sparkling	adj
haha	intj
billionaire	noun
moonlight	noun
zhou	noun
greatly	adv
suplex	noun
fed	noun
fourteen	num
nonstop	noun
lila	noun
tanner	noun
reel	verb
machinery	noun
renew	noun
communist	noun
fa	noun
eater	noun
acceptable	adj
Saudi	adj
injection	noun
womb	noun
recorder	noun
merchant	noun
loading	noun
buddha	noun
ironic	adj
germ	noun
clutch	verb
collins	noun
supernatural	noun
requirement	noun
poof	noun
unpack	verb
wheeler	noun
spec	noun
dense	adj
canvas	noun
webber	noun
plum	noun
axe	noun
shack	verb
tanya	noun
demonstration	noun
patriot	noun
bestie	noun
bibi	noun
lilith	noun
posting	noun
modify	verb
assassination	noun
tai	noun
maki	noun
fitness	noun
annoy	noun
dye	noun
maniac	noun
hardy	noun
swish	noun
unfold	noun
demonic	adj
gust	verb
condemn	verb
corridor	noun
flashlight	noun
confirmation	noun
margarita	noun
transportation	noun
ganache	noun
underpant	noun
attendant	noun
caroline	noun
mana	noun
grounder	noun
ethics	noun
hiking	noun
workplace	noun
resentment	noun
parrot	noun
medic	noun
norma	noun
mutant	noun
perpetrator	noun
flea	noun
delightful	adj
oo	noun
sarge	noun
heartless	adj
beforehand	adj
glimpse	verb
descendant	noun
artifact	noun
shuddering	noun
dolly	noun
immense	adj
piñata	noun
sesame	noun
graphic	noun
dairy	noun
bathtub	noun
stat	noun
feminist	noun
traumatic	noun
humiliation	noun
equation	noun
involvement	noun
interpret	verb
jolly	noun
winnie	noun
premise	noun
presume	verb
mastermind	verb
truffle	noun
peg	noun
imperceptible	adj
brody	noun
archive	verb
occasionally	adv
macho	noun
prescribe	verb
intervention	noun
dumpster	noun
sorcerer	noun
merit	verb
arise	verb
drawing	noun
venu	noun
hamster	noun
consultant	noun
lethal	adj
tuition	noun
seventeen	num
concede	verb
hostel	noun
easter	noun
hmph	verb
stabilize	verb
aroma	noun
sho	noun
undergo	verb
temporarily	adv
radical	noun
rust	verb
refine	verb
liang	noun
poorly	adv
opposition	noun
agony	noun
peep	verb
poisonous	adj
souvenir	noun
hypocrite	noun
sly	adj
cement	verb
assess	verb
reborn	adj
pato	noun
exposure	noun
anchovy	noun
laboratory	noun
senate	noun
seam	noun
trio	noun
continent	noun
costa	noun
sanctuary	noun
Vietnamese	adj
lotus	noun
dev	noun
reindeer	noun
raj	noun
suppress	verb
blond	adj
sewer	noun
kin	noun
taro	noun
shiva	noun
researcher	noun
dickhead	noun
cosmo	noun
aggressively	adv
crate	verb
voter	noun
flexible	adj
evaluate	verb
teeny	adj
copper	noun
restrict	verb
brotherhood	noun
blindfold	verb
manly	adj
painter	noun
roughly	adv
bankrupt	verb
ongoing	adj
howdy	noun
pitiful	adj
cluck	noun
hag	noun
artwork	noun
unemployed	adj
werewolf	noun
flock	verb
virtual	adj
misfortune	noun
brass	noun
scotch	noun
nuisance	noun
treason	noun
chord	noun
lol	noun
lasagna	noun
mascot	noun
candace	noun
disadvantage	verb
delta	noun
pickup	noun
bah	intj
shuffle	verb
gagging	noun
fuzzy	noun
hooker	noun
kikyo	noun
serum	noun
barber	noun
dynasty	noun
bellow	verb
flawless	adj
assumption	noun
mixture	noun
yale	noun
advocate	verb
pedal	verb
publicity	noun
resolution	noun
willow	noun
preliminary	noun
assessment	noun
memorable	adj
fam	noun
hoot	noun
burrow	verb
aspire	verb
sauna	noun
volleyball	noun
turbo	noun
pep	noun
woohoo	intj
thrive	verb
quarantine	verb
popularity	noun
ct	noun
trill	noun
miko	noun
coverage	noun
swirl	verb
sleepover	noun
rivalry	noun
warbling	noun
eighteen	num
designate	verb
slit	noun
critic	noun
mining	noun
bree	noun
juvenile	noun
outdoor	adj
breakthrough	noun
gekko	noun
ref	noun
dental	adj
keypad	noun
melon	noun
premium	noun
abbey	noun
intentionally	adv
goon	noun
hype	noun
nagging	noun
lash	verb
snoop	verb
fiber	noun
racer	noun
fern	noun
impatient	adj
burial	noun
rematch	noun
nude	noun
blueprint	noun
Hebrew	adj
vile	adj
expertise	noun
tut	noun
retch	noun
virtue	noun
sensible	adj
lent	noun
heartbreak	noun
holder	noun
fundamental	noun
ogre	noun
overdo	verb
upcoming	adj
sputtering	noun
confiscate	verb
receiver	noun
attic	noun
dominant	adj
publishing	noun
stud	verb
racket	noun
burner	noun
toad	noun
sheng	noun
supper	noun
queer	adj
antibiotic	noun
salesman	noun
packet	noun
stoke	verb
gook	noun
scoot	verb
pimp	verb
bolívar	noun
courthouse	noun
seasoning	noun
whiz	verb
spaceship	noun
slope	verb
icon	noun
gracious	adj
sheer	adj
nic	noun
Filipino	adj
intensity	noun
steering	noun
rotate	verb
comfy	adj
motto	noun
deliberately	adv
ee	noun
sprint	verb
antidote	noun
undisputed	adj
comet	noun
cliché	verb
driveway	noun
exceed	verb
carrier	noun
sewing	noun
reinforcement	noun
briefly	adv
segment	verb
internship	noun
broccoli	noun
condo	noun
moist	adj
unpleasant	adj
wrath	noun
collaborate	verb
shuttle	verb
yield	noun
blackout	noun
centimeter	noun
drool	verb
salvation	noun
steroid	noun
burrito	noun
char	verb
disobey	verb
filing	noun
porch	noun
windy	adj
metro	noun
warp	verb
nightclub	noun
dispute	verb
shorty	noun
orchid	noun
doggy	noun
flatter	noun
dryer	noun
awkwardly	adv
supplier	noun
fabricate	verb
clarity	noun
kettle	noun
pissing	noun
proportion	verb
pinkie	noun
amusement	noun
pact	noun
recite	verb
ape	noun
intimacy	noun
fascinate	verb
dispose	verb
glen	noun
ultrasound	noun
flick	verb
scallop	verb
exile	verb
survey	verb
permanently	adv
thingy	noun
leash	noun
rubble	noun
disclose	verb
bravery	noun
reopen	verb
panther	noun
parasite	noun
improvise	verb
distribution	noun
escalate	verb
bathing	noun
powerless	adj
brainy	adj
nova	noun
Caribbean	adj
swollen	adj
crave	verb
financially	adv
amend	verb
hater	noun
gramp	noun
reef	noun
comparison	noun
inventory	verb
loaf	verb
itchy	adj
buff	verb
squidgy	noun
housewife	noun
perk	verb
dissolve	verb
lighten	verb
revenue	noun
wilderness	noun
collective	noun
hammering	noun
beaver	noun
traumatize	verb
bookstore	noun
brandy	noun
totem	noun
raft	noun
lemming	noun
asher	noun
handshake	noun
chewy	adj
linger	verb
competent	adj
boulder	noun
attacker	noun
equip	verb
lettuce	noun
briefing	noun
scenery	noun
zipper	noun
outlet	noun
penetrate	verb
parenting	noun
wheat	noun
canyon	noun
titan	noun
parallel	noun
troubling	adj
steep	adj
leopard	noun
bearer	noun
tam	noun
bubba	noun
wrench	verb
scanner	noun
jeep	noun
ryo	noun
fragment	verb
chic	noun
banish	verb
swarm	verb
yip	noun
tweak	verb
unbearable	adj
empathy	noun
smuggling	noun
absent	verb
vague	adj
unity	noun
renowned	adj
counseling	noun
hideous	adj
psychology	noun
gigantic	adj
evaluation	noun
mustang	noun
gill	verb
restless	adj
irrelevant	adj
prediction	noun
smuggle	verb
bouquet	noun
trainee	noun
lone	adj
maestro	noun
mal	noun
racism	noun
prosecute	verb
polar	adj
intestine	noun
hinge	verb
kip	verb
retching	noun
subordinate	verb
gob	noun
heap	verb
alias	noun
anyhow	adv
impulse	noun
cranky	adj
youngster	noun
rowan	noun
lollipop	noun
frying	noun
fare	verb
housekeeper	noun
fin	noun
meep	noun
standby	noun
interaction	noun
pfft	noun
cum	verb
pong	noun
danish	noun
clothesline	noun
grit	verb
cushion	verb
narcotic	adj
insight	noun
veer	verb
murdering	noun
kiki	noun
thirst	noun
truce	noun
clunk	noun
saul	noun
comforting	adj
checkup	noun
nag	verb
dewey	noun
beware	verb
dedication	noun
enthusiastic	adj
persistent	adj
twig	verb
golfer	noun
surfing	noun
fireplace	noun
tilly	noun
boogie	noun
nicker	noun
gel	verb
perception	noun
denial	noun
terrorism	noun
hairstyle	noun
insecurity	noun
overly	adv
cuz	noun
señor	noun
mule	verb
formality	noun
environmental	adj
collateral	noun
randomly	adv
Celtic	adj
disposal	noun
firstly	adv
par	noun
yoohoo	verb
duper	noun
cheater	noun
anthem	noun
millennium	noun
tori	noun
speedy	verb
peacock	noun
imaginary	adj
wrapping	noun
soften	verb
rainy	adj
frosting	noun
spouse	noun
precaution	noun
tsk	verb
pear	noun
commence	verb
gravy	noun
milo	noun
mentality	noun
capsule	noun
ambrose	noun
splendid	adj
quacking	noun
arcade	noun
maniacally	adv
preference	noun
precision	noun
tangle	noun
wiener	noun
secondly	adv
renovation	noun
canal	noun
verge	noun
arch	verb
shaky	adj
visionary	noun
nurture	noun
vulture	noun
flake	verb
bumpy	adj
cunning	noun
cameraman	noun
graveyard	noun
jug	noun
babysit	verb
hound	verb
shanghai	verb
umpire	noun
cosmic	adj
premiere	noun
liberal	noun
meh	noun
tad	noun
meteor	noun
prefecture	noun
spinal	adj
snip	verb
Nigerian	adj
fiery	adj
exquisite	adj
zen	noun
abort	verb
inconvenience	verb
severely	adv
hopper	noun
relatively	adv
falcon	noun
banker	noun
foe	noun
blur	noun
backward	adv
teller	noun
dah	noun
righty	noun
superb	adj
tumble	verb
fisher	noun
incompetent	noun
altogether	adv
casket	noun
simpson	noun
ark	noun
exclude	verb
certified	adj
gibbering	noun
gloomy	adj
bypass	noun
notion	noun
showdown	noun
diabetes	noun
paolo	noun
derby	noun
cheesecake	noun
petal	verb
bao	noun
dreamy	adj
haw	noun
prof	noun
whinnying	noun
rite	noun
sima	noun
allowance	noun
stylish	adj
bzz	verb
arse	verb
kelp	noun
ca	adp
thunk	noun
treaty	noun
seminar	noun
gallon	noun
ultimatum	noun
slate	verb
soulmate	noun
wisely	adv
offender	noun
beggar	noun
decree	verb
gluten	noun
radius	noun
unreal	adj
biology	noun
plotting	noun
makeover	noun
oooh	verb
compatible	adj
decoy	noun
stern	adj
rut	noun
wince	noun
pew	noun
presidency	noun
cola	noun
courtyard	noun
bruv	noun
prestigious	adj
perry	noun
livin	noun
daphne	noun
karoo	noun
notorious	adj
oversee	verb
algorithm	noun
vi	noun
martini	noun
capability	noun
squirt	verb
caution	verb
crème	noun
alligator	noun
disability	noun
bouncy	adj
stability	noun
aggression	noun
moby	noun
hospitalize	verb
strangely	adv
supervise	verb
moreover	adv
respectable	adj
ridley	noun
Turkish	adj
tinder	noun
resemblance	noun
whilst	sconj
surname	verb
inflict	verb
physique	noun
stabbing	noun
chainsaw	noun
bluff	verb
melancholic	noun
cardiac	adj
fictional	adj
allegedly	adv
budge	verb
reek	noun
puddle	noun
pistachio	noun
tread	noun
gaming	noun
hoodie	noun
concubine	noun
mochi	noun
mooing	noun
brew	verb
limo	noun
accomplishment	noun
dent	verb
sultan	noun
heating	noun
priceless	adj
parliament	noun
staircase	noun
chrome	noun
prejudice	verb
inferno	noun
pension	verb
conceal	verb
midwife	noun
snowball	verb
festive	adj
havoc	noun
bagel	noun
reclaim	verb
au	noun
fer	adp
atmospheric	adj
accountable	adj
sect	noun
colorado	noun
successor	noun
MNH	adj
intentional	adj
dim	verb
franchise	noun
Swedish	adj
assassinate	verb
digit	noun
loom	noun
renovate	verb
rein	verb
pry	verb
peasant	noun
proceeding	noun
farting	noun
infinity	noun
weasel	verb
plunge	verb
correction	noun
wildly	adv
paramedic	noun
sidekick	noun
brainwash	verb
speculation	noun
dork	verb
calorie	noun
meditate	verb
smelly	adj
hr	noun
withstand	verb
gau	noun
shareholder	noun
nursery	noun
enable	verb
overhead	noun
hash	verb
unprecedented	adj
regime	noun
knit	noun
talkie	noun
thor	adv
mag	noun
jaunty	noun
listener	noun
velvet	noun
caviar	noun
inspirational	adj
cuckoo	noun
surreal	noun
profound	adj
peck	verb
hippie	noun
croak	verb
majestic	adj
cyber	noun
genre	noun
reflex	noun
sherry	noun
trivial	adj
envious	adj
perceive	verb
broadway	noun
blaze	verb
lyra	noun
merlin	noun
solitary	noun
brute	noun
farming	noun
midst	noun
chapel	noun
swanky	noun
dew	noun
carpenter	noun
bonding	noun
poach	verb
insider	noun
commentary	noun
imperium	noun
booming	adj
betraying	noun
hump	verb
chet	noun
tortilla	noun
contrast	verb
frequent	verb
chilly	adj
prioritize	verb
prevail	verb
intuition	noun
terminate	verb
tobacco	noun
tractor	noun
colleen	noun
characteristic	noun
implement	noun
porter	noun
tantrum	noun
faculty	noun
resurrect	verb
stomping	noun
dynamite	verb
viper	noun
griffin	noun
scope	verb
illegally	adv
entity	noun
namaste	noun
leadoff	adj
offshore	adj
unwell	adj
firmly	adv
intercom	noun
multiply	noun
restart	verb
fussy	adj
greasy	adj
penthouse	noun
cellar	noun
trafficker	noun
slime	verb
formidable	adj
decisive	adj
despicable	noun
trending	noun
cove	noun
infirmary	noun
recruiting	noun
bugging	noun
babysitting	noun
overflow	noun
buggy	noun
desperation	noun
printing	noun
bathe	noun
isabella	noun
letterman	noun
comfortably	adv
resonate	verb
yearn	noun
overdose	verb
curd	noun
rhino	noun
gardener	noun
runaway	noun
mercury	noun
rudy	noun
ascend	verb
sustain	noun
toledo	noun
trion	noun
departure	noun
walnut	noun
lust	verb
pluck	verb
flint	noun
sphere	noun
barricade	verb
revelation	noun
photography	noun
reinforce	verb
discard	noun
historian	noun
tar	verb
carlito	noun
moody	adj
lowly	adj
asylum	noun
tilt	verb
courier	verb
hunk	noun
dictate	noun
destructive	adj
ledger	noun
sporty	adj
trinity	noun
rewrite	verb
grandkid	noun
troublesome	adj
controversial	adj
alternate	noun
giraffe	noun
whatsapp	noun
mischievous	adj
om	noun
resend	verb
booster	noun
latch	verb
silva	noun
intellectual	noun
savory	noun
mayo	noun
whichever	pron
spook	noun
aging	noun
reschedule	verb
transparent	adj
itch	verb
sire	verb
patent	verb
chomping	noun
minion	noun
consumer	noun
captive	noun
tacky	adj
rational	adj
telescope	noun
fab	noun
lotion	noun
troublemaker	noun
coroner	noun
ignite	verb
bound	verb
margin	noun
pantry	noun
mailbox	noun
fusion	noun
notification	noun
geezer	noun
pest	noun
hottie	noun
controller	noun
roster	noun
goggle	noun
sou	noun
concussion	noun
beta	noun
caterpillar	noun
matilda	noun
zee	noun
currency	noun
pend	verb
prohibit	verb
lullaby	noun
digest	noun
privately	adv
setback	noun
debris	noun
stylist	noun
dearly	adv
broadcasting	noun
Scottish	adj
slavery	noun
parlor	noun
indigenous	adj
longing	noun
basil	noun
hazard	noun
rejection	noun
architecture	noun
techno	noun
cork	verb
pulsing	noun
hortensia	noun
interference	noun
redeem	verb
mallow	noun
pun	noun
decrease	verb
persona	noun
lever	noun
export	noun
getaway	noun
raisin	noun
deity	noun
duct	noun
horrific	adj
technician	noun
amusing	adj
snickering	noun
janitor	noun
bead	verb
faction	noun
sidewalk	noun
coupon	noun
dame	noun
unsure	adj
solely	adv
tightly	adv
brainstorm	verb
recess	verb
swag	noun
ani	noun
kook	noun
evade	verb
les	noun
goofy	adj
legion	noun
shun	verb
employer	noun
thunderclap	noun
maxwell	noun
vane	noun
judicial	adj
bonjour	verb
sissy	noun
equality	noun
gemma	noun
timeout	noun
strive	verb
recycle	verb
portray	verb
bio	noun
dib	noun
choreography	noun
jurisdiction	noun
braid	verb
activist	noun
climax	verb
literal	adj
remotely	adv
crimson	noun
professionally	adv
snowman	noun
juror	noun
excessive	adj
newborn	noun
handler	noun
parachute	verb
prototype	noun
trench	noun
hysterical	adj
faggot	noun
clinical	adj
courageous	adj
bundle	verb
blender	noun
federation	noun
councilor	noun
glamorous	adj
guild	noun
confine	verb
neutralize	verb
showtime	noun
lunchtime	noun
indulge	verb
fright	noun
forecast	noun
platter	noun
plaintiff	noun
chai	noun
dimple	verb
cain	noun
platinum	noun
fossil	noun
abdomen	noun
magnum	noun
collaboration	noun
refund	verb
millennial	noun
pharmaceutical	noun
hardworking	adj
flashy	adj
bluffing	noun
establishment	noun
otto	noun
masturbate	verb
sincerity	noun
consistency	noun
clearance	noun
goblin	noun
magnetic	adj
checkpoint	noun
arrogance	noun
impulsive	noun
baggage	noun
résumé	noun
clamp	verb
expedition	noun
drilling	noun
nodding	noun
redemption	noun
cosmetic	adj
ob	noun
infant	noun
corny	adj
developer	noun
loot	verb
tian	noun
journalism	noun
deem	noun
infamous	adj
ploy	noun
wale	noun
eggplant	noun
external	adj
spectrum	noun
crore	noun
planting	noun
ammo	noun
harden	noun
evacuation	noun
shaw	noun
bruh	noun
felony	noun
malfunction	noun
curb	verb
firearm	noun
audible	adj
caliber	noun
unaware	adj
sculpt	verb
pavilion	noun
folder	noun
celestial	noun
dumping	noun
hypothesis	noun
brink	noun
cram	verb
flinch	verb
curfew	noun
hostess	noun
amendment	noun
skunk	verb
apollo	noun
gaby	noun
uphold	verb
grieving	noun
problematic	adj
muddy	verb
southeast	noun
banjo	noun
staple	verb
editing	noun
doe	noun
morgue	noun
transmit	verb
sexist	noun
giddy	adj
loft	noun
bowel	noun
manu	noun
frown	verb
acceptance	noun
painkiller	noun
remark	verb
mane	noun
shay	noun
cologne	noun
vitals	noun
outnumber	verb
scooch	noun
goddammit	intj
prosthetic	noun
twinkling	noun
stingy	adj
playboy	noun
flicker	noun
gwan	noun
xing	noun
spontaneous	adj
irony	noun
prospect	noun
rapist	noun
conceive	verb
ringtone	noun
beverage	noun
gurgle	noun
yer	noun
weep	verb
keller	noun
membership	noun
lifelong	adj
measurement	noun
sarcastically	adv
haye	noun
doodle	verb
hurdle	noun
meddle	verb
declaration	noun
pager	noun
finalize	verb
perish	verb
chemo	noun
hive	noun
vigilante	noun
luxurious	adj
audit	verb
decorating	noun
cleanup	noun
smiley	adj
ox	noun
dojo	noun
scalpel	noun
mercenary	noun
deprive	verb
atom	noun
horde	noun
ness	noun
uncertain	adj
cottage	noun
frequently	adv
micky	noun
thrash	verb
felicia	noun
wed	verb
koala	noun
geneva	noun
swordsman	noun
input	verb
clog	noun
presenter	noun
milkshake	noun
trillion	noun
curveball	noun
shameful	adj
peculiar	adj
agitate	verb
podium	noun
abruptly	adv
sexuality	noun
poncho	noun
consist	verb
enterprise	noun
frantic	noun
croissant	noun
einstein	noun
domino	noun
jock	verb
pattering	noun
bab	noun
refill	verb
employment	noun
jamaica	noun
steadily	adv
gummy	noun
dada	noun
sprain	noun
paco	noun
backfire	noun
relic	noun
fatigue	verb
authorization	noun
takin	noun
barne	noun
herbal	noun
knockout	noun
geek	verb
appetizer	noun
Persian	adj
jupiter	noun
pia	noun
tug	verb
pant	noun
grove	noun
mb	adv
delusional	noun
withdrawal	noun
boomerang	noun
diarrhea	noun
franco	noun
dex	noun
fanny	noun
psychiatric	noun
quantum	noun
chia	noun
dilemma	noun
remorse	noun
arc	noun
disqualification	noun
sully	verb
rave	verb
sustained	adj
alumnus	noun
barbershop	noun
outrage	verb
gauge	noun
chap	verb
homecoming	noun
chestnut	noun
phony	noun
discourage	noun
dramatically	adv
sighting	noun
taint	noun
burglar	noun
fragrance	noun
espresso	noun
revolve	verb
sha	noun
finch	noun
foley	noun
tucker	verb
differ	noun
gymnastics	noun
malibu	noun
marinate	verb
granddad	noun
chalk	verb
ambient	noun
threesome	noun
booking	noun
sufficient	adj
plumber	noun
bland	verb
atlas	noun
afar	adv
hesitant	adj
credibility	noun
gauntlet	noun
congregation	noun
lordship	noun
demi	noun
mineral	noun
convoy	noun
northwest	noun
handcuff	noun
fireman	noun
collision	noun
bangkok	noun
relentless	adj
casa	noun
pixie	noun
squishy	noun
utmost	noun
brothel	noun
integrate	verb
qt	noun
willingly	adv
piping	noun
incapable	noun
cooling	noun
tactical	adj
hospitality	noun
eep	noun
comply	verb
refuge	noun
stimulate	verb
sparkly	adj
jeopardize	verb
liability	noun
fictitious	adj
neon	noun
marsh	noun
pau	noun
cassandra	noun
hectic	adj
unclear	adj
mend	verb
slug	verb
toto	noun
smoker	noun
incomplete	adj
toddler	noun
squelching	noun
receptionist	noun
lastly	adv
indication	noun
repent	verb
actively	adv
miner	noun
cowardly	adj
lair	noun
dropkick	noun
stump	verb
spence	noun
cupboard	noun
sleeper	noun
chow	verb
observing	noun
flora	noun
beak	noun
predictable	adj
gadget	noun
vibrant	adj
matchmaker	noun
lasting	adj
cristal	adj
limp	noun
proudly	adv
effectively	adv
tussle	verb
chapo	noun
skipper	noun
induce	verb
vanity	noun
administer	verb
guinea	noun
stool	noun
heroine	noun
beacon	noun
vertical	adj
hare	verb
woody	noun
mee	noun
ownership	noun
blondie	noun
comical	adj
nostalgic	noun
blackmailing	noun
mandatory	adj
railway	noun
hysterically	adv
turd	noun
grande	noun
mariachi	noun
yank	verb
belch	verb
pulp	noun
secondary	noun
motorbike	noun
calming	adj
midfield	noun
sari	noun
adele	noun
altitude	noun
soothing	adj
interpretation	noun
unbreakable	noun
skinned	adj
imbecile	noun
manchester	noun
wimp	verb
greenhouse	noun
charcoal	noun
remedy	verb
creamy	noun
fest	noun
quarrel	verb
diver	noun
attendance	noun
infuse	verb
blob	noun
millie	noun
rabbi	noun
onstage	adj
ripe	adj
dwell	verb
wedge	verb
favorable	adj
gutter	noun
ghetto	noun
lunar	adj
sleigh	noun
padma	noun
hurtful	adj
ax	verb
confrontation	noun
unlimited	adj
spelling	noun
inspect	verb
quantity	noun
oy	intj
blazing	noun
theatre	noun
holland	noun
naval	adj
freckle	verb
envision	verb
backlash	noun
tolerance	noun
heartbreaking	adj
drummer	noun
entertainer	noun
stereotype	verb
nonetheless	adv
supplement	verb
forum	noun
icy	adj
pint	noun
amigo	noun
cadet	noun
lighthouse	noun
dreadful	adj
contagious	adj
climber	noun
ratio	noun
jody	noun
cannabis	noun
unreasonable	adj
ayo	intj
whatnot	noun
ignorance	noun
span	verb
lang	noun
copying	noun
bronze	verb
brie	noun
limitation	noun
flatten	verb
contraction	noun
talisman	noun
gladiator	noun
teleport	verb
spartan	adj
wahoo	noun
catastrophe	noun
operative	noun
booby	noun
proposition	verb
squeaky	adj
pier	noun
robo	noun
representation	noun
cheetah	noun
sarcastic	adj
quirk	noun
abdominal	noun
oasis	noun
badger	verb
govern	verb
catalog	verb
hurray	verb
discretion	noun
posh	adj
eyewitness	noun
chariot	noun
snowy	adj
criterion	noun
madman	noun
awaken	verb
eclipse	verb
oblige	verb
ruckus	noun
incense	verb
shaft	verb
educational	adj
freshly	adv
encouragement	noun
Josephine	adj
groovy	noun
tsunami	noun
timothy	noun
Hawaiian	adj
homer	noun
productive	adj
tendency	noun
insanity	noun
shaving	noun
melodic	adj
critter	noun
equivalent	noun
continuous	adj
glimmer	noun
heave	verb
firewood	noun
camouflage	verb
realise	verb
constable	noun
flor	noun
swimmer	noun
typewriter	noun
saxophone	noun
brow	noun
inferior	noun
stifle	noun
fielding	noun
doorstep	noun
explorer	noun
investigative	adj
unforgivable	adj
didi	noun
Israeli	adj
mingle	noun
toro	noun
trader	noun
influential	adj
silently	adv
inhaling	noun
continuously	adv
daycare	noun
celeste	noun
monsieur	noun
brawl	noun
kangaroo	noun
healer	noun
conditioning	noun
henchman	noun
alexia	noun
shifting	noun
retail	verb
shank	verb
diploma	noun
isolation	noun
electronics	noun
que	noun
watt	noun
similarity	noun
occupation	noun
priestess	noun
mistreat	verb
identification	noun
reconnect	verb
boast	verb
baht	noun
loo	noun
suburb	noun
outdoors	adv
upright	noun
hyper	adj
bey	noun
wallpaper	verb
chopstick	noun
reconcile	verb
wary	adj
rural	adj
protester	noun
nelly	noun
panama	noun
antenna	noun
commandment	noun
simulation	noun
publisher	noun
bourbon	noun
acoustic	noun
cardboard	noun
exterior	noun
whim	noun
morocco	noun
potty	noun
defect	verb
trot	verb
mart	noun
attain	verb
cun	noun
dementia	noun
rupture	noun
accumulate	verb
enlist	noun
bladder	noun
waltz	verb
trajectory	noun
horner	noun
rani	noun
extensive	adj
maternity	noun
blindly	adv
marquis	noun
spoiler	noun
jog	verb
uni	noun
outbreak	noun
uncertainty	noun
rover	noun
sango	noun
weave	verb
daytime	noun
planner	noun
dwarf	verb
deport	verb
cheery	adj
obnoxious	adj
underdog	noun
sentiment	noun
isis	noun
dismantle	verb
pizzeria	noun
kicker	noun
sap	verb
cicada	noun
partial	noun
unexpectedly	adv
discrimination	noun
beginner	noun
tonic	noun
swoop	verb
vibration	noun
wool	noun
carr	noun
martyr	verb
provision	noun
yolk	noun
brutally	adv
sling	verb
postcard	noun
barf	verb
grammy	noun
disregard	verb
carefree	adj
fig	noun
admirable	adj
unbelievably	adv
swoosh	verb
pilar	adj
respectfully	adv
stealth	noun
kilogram	noun
spectacle	noun
sac	noun
skateboard	noun
caption	noun
tulip	noun
pioneer	verb
complicate	verb
disk	noun
vulgar	noun
liter	noun
deception	noun
recycling	noun
functional	adj
virtually	adv
portland	noun
laddu	noun
deliberate	verb
functioning	noun
tryout	noun
yahoo	noun
dun	noun
flank	verb
affectionate	adj
consulting	noun
cedar	noun
spraying	noun
posture	noun
ralphie	noun
pave	verb
cradle	verb
racial	adj
regroup	verb
bloke	noun
rotation	noun
choco	noun
netherlands	noun
meme	noun
rinse	noun
pointer	noun
lar	noun
formally	adv
newlywed	noun
thesis	noun
tempting	adj
clause	noun
abusive	adj
tally	verb
tamara	noun
plank	noun
undermine	verb
wildlife	noun
rattlesnake	noun
fudge	verb
unfamiliar	adj
controversy	noun
billboard	noun
unavailable	adj
scram	noun
larva	noun
mystic	noun
slogan	noun
salvage	verb
spinach	noun
thrust	noun
cultivate	verb
innovative	adj
tock	noun
lurking	noun
bobo	noun
mosque	noun
unforgettable	adj
interpreter	noun
delinquent	noun
Farsi	adj
sander	noun
chimney	noun
fundraiser	noun
enforce	verb
translator	noun
lino	noun
eavesdrop	verb
apparent	adj
certainty	noun
statistic	noun
asteroid	noun
hartley	noun
extinct	adj
stride	verb
inquire	verb
lavender	noun
canoe	verb
americano	noun
firefly	noun
mer	noun
subscriber	noun
vulnerability	noun
chancellor	noun
bridesmaid	noun
demolish	verb
litter	verb
jumper	noun
unravel	verb
nighttime	noun
gunman	noun
ivory	noun
ado	noun
pang	noun
armpit	noun
sunflower	noun
cider	noun
hallucination	noun
bleach	verb
heater	noun
ornament	noun
holt	noun
chuff	noun
nai	noun
revise	verb
hulk	noun
reside	verb
taekwondo	noun
aquarium	noun
scatter	noun
mockingly	adv
robbin	noun
sen	noun
greenback	noun
soaking	noun
rehearsing	noun
excel	verb
wretched	adj
slamming	noun
tavern	noun
extradition	noun
format	verb
civilized	adj
partly	adv
loco	noun
armored	adj
voluntarily	adv
render	noun
ribbit	noun
purge	noun
aggravate	verb
romero	noun
serenity	noun
exclusively	adv
pilgrim	noun
sturdy	adj
alarmed	adj
angelica	noun
masculine	noun
behead	verb
weeping	noun
cooker	noun
medieval	adj
conductor	noun
dollhouse	noun
dire	adj
bossy	noun
cylinder	noun
nineteen	num
scooby	noun
manga	noun
bubbly	noun
generosity	noun
caste	noun
cranberry	noun
northeast	noun
Cantonese	adj
probability	noun
roach	noun
abnormal	noun
anesthesia	noun
moisture	noun
individually	adv
sanction	noun
whisker	noun
marcella	noun
downhill	adv
rad	noun
aa	noun
kent	noun
charter	verb
philosopher	noun
guesthouse	noun
delegate	verb
privileged	adj
battalion	noun
bub	noun
vocalize	verb
emerald	noun
skeptical	adj
reactor	noun
parcel	noun
anomaly	noun
gospel	noun
yakuza	noun
beastmaster	noun
progressive	noun
zebra	noun
examiner	noun
clarence	noun
subpoena	verb
cluster	verb
nevertheless	adv
marvel	verb
specter	noun
sable	noun
furthermore	adv
vary	verb
deduct	verb
everlasting	noun
monument	noun
erupt	verb
liberate	verb
warble	noun
intersection	noun
husky	noun
fentanyl	noun
sora	noun
meddling	noun
crybaby	noun
replicate	noun
faucet	noun
fag	verb
percussive	noun
scatting	noun
grail	noun
lobo	noun
nola	noun
analyst	noun
gasoline	noun
warlord	noun
hypnotize	verb
swindler	noun
insensitive	adj
kudo	noun
contaminate	verb
queue	verb
nutrient	noun
confection	noun
talker	noun
implicate	noun
laker	noun
distinct	adj
neo	noun
goldfish	noun
patio	noun
cannonball	noun
gibber	noun
tri	noun
envoy	noun
ahold	noun
affirmative	adj
adventurer	noun
drape	verb
monarch	noun
plaque	noun
dependent	noun
snot	noun
ola	noun
dirk	noun
spluttering	noun
soggy	adj
pester	verb
railroad	verb
clot	verb
goodwill	noun
gingerbread	noun
possum	noun
vouch	verb
consultation	noun
rai	noun
akuma	noun
whipping	noun
unidentified	adj
messiah	noun
hasty	adj
prawn	noun
cavalry	noun
swimsuit	noun
hijack	noun
morris	noun
rocker	noun
benedict	noun
encore	noun
manufacture	noun
compartment	verb
collide	verb
drunken	adj
mediocre	adj
uterus	noun
riff	noun
innovation	noun
abduction	noun
freestyle	noun
serene	noun
nom	noun
ammunition	noun
prominent	adj
indictment	noun
unto	adp
graze	noun
seemingly	adv
dialect	noun
insignificant	adj
distinguished	adj
palate	noun
clive	noun
ci	noun
pepita	noun
rightful	adj
charismatic	noun
oral	noun
bonfire	noun
diplomatic	adj
detour	verb
yowl	noun
plaster	verb
smear	verb
devotion	noun
timid	adj
carb	noun
hyang	noun
brigade	noun
tyrant	noun
outdo	verb
lingerie	noun
tito	noun
voyage	verb
hippo	noun
headmaster	noun
realtor	noun
holm	noun
spout	verb
paloma	noun
charisma	noun
madeleine	noun
velocity	noun
receding	noun
terrain	noun
blaster	noun
synth	noun
undefeated	adj
stinking	adj
slander	verb
macaron	noun
iggy	noun
pote	verb
pyeong	noun
nauseous	adj
penitentiary	noun
annihilate	verb
potter	noun
IR	adj
burying	noun
merci	noun
dx	noun
chauffeur	verb
taka	noun
omen	noun
solidarity	noun
atomic	noun
compel	verb
pointy	noun
terra	noun
residency	noun
divert	verb
coordinator	noun
douche	noun
mutt	noun
jaguar	noun
eggman	noun
forearm	verb
recharge	verb
trendy	adj
medina	noun
merger	noun
butch	noun
aria	noun
consolation	noun
delusion	noun
experimental	adj
cris	noun
tramp	verb
deflect	verb
accommodate	verb
blouse	noun
spank	verb
ballad	noun
improv	noun
oddly	adv
jeopardy	noun
hazelnut	noun
slayer	noun
suing	noun
diversity	noun
torso	noun
pebble	noun
erotic	noun
shelly	adj
tutoring	noun
fax	verb
erick	noun
brisket	noun
gulf	noun
vacant	adj
hefty	adj
eligible	adj
croaking	noun
reluctant	adj
digger	noun
tesla	noun
changer	noun
pipeline	noun
NSA	adj
themed	adj
hedge	verb
indoor	adj
whisk	noun
biker	noun
inter	verb
mainland	noun
tellin	noun
jeering	noun
booger	noun
necessity	noun
confidently	adv
engrave	verb
huddle	verb
simultaneously	adv
retro	noun
merciful	adj
disagreement	noun
hind	adj
unarm	verb
bestow	verb
suspense	noun
forfeit	verb
cheeseburger	noun
hybrid	noun
mala	noun
Ukrainian	adj
campfire	noun
louie	noun
rah	noun
yeti	noun
doh	noun
orient	verb
testament	noun
hopping	adj
excess	noun
mayonnaise	noun
incision	noun
padre	noun
filth	noun
smuggler	noun
abyss	noun
bachelorette	noun
liberation	noun
Buddhist	adj
helm	noun
testicle	noun
grieve	verb
puncture	verb
heed	verb
chronic	adj
conditioner	noun
increasingly	adv
foreman	noun
catering	noun
cupid	noun
foil	verb
dictionary	noun
grr	intj
doorknob	noun
positively	adv
scarecrow	noun
projector	noun
unify	verb
fingernail	noun
cardinal	noun
toaster	noun
cardio	noun
charade	noun
incriminate	verb
compelling	adj
snag	verb
bulletproof	verb
brushing	noun
descent	noun
windmill	noun
nash	adj
acorn	noun
saber	noun
overtake	verb
meadow	noun
gobble	verb
dictator	noun
overdue	adj
expansion	noun
dine	verb
sitter	noun
variable	adj
gator	noun
iPad	noun
minority	noun
gamer	noun
ferment	noun
unrelated	adj
commanding	adj
manipulation	noun
domain	noun
placement	noun
manuscript	noun
gent	noun
payroll	noun
nemesis	noun
latino	noun
malicious	adj
lowlife	noun
plumbing	noun
knob	noun
garment	noun
wonderland	noun
mackerel	noun
splitter	noun
CAO	adj
tamper	noun
nil	noun
goalie	noun
virginity	noun
crossroad	noun
evenly	adv
lala	noun
kale	noun
bein	verb
cassette	noun
twerp	noun
pip	verb
sundae	noun
lass	noun
jazzy	adj
trespassing	noun
specimen	noun
ecstatic	noun
powerhouse	noun
gateway	noun
croc	noun
mangle	noun
yam	noun
dazzle	verb
attachment	noun
feisty	adj
syllable	noun
iceberg	noun
endurance	noun
democrat	noun
extraterrestrial	noun
grader	noun
stupidity	noun
drench	noun
schooler	noun
indict	verb
vend	verb
baton	noun
grub	noun
louse	verb
warfare	noun
iPhone	noun
sustainable	adj
orientation	noun
nab	verb
bulk	noun
exorcism	noun
replica	noun
pendant	noun
snowing	noun
temp	verb
wannabe	noun
relocate	verb
simmer	noun
profitable	adj
restriction	noun
minnie	noun
sophomore	noun
appliance	noun
wong	noun
graffiti	noun
tuning	noun
superficial	adj
southwest	noun
passive	adj
oval	adj
overlap	verb
bhai	noun
taker	noun
frenzy	verb
sedative	noun
firecracker	noun
silky	adj
verbal	adj
sear	verb
capitalize	verb
ordeal	noun
restraint	noun
ration	verb
sensational	adj
yippee	intj
gush	noun
humpty	adj
Tamil	adj
emphasize	verb
judo	noun
refrain	verb
newcomer	noun
plop	verb
contemplate	verb
boner	noun
tot	noun
fencing	noun
volunteering	noun
mannequin	noun
furnace	noun
turmoil	noun
superintendent	noun
sorta	adv
singsong	noun
weaver	noun
alec	noun
sassy	adj
nip	verb
qualification	noun
treacherous	adj
habitat	noun
typhoon	noun
tory	noun
epstein	verb
skater	noun
eyesight	noun
crafty	adj
swearing	noun
enchant	noun
terrorize	verb
midterm	noun
trout	noun
muscular	adj
pharaoh	noun
domination	noun
worthwhile	adj
gavel	noun
prosperity	noun
toxin	noun
definite	adj
windshield	noun
freeway	noun
wo	noun
toon	noun
skit	noun
madly	adv
endeavor	verb
cavity	noun
proclaim	verb
fritz	verb
bellowing	noun
trooper	noun
reap	noun
excellence	noun
idle	noun
og	noun
dishwasher	noun
smartphone	noun
furry	noun
gopi	noun
shabby	verb
cc	noun
baptism	noun
avalanche	noun
tuxedo	noun
specially	adv
meteorite	noun
harmonica	noun
astonish	verb
onboard	adv
impeccable	adj
foremost	adj
sherlock	verb
anguish	verb
micro	noun
contemporary	noun
nuke	verb
snowflake	noun
baptize	verb
pike	noun
circulate	verb
leech	noun
barbarian	noun
gambler	noun
strut	noun
mitten	noun
warner	noun
jer	noun
skewer	verb
politically	adv
pamper	verb
muck	verb
digestive	noun
tia	noun
crest	noun
mayday	noun
gallop	noun
coincidental	adj
duchess	noun
timely	adj
impersonate	verb
summoning	noun
drying	noun
honour	verb
graft	verb
pk	noun
saki	noun
es	noun
cashier	verb
underwood	noun
hyena	noun
eyelash	noun
shortage	noun
incentive	noun
bp	noun
mew	noun
ethical	adj
beneficial	adj
inventor	noun
miniature	noun
jeanette	noun
reboot	verb
roc	noun
substantial	adj
layout	noun
stoop	verb
twitch	verb
legged	noun
hydrate	noun
cloak	verb
elope	verb
scammer	noun
exercising	noun
disarm	noun
twirl	verb
detonate	verb
trek	verb
uptight	noun
bled	noun
hub	noun
credible	adj
fertility	noun
pleading	noun
intake	noun
doorway	noun
mainstream	adj
stalk	noun
tack	verb
silhouette	verb
sunscreen	noun
orgy	noun
arsenal	noun
tentacle	noun
enlighten	verb
disciplined	adj
questionable	adj
mayhem	noun
firsthand	adv
canary	noun
magically	adv
obedient	noun
sheesh	intj
killing	noun
binding	noun
intensive	adj
mince	verb
Roman	adj
mica	noun
accuracy	noun
pe	noun
dimensional	adj
rousing	noun
miso	noun
ariel	noun
rethink	verb
lovebird	noun
complement	verb
removal	noun
obsess	verb
captivate	verb
wrecking	noun
slimy	adj
newton	noun
peasy	adj
purgatory	noun
itching	noun
fiddle	verb
suture	verb
homosexual	noun
aspiration	noun
knack	noun
glacier	noun
morphine	noun
aerial	noun
anticipation	noun
rambling	noun
applicant	noun
confessing	noun
damp	adj
Saxon	adj
xiong	adj
archangel	noun
toothpaste	noun
videotape	verb
truthfully	adv
shari	noun
smug	adj
shah	noun
manufacturer	noun
checker	verb
nickel	noun
extraction	noun
lexie	noun
amp	verb
mitzvah	noun
insurgent	noun
umm	intj
trample	noun
abba	noun
playbook	noun
yeast	noun
lending	noun
subside	verb
outrun	verb
brewing	noun
jangle	verb
aya	adv
convent	noun
infrastructure	noun
glare	verb
admirer	noun
brutality	noun
homage	noun
heartland	noun
handkerchief	noun
rowdy	noun
accordingly	adv
needy	adj
gravel	noun
anal	adj
maud	noun
mt	noun
heartfelt	adj
propaganda	noun
epidemic	noun
Romanian	adj
demise	noun
hairdresser	noun
sapphire	noun
hearst	noun
outing	noun
jockey	noun
lore	noun
topper	noun
latter	adj
unseen	noun
utility	noun
mime	noun
psychotic	noun
surfer	noun
porcupine	noun
fuji	noun
rendezvous	verb
fraction	noun
horoscope	noun
tiff	noun
nomination	noun
evilly	adv
dazzling	noun
decor	noun
feud	noun
unannounced	adj
bugger	verb
immortality	noun
disciplinary	noun
oat	noun
Mayan	adj
sumo	noun
breeding	noun
eta	noun
vineyard	noun
prostitution	noun
dodging	noun
indoors	adv
emit	verb
attribute	verb
ch	noun
seeker	noun
urinate	verb
quota	noun
muster	verb
drastic	noun
cod	noun
smoky	adj
frontier	noun
nutty	adj
bridal	adj
peppermint	noun
caravan	noun
ade	noun
bundy	noun
gourmet	noun
outgoing	noun
logistic	noun
Aussie	adj
amnesia	noun
choral	adj
flattering	noun
selfless	adj
outcast	noun
cauliflower	noun
miscarriage	noun
mil	noun
pinpoint	verb
fungus	noun
flooding	noun
mani	noun
nis	noun
puffy	adj
splatter	verb
siege	noun
peri	noun
jellyfish	noun
bottled	adj
hallucinate	verb
interruption	noun
aluminum	noun
tampon	noun
eunuch	noun
blizzard	noun
pivot	noun
validate	verb
touchy	adj
diminish	verb
rehabilitation	noun
symbolize	verb
minimal	adj
pom	noun
yap	noun
grin	verb
ly	noun
sensual	adj
thriving	adj
duet	noun
scot	noun
valencia	noun
acquit	verb
etiquette	noun
capitol	noun
alas	noun
overthrow	verb
ember	noun
admiration	noun
ecstasy	noun
meticulous	adj
symphony	noun
labour	verb
crutch	noun
morph	noun
mesa	noun
nu	noun
facetime	verb
outdated	adj
mislead	noun
sensing	noun
embryo	noun
coronation	noun
crayon	noun
passcode	noun
ponytail	noun
MG	adj
ooze	noun
torpedo	verb
tamale	noun
flamingo	noun
sharpen	verb
headlight	noun
risotto	noun
rebellious	adj
dresser	noun
catchy	adj
IQ	adj
nationwide	adv
athleticism	noun
baz	noun
puggy	adj
inflate	verb
valet	noun
whiff	noun
Tagalog	adj
trousers	noun
eco	noun
insanely	adv
wither	verb
weirdly	adv
commune	verb
suicidal	noun
joyous	adj
installment	noun
banking	noun
pollution	noun
artillery	noun
rink	noun
deflate	verb
spur	verb
hedgehog	noun
ABC	adj
bitty	adj
sparky	noun
kebab	noun
zodiac	noun
horrifying	adj
opener	noun
overwork	noun
matrix	noun
shorten	verb
politely	adv
rejoice	verb
monastery	noun
douchebag	noun
overturn	noun
diligent	adj
horsepower	noun
anatomy	noun
trickle	verb
anime	noun
LIA	adj
worsen	verb
fend	verb
Cadillac	adj
nostril	noun
jogging	noun
probe	verb
keg	noun
extortion	noun
indie	noun
mimosa	noun
reeve	noun
apprehend	verb
milady	noun
cruelty	noun
infuriate	verb
sled	noun
yorker	noun
cham	noun
mero	noun
kaito	noun
vee	noun
discomfort	noun
invoice	noun
ointment	noun
programming	noun
landmark	noun
trivia	noun
attire	verb
eyelid	noun
resurrection	noun
gardening	noun
yapping	noun
covet	verb
rampage	verb
bigfoot	noun
shim	noun
babu	noun
snob	noun
tania	noun
gnome	noun
chump	noun
resentful	adj
literary	adj
adamant	noun
plasma	noun
solitude	noun
trampoline	noun
laden	adj
ballroom	noun
shifter	noun
backbone	noun
reading	noun
scalp	verb
diverse	adj
horribly	adv
contradict	verb
imminent	adj
merch	noun
awhile	adv
withhold	noun
lovey	noun
fritter	verb
astro	noun
paparazzi	noun
orchestrate	verb
tat	verb
cleopatra	noun
halo	noun
enid	noun
exhilarate	verb
duplicate	noun
mavis	noun
traditionally	adv
untouchable	noun
revoke	verb
allegiance	noun
eccentric	noun
cheddar	noun
ferocious	adj
hallow	noun
scone	noun
arson	noun
stench	noun
catchphrase	noun
borderline	adj
sermon	noun
sparrow	noun
chipmunk	noun
nibble	noun
dowager	noun
portfolio	noun
socially	adv
redhead	noun
caffeine	noun
ono	noun
relive	verb
barefoot	adj
puberty	noun
advertise	verb
timber	noun
urgency	noun
tourism	noun
doorman	noun
bribery	noun
overstep	noun
recipient	noun
reinstate	verb
ned	noun
flatline	verb
bender	noun
decker	noun
economics	noun
fasten	verb
aesthetic	adj
believable	adj
prism	noun
recital	noun
significance	noun
bitcoin	noun
ballot	noun
brooding	noun
setter	noun
decency	noun
secrecy	noun
futile	adj
portable	adj
girly	noun
disband	verb
deo	noun
constitutional	adj
muse	verb
prepping	noun
novice	noun
diversion	noun
thermal	noun
spud	noun
chute	noun
draining	noun
morality	noun
depot	noun
nay	noun
extinguisher	noun
petrify	verb
realization	noun
offline	adv
embed	noun
disperse	verb
grizzly	noun
waver	verb
plating	noun
tink	noun
shinobi	noun
attaboy	noun
payday	noun
weary	verb
grinder	noun
aback	adv
endangered	adj
prodigy	noun
monstrous	adj
puree	verb
perp	noun
wobble	verb
matey	noun
katara	noun
meltdown	noun
tweeting	noun
cloudy	adj
underage	adj
hungover	adj
chaser	noun
usher	verb
mesmerize	verb
harmful	adj
disturbance	noun
wassup	intj
hermit	noun
significantly	adv
dowry	noun
operational	adj
partially	adv
ss	noun
flashback	noun
reem	noun
asthma	noun
pottery	noun
taser	verb
mobilize	verb
assailant	noun
chevy	noun
slumber	verb
minimize	verb
grad	noun
accurately	adv
bias	noun
protagonist	noun
takeout	noun
accidental	adj
depict	verb
purposely	adv
stu	noun
scheming	noun
junkyard	noun
shackle	verb
dung	verb
keyword	noun
sculpting	noun
subconscious	noun
fingertip	noun
amazingly	adv
freight	verb
seating	noun
patsy	noun
holo	noun
cem	noun
evict	verb
opt	verb
reduction	noun
undress	verb
songwriter	noun
rarity	noun
mitt	noun
strumming	noun
whirr	noun
manipulative	noun
irresistible	adj
drizzle	noun
hygiene	noun
outskirt	noun
bitterness	noun
stretcher	noun
molecule	noun
primitive	noun
badminton	noun
heinous	adj
polished	adj
cosmos	noun
projection	noun
dud	noun
obstruction	noun
dispatcher	noun
pretentious	adj
deposition	noun
gossiping	noun
people	verb
snooping	noun
retaliate	verb
enrage	verb
sandal	noun
purify	verb
iceland	noun
caress	verb
wildcat	noun
pug	noun
kendra	noun
suitor	noun
undertake	verb
holmes	noun
beet	noun
purity	noun
tinkle	noun
eww	intj
horseman	noun
invader	noun
megatron	noun
enjoyable	adj
eradicate	verb
hologram	noun
scavenger	noun
Afrikaans	adj
kana	noun
rile	verb
illuminate	verb
handicap	noun
mara	noun
troupe	noun
cranking	noun
commute	verb
regulate	verb
teaming	noun
sweeper	noun
disclosure	noun
daydream	noun
unsolved	adj
participation	noun
destroyer	noun
stepmother	noun
catastrophic	adj
lag	verb
grilling	noun
delicacy	noun
gunpowder	noun
jacuzzi	noun
DIY	adj
viable	adj
reversal	noun
jodi	noun
bankruptcy	noun
flaming	noun
chandelier	noun
hovering	noun
prune	noun
rift	noun
garland	verb
favour	verb
upbringing	noun
brightly	adv
sloshing	noun
comprehend	verb
historically	adv
chimp	noun
blabbering	noun
unjust	adj
diligently	adv
downfall	noun
taj	noun
snuggle	verb
splinter	verb
gull	noun
dozer	noun
witty	adj
lego	noun
downside	noun
ancestral	adj
reincarnate	verb
restoration	noun
accessible	adj
wench	noun
blurry	adj
armory	noun
compost	noun
undead	noun
endlessly	adv
fore	noun
exhaustion	noun
hamburg	noun
cramped	adj
cathedral	noun
nuevo	adj
indigo	noun
marital	adj
napoleon	noun
hornet	noun
revolt	verb
loophole	noun
pentagon	noun
utensil	noun
fearful	adj
autism	noun
marcel	noun
kimura	noun
administrative	adj
patriotic	adj
vacate	verb
clipper	noun
knitting	noun
fro	noun
bray	noun
viola	noun
shaker	noun
compassionate	adj
Turk	adj
justified	adj
coastal	adj
soothe	verb
mural	noun
salina	noun
onward	adv
addictive	adj
brazen	adj
wiring	noun
pouch	noun
floral	adj
pecan	noun
pedophile	noun
frick	verb
rosy	adj
acquainted	adj
taboo	noun
confinement	noun
wag	verb
consistently	adv
churro	noun
graceful	adj
unwanted	adj
residential	adj
ignition	noun
boulevard	noun
stale	adj
outline	verb
rodent	noun
weld	verb
saturn	noun
sketchy	adj
embody	verb
floss	verb
ideally	adv
stratus	noun
yak	noun
homeroom	noun
manufacturing	noun
adviser	noun
slum	noun
handbag	noun
dribbling	noun
ecosystem	noun
fascist	noun
paranormal	adj
automobile	noun
shaka	noun
poetic	adj
circulation	noun
der	noun
stinger	noun
aide	noun
regal	noun
ledge	noun
loopy	adj
caretaker	noun
confetti	noun
tabloid	noun
saliva	noun
covert	adj
ahoy	noun
subscribe	verb
overpower	verb
dandy	noun
prolong	verb
mirage	noun
thong	noun
acquisition	noun
blazer	noun
freshen	verb
discriminate	verb
resilient	adj
denim	noun
installation	noun
axis	noun
slicing	noun
biased	adj
acute	adj
madonna	noun
wrapper	noun
popsicle	noun
peng	noun
elemental	noun
kady	noun
daze	noun
bathhouse	noun
socialize	verb
blitz	verb
ponder	noun
wham	noun
emphasis	noun
machete	noun
droning	noun
contemplative	noun
jerky	noun
predicament	noun
odor	noun
opium	noun
throttle	verb
screwdriver	noun
monologue	noun
cater	verb
exterminate	verb
fiercely	adv
inconvenient	adj
tyrone	noun
corinne	noun
flirty	adj
revisit	verb
sardine	noun
unnatural	adj
crude	adj
samba	noun
paranoia	noun
clubhouse	noun
ave	noun
juggling	noun
kaiju	noun
bittersweet	noun
organizer	noun
consumption	noun
attentive	adj
fellowship	noun
crater	verb
floorboard	noun
cynical	adj
reg	noun
qualifier	noun
pol	noun
kola	noun
substitution	noun
spacious	adj
sham	noun
hyp	noun
overload	noun
kisser	noun
intensely	adv
snipe	verb
scapegoat	noun
devise	noun
encrypt	verb
unprofessional	adj
bev	noun
banter	noun
sedate	verb
drought	noun
wager	verb
unfaithful	adj
fluff	verb
thinker	noun
vibrator	noun
visually	adv
statute	noun
electrify	verb
desmond	noun
maternal	adj
truthful	adj
brighten	verb
precedent	noun
roe	noun
sundown	noun
cremate	verb
deactivate	verb
kylie	noun
visitation	noun
stallion	noun
mandate	verb
biopsy	verb
chum	noun
alga	noun
semen	noun
Moroccan	adj
detach	verb
missus	noun
ulterior	adj
unheard	adj
isha	noun
elegance	noun
efficiency	noun
tortoise	noun
plantation	noun
rustic	noun
glam	noun
Vatican	adj
trapping	noun
breathtaking	adj
clingy	adj
quid	noun
constellation	noun
chairwoman	noun
ginge	noun
goa	noun
airway	noun
edgy	adj
pepperoni	noun
alphabet	noun
auspicious	adj
output	noun
oblivion	noun
gooey	adj
aneurysm	noun
mesh	verb
lei	noun
bhaiya	noun
cooperative	noun
hurrah	noun
unplug	verb
agility	noun
radiant	noun
contempt	noun
tiara	noun
parental	adj
angelic	adj
afro	noun
livelihood	noun
rowing	noun
unanimous	adj
ceremonial	noun
override	verb
chunky	adj
warsaw	noun
checkmate	verb
extort	verb
java	noun
mantra	noun
hone	verb
stein	noun
gloss	verb
abalone	noun
masha	noun
oppress	verb
reptile	noun
jumbo	noun
amplify	verb
garnish	verb
colossal	adj
default	verb
paddy	noun
imprisonment	noun
supervision	noun
registry	noun
piling	noun
Hindu	adj
incarcerate	verb
maximize	verb
probie	noun
riches	noun
appall	verb
Pauline	adj
alchemy	noun
ostrich	noun
posse	noun
adjourn	verb
bloodshed	noun
platoon	noun
organism	noun
aspirin	noun
sloth	noun
interrogating	noun
horseback	noun
telegram	noun
atrocity	noun
bipolar	noun
chameleon	noun
stuffy	noun
vortex	noun
gonzo	noun
amaro	noun
mischief	noun
sulking	noun
tangerine	noun
premature	adj
rake	verb
omega	noun
originate	verb
tusk	noun
trademark	verb
magnitude	noun
blackberry	noun
hurl	verb
birdsong	noun
oatmeal	noun
tote	verb
Rican	adj
bronco	noun
koi	noun
plummet	noun
sarcasm	noun
fertilizer	noun
boutique	noun
obligate	verb
hacienda	noun
childbirth	noun
prompt	noun
reconstruction	noun
cockpit	noun
rye	noun
taunting	noun
indifferent	adj
revere	noun
insulin	noun
paternity	noun
foggy	adj
hap	verb
uppercut	noun
rook	noun
Jamaican	adj
reservoir	noun
fey	noun
udon	noun
cuddly	adj
canteen	noun
befriend	verb
livestock	noun
commando	noun
finding	noun
propeller	noun
thunderbolt	noun
cilantro	noun
enchanting	adj
evidently	adv
dulce	noun
Aztec	adj
frat	noun
craze	noun
washer	noun
dominance	noun
pc	noun
judas	noun
glamour	noun
garret	noun
inexperienced	adj
honorary	adj
secretive	adj
smite	noun
transfusion	noun
fetus	noun
compression	noun
foresee	verb
pluto	verb
headbutt	noun
launcher	noun
whizzing	noun
ey	noun
tarnish	noun
fairness	noun
bygone	noun
sensitivity	noun
setting	noun
mammal	noun
molest	verb
squelch	noun
flamenco	noun
brah	noun
uMMA	noun
idiotic	adj
scuba	noun
cerebral	adj
handmade	noun
cappuccino	noun
violently	adv
occasional	adj
brit	noun
toothless	adj
sequel	noun
polka	noun
spokesperson	noun
stepfather	noun
deteriorate	verb
primarily	adv
playlist	noun
scarlet	noun
liner	noun
mace	verb
gnarly	adj
conversion	noun
barrio	noun
counterfeit	verb
dignify	verb
immerse	verb
trifle	verb
misplace	verb
atone	verb
scorer	noun
florist	noun
monte	noun
rand	noun
syringe	noun
accommodation	noun
testosterone	noun
drumstick	noun
goliath	noun
extinction	noun
animation	noun
otter	noun
gymnast	noun
abbot	noun
zak	noun
chatty	noun
voodoo	noun
casserole	noun
adversity	noun
threshold	noun
starch	verb
parish	noun
caregiver	noun
ironically	adv
amidst	adp
dissect	verb
felon	noun
endanger	verb
fetish	noun
safari	noun
dehydrated	adj
accordion	noun
airborne	adj
extradite	verb
audacity	noun
saad	noun
index	verb
sashimi	noun
symbolic	adj
milky	adj
lovable	adj
roadblock	noun
hierarchy	noun
transcend	verb
empanada	noun
Berta	adj
plaid	noun
judgmental	adj
energize	verb
sammie	noun
hearty	adj
rickshaw	noun
demolition	noun
composition	noun
welsh	verb
gauche	adj
moderate	verb
bouncer	noun
foal	noun
cocoon	verb
accelerator	noun
catapult	verb
frankenstein	noun
defenseless	adj
kart	noun
sympathetic	adj
parsley	noun
soundtrack	noun
temporal	adj
ruffle	verb
awakening	noun
filmmaker	noun
honky	noun
stag	noun
momentarily	adv
conglomerate	noun
achoo	noun
ul	noun
lea	noun
considerable	adj
affiliate	noun
vial	noun
advertisement	noun
bale	noun
banger	noun
sweatshirt	noun
blister	verb
ovation	noun
glide	verb
foxy	noun
perv	verb
gloat	verb
boredom	noun
tiptoe	verb
pianist	noun
witchcraft	noun
stepdad	noun
scouting	noun
parkour	noun
standpoint	noun
indebt	verb
fantasize	verb
overrate	noun
gruesome	adj
hydrogen	noun
infidelity	noun
resent	verb
yarn	noun
winky	noun
zing	verb
geography	noun
hypothetical	noun
masculinity	noun
evident	adj
suffice	verb
dodo	noun
meatloaf	noun
executioner	noun
coping	noun
mussel	noun
peeking	noun
recruitment	noun
finesse	verb
footwork	noun
fowler	noun
chino	noun
adversary	noun
bora	noun
disbelief	noun
incantation	noun
mojo	noun
slang	verb
halftime	noun
fizz	noun
dol	noun
conventional	adj
impostor	noun
swab	verb
grapple	verb
mamma	noun
sandstorm	noun
wobbly	noun
jerking	noun
skank	noun
relapse	verb
unemployment	noun
chemist	noun
triad	noun
psychedelic	noun
tooting	noun
guerrilla	noun
puffin	noun
ruff	noun
disastrous	adj
legislation	noun
unsafe	verb
OA	adj
eject	verb
dual	adj
prone	verb
mako	noun
flunk	verb
booker	noun
gaga	noun
peril	noun
convertible	noun
marla	noun
dealership	noun
unhealthy	adj
drinker	noun
vicinity	noun
conspire	verb
assurance	noun
archery	noun
widely	adv
oracle	noun
homo	noun
OOP	adj
dally	verb
fasting	noun
coca	noun
hairpin	noun
abstract	verb
dildo	noun
tipsy	adj
inclined	adj
ar	noun
gm	noun
celery	noun
pounce	verb
tux	noun
crotch	noun
learner	noun
citrus	adj
carnage	noun
fender	noun
merrily	adv
starling	noun
brim	verb
outsmart	verb
enslave	verb
vita	noun
prudence	noun
undoubtedly	adv
tate	noun
putter	noun
meemaw	noun
stomachache	noun
reinvent	verb
mould	verb
hella	adv
pedigree	verb
hemorrhage	verb
tailing	noun
librarian	noun
lineage	noun
yearbook	noun
inevitably	adv
murderous	adj
jag	verb
forcefully	adv
willpower	noun
doggone	verb
heirloom	noun
za	noun
fathom	noun
hogan	noun
weakling	noun
nook	noun
smother	verb
woe	noun
headband	noun
barrack	noun
shimmering	noun
radioactive	noun
deli	noun
poppa	noun
navigation	noun
mao	noun
lumber	verb
julienne	noun
butthole	noun
barker	noun
contraband	noun
commend	verb
distributor	noun
brochure	noun
arouse	verb
nausea	noun
syndicate	verb
resistant	noun
array	verb
elusive	adj
earnest	noun
rightfully	adv
pushover	noun
mp	noun
bickering	noun
scripture	noun
superstition	noun
administrator	noun
endorsement	noun
fruity	adj
funnel	verb
blocker	noun
ranking	noun
poe	noun
celebratory	adj
containment	noun
backseat	noun
snooze	verb
primal	noun
pagan	noun
spawn	noun
tenacious	adj
takeover	noun
erratically	adv
kelvin	noun
vivid	adj
insolent	noun
messaging	noun
kiwi	noun
oxford	noun
macaroni	noun
triplet	noun
ripple	verb
yuzu	noun
shaggy	adj
cyclone	noun
slade	noun
mutton	noun
sleepless	adj
misjudge	verb
agriculture	noun
remarried	noun
spree	noun
synthetic	noun
summary	noun
reprimand	verb
toenail	noun
martian	noun
ripper	noun
takedown	noun
unnotice	verb
linen	noun
positivity	noun
mindful	adj
prestige	noun
embark	verb
slutty	adj
friction	noun
ballerina	noun
ghostly	adj
bollock	noun
maul	noun
hammock	noun
compress	noun
midge	noun
doze	noun
prosper	verb
fearsome	adj
orderly	noun
housemate	noun
nominee	noun
rouge	noun
narco	noun
breather	noun
sentencing	noun
mover	noun
rebirth	noun
specify	verb
nostalgia	noun
manpower	noun
midway	adv
scaredy	noun
vocalist	noun
sympathize	verb
craziness	noun
publication	noun
beige	adj
roasting	noun
succumb	verb
ridicule	verb
residue	noun
fragrant	adj
flipper	noun
accountability	noun
bombshell	noun
intrude	verb
ottoman	noun
eternally	adv
shootout	noun
compote	noun
grate	verb
distantly	adv
collude	verb
showpiece	noun
copycat	noun
rigid	adj
coding	noun
jumpsuit	noun
variation	noun
Malay	adj
ridiculously	adv
wretch	noun
understatement	noun
mantle	noun
glaring	adj
skyrocket	verb
volt	noun
binge	noun
shhh	intj
bonker	noun
fashionable	noun
reincarnation	noun
bowie	noun
sociopath	noun
tra	noun
destruct	verb
provider	noun
tipping	noun
packaging	noun
milligram	noun
basin	noun
hinder	verb
barack	noun
wonderfully	adv
scrappy	adj
alchemist	noun
baffle	noun
rendering	noun
botch	noun
hypothetically	adv
wistful	adj
nikko	noun
obsessive	adj
plausible	adj
confidentiality	noun
excite	verb
petrol	noun
ruse	noun
retract	verb
optic	noun
neuro	noun
jangling	noun
maverick	noun
agile	noun
boomer	noun
ratchet	noun
Argentinian	adj
hobo	noun
xian	noun
offspring	noun
best	noun
militia	noun
editorial	noun
darcy	noun
boiler	noun
sp	noun
cowl	noun
wormhole	noun
upfront	noun
huffing	noun
pamphlet	noun
zest	noun
hull	noun
pollen	noun
gruel	noun
prairie	noun
beanie	noun
nene	noun
hmmm	intj
kanna	noun
lifeline	noun
treadmill	noun
unimaginable	adj
ideology	noun
styling	noun
wellness	noun
psyche	noun
promo	noun
hyperventilate	verb
catnip	noun
intercourse	noun
carcass	noun
pathway	noun
uprising	noun
softball	noun
okey	noun
hem	verb
stakeout	noun
confide	verb
senseless	adj
manicure	verb
maturity	noun
burglary	noun
gale	verb
cutlet	noun
vex	verb
praising	noun
theoretically	adv
botox	noun
haste	noun
electrocute	verb
monopoly	noun
fleeting	adj
dive	verb
humidity	noun
limbo	noun
dyed	adj
cutlery	noun
kink	noun
wakey	noun
gargoyle	noun
upwards	adv
concession	noun
circumstantial	noun
nutrition	noun
irrational	adj
astray	adv
terminator	noun
electro	noun
glancing	noun
cougar	noun
cauldron	noun
perm	verb
conner	noun
xun	noun
dupe	noun
facade	noun
humility	noun
undeniable	adj
oni	noun
bog	verb
reproduce	verb
offering	noun
medically	adv
ore	noun
microscope	noun
infantry	noun
proximity	noun
whoopsie	noun
exceptionally	adv
tearfully	adv
crypto	noun
scrum	noun
ara	noun
Iranian	adj
lam	noun
renaissance	noun
neighbour	verb
colon	noun
optimism	noun
Mediterranean	adj
imitation	noun
perch	verb
outfielder	noun
marga	noun
savvy	noun
scribble	verb
decipher	verb
submerge	verb
skid	verb
badmouth	verb
medalist	noun
golly	noun
camelot	noun
forsake	verb
vigilant	adj
uno	intj
empowered	noun
pneumonia	noun
feminism	noun
negativity	noun
tights	noun
dismissal	noun
largely	adv
anus	noun
credential	verb
negligence	noun
fixate	verb
mathematics	noun
Pakistani	adj
sponsorship	noun
trashy	adj
hanger	noun
horrendous	adj
definitive	adj
playfully	adv
cheerleading	noun
cp	noun
axle	noun
persevere	verb
runny	adj
dependable	adj
pornography	noun
bleak	adj
deodorant	noun
cas	adj
magma	noun
heartache	noun
observer	noun
unreliable	adj
calamity	noun
affordable	adj
sanity	noun
notary	noun
foodie	noun
raptor	noun
sci	noun
laborer	noun
fryer	noun
Dominican	adj
tenacity	noun
potent	adj
hurley	noun
solon	noun
humankind	noun
sharif	noun
pacing	noun
frail	noun
fuzz	noun
surrogate	noun
succession	noun
insomnia	noun
git	verb
vinyl	noun
num	noun
wasp	noun
vocabulary	noun
loner	noun
admin	noun
fatso	noun
communion	noun
hover	verb
distrust	verb
disable	verb
juggle	verb
galileo	noun
rosé	noun
arsehole	noun
salami	noun
soba	noun
clancy	noun
grasshopper	noun
pushy	adj
hatchet	noun
aching	noun
preschool	noun
uphill	adv
shanti	noun
unbeatable	adj
spleen	noun
vogue	noun
lambert	noun
enrol	verb
preoccupy	verb
undie	verb
wingman	noun
thriller	noun
dishonest	adj
spam	noun
daybreak	noun
binary	noun
preferably	adv
widen	verb
dragonfly	noun
loin	noun
slump	verb
speedster	noun
horrify	verb
lightweight	noun
afloat	adj
falsely	adv
transit	noun
maggot	noun
municipal	adj
trespass	verb
goldie	noun
jig	noun
yumi	noun
squadron	noun
tubby	noun
stroller	noun
backflip	noun
topple	noun
composure	noun
dab	noun
asparagus	noun
gan	verb
paralysis	noun
cellmate	noun
storyteller	noun
puma	noun
recon	noun
guacamole	noun
treasury	noun
summons	noun
disorient	verb
kan	noun
churn	verb
tatum	noun
abundance	noun
stunner	noun
piston	noun
forte	noun
unmarried	adj
commerce	noun
matchmaking	noun
dorian	noun
hangar	noun
endorse	noun
demote	verb
gab	verb
magnolia	noun
monarchy	noun
bru	noun
shroud	verb
steaming	noun
Belgian	adj
pimple	noun
traction	noun
hoax	noun
clench	noun
winger	noun
bel	noun
trombone	noun
diplomat	noun
Czech	adj
pedestrian	noun
internally	adv
biryani	noun
finder	noun
nox	noun
wuss	noun
balancing	noun
bailing	noun
wacky	adj
transcript	noun
brunette	noun
unharmed	adj
vermin	noun
cello	noun
degenerate	verb
barrage	noun
hipster	noun
grapefruit	noun
fizzle	noun
cyborg	noun
applejack	noun
manslaughter	noun
Parisian	adj
mortar	noun
unthinkable	adj
tarot	noun
chihuahua	noun
outfield	noun
exert	verb
salaam	noun
quad	noun
recklessly	adv
manila	noun
poise	noun
fireball	noun
whirlwind	noun
cinder	noun
illegitimate	noun
practise	verb
def	adv
authenticity	noun
paragraph	noun
unconditional	noun
petra	noun
unzip	verb
parmesan	noun
bolo	noun
kb	noun
oar	noun
overcooked	adj
sig	noun
juniper	noun
shoji	noun
calculator	noun
hustler	noun
conquest	noun
guideline	noun
housework	noun
silicon	noun
chaperone	noun
midsection	noun
valiant	adj
bungalow	noun
fated	adj
cuss	verb
irregular	noun
takeoff	noun
marketplace	noun
erection	noun
compatibility	noun
gorge	verb
gopher	noun
sprinkler	noun
socket	noun
quint	noun
passionately	adv
medicinal	noun
cami	noun
customize	verb
migraine	noun
swiftly	adv
bracket	noun
fixer	noun
composer	noun
hypnosis	noun
formerly	adv
paella	noun
siri	noun
coating	noun
palette	noun
vaccinate	verb
archaeologist	noun
youthful	adj
exploration	noun
distinction	noun
ginseng	noun
campsite	noun
gallows	noun
poodle	noun
lai	noun
dangerously	adv
quarry	verb
comp	verb
blower	noun
antler	noun
monsoon	noun
carmine	noun
wrongdoing	noun
uninvited	noun
correctional	adj
bungee	noun
bloat	noun
oppression	noun
patiently	adv
blockbuster	noun
magenta	noun
compact	noun
councilman	noun
thwack	noun
hubble	noun
leigh	noun
vendetta	noun
shite	noun
apricot	noun
fret	verb
mossy	noun
astounding	adj
chugging	noun
crouch	verb
enforcer	noun
unconventional	noun
pepsi	noun
lifesaver	noun
embezzlement	noun
anew	adv
Jurassic	adj
unnecessarily	adv
devastation	noun
coalition	noun
seasonal	adj
choreographer	noun
deni	noun
devious	adj
appease	verb
unveil	verb
equity	noun
lira	noun
retribution	noun
bonnet	noun
lube	verb
tarp	noun
singular	noun
dorado	noun
intricate	verb
zucchini	noun
diligence	noun
lobe	noun
promoter	noun
detonator	noun
mahi	noun
mailman	noun
clubbing	noun
tombstone	noun
oversleep	verb
mow	verb
talkative	adj
fluent	adj
incite	verb
prickly	adj
rearrange	verb
fanatic	noun
doable	noun
voluntary	adj
trolley	noun
skyscraper	noun
orca	noun
greenie	noun
Islamic	adj
goof	verb
sabo	noun
eggshell	noun
carnivore	noun
nitrogen	noun
blowjob	noun
blindside	noun
bumblebee	noun
Olympian	adj
kaya	noun
doping	noun
wilt	verb
straightaway	noun
obstruct	verb
speck	noun
obscure	verb
indestructible	adj
assert	noun
cryptic	noun
itty	adj
redirect	verb
inclusive	adj
simulate	verb
ashore	adv
tremor	noun
mushy	adj
solidify	verb
yuko	noun
humbly	adv
longevity	noun
twister	noun
milestone	noun
trojan	noun
feral	noun
pulsating	noun
juvie	noun
cohen	noun
walrus	noun
stormy	adj
farmhouse	noun
quo	noun
fallout	noun
painfully	adv
bisexual	noun
vo	noun
cade	noun
nerdy	adj
vanquish	verb
homey	adj
bodily	adj
implication	noun
espionage	noun
wondrous	adj
critique	verb
wreath	noun
rec	noun
fiend	noun
insinuate	verb
commoner	noun
ethnic	adj
avert	verb
articulate	verb
blanc	noun
lawson	noun
lodging	noun
juju	noun
indefinitely	adv
headset	noun
virtuous	adj
barren	noun
washroom	noun
reconstruct	verb
enigma	noun
shopkeeper	noun
dodger	noun
starry	adj
beatboxing	noun
elixir	noun
bento	noun
lucrative	adj
illustrate	verb
mythology	noun
gazelle	noun
birch	noun
serenade	verb
aqua	noun
herbert	noun
senna	noun
drac	noun
takeaway	noun
speculate	verb
freeing	noun
handicapped	adj
harshly	adv
wireless	adj
capitalism	noun
famine	noun
playtime	noun
marrow	noun
liege	noun
pilates	noun
saffron	noun
inhabit	verb
sorcery	noun
denounce	verb
bystander	noun
deuce	noun
mya	noun
pleasing	adj
inseparable	adj
unauthorize	verb
conjure	verb
intellect	noun
gullible	adj
slab	noun
lackey	noun
copyright	verb
coexist	verb
structural	adj
highland	noun
viva	noun
infectious	adj
clamor	noun
cartilage	noun
shortbread	noun
garrison	verb
bitsy	adj
trucker	noun
ramus	noun
honda	noun
quarterfinal	noun
witted	adj
yea	noun
proactive	adj
crepe	noun
trickster	noun
carton	noun
gemstone	noun
binocular	noun
limping	noun
empathize	verb
sash	noun
zion	noun
reggaeton	noun
alimony	noun
jalapeño	noun
hookup	noun
genetics	noun
tingling	noun
inland	adv
sparring	noun
ravioli	noun
serrano	noun
pulmonary	adj
kinky	adj
tikki	noun
liana	noun
psychologically	adv
wrack	noun
bidder	noun
resourceful	adj
documentation	noun
infest	verb
magnify	verb
exorcise	verb
ditto	noun
crusher	noun
watcher	noun
locket	noun
miho	noun
facilitate	verb
derange	verb
cruising	noun
roulette	noun
probable	adj
prostate	noun
modification	noun
censor	noun
thwart	verb
fillet	verb
dusk	noun
acolyte	noun
pandora	noun
missionary	noun
moran	noun
titi	noun
lifeguard	noun
pollute	verb
spoonful	noun
voucher	verb
animated	adj
battleship	noun
para	noun
croquette	noun
medusa	noun
zander	noun
frantically	adv
pesky	adj
virgil	noun
goalpost	noun
faulty	adj
din	noun
volatile	noun
hoover	verb
intrusion	noun
katana	noun
burton	noun
strum	verb
blinky	noun
crescent	noun
tarek	noun
hostility	noun
bogus	adj
retarded	adj
turnip	noun
percussion	noun
grinning	noun
jiao	noun
chibi	noun
chig	noun
handedly	adv
inc	noun
visibility	noun
orchard	noun
err	verb
dislocate	verb
condescending	adj
civic	adj
composite	noun
rectangle	noun
gelatin	noun
treehouse	noun
etch	verb
vie	verb
hateful	adj
doomsday	noun
foolishness	noun
validation	noun
uncommon	adj
landslide	noun
petting	noun
tum	noun
outlook	noun
falter	verb
luger	noun
napping	noun
downward	adv
landline	noun
breezy	adj
therapeutic	noun
hotshot	noun
nighter	noun
mahal	noun
mormon	noun
spatula	noun
wasabi	noun
whitey	noun
isabelle	noun
extravagant	adj
jell	noun
sovereign	noun
revision	noun
fateful	adj
transformer	noun
whirl	verb
rikishi	noun
eruption	noun
relish	verb
newt	noun
silvana	noun
stepmom	noun
chemotherapy	noun
coerce	verb
genetically	adv
backside	noun
groundbreaking	noun
spotter	noun
pedestal	noun
fume	verb
lalo	noun
menopause	noun
urn	noun
firewall	noun
socialist	noun
fumble	verb
hangout	noun
fletcher	noun
outburst	noun
candidacy	noun
narcissist	noun
extinguish	verb
itinerary	noun
diabetic	noun
financing	noun
gauze	noun
ps	noun
fickle	verb
procure	verb
narrating	noun
nosebleed	noun
transmitter	noun
Hungarian	adj
comma	noun
invoke	verb
tonk	noun
labyrinth	noun
viv	noun
swagger	noun
wick	noun
ventilator	noun
pinnacle	noun
rishi	noun
barista	noun
runt	noun
preside	verb
kali	noun
mons	noun
seaside	noun
repel	verb
persist	verb
caterer	noun
iguana	noun
corroborate	verb
checklist	noun
perfectionist	noun
packer	noun
aloha	noun
outright	adv
snappy	adj
dipsy	noun
shoelace	noun
housekeeping	noun
fray	verb
nutritious	adj
decay	verb
more	noun
supermodel	noun
obliterate	verb
Lebanese	adj
ending	noun
dune	noun
rambo	noun
patronize	verb
hustling	noun
nectar	noun
retake	noun
blimp	noun
emptiness	noun
cardamom	noun
defamation	noun
silicone	noun
disgraceful	adj
tutorial	noun
freelance	noun
neatly	adv
ovary	noun
suburban	adj
smokey	noun
slingshot	noun
slurring	noun
retaliation	noun
loudspeaker	noun
predecessor	noun
chit	noun
hummus	noun
peninsula	noun
migration	noun
dishonor	verb
welding	noun
piglet	noun
frosty	adj
genocide	noun
derail	noun
davy	noun
bison	noun
plantain	noun
rancher	noun
wellington	noun
businesswoman	noun
merciless	adj
auditorium	noun
blacksmith	noun
pinging	noun
ambiguous	adj
kamala	noun
twerk	noun
stiletto	noun
uptown	noun
countess	noun
shortcake	noun
tench	noun
petite	noun
gland	noun
anklet	noun
synchronize	verb
jiggle	verb
coordination	noun
bayan	noun
corvette	noun
drastically	adv
soulful	noun
starboard	noun
coven	noun
fertile	adj
citizenship	noun
negotiable	noun
futuristic	adj
emission	noun
distraught	adj
hoist	verb
craftsman	noun
regiment	verb
dilate	verb
strategist	noun
moa	noun
wart	noun
jb	noun
negotiator	noun
overlord	noun
spanking	noun
knowledgeable	adj
persuasive	adj
remnant	noun
imperative	noun
postman	noun
canister	noun
commonly	adv
chamberlain	noun
module	noun
trance	noun
tickling	noun
demeanor	noun
burbling	noun
redevelopment	noun
salvo	noun
tiramisu	noun
wiz	noun
crick	noun
mobster	noun
immoral	adj
pharmacist	noun
unwind	verb
baller	noun
brood	verb
rind	noun
nudge	verb
analogy	noun
porto	noun
amparo	noun
disposable	noun
bustle	verb
thyme	noun
bloodbath	noun
buttock	noun
relaxation	noun
enrich	verb
commemorate	verb
reckoning	noun
ingest	noun
bravely	adv
liaison	noun
housewarming	noun
outpost	noun
reload	verb
lecturing	noun
oblivious	adj
respective	adj
crusade	verb
mucus	noun
drumbeat	noun
selfishness	noun
respiratory	adj
gecko	noun
ghoul	noun
shenanigan	noun
malaria	noun
fluke	noun
slush	noun
drunkard	noun
shogun	noun
introvert	noun
elon	noun
stellar	adj
compile	noun
renounce	verb
acidity	noun
mortality	noun
brewery	noun
plankton	noun
roma	noun
dis	noun
billing	noun
bulletin	noun
opioid	noun
couture	noun
bazooka	noun
puri	noun
severance	noun
lentil	noun
tendon	noun
electromagnetic	adj
complexion	verb
hymn	noun
turnout	noun
heighten	verb
transgender	noun
aspen	noun
pascal	noun
uta	noun
slater	noun
paladin	noun
anxiously	adv
exonerate	verb
condone	verb
backstory	noun
sodium	noun
tranquilizer	noun
quail	noun
throbbing	noun
genesis	noun
nellie	noun
reggae	noun
margo	noun
Croatian	adj
stairwell	noun
cholesterol	noun
lama	noun
plunder	verb
blip	verb
naught	noun
scorch	noun
borg	noun
poacher	noun
farce	noun
antic	noun
forgery	noun
distinguish	verb
disown	verb
dopamine	noun
accustom	verb
modus	noun
imprint	verb
Taiwanese	adj
unmark	verb
interim	adj
lumberjack	noun
arguably	adv
garth	noun
yola	noun
ras	noun
migrate	verb
nimble	verb
charitable	adj
lib	noun
tuba	noun
justification	noun
conspiring	noun
adequate	adj
uneven	adj
afghan	noun
kiddie	noun
carousel	noun
superhuman	noun
buffer	noun
cymbal	noun
pogo	noun
carver	noun
harmonize	verb
belittle	verb
protégé	noun
manure	noun
preservation	noun
intoxicate	verb
sisterhood	noun
crucify	verb
bearded	adj
dialysis	noun
twat	verb
urchin	noun
shitload	noun
molecular	noun
grimoire	noun
reeling	noun
blanco	verb
transparency	noun
amin	noun
jann	noun
photoshop	verb
needless	adj
paradox	noun
ebony	noun
evaporate	verb
shimmy	noun
moly	noun
cognitive	adj
shrill	adj
upward	adj
lb	noun
cecil	noun
heath	noun
CV	adj
sunburn	verb
safeguard	verb
resilience	noun
repress	noun
distinctive	noun
memoir	noun
darwin	noun
discredit	verb
rolex	noun
collaborator	noun
misbehave	verb
remake	noun
penicillin	noun
os	noun
puny	noun
fetal	adj
hickory	noun
obi	noun
tidying	noun
kama	noun
oily	adj
baldy	noun
brooch	noun
mythical	adj
wearily	adv
waller	noun
beaming	noun
guruji	noun
unusually	adv
correspondent	noun
filler	noun
curved	adj
skype	verb
leisure	noun
porno	noun
generic	adj
vandal	noun
incompetence	noun
thermometer	noun
faux	adj
enlightened	noun
deplete	verb
wiper	noun
vaguely	adv
silverware	noun
racetrack	noun
trident	noun
mora	noun
recap	noun
eagerly	adv
punctual	adj
glorify	verb
android	noun
duration	noun
inauguration	noun
entail	verb
onwards	adv
mocha	noun
leek	noun
thunderous	adj
stampede	verb
remodel	verb
infield	noun
lifeless	adj
mannered	adj
godspeed	noun
nobleman	noun
moustache	noun
shocker	noun
repercussion	noun
contingency	noun
wreak	verb
playroom	noun
feint	noun
preposterous	adj
seriousness	noun
roomie	noun
discordant	adj
hale	verb
emcee	noun
piranha	noun
pelican	noun
intimidation	noun
clutter	verb
drugstore	noun
delegation	noun
sonar	noun
musk	noun
sorority	noun
pristine	adj
reciprocate	verb
hindsight	noun
circular	noun
dictatorship	noun
regenerate	noun
deduction	noun
thrumming	noun
remix	verb
har	noun
mulligan	noun
adios	noun
maca	noun
diabolical	adj
waive	verb
tic	noun
homeboy	noun
cyanide	noun
bedside	noun
prehistoric	adj
revival	noun
provincial	noun
impenetrable	adj
lactose	noun
rollercoaster	noun
expo	noun
shredder	noun
elk	noun
flamethrower	noun
officiant	noun
blinding	noun
crowing	noun
bc	noun
ceramic	noun
graph	noun
cannibal	noun
appendix	noun
erect	verb
gunning	noun
scoreboard	noun
unlocking	noun
logically	adv
kamal	noun
enroll	verb
jumpy	adj
nightfall	noun
canine	noun
abolish	verb
Peruvian	adj
bugle	noun
toffee	noun
rabies	noun
narcissistic	noun
flattery	noun
internationally	adv
pronto	adv
furnish	noun
locally	adv
renewal	noun
persimmon	noun
stairway	noun
oreo	noun
snare	verb
catwalk	noun
teaspoon	noun
pasture	noun
NBC	adj
kryptonite	noun
kappa	noun
startup	noun
bagpipe	noun
decorative	noun
resolute	noun
disapprove	verb
bailiff	noun
mishap	noun
tremendously	adv
romantically	adv
mascara	noun
antibody	noun
fringe	verb
binder	noun
certification	noun
ukulele	noun
chica	noun
kimono	noun
varsity	noun
countertop	noun
peppy	noun
instigate	verb
spacecraft	noun
cobbler	noun
shiv	verb
discreetly	adv
samosa	noun
radiator	noun
abracadabra	noun
orc	noun
inquisitive	adj
starvation	noun
ley	noun
mont	noun
pronunciation	noun
flexibility	noun
fabrication	noun
tyre	noun
deadbeat	noun
prenup	noun
isle	noun
pounder	noun
sat	noun
sedan	noun
biz	noun
chortle	noun
barnacle	noun
froggy	noun
sirene	noun
quench	verb
mockery	noun
aloud	adj
engulf	verb
kneeling	noun
wholeheartedly	adv
amused	adj
vengeful	adj
gloom	noun
density	noun
reappear	verb
firepower	noun
python	noun
quitter	noun
flaky	adj
scrooge	noun
apache	noun
creole	noun
derrick	noun
listing	noun
beastman	noun
ingenious	adj
unscathed	adj
untouched	adj
proxy	noun
hooligan	noun
transpire	verb
alt	noun
daemon	noun
pooja	noun
tenderness	noun
defective	noun
dangling	noun
railing	noun
origami	noun
avi	noun
valkyrie	noun
gr	noun
adhere	verb
sewage	noun
unanswered	adj
gimmick	noun
braying	noun
slacker	noun
completion	noun
marzipan	noun
mournful	adj
aftermath	noun
bate	verb
regent	noun
itsy	adj
ritsu	noun
golem	noun
junction	noun
malice	noun
trotter	noun
cower	verb
bozo	noun
haystack	noun
nasal	noun
spinner	noun
rearview	noun
cong	noun
chorizo	noun
storeroom	noun
grammar	noun
concierge	noun
pelvis	noun
acupuncture	noun
naw	intj
od	noun
tac	noun
raffle	noun
trusty	adj
ceviche	noun
apparition	noun
buckwheat	noun
tanker	noun
unfit	verb
damsel	noun
enlightenment	noun
calcium	noun
forceps	noun
cache	verb
colonial	noun
herring	noun
fundamentally	adv
loathe	verb
haze	verb
centerpiece	noun
neural	adj
fiasco	noun
rump	noun
festivity	noun
hernia	noun
scarce	adj
gargle	verb
awol	adj
insure	verb
piggyback	verb
cocksucker	noun
balm	noun
zed	noun
pricey	adj
stitching	noun
illicit	noun
cyclist	noun
vista	noun
promotional	adj
conqueror	noun
blunder	verb
shag	verb
genitals	noun
commissary	noun
coy	noun
marge	noun
hamon	noun
Palestinian	adj
tether	verb
toothpick	noun
detox	noun
turnover	noun
ethic	noun
spotless	adj
stigma	noun
peeping	noun
ludicrous	adj
kosher	adj
complexity	noun
shellfish	noun
rejoin	verb
uncanny	noun
mozzarella	noun
polygraph	noun
unwilling	adj
birthmark	noun
font	noun
unfairly	adv
pavement	noun
tampering	noun
turbine	noun
blacklist	noun
robotics	noun
handball	noun
saga	noun
alrighty	intj
invasive	adj
huzzah	noun
diss	verb
peekaboo	noun
waldo	noun
easygoing	adj
termination	noun
rabid	adj
exorcist	noun
dwelling	noun
elate	verb
brainer	noun
shooting	noun
monumental	adj
excruciate	verb
redneck	noun
homophobic	noun
angu	noun
narc	noun
sucre	noun
vika	noun
morally	adv
pesticide	noun
swindle	verb
clipping	noun
corral	verb
blurt	verb
bran	noun
fleur	noun
dink	noun
sharpshooter	noun
eviction	noun
blackwood	noun
gnocchi	noun
popper	noun
sai	noun
depose	verb
merman	noun
cringe	noun
propel	verb
grievance	noun
pretense	noun
noose	noun
laundromat	noun
incarnate	verb
quilt	verb
toughness	noun
exemption	noun
interval	noun
wincing	noun
mano	noun
deepen	verb
melty	adj
bodhi	noun
judiciary	noun
mouthful	noun
dimwit	noun
mojito	noun
clockwork	noun
vixen	noun
skillful	adj
christie	noun
stalked	adj
flask	noun
snuff	verb
capitalist	noun
getter	noun
slosh	noun
upstate	noun
puck	noun
gore	verb
dormitory	noun
procession	noun
erratic	adj
photoshoot	noun
weekday	noun
unresolved	adj
tenure	verb
underlie	verb
indicator	noun
barley	noun
unethical	adj
lagoon	noun
imperfect	noun
sitcom	noun
gunner	noun
vested	adj
operatic	adj
molding	noun
canopy	noun
morel	noun
tragically	adv
foreplay	noun
watery	adj
turbulence	noun
hakim	noun
solemnly	adv
defibrillator	noun
expiration	noun
hellfire	noun
contend	verb
bile	noun
initiation	noun
daft	adj
underling	noun
medallion	noun
tempura	noun
latex	noun
bertha	noun
spurt	verb
venomous	adj
reconciliation	noun
riddance	noun
wifey	noun
proverb	noun
dropout	noun
adjacent	adj
hourglass	noun
decompose	verb
secluded	adj
brilliance	noun
elevation	noun
deployment	noun
oversize	noun
downright	adv
Sicilian	adj
kaboom	noun
telepathy	noun
bewitch	verb
alignment	noun
overrule	verb
branding	noun
showroom	noun
indecent	adj
enthusiast	noun
faraway	noun
zigzag	noun
blackjack	noun
fraternity	noun
consensual	adj
unofficial	adj
radiate	noun
brewer	noun
hula	noun
gynecologist	noun
ged	noun
jiffy	noun
fib	verb
processor	noun
unchange	verb
retainer	noun
delirious	adj
bougie	noun
epi	noun
flier	noun
leviathan	noun
hillman	noun
chacha	noun
hubby	noun
conclusive	adj
unpaid	adj
midget	noun
porcelain	noun
discord	noun
scrawny	adj
amid	adp
barbaric	adj
frontal	noun
turmeric	noun
herald	verb
tod	noun
kori	noun
electrician	noun
atheist	noun
hotline	noun
weaving	noun
derive	verb
pore	verb
integration	noun
popeye	noun
mutation	noun
aorta	noun
gremlin	noun
headmistress	noun
manhunt	noun
tippy	adj
brittle	verb
humph	verb
seep	verb
figurine	noun
scully	noun
gritty	adj
bego	noun
ventilation	noun
costly	adj
morse	noun
bologna	noun
shutout	noun
hardman	noun
crowder	noun
summarize	verb
motherhood	noun
mutually	adv
manhood	noun
obscene	verb
anesthetic	noun
scientifically	adv
pomegranate	noun
horizontal	adj
blatant	adj
paintball	verb
subdue	verb
thickness	noun
tambourine	noun
taunt	verb
cuddling	noun
affirm	verb
spar	verb
soto	noun
dethrone	verb
eBay	verb
apiece	adv
intubate	verb
hillside	noun
Amish	adj
warlock	noun
armadillo	noun
seashell	noun
scandalous	adj
subsidiary	noun
manifestation	noun
stature	noun
worldly	adj
scrutiny	noun
vlog	noun
lapse	noun
rhubarb	noun
hiatus	noun
groupie	noun
winery	noun
doink	noun
tush	noun
jukebox	noun
kavya	noun
snapchat	verb
sphinx	noun
superstitious	adj
niche	noun
prosperous	adj
sinkhole	noun
berserk	noun
informer	noun
kingpin	noun
rem	noun
symmetry	noun
righteousness	noun
pessimistic	adj
handyman	noun
ditching	noun
mademoiselle	noun
Indonesian	adj
distortion	noun
Serbian	adj
oversight	noun
taxpayer	noun
progression	noun
apex	noun
madcap	noun
unborn	noun
wrongly	adv
deficit	noun
penniless	adj
motherland	noun
indigestion	noun
encyclopedia	noun
sobriety	noun
nailing	noun
hillbilly	noun
willingness	noun
deet	noun
rosary	noun
dixie	noun
gugu	noun
prevention	noun
relinquish	verb
cookbook	noun
smudge	noun
volley	noun
moldy	adj
pesto	noun
hospice	noun
mobility	noun
baguette	noun
jaden	adj
conch	noun
basque	noun
manju	noun
courtesan	noun
falafel	noun
gleam	noun
countryman	noun
deceit	noun
fixture	noun
smirk	noun
soufflé	noun
offence	noun
filly	noun
feeble	adj
immensely	adv
berk	noun
steward	noun
lacrosse	noun
skateboarding	noun
eraser	noun
patel	noun
shedding	noun
contradiction	noun
sightseeing	noun
replenish	verb
voltage	noun
sublime	adj
simplicity	noun
temperament	noun
abuser	noun
homesick	adj
constructive	adj
cob	noun
warship	noun
sanctum	noun
commonwealth	noun
wafer	noun
Punjabi	adj
Malaysian	adj
exemplary	adj
uproar	noun
inability	noun
perseverance	noun
secretariat	noun
theorist	noun
uncool	adj
overrun	noun
vertigo	noun
ferret	noun
teacup	noun
feudal	adj
expedite	verb
objectively	adv
clientele	noun
mysteriously	adv
ashtray	noun
limousine	noun
recuperate	verb
satin	noun
rampant	adj
placenta	noun
consolidate	verb
koa	noun
opal	noun
migrant	noun
comprehensive	adj
lux	noun
elastic	noun
corona	noun
detection	noun
invalid	verb
cuteness	noun
koko	noun
catheter	noun
dismount	verb
gripping	noun
ped	noun
hex	verb
tracing	noun
fir	noun
tumi	noun
ganga	noun
hamstring	verb
idolize	verb
textile	noun
memento	noun
scab	noun
striving	noun
persecute	verb
dumbfound	verb
tata	noun
megaphone	noun
pharma	noun
moped	noun
garble	verb
jester	noun
doubtful	noun
pediatric	adj
gurney	noun
recruiter	noun
sorceress	noun
viagra	noun
pooper	noun
remarkably	adv
hamlet	noun
agonizing	adj
oppa	noun
technological	adj
algebra	noun
presumably	adv
waterproof	adj
saucer	noun
groin	noun
tres	noun
ballpark	noun
myriad	adj
warhol	noun
chalice	noun
mercer	noun
hade	noun
senile	noun
irreplaceable	adj
revolting	noun
sinful	adj
deluxe	noun
cog	noun
praline	noun
cosplay	noun
shipwreck	verb
fertilize	verb
wholesome	adj
raspy	adj
charleston	verb
assertive	adj
herbivore	noun
foo	noun
loader	noun
doppelganger	noun
sequin	verb
bribing	noun
stewardess	noun
intensifying	noun
insistent	adj
subscription	noun
efficiently	adv
revert	verb
Kardashian	adj
yowling	noun
likelihood	noun
howler	noun
dugout	noun
taki	noun
glider	noun
coto	noun
flog	noun
jeweler	noun
sadistic	adj
lecturer	noun
firstborn	noun
differentiate	noun
lister	noun
manipulator	noun
backdrop	noun
occurrence	noun
consulate	noun
wasteland	noun
gnaw	noun
tedious	adj
woodchuck	noun
peeper	noun
holding	noun
appropriately	adv
befall	verb
workload	noun
biceps	noun
tyranny	noun
veal	noun
altercation	noun
swapping	noun
eff	verb
invaluable	adj
wad	verb
hickey	noun
excavator	noun
vector	verb
womanizer	noun
desirable	adj
hypocrisy	noun
evasion	noun
cabaret	noun
veterinarian	noun
ludo	noun
carp	noun
mania	noun
umami	noun
mascarpone	noun
empowering	adj
Verde	adj
pooping	noun
ballistics	noun
nara	noun
imam	noun
boldly	adv
malt	noun
architectural	adj
alpine	noun
conversing	noun
baboon	noun
wanker	noun
lefty	noun
precarious	adj
chive	noun
becker	noun
complimentary	adj
spew	verb
quell	verb
squirm	verb
recur	verb
displace	verb
tutu	noun
whisperer	noun
rune	noun
tribunal	noun
tarantula	noun
coax	verb
stapler	noun
crossword	noun
watchman	noun
eugenia	noun
kirkman	noun
provocative	adj
spruce	verb
overpowering	noun
guava	noun
decapitate	verb
usage	noun
miraculously	adv
sterile	adj
ritz	noun
stonewall	verb
staggering	adj
toasty	noun
oftentimes	adv
legalize	verb
nutcracker	noun
width	noun
overjoy	verb
compliance	noun
lioness	noun
breastfeeding	noun
ballistic	adj
inhaler	noun
sickle	noun
intolerant	adj
freebie	noun
cahoot	noun
shrapnel	noun
strategically	adv
starfish	noun
nameless	adj
contamination	noun
bose	verb
aight	adj
tablespoon	noun
adoptive	adj
wheelie	noun
undercook	verb
sailboat	noun
middleman	noun
penance	noun
insufficient	adj
inconsiderate	adj
dosage	noun
vaccination	noun
daunting	adj
exaggeration	noun
cultivation	noun
bangle	noun
lard	noun
dinnertime	noun
mucho	adj
calypso	noun
interface	verb
topless	adj
disinfect	verb
opening	noun
feces	noun
corset	noun
gunpoint	noun
sender	noun
ulcer	noun
gist	noun
brine	verb
impeachment	noun
liven	verb
royale	noun
chronicle	verb
screenshot	noun
homeowner	noun
outage	noun
cashew	noun
midday	noun
browse	verb
pallet	noun
humanitarian	noun
cleavage	noun
detergent	noun
chucky	noun
wavelength	noun
celeb	noun
gouge	verb
painless	adj
std	noun
telly	noun
sicko	noun
Fabian	adj
wack	noun
idling	noun
dey	noun
airbrush	verb
bawling	noun
condense	verb
sleazy	adj
forgetful	adj
astronomy	noun
coincidentally	adv
anonymously	adv
globally	adv
perjury	noun
refreshment	noun
ph	noun
practitioner	noun
roadside	noun
liberating	noun
rasp	noun
boycott	verb
flurry	noun
rue	verb
sledgehammer	noun
leone	noun
dill	verb
townsperson	noun
hilltop	noun
spiky	adj
av	noun
plural	adj
amuse	verb
atop	adp
granting	noun
similarly	adv
unconditionally	adv
postal	adj
foolproof	verb
unorthodox	adj
affirmation	noun
bookie	noun
overdrive	noun
deserter	noun
ft	noun
frostbite	verb
apostle	noun
buttery	adj
vila	noun
limitless	adj
shortcoming	noun
raping	noun
rom	adj
sleepwalking	noun
thaw	verb
tinker	verb
rukh	noun
misconduct	noun
lurk	noun
apprehensive	adj
tout	verb
nappy	noun
moping	noun
holocaust	noun
manifesto	noun
fainting	noun
candid	noun
northwestern	noun
coochie	noun
stingray	noun
lumpy	adj
luce	noun
diagram	noun
ayahuasca	noun
narwhal	noun
stubbornness	noun
nationality	noun
girlie	noun
misdemeanor	noun
misguide	verb
floppy	noun
precede	verb
simplify	verb
shirtless	adj
deject	verb
mutate	verb
lunge	verb
aggro	noun
decimate	verb
bowler	noun
cadaver	noun
mantis	noun
hoagie	noun
jitter	noun
navigator	noun
waverider	noun
unrealistic	adj
misinterpret	verb
anise	noun
cancellation	noun
dioxide	noun
conveniently	adv
rundown	noun
advancement	noun
incur	verb
membrane	noun
chassis	noun
disintegrate	verb
dandelion	noun
unprepared	noun
metric	noun
midair	noun
mutiny	verb
sadden	verb
mullet	noun
pooch	noun
unhinge	verb
inflammation	noun
premeditate	verb
persistence	noun
brokerage	noun
kayak	noun
bookshelf	noun
statistically	adv
apologise	verb
interactive	adj
prankster	noun
knicks	noun
extraordinarily	adv
summertime	noun
streamer	noun
mallard	noun
sludge	noun
gruff	verb
patter	noun
hoe	noun
whatsit	noun
handbook	noun
hellhole	noun
misfit	noun
nutmeg	noun
inhabitant	noun
slaughterhouse	noun
theatrical	noun
massively	adv
leche	noun
abomination	noun
fennel	noun
tint	noun
mammoth	noun
pulley	noun
Hispanic	adj
weenie	noun
oda	noun
phobia	noun
sulk	verb
lawfully	adv
downer	noun
allocate	verb
dyke	noun
empower	verb
freeman	noun
nemo	adj
unworthy	adj
airy	adj
mutilate	verb
flavorful	adj
clove	noun
noticeable	adj
cot	noun
breeder	noun
abandonment	noun
cellular	adj
heathen	noun
liqueur	noun
thoughtless	adj
jap	verb
albedo	noun
accordance	noun
curriculum	noun
liable	adj
narrate	verb
explicit	adj
saline	noun
versatile	adj
caramelize	verb
impromptu	noun
baseline	noun
jackman	noun
stupendous	adj
wiretap	verb
titter	noun
conserve	verb
napa	noun
petunia	noun
soybean	noun
coleslaw	noun
swami	noun
teary	adj
Arabian	adj
lavish	verb
bulldozer	noun
existential	noun
scribbling	noun
commodity	noun
volcanic	adj
potassium	noun
dreamland	noun
nato	noun
consul	noun
durant	noun
revolver	noun
arr	noun
broderick	noun
sentinel	noun
woodie	noun
mamo	noun
neet	noun
educator	noun
impaired	noun
instinctively	adv
aviation	noun
emblem	noun
bimbo	noun
parameter	noun
unspeakable	noun
earphone	noun
frigging	noun
overweight	noun
cite	verb
displease	verb
autistic	noun
fledge	verb
monogamy	noun
prudent	adj
titanium	noun
reassign	verb
expectant	noun
bod	noun
simulator	noun
holiness	noun
batmobile	verb
tangible	adj
motivational	adj
dirtbag	noun
harem	noun
entirety	noun
agricultural	adj
tablecloth	noun
geo	noun
arthritis	noun
brilliantly	adv
maniacal	adj
spatter	verb
diagnostic	noun
bello	noun
geometry	noun
grime	noun
marquise	noun
Syrian	adj
epitome	noun
longtime	adj
mohawk	noun
verbally	adv
argentine	noun
chickpea	noun
immaculate	adj
selective	adj
mildly	adv
feeder	noun
livid	adj
defiance	noun
dalton	noun
capo	noun
ravine	noun
supervillain	noun
pube	noun
slop	noun
scorn	verb
retrial	noun
chummy	noun
kyoung	noun
overestimate	verb
lateral	noun
butting	noun
bergen	noun
jizz	verb
positioning	noun
perpetual	adj
amenity	noun
calculus	noun
starlight	noun
scorching	noun
paramount	adj
reopening	noun
directive	noun
slur	noun
astronomical	adj
unholy	adj
bottomless	adj
considerably	adv
quake	noun
logging	noun
riverside	noun
aortic	adj
tater	noun
publicist	noun
intuitive	adj
bombard	noun
jackhammer	verb
gourd	noun
showbiz	noun
rainforest	noun
kabuki	noun
commandant	noun
turquoise	noun
shiro	noun
dak	noun
morita	noun
puffing	noun
blindness	noun
skim	verb
improper	adj
independently	adv
landlady	noun
reflective	adj
exasperate	verb
mistletoe	noun
quesadilla	noun
quartz	noun
affidavit	noun
artichoke	noun
medicate	verb
thicken	verb
unsettle	verb
hypocritical	adj
mainframe	noun
pheromone	noun
adulthood	noun
famously	adv
Yiddish	adj
kc	noun
umbilical	adj
forklift	noun
leary	adj
whirlpool	noun
doenjang	noun
plump	verb
tripe	noun
maxi	noun
exempt	verb
stimulation	noun
hemorrhoid	noun
aesthetics	noun
disruption	noun
carelessly	adv
wristband	noun
cavern	noun
avian	adj
serving	noun
humongous	adj
bloodstain	noun
leprechaun	noun
twittering	noun
horseshoe	noun
asha	noun
glade	noun
breastfeed	verb
unpunished	adj
humane	adj
pelt	verb
decode	verb
deathbed	noun
lush	adj
nuance	noun
syphilis	noun
giver	noun
ensue	verb
raucous	adj
ensemble	noun
lax	adj
reno	noun
symmetrical	adj
sweeten	verb
bibimbap	noun
namely	adv
equalizer	noun
entourage	noun
widespread	adj
congo	noun
burr	noun
meek	verb
seduction	noun
nightingale	noun
SB	adj
bruising	noun
wynn	noun
wolverine	noun
promptly	adv
cohesive	adj
mower	noun
tidbit	noun
tidal	adj
turret	noun
lau	verb
dissipate	verb
humid	adj
giveaway	noun
misuse	verb
enjoyment	noun
smallpox	noun
Catalan	adj
biologist	noun
snout	noun
perky	noun
Samoan	adj
conduit	noun
holloway	noun
roque	noun
lenient	noun
claustrophobic	noun
reminisce	noun
photocopy	verb
buoy	verb
residual	noun
neurosurgeon	noun
tram	noun
flan	noun
uncontrollable	adj
steamy	adj
crusty	adj
cortex	noun
choreograph	verb
jubilee	noun
starr	noun
airfield	noun
snart	noun
amira	noun
pilgrimage	noun
eid	noun
frivolous	adj
samaritan	noun
unmatch	verb
programmer	noun
outweigh	verb
constitute	verb
recollection	noun
subtract	verb
OCD	adj
oldie	noun
colada	noun
tomo	noun
cerise	noun
yano	noun
pout	noun
opportunist	noun
pasha	noun
pivotal	adj
nomad	noun
workaholic	noun
beehive	noun
biography	noun
dishearten	verb
turtleneck	noun
correspondence	noun
enclose	verb
johnnie	noun
responder	noun
guitarist	noun
heifer	noun
slob	noun
bach	noun
fable	verb
musty	adj
cleat	noun
scat	noun
farcical	adj
chichi	noun
blabbing	noun
soulless	adj
patriarchy	noun
garner	verb
beating	noun
novelty	noun
verb	noun
rehabilitate	verb
licorice	noun
deconstruct	verb
Finnish	adj
screenplay	noun
thunderstorm	noun
earpiece	noun
invert	noun
sugarcoat	verb
punt	verb
webster	noun
applesauce	noun
astrology	noun
goodman	noun
shalom	noun
endo	noun
mercilessly	adv
yon	adv
hain	verb
embezzle	verb
occult	noun
venison	noun
pico	noun
dere	noun
amputate	verb
smarty	noun
spewing	noun
shaming	noun
eulogy	noun
handwritten	adj
overheat	noun
crease	verb
cruiser	noun
pacifier	noun
behavioral	adj
annex	verb
mast	noun
gad	noun
flaunt	verb
consensus	noun
wavering	noun
campaigning	noun
duckling	noun
captivated	adj
rasping	noun
Albanian	adj
obsolete	verb
ladyship	noun
archipelago	noun
tangy	adj
cray	noun
dodgy	adj
forging	noun
absolve	verb
superiority	noun
wreckage	noun
eyeliner	noun
glee	noun
hairdo	noun
creditor	noun
qu	noun
measly	adj
stronghold	noun
crabby	adj
sparking	noun
hastings	noun
nix	verb
toma	noun
henna	noun
mathematician	noun
rectify	verb
timeless	noun
vacancy	noun
defence	noun
elude	verb
gino	noun
communal	adj
sensory	adj
newfound	adj
lunchbox	noun
sultry	adj
Victorian	adj
leaderboard	noun
orangutan	noun
petit	noun
cipher	noun
dd	noun
prowess	noun
empowerment	noun
bazaar	noun
roundabout	noun
nano	noun
neuron	noun
succulent	noun
vasectomy	noun
foie	noun
renegade	noun
quadrant	noun
quartet	noun
sprinting	noun
cor	noun
impartial	adj
generously	adv
redecorate	verb
cowardice	noun
minivan	noun
sebum	noun
ligament	noun
microchip	noun
tanning	noun
holla	verb
dweller	noun
professionalism	noun
abb	noun
rant	verb
ritter	noun
manic	noun
tester	noun
wrongful	adj
exterminator	noun
salamander	noun
ging	noun
pacemaker	noun
detainee	noun
nutcase	noun
rephrase	verb
heartily	adv
communism	noun
grownup	noun
observant	adj
benevolent	adj
manually	adv
hugely	adv
headliner	noun
infrared	noun
ricotta	noun
quiche	noun
bronc	noun
hydraulic	verb
auctioneer	noun
wolfie	noun
xoxo	noun
nervousness	noun
doormat	noun
handgun	noun
handout	noun
adolescent	noun
unavoidable	adj
adultery	noun
eloquent	adj
unparalleled	adj
robust	adj
impending	adj
whiny	adj
birthplace	noun
childcare	noun
veg	noun
rotor	noun
rodman	noun
hydrant	noun
expressive	adj
vandalism	noun
infiltration	noun
unwavering	adj
detest	verb
forefront	noun
patriotism	noun
hearse	noun
twerking	noun
cartridge	noun
tenderloin	noun
seawater	noun
earthly	adj
defuse	verb
crock	verb
conception	noun
jackal	noun
masseuse	noun
icky	adj
goop	noun
premonition	noun
adorn	verb
treachery	noun
observatory	noun
shrew	noun
vac	noun
escorting	noun
okra	noun
teapot	noun
deviate	verb
conveyor	noun
unpopular	adj
uranium	noun
vat	noun
magpie	noun
jiu	noun
seductive	adj
cloning	noun
incapacitate	verb
bullpen	noun
honeycomb	verb
chandler	noun
bulgogi	noun
serdar	noun
relatable	adj
diplomacy	noun
gracefully	adv
coriander	noun
deliberation	noun
ailment	noun
endgame	noun
turnaround	noun
territorial	adj
charmer	noun
jolt	verb
bosom	noun
pheasant	noun
rach	noun
solicitor	noun
bitchy	adj
scrapbook	noun
curling	noun
chardonnay	noun
bleh	adj
talon	noun
slowpoke	noun
legitimately	adv
bj	noun
Caspian	adj
pili	noun
thakur	noun
carat	noun
earful	noun
empathetic	adj
pronoun	noun
pooh	noun
inkling	noun
taffy	noun
grovel	verb
dieter	noun
sauté	noun
recreation	noun
puss	noun
lasso	verb
onlooker	noun
excelsior	noun
hutch	verb
fletch	noun
yate	noun
reassurance	noun
outgrow	verb
fuming	noun
pedicure	noun
widower	noun
rsvp	verb
expulsion	noun
matrimony	noun
vertebra	noun
projectile	noun
conservation	noun
nicotine	noun
floaty	noun
vaginal	adj
muppet	noun
pt	noun
ether	noun
curator	noun
yeehaw	verb
captivity	noun
fascination	noun
wanderer	noun
oxycontin	noun
raindrop	noun
negatively	adv
bona	adj
heretic	noun
vapor	noun
rhetorical	adj
tweezer	noun
overprotective	adj
lotte	noun
enact	verb
IC	adj
sass	verb
seldom	adv
gully	noun
sil	noun
snowboarding	noun
turntable	noun
yokai	noun
insufferable	adj
schizophrenia	noun
improvising	noun
illiterate	noun
berg	noun
sweatpant	noun
urinal	noun
layup	noun
triceratops	noun
addy	noun
blockhead	noun
arrowhead	noun
chompy	adj
homunculus	noun
possessive	noun
obituary	noun
unrequited	adj
dodgeball	noun
delude	verb
baloney	noun
breathless	adj
dormant	noun
tel	noun
trinket	noun
annihilation	noun
anarchy	noun
camaraderie	noun
yuk	noun
plateau	verb
rigorous	adj
sickening	noun
lonesome	noun
catalyst	noun
clique	noun
arsonist	noun
lifeboat	noun
dissection	noun
thrice	adv
avail	verb
hellish	adj
cig	noun
mortuary	noun
alienate	verb
rightly	adv
sinus	noun
tandem	noun
dismember	verb
dispel	verb
caster	noun
disgruntled	adj
guillotine	verb
channeling	noun
suki	noun
mongrel	noun
freeloader	noun
eek	noun
quill	noun
krypton	noun
bloodthirsty	adj
naga	noun
quaint	adj
dossier	noun
excursion	noun
acknowledgment	noun
cordon	verb
microbe	noun
Bengali	adj
recede	verb
pundit	noun
carpool	verb
hematoma	noun
herpes	noun
papaya	noun
baptist	noun
cacao	noun
necromancer	noun
faceplant	noun
kagura	noun
mouthed	adj
defile	noun
twitching	noun
epiphany	noun
mandi	noun
referral	noun
obedience	noun
pent	noun
collectible	noun
Catholic	adj
misconception	noun
purée	noun
gravitational	adj
chowder	noun
node	noun
retrace	verb
neanderthal	noun
providence	noun
scour	verb
chippy	noun
revenant	noun
snuggly	adj
marinade	noun
storytelling	noun
provocation	noun
unwrap	verb
tycoon	noun
prohibition	noun
philosophical	adj
blogger	noun
shrewd	adj
pediatrician	noun
bari	noun
harpoon	verb
meticulously	adv
unrivaled	adj
crossfit	verb
are	noun
condiment	noun
raincoat	noun
boon	noun
caper	noun
menacingly	adv
sleek	adj
ziggy	adj
deduce	verb
teleportation	noun
likable	adj
tranquility	noun
beneficiary	noun
suppressing	noun
heron	noun
informal	adj
supernova	noun
airtight	adj
realistically	adv
turbulent	adj
snug	adj
cheekbone	noun
rounding	noun
feign	verb
subdued	adj
wop	noun
remand	verb
swishing	noun
plagiarize	verb
OJ	adj
cataclysm	noun
bolivia	noun
aboriginal	noun
autopilot	noun
sulfur	noun
toughen	verb
eeny	adj
ladle	noun
chipper	noun
broaden	verb
disloyal	adj
swerve	verb
sellout	noun
malta	noun
buttermilk	noun
ample	adj
septic	noun
payout	noun
cobalt	noun
salutation	noun
bedrock	noun
moat	noun
egghead	noun
condor	noun
gathering	noun
kiosk	noun
jihad	noun
daredevil	noun
untrue	adj
excavation	noun
lucid	noun
moonshine	noun
marking	noun
corpus	noun
boa	noun
caucasian	noun
cath	noun
gobbling	noun
physicist	noun
mattie	noun
ingenuity	noun
alto	noun
gundam	noun
grandmaster	noun
vamp	noun
starfleet	noun
deform	verb
estrange	verb
tomboy	noun
plight	noun
revolutionize	verb
vape	noun
famish	verb
glucose	noun
abundant	adj
ig	verb
beetroot	noun
jigsaw	noun
indispensable	adj
tingle	verb
wheelhouse	noun
snigger	noun
infusion	noun
chimera	noun
scheduling	noun
boi	noun
forcibly	adv
buffoon	noun
ascent	noun
imaging	noun
solace	noun
khat	noun
gravitate	verb
rapport	noun
clitoris	noun
understandably	adv
prob	noun
tylenol	noun
communicator	noun
newsman	noun
dell	noun
keel	verb
blackbird	noun
gizmo	noun
hummingbird	noun
ack	noun
sportscaster	noun
goya	noun
shetty	noun
spunk	noun
clothe	verb
burnout	noun
masala	noun
lob	verb
cramping	noun
conceited	adj
ravage	noun
cognac	noun
unprotect	verb
alleviate	verb
heiress	noun
gastric	adj
lev	noun
victimize	verb
slashing	noun
poly	noun
mixtape	noun
adaptation	noun
gall	noun
indy	noun
mater	noun
quebec	noun
exec	noun
tartare	noun
piña	noun
reconnaissance	noun
plagiarism	noun
wai	noun
consummate	verb
toil	verb
benefactor	noun
stooge	noun
imagery	noun
cervical	noun
perilous	adj
riviera	noun
oxy	noun
conga	noun
sinker	noun
clunking	noun
preppy	noun
airship	noun
joshi	noun
saif	noun
laceration	noun
exploitation	noun
companionship	noun
sawing	noun
quicksand	noun
vividly	adv
onesie	noun
username	noun
correspond	verb
hijacking	noun
gutsy	adj
hanky	noun
reportedly	adv
paisley	noun
pap	noun
carotid	noun
wane	noun
extremist	noun
sculptor	noun
torque	noun
effortless	adj
broomstick	noun
appreciative	adj
inflatable	noun
penetration	noun
finely	adv
alp	noun
pusher	noun
moor	verb
latina	noun
koji	noun
knockdown	noun
secondhand	noun
flannel	noun
pellet	noun
obsidian	noun
goto	noun
modesty	noun
embroider	verb
burgundy	noun
blech	noun
strife	noun
nourish	verb
shrug	verb
twain	noun
collectively	adv
mortify	verb
knowingly	adv
hysteria	noun
mosh	noun
clementine	noun
prenatal	noun
tabby	noun
bbq	noun
bap	noun
blockade	verb
shakti	noun
unforgive	verb
oriental	noun
bedding	noun
harmonious	adj
goofing	noun
baseless	adj
hugger	noun
spiritually	adv
indecisive	adj
zit	noun
anecdote	noun
oeuvre	noun
slender	adj
dubious	adj
heterosexual	noun
fortitude	noun
cheerio	noun
abrupt	noun
weaponize	verb
congresswoman	noun
feline	noun
crowning	noun
kissy	noun
skydiving	noun
cheerfully	adv
fester	verb
dampen	verb
standstill	noun
impound	verb
partake	verb
zag	verb
bossing	noun
implore	verb
naïve	adj
nobility	noun
cautiously	adv
thatcher	noun
mundane	noun
constituent	noun
stagger	noun
implode	verb
reverberate	verb
interstate	noun
impactful	adj
igloo	noun
regulator	noun
samara	noun
limelight	noun
lashing	noun
bashing	noun
coronary	noun
presumptuous	adj
unattended	adj
heil	noun
broadcaster	noun
counterpart	noun
peachy	adj
chipotle	noun
disengage	verb
chipping	noun
knead	verb
cyclops	noun
outward	adj
gar	noun
anyhoo	adv
rona	noun
anastomosis	noun
cang	noun
stub	verb
bodybuilder	noun
impolite	adj
mopping	noun
lest	sconj
decaf	noun
molass	noun
dysfunction	noun
inconsistent	adj
embodiment	noun
woodpecker	noun
flounder	noun
upstand	verb
cordial	noun
stoner	noun
boardroom	noun
armageddon	noun
cox	noun
doghouse	noun
Chilean	adj
lp	noun
wiggly	adj
pleasantly	adv
lark	noun
signify	verb
trapeze	noun
speedway	noun
centaur	noun
hotdog	verb
hahaha	intj
instil	verb
thrashing	noun
drifter	noun
hashish	noun
nutshell	noun
montage	noun
lolo	noun
retard	noun
drainage	noun
baddie	noun
warhead	noun
ticklish	adj
fung	noun
unrest	noun
intergalactic	adj
playdate	noun
Austrian	adj
complacent	adj
headlock	noun
roddy	adj
mallet	noun
beret	noun
unspoken	adj
southside	noun
surfboard	noun
insightful	adj
amass	verb
extracurricular	noun
woven	noun
bowman	noun
curt	adj
omni	noun
ester	noun
ghana	noun
degrade	verb
penal	adj
enlarge	verb
fondue	noun
deceitful	adj
locust	noun
humorous	adj
hairline	noun
critically	adv
overshadow	verb
dispenser	noun
slaying	noun
dougie	noun
borough	noun
breakout	noun
inadvertently	adv
manhandle	verb
enzyme	noun
suede	noun
hangman	noun
kora	noun
peacemaker	noun
uncalled	adj
yearly	adj
incubator	noun
misle	verb
flooring	noun
bogey	noun
masturbation	noun
subjective	adj
folklore	noun
acrobat	noun
escalator	noun
conspirator	noun
gumbo	noun
discrepancy	noun
ballsy	adj
pendulum	noun
sledge	noun
sala	noun
artiste	noun
eyesore	noun
gayle	noun
jarl	noun
dabble	verb
misstep	noun
refute	verb
thieving	noun
refusal	noun
fo	noun
leukemia	noun
castor	noun
nightstand	noun
tracksuit	noun
autonomous	adj
reasonably	adv
disposition	noun
brunt	noun
neurological	adj
spacing	noun
spatial	adj
chutney	noun
tor	noun
melba	noun
splurge	verb
curate	verb
miscommunication	noun
idiom	noun
tormenting	noun
kohl	noun
éclair	noun
imperfection	noun
astonished	adj
buildup	noun
christening	noun
prognosis	noun
saw	noun
granola	noun
unattractive	noun
levitate	verb
nefarious	adj
escrow	noun
parched	adj
situ	noun
vegetation	noun
envelop	verb
scallion	noun
blobby	adj
calliope	noun
eggnog	noun
bedridden	adj
deva	noun
combing	noun
uneducated	adj
Urdu	adj
siphon	verb
clump	verb
occupational	adj
debrief	verb
illustration	noun
filial	adj
redesign	verb
lifespan	noun
seer	noun
soundly	adv
mull	verb
flimsy	noun
shockingly	adv
networking	noun
lac	noun
freshness	noun
kennel	noun
ghostbuster	noun
tapioca	noun
lyn	noun
vassal	noun
spirituality	noun
unturned	adj
maroon	verb
curvy	adj
eardrum	noun
intertwined	adj
rekindle	verb
bleacher	noun
evoke	verb
milkman	noun
populate	verb
fraudulent	adj
atrocious	adj
waiver	noun
fundraising	noun
involuntary	adj
inaudibly	adv
pecker	noun
cutthroat	noun
knucklehead	noun
faze	verb
sandbag	verb
stealer	noun
officiate	verb
pec	noun
hazy	adj
halibut	noun
pinball	noun
plier	noun
complicit	adj
hue	noun
wonky	noun
ponzu	noun
overconfident	adj
sudan	noun
loony	noun
confidant	noun
midlife	noun
assed	adj
aromatic	adj
matte	noun
dizziness	noun
desolate	verb
entangle	verb
supercar	noun
landfill	noun
stimulus	noun
hoarder	noun
animosity	noun
homosexuality	noun
shopper	noun
alpaca	noun
shallot	noun
encryption	noun
ringer	noun
thundering	noun
ortho	noun
wavy	adj
artisan	noun
garvey	noun
gamma	noun
saya	noun
gord	noun
elif	noun
chalet	noun
backstabbing	noun
frankfurt	noun
snapper	noun
acne	noun
reiterate	verb
unsuccessful	adj
husk	noun
untraceable	adj
questionnaire	noun
innate	adj
misread	noun
abnormality	noun
insatiable	adj
gelato	noun
memorabile	noun
duffel	noun
lessen	verb
resurface	verb
mam	noun
bongo	noun
muzzle	verb
bayou	noun
zephyr	noun
utopia	noun
tirelessly	adv
unnerve	verb
meaty	adj
mishear	verb
rainfall	noun
lotto	noun
astrologer	noun
shamble	noun
polio	noun
emp	noun
outhouse	noun
softie	noun
passageway	noun
craftsmanship	noun
mindless	adj
shoplifting	noun
optimal	adj
hawking	noun
patisserie	noun
madden	verb
township	noun
stainless	adj
shep	noun
pouting	noun
slain	noun
antidepressant	noun
cranny	noun
euphoria	noun
quiver	verb
salesperson	noun
militant	noun
persuasion	noun
hooky	noun
susceptible	noun
advisory	adj
recreational	adj
flammable	noun
camellia	noun
vigor	noun
downing	noun
mech	noun
scythe	noun
transponder	noun
pinto	noun
perceptive	adj
meanie	noun
pubic	adj
saba	noun
jarring	noun
optional	adj
lovingly	adv
concoct	noun
cheapskate	noun
recognise	verb
spreadsheet	noun
merle	noun
personalize	verb
chisel	verb
cervix	noun
mets	noun
chink	noun
mod	noun
skinner	noun
conjugal	adj
tobe	noun
cheep	noun
heng	noun
integral	adj
checkout	noun
remarry	verb
bumpkin	noun
policing	noun
covenant	noun
diameter	noun
comprise	verb
satisfactory	adj
optimist	noun
bodybuilding	noun
godson	noun
greenhorn	noun
cumin	noun
som	noun
parson	noun
sternum	noun
dumpty	adj
odyssey	noun
sybil	noun
knockoff	noun
bistro	noun
prospective	adj
jus	noun
thunderstrike	verb
sura	noun
zhe	noun
endearing	noun
repulsive	adj
tiresome	adj
rerun	noun
bidet	noun
demographic	noun
kazoo	noun
masquerade	noun
redefine	verb
disdain	verb
converse	verb
shipyard	noun
caddy	noun
cunningham	noun
cornbread	noun
edged	adj
apparatus	noun
davenport	noun
oba	noun
porta	noun
quivering	noun
chairperson	noun
cardigan	noun
Marian	adj
gatekeeper	noun
muller	noun
crypt	noun
pummel	verb
intruding	noun
sprite	noun
centipede	noun
anaconda	noun
granite	noun
valor	noun
ode	noun
relentlessly	adv
morbid	adj
recount	verb
knicker	noun
reimburse	verb
uniquely	adv
breadcrumb	noun
helluva	adj
ante	noun
compulsive	adj
cashmere	noun
toolbox	noun
frontline	adj
megabyte	noun
resembling	noun
porky	noun
congee	noun
shad	noun
bullseye	noun
scissor	noun
generational	adj
categorize	verb
dissatisfied	adj
crossbow	noun
template	noun
dater	noun
persecution	noun
workforce	noun
landowner	noun
bondage	noun
incinerate	verb
interception	noun
hera	noun
offset	noun
mathematical	adj
cinch	verb
councillor	noun
emissary	noun
vigil	noun
fullback	noun
vizier	noun
eureka	noun
galley	noun
diaphragm	noun
teenie	noun
deprivation	noun
dysfunctional	adj
tasteless	adj
prowl	verb
litigation	noun
trustee	noun
situate	verb
advantageous	adj
conservatory	noun
grinch	noun
contraption	noun
fiesta	noun
doofus	noun
curdle	verb
blowtorch	noun
continually	adv
billiard	noun
ag	noun
picket	noun
scourge	verb
embarking	noun
poplar	noun
frig	noun
Iraqi	adj
defiant	noun
hereafter	noun
municipality	noun
incarnation	noun
pretext	noun
philanthropist	noun
novelist	noun
excavate	noun
reproductive	adj
dapper	adj
unruly	adj
mediation	noun
profoundly	adv
stig	noun
whistler	noun
yipping	noun
rudder	noun
muddle	noun
springtime	noun
acceleration	noun
blowout	noun
compadre	noun
wickie	noun
relocation	noun
wagyu	noun
imp	noun
cubicle	noun
breadwinner	noun
termes	noun
inscription	noun
verification	noun
chlorine	noun
seducing	noun
perplex	verb
irritable	adj
culturally	adv
crony	noun
cremation	noun
cartwheel	noun
storybook	noun
Alaskan	adj
khaki	noun
fitch	noun
clandestine	adj
singsongy	adj
althea	noun
cultivator	noun
inconsistency	noun
suspiciously	adv
ordain	verb
forceful	adj
snowstorm	noun
hoarse	verb
simultaneous	adj
inbox	noun
tadpole	noun
hamper	noun
UV	adj
goddamned	adj
marguerite	noun
velcro	noun
spore	noun
seismic	adj
proctor	noun
delirium	noun
solum	noun
swordsmanship	noun
ohm	noun
ketamine	noun
ghosting	noun
paragon	noun
deficiency	noun
explicitly	adv
doctrine	noun
guise	noun
sterilize	verb
tasteful	adj
spender	noun
femur	noun
Argentinean	adj
glossy	noun
honorific	noun
commie	noun
blatantly	adv
timetable	noun
squatting	noun
hoarding	noun
sidearm	noun
otherworldly	adj
niner	noun
contour	noun
malpractice	noun
pique	noun
nocturnal	noun
flay	verb
dob	noun
activation	noun
spasm	noun
maru	noun
humanoid	noun
mapo	noun
favela	noun
sassenach	noun
mogul	noun
demean	noun
pranking	noun
seethe	noun
buzzkill	noun
pickpocket	verb
entice	verb
maritime	adj
storyline	noun
levy	verb
Lao	adj
reroute	verb
destabilize	verb
primo	noun
vale	noun
paddling	noun
klaxon	noun
lukewarm	adj
pedi	noun
shimmer	noun
angelique	noun
mapping	noun
hallmark	noun
fruitcake	noun
sade	verb
briar	noun
zloty	noun
luring	noun
overdoing	noun
playa	noun
constipate	verb
benign	adj
mino	noun
reuse	verb
motherboard	noun
pothole	noun
dashboard	noun
mountaintop	noun
frowning	noun
canon	noun
fruition	noun
pelvic	adj
sirloin	noun
bonk	verb
pansy	noun
cowgirl	noun
impala	noun
paprika	noun
strait	noun
wobbling	noun
ou	noun
vagrant	noun
caboose	noun
smasher	noun
pervy	adj
indifference	noun
emulate	verb
weaponry	noun
scenic	adj
sparing	noun
amnesty	noun
momentary	adj
mitigate	verb
router	noun
anarchist	noun
jammer	noun
welder	noun
liberator	noun
kidnapping	noun
infinitely	adv
loa	noun
séance	noun
wank	verb
bib	noun
mammy	noun
pastime	noun
ransack	noun
lug	verb
mangosteen	noun
nak	noun
berserker	noun
aliyah	noun
indirectly	adv
pompous	adj
tupperware	noun
cabana	noun
subconsciously	adv
customary	noun
untell	verb
psychiatry	noun
bureaucracy	noun
acclaim	noun
nitrous	noun
darken	verb
monstrosity	noun
affinity	noun
speculating	noun
speakerphone	noun
unlawful	adj
typo	noun
buttercup	noun
bloc	noun
technicality	noun
clout	noun
Somali	adj
glug	noun
heyday	noun
dangle	verb
bask	verb
MPD	adj
dueling	noun
doozy	noun
nirvana	noun
moisturizer	noun
hormonal	adj
spritz	noun
gyoza	noun
lemony	adj
goldin	noun
beastly	adj
leng	noun
allure	noun
squander	verb
lingo	noun
nonexistent	adj
snatching	noun
memorizing	noun
libre	noun
formulate	verb
antelope	noun
scruffy	noun
crossover	noun
crawfish	noun
shucks	intj
noo	adv
hyperdrive	noun
goodie	noun
synergy	noun
requiem	noun
zeta	noun
cheque	noun
woodhouse	noun
muy	adv
tootsie	noun
deliveryman	noun
slithering	noun
campground	noun
relevance	noun
admittedly	adv
akin	adj
duly	adv
fluorescent	adj
barter	verb
imaginable	adj
inequality	noun
vascular	adj
convene	verb
settler	noun
newsreader	noun
retrospect	noun
laminate	noun
macaroon	noun
birdy	adj
boba	noun
devotee	noun
serge	noun
stow	verb
bluesy	adj
imaginative	adj
poopy	noun
geyser	noun
anil	noun
stupidly	adv
mediator	noun
electoral	adj
sutra	noun
blackboard	noun
diablo	noun
auxiliary	noun
haywire	noun
sanitary	adj
craigslist	verb
backstabber	noun
hydra	noun
charley	noun
fortified	noun
shilling	noun
wedgie	noun
ablaze	adj
bionic	adj
moisturize	verb
marmalade	noun
edict	noun
sheik	noun
goth	noun
headless	adj
distancing	noun
readily	adv
lighthearted	adj
bushy	adj
grapevine	noun
overbearing	adj
bigwig	noun
perverse	noun
extravaganza	noun
bristol	noun
leed	noun
quadruple	verb
blockage	noun
untangle	verb
standoff	noun
mambo	noun
sheen	noun
patriarch	noun
uptempo	adj
jaffa	noun
minotaur	noun
puffer	noun
musketeer	noun
bidi	noun
embroidery	noun
hamza	noun
seasick	adj
wholesale	adj
lawful	noun
spinster	noun
faithfully	adv
footballer	noun
undocumented	noun
notable	noun
vaporize	verb
crowbar	noun
infatuate	verb
crossfire	noun
bathrobe	noun
unimportant	adj
bordeaux	noun
connive	verb
blackness	noun
Texan	adj
distinctly	adv
creeper	noun
klutz	noun
hemorrhaging	noun
swivel	noun
paralegal	noun
automotive	adj
commodore	noun
guan	noun
junta	noun
sifu	noun
nishi	noun
pulsar	noun
presentable	adj
hoodlum	noun
hamada	noun
glisten	noun
autobiography	noun
parenthood	noun
mileage	noun
irreversible	adj
miserably	adv
schoolwork	noun
glum	adj
ineffective	adj
photographic	adj
stricken	adj
framework	noun
heroism	noun
mastery	noun
sd	noun
cutback	noun
tung	noun
bulge	verb
irregularity	noun
invisibility	noun
Cajun	adj
riddled	adj
liftoff	noun
forecaster	noun
repetitive	adj
sei	noun
tyrannosaurus	noun
suppression	noun
rasa	noun
teensy	adj
empirical	adj
gam	noun
lockup	noun
spokesman	noun
wikipedia	noun
strategize	verb
impure	adj
legislative	adj
fatality	noun
reorganize	verb
emanate	verb
enrollment	noun
inherently	adv
mugging	noun
evasive	adj
debit	noun
behaviour	noun
impel	verb
femme	noun
crip	noun
toxicology	noun
sabbatical	noun
kendo	noun
shear	verb
roping	noun
godparent	noun
methamphetamine	noun
boggle	verb
padlock	verb
cavendish	noun
garry	noun
mikado	noun
decadent	noun
druid	noun
squire	noun
jackfruit	noun
unsuspecting	adj
tali	noun
skincare	noun
malignant	adj
treasurer	noun
coincide	verb
fad	noun
chimpanzee	noun
flagship	noun
bylaw	noun
mite	noun
shutdown	noun
sod	verb
slammer	noun
visor	noun
bodega	noun
tempest	noun
DOA	adj
hoarsely	adv
paddock	noun
imbue	verb
reminiscing	noun
genome	noun
ply	verb
lon	noun
tael	noun
dagmar	noun
kayo	noun
goomer	noun
mediate	verb
stealthy	adj
bonehead	noun
tolerant	adj
classification	noun
leaky	adj
saver	noun
focal	adj
looting	noun
gymnasium	noun
acidic	adj
gory	adj
abetting	noun
springboard	noun
grower	noun
capri	noun
cayenne	noun
unearth	verb
winch	noun
aptitude	noun
optical	adj
outreach	noun
newsroom	noun
dissertation	noun
yodel	noun
prasad	noun
sunbeam	noun
crumbly	noun
spiteful	adj
onset	noun
impeach	verb
attest	verb
encompass	verb
oppressive	adj
atta	noun
blabber	verb
remainder	noun
picker	noun
instill	verb
stickler	noun
solstice	noun
gleefully	adv
sabbath	noun
illustrious	adj
reliving	noun
parfait	noun
handprint	noun
dorky	adj
woolly	noun
tribulation	noun
speer	verb
czar	noun
outshine	verb
razzle	verb
idly	adv
schmuck	noun
infidel	noun
wrenching	noun
postpartum	noun
resuscitate	verb
alleyway	noun
glutton	noun
receptive	adj
decorator	noun
polaroid	noun
scuffle	noun
pus	noun
wok	verb
lolly	noun
prefect	noun
masa	noun
bunting	noun
duma	noun
miasma	noun
butterscotch	noun
brûlée	noun
magus	noun
schooling	noun
spineless	adj
imbalance	noun
hibiscus	noun
incorrectly	adv
nudity	noun
primordial	noun
yakisoba	noun
artistry	noun
veto	noun
clit	noun
detonation	noun
punchy	adj
humbling	noun
cm	s
pinot	noun
loc	noun
apt	noun
pappy	noun
balsamic	noun
nang	noun
annalise	verb
molten	adj
googly	noun
buyout	noun
lawless	adj
booyah	noun
diddly	noun
takoyaki	noun
respirator	noun
westerner	noun
doctorate	noun
heartburn	noun
seniority	noun
subsidy	noun
eleventh	noun
perpetrate	verb
purification	noun
wimpy	adj
quickie	noun
bloodstream	noun
soprano	noun
diddy	noun
apocalyptic	adj
mismatch	verb
trapper	noun
hypnotic	adj
twang	noun
loafer	noun
griff	noun
fiberglass	noun
earthling	noun
sandhya	noun
depraved	adj
hereditary	noun
deter	verb
lengthy	adj
aquatic	noun
blab	verb
supremacy	noun
segregation	noun
albeit	sconj
stout	noun
stationery	noun
luchador	noun
corkscrew	noun
kneecap	noun
uncharted	adj
pah	noun
tailgate	noun
redd	noun
dooley	noun
sigil	noun
inflammatory	adj
ranting	noun
asphalt	noun
sniffer	noun
drowsy	adj
rhyming	noun
romanticism	noun
shrivel	verb
crinkle	verb
douse	verb
waxing	noun
divulge	verb
iffy	adj
queenie	noun
luncheon	noun
snatcher	noun
pacer	noun
clasp	verb
backhand	verb
hemisphere	noun
skeet	noun
forthcoming	adj
confederate	noun
foghorn	noun
triumphantly	adv
sic	verb
schoolgirl	noun
exasperation	noun
morrow	noun
neutrino	noun
calvary	noun
malu	noun
wicket	noun
klunk	noun
lofty	adj
plainly	adv
casanova	noun
biter	noun
leisurely	adj
stipulation	noun
dement	verb
informative	adj
additionally	adv
sullen	adj
cotta	noun
crikey	intj
polling	noun
presto	noun
oxtail	noun
cannoli	noun
keystone	noun
rename	noun
confer	verb
hoard	verb
sayonara	noun
sombre	adj
stead	noun
evolutionary	adj
lowry	noun
pandit	noun
shoosh	noun
puja	noun
overkill	noun
exiting	noun
prude	noun
spontaneously	adv
cinematic	noun
loma	noun
tamarind	noun
upstream	noun
dusting	noun
dory	noun
sluggish	adj
melodramatic	adj
infraction	noun
betrothed	noun
sienna	noun
ironside	noun
Venezuelan	adj
guffaw	noun
spellbind	verb
shat	noun
confit	noun
smush	verb
pitchfork	noun
noa	adj
phi	noun
monsignor	noun
microscopic	adj
unveiling	noun
chastity	noun
eminence	noun
arbitrary	adj
epidural	noun
vacuuming	noun
repetition	noun
valedictorian	noun
triage	noun
yoni	noun
henceforth	adv
organise	verb
sourdough	noun
quickness	noun
sacrificial	adj
hydraulics	noun
frisk	verb
wrinkly	noun
sweetly	adv
dilute	noun
delicately	adv
impart	verb
weatherman	noun
jagger	noun
sigma	noun
conspicuous	adj
nexus	noun
shroom	noun
koda	noun
plunger	noun
tacho	noun
RAK	adj
cleanliness	noun
negligent	adj
grotesque	adj
continuity	noun
consignment	noun
oaf	noun
chrysanthemum	noun
babylon	noun
impudent	adj
hasta	noun
minefield	noun
pox	noun
inadequate	adj
durable	adj
dipper	noun
chock	verb
sexism	noun
approachable	adj
loch	noun
gunfight	noun
sorbet	noun
pacify	verb
responsive	adj
diagonal	noun
roux	noun
icicle	noun
lemur	noun
saloon	noun
aerobics	noun
exodus	noun
psi	noun
shifty	adj
ingrate	noun
polyester	noun
outlive	verb
colonoscopy	noun
aloof	adj
nightly	adj
recognizable	adj
hindrance	noun
comedic	adj
coastline	noun
hogging	noun
adidas	noun
brioche	noun
audacious	adj
outpatient	noun
ese	noun
gonorrhea	noun
botanical	noun
chez	adp
aimlessly	adv
paintbrush	noun
jive	verb
masterful	adj
severity	noun
springer	noun
firehouse	noun
sleepyhead	noun
understudy	verb
amphetamine	noun
cumbia	noun
duffy	noun
aster	noun
retailer	noun
startling	adj
cobweb	noun
grouchy	adj
wring	verb
theoretical	adj
sugary	adj
mindfulness	noun
humping	noun
loitering	noun
beatdown	noun
soleil	noun
gawk	noun
homestead	noun
inaugural	adj
sus	verb
adjective	noun
kraft	noun
guttural	noun
scrabble	noun
riveting	noun
splattering	noun
ordinarily	adv
grandiose	adj
messin	noun
yogi	noun
squeaker	noun
cassava	noun
snowboard	noun
nougat	noun
tepe	noun
attendee	noun
rationally	adv
insolence	noun
turban	noun
manageable	adj
yonder	noun
materialize	verb
submissive	noun
docking	noun
coliseum	noun
adolescence	noun
enclosure	noun
jumble	verb
islander	noun
boundless	adj
conform	verb
woodwork	noun
featherweight	noun
fong	noun
serpentine	adj
rigging	noun
financier	noun
reprogram	verb
cobb	noun
primate	noun
redbird	noun
fiendish	adj
corvus	noun
nitta	noun
inflation	noun
whopping	noun
quinoa	noun
figment	noun
impregnate	verb
irrigation	noun
extrovert	verb
seabird	noun
archbishop	noun
tetanus	noun
privy	noun
tract	noun
wraith	noun
crasher	noun
disruptive	adj
abate	verb
harrowing	noun
melrose	noun
gooch	noun
nitro	noun
ao	noun
lint	noun
royalist	noun
ARIMA	adj
moria	noun
incomparable	noun
multitude	noun
solicit	verb
auditor	noun
concealing	noun
pathological	adj
venting	noun
nullify	verb
foresight	noun
colonize	verb
warmly	adv
adrift	adj
triathlon	noun
pediatrics	noun
contention	noun
crackhead	noun
baggy	adj
earplug	noun
pearly	noun
interestingly	adv
stuntman	noun
invigorate	verb
famed	adj
schematic	noun
suh	noun
penalize	verb
nationally	adv
overwhelmingly	adv
handsomely	adv
pancreas	noun
frustrate	verb
endow	verb
duvet	noun
lesion	noun
mink	noun
activism	noun
usable	adj
lafayette	noun
hammy	noun
dod	noun
sorrowful	adj
squeezy	adj
stoic	noun
apologetic	adj
haggard	noun
evaluator	noun
dilly	noun
oust	verb
nozzle	noun
shonda	noun
intermediary	noun
bereaved	adj
shuriken	noun
dao	noun
culmination	noun
antagonize	verb
affiliation	noun
eventful	adj
emir	noun
recession	noun
makeshift	noun
hp	noun
bourgeois	noun
rubbery	adj
inhuman	adj
grope	verb
gambit	noun
tp	noun
enigmatic	adj
ticktock	noun
corresponding	adj
drywall	noun
overpriced	adj
skyline	noun
racehorse	noun
mewling	noun
headshot	noun
noggin	noun
fishman	noun
château	noun
hoss	noun
jailbreak	noun
Bosnian	adj
partition	verb
thermos	noun
devilish	adj
plucking	noun
wishful	adj
trickery	noun
collusion	noun
insulation	noun
befit	verb
incurable	noun
metaphorically	adv
telegraph	verb
cohort	noun
wim	noun
hypothermia	noun
matador	noun
hemp	noun
keepsake	noun
citadel	noun
willful	adj
kernel	noun
intoxicating	adj
shabbat	noun
murky	adj
singleton	noun
pho	noun
chilaquiles	noun
peseta	noun
degrading	noun
seamstress	noun
punishable	adj
cubic	noun
bonbon	noun
cleanly	adj
mistrust	verb
louvre	noun
dermatologist	noun
hazardous	adj
amour	noun
hearsay	noun
kamikaze	noun
camo	noun
repertoire	noun
foothold	noun
emo	noun
granger	noun
awkwardness	noun
analog	noun
accolade	noun
mayoral	adj
orbital	noun
mastering	noun
ejaculate	verb
fraught	adj
linebacker	noun
mecha	noun
nativity	noun
reluctantly	adv
changeling	noun
snivel	noun
bootleg	noun
ream	verb
shota	noun
nightlife	noun
whorehouse	noun
harbinger	noun
birdcage	noun
saturate	noun
fodder	noun
bureaucrat	noun
birthright	noun
lagging	noun
unbalance	verb
backstreet	adj
undetected	adj
brotherly	adj
seaman	noun
nautical	adj
silo	noun
friar	noun
nonna	noun
newsletter	noun
downloading	noun
midtown	noun
clinch	verb
lassie	noun
prosciutto	noun
inbound	noun
gramercy	noun
stretchy	adj
enthrall	verb
faraday	noun
emu	noun
lovesick	adj
sta	noun
cubby	noun
skinwalker	noun
clop	noun
yule	noun
sunbae	noun
romano	noun
hijab	noun
hazing	noun
vandalize	verb
kindhearted	adj
blasphemy	noun
bestseller	noun
beater	noun
ce	noun
figuratively	adv
poultry	noun
jabber	noun
brightness	noun
fizzing	noun
delve	verb
tilting	noun
metabolism	noun
cleverly	adv
tearful	adj
commendable	adj
monogamous	adj
mono	noun
foliage	noun
thereafter	adv
beckon	noun
dividend	noun
maxim	noun
cascade	verb
alteration	noun
baroque	noun
planetary	noun
assort	verb
nori	noun
bookcase	noun
stowaway	noun
ascension	noun
rashly	adv
miny	adj
cornerstone	noun
cyst	noun
veterinary	noun
surplus	noun
warranty	noun
uncuff	verb
gratify	verb
surgically	adv
unwelcome	verb
hopelessly	adv
scrumptious	adj
playmate	noun
rotary	noun
dainty	noun
soph	noun
vinaigrette	noun
dank	adj
ouchie	noun
mowing	noun
unfreeze	verb
woodland	noun
somersault	noun
granddaddy	noun
amma	noun
Georgian	adj
multiverse	noun
squirting	noun
hatchling	noun
joyride	noun
ringleader	noun
transvestite	noun
darby	noun
vidya	noun
lull	verb
unknowingly	adv
schizophrenic	noun
crass	adj
annoyance	noun
monetary	adj
kickback	noun
materialistic	adj
mistakenly	adv
calibrate	verb
graciously	adv
interrogator	noun
nigh	adp
sickly	adj
configuration	noun
regrettable	adj
swinger	noun
vanguard	noun
televise	verb
hesitantly	adv
kipper	noun
rescuer	noun
ventricle	noun
mutilation	noun
leaguer	noun
inspecting	noun
desi	noun
twirling	noun
hairstylist	noun
twelfth	noun
pillage	verb
cutout	noun
illustrator	noun
methane	noun
mirza	noun
heartbreaker	noun
freelancer	noun
concoction	noun
characterize	verb
rudely	adv
XL	adj
peony	noun
anonymity	noun
kindred	noun
hunky	noun
provisional	adj
countermeasure	noun
apparel	noun
supersonic	adj
chrysalis	noun
overcook	verb
duan	noun
pedaling	noun
mamacita	noun
showman	noun
vocalization	noun
wheelbarrow	noun
astral	noun
stockpile	verb
manhole	noun
lander	noun
dharma	noun
droplet	noun
Bulgarian	adj
campo	noun
acquittal	noun
autonomy	noun
illogical	adj
feasible	adj
bicker	noun
consciously	adv
earbud	noun
productivity	noun
budding	noun
splendor	noun
triangulate	verb
prepay	verb
goldilocks	noun
profiling	noun
repellent	noun
brash	adj
sprinter	noun
impersonation	noun
headfirst	adj
skillet	noun
pb	noun
richness	noun
dietary	noun
transporter	noun
atonement	noun
bloop	noun
insulate	verb
cabal	noun
dasha	noun
behemoth	noun
intermittent	noun
infernal	noun
pont	verb
dyer	noun
femininity	noun
airbag	noun
enhancement	noun
pastrami	noun
sc	noun
remodeling	noun
fifi	noun
orthopedic	adj
hidalgo	noun
prodigal	noun
helium	noun
fave	noun
notoriously	adv
ge	noun
mailing	noun
deafening	noun
deportation	noun
hardwood	noun
underhanded	noun
claymore	noun
ng	noun
bung	verb
woozy	adj
jiggly	adj
Haitian	adj
vocation	noun
copter	noun
pestilence	noun
habanero	noun
maidservant	noun
zama	noun
blatter	noun
verity	noun
hh	noun
mong	noun
undecided	noun
vindictive	adj
strangulation	noun
slither	verb
disorganize	verb
zoning	noun
competence	noun
pigtail	noun
sensibility	noun
mangrove	noun
unsay	verb
thereby	adv
spanner	noun
advertiser	noun
pathology	noun
inward	adj
recapture	verb
scrimmage	noun
PG	adj
dryly	adv
raggedy	adj
sandman	noun
blissful	adj
levee	noun
clutching	noun
concur	verb
incarceration	noun
infestation	noun
kibble	noun
vw	noun
joule	noun
quickfire	noun
ensign	noun
roble	noun
duelist	noun
dweeb	noun
momentous	adj
sanitation	noun
digestion	noun
shamelessly	adv
leasing	noun
foolishly	adv
obese	adj
sliver	noun
vertically	adv
brava	noun
debtor	noun
alcoholism	noun
psychosis	noun
jot	verb
delphine	adj
jugular	noun
lewd	noun
suave	noun
Fahrenheit	adj
airlock	noun
regimen	noun
headspace	noun
stopper	noun
overgrow	verb
weevil	noun
laxative	noun
rez	noun
thunderbird	noun
chromosome	noun
calligraphy	noun
banshee	noun
harpy	noun
coddle	verb
kak	noun
unintentionally	adv
gigolo	noun
epilepsy	noun
rudeness	noun
gild	verb
putty	noun
ascertain	verb
watchful	adj
mongoose	noun
writing	noun
qr	noun
hourly	adj
reproduction	noun
sappy	adj
dote	verb
airspace	noun
kaleidoscope	noun
inclusion	noun
unforeseen	noun
ghastly	adj
exponentially	adv
medley	noun
clipboard	noun
unkind	adj
radiology	noun
tarmac	noun
clarissa	noun
perpetuate	verb
impunity	noun
mollie	noun
frigid	adj
hibernate	verb
Venetian	adj
marlin	noun
extermination	noun
assimilate	verb
shunt	verb
mang	verb
choon	noun
chieftain	noun
tabi	noun
intoxication	noun
normalize	verb
druggie	noun
exude	verb
nonprofit	adj
indirect	adj
wayward	adj
sportsmanship	noun
ramble	verb
alloy	noun
viewpoint	noun
negate	verb
stepson	noun
paramilitary	noun
disarray	noun
disfigure	verb
binky	noun
brawling	noun
chlamydia	noun
avid	adj
stint	noun
mausoleum	noun
speedo	noun
legitimacy	noun
hydro	noun
goofball	noun
trough	noun
ick	noun
aggressor	noun
birthing	noun
roofie	verb
firestorm	noun
nance	noun
derivative	noun
bene	noun
zippy	adj
scriptwriter	noun
ultraviolet	adj
arf	intj
wolfy	noun
cussing	noun
courteous	adj
syllabus	noun
smartass	noun
sharpening	noun
sanitize	verb
greyhound	noun
shabu	noun
incidentally	adv
devout	adj
protestant	noun
retrieval	noun
landscaping	noun
refinery	noun
johannes	noun
sui	noun
weber	noun
decompress	verb
org	noun
fixation	noun
hock	verb
togetherness	noun
presently	adv
disembody	verb
puppeteer	noun
blankie	noun
orifice	noun
conclave	noun
alanna	noun
tuco	noun
murali	noun
pricing	noun
charlatan	noun
occupant	noun
kooky	noun
wrongfully	adv
stethoscope	noun
crossbar	noun
mosaic	noun
navel	noun
swoon	verb
stationary	adj
corinthian	noun
yucky	adj
libido	noun
tapa	noun
finisher	noun
handpick	verb
effortlessly	adv
playhouse	noun
contentedly	adv
legging	noun
dingo	noun
enchilada	noun
pastel	noun
scarface	noun
inca	noun
trippy	adj
geisha	noun
shogunate	noun
falsify	verb
aristocrat	noun
rejuvenate	verb
solver	noun
chivalry	noun
devoid	adj
uproot	verb
jailer	noun
electron	noun
silencer	noun
censorship	noun
ethnicity	noun
optimize	verb
teem	verb
redundant	adj
piracy	noun
enmity	noun
flamboyant	noun
septum	noun
stopwatch	noun
contusion	noun
smolder	noun
erode	verb
ria	noun
humanly	adj
clowning	noun
clockwise	adj
decrypt	verb
headboard	noun
moonwalk	noun
monoxide	noun
Aryan	adj
guido	noun
ot	noun
variant	noun
tengu	noun
boma	noun
moray	noun
walkway	noun
diversify	verb
wreaking	noun
remission	noun
fay	verb
frugal	adj
responsibly	adv
trimester	noun
outspeak	verb
sordid	adj
hibernation	noun
surveil	verb
expectancy	noun
mulberry	noun
gazpacho	noun
anvil	noun
phenom	noun
atrium	noun
quinceañera	noun
anesthesiologist	noun
syke	noun
squatter	noun
jaeger	noun
graff	noun
wingspan	noun
azure	noun
plumb	verb
tuff	noun
Burmese	adj
pawnshop	noun
kokoro	noun
shinobu	noun
prematurely	adv
paging	noun
locksmith	noun
looker	noun
fleece	verb
afflict	verb
castrate	noun
desecrate	verb
speckle	noun
comprehension	noun
shorthand	verb
franc	noun
omelette	noun
outsource	verb
wriggle	verb
grouse	noun
equate	verb
resin	noun
blubbering	noun
abscess	noun
census	noun
tig	noun
pagoda	noun
conundrum	noun
blinder	noun
braking	noun
whittle	verb
impale	verb
nye	noun
manger	noun
mmmm	noun
unintelligible	adj
pane	noun
tonya	noun
oaxaca	noun
equestrian	noun
ammonia	noun
wacko	noun
royally	adv
unfound	verb
carina	noun
tricycle	noun
foyer	noun
enticing	noun
raking	noun
tightrope	noun
lapdog	noun
captor	noun
inept	adj
peeve	noun
pining	noun
distillery	noun
appendicitis	noun
tranny	noun
ergo	noun
injunction	noun
naan	noun
accentuate	verb
noun	noun
futon	noun
roti	noun
computerize	verb
receptor	noun
guarantor	noun
rakugo	noun
null	noun
alluring	noun
munchkin	noun
shredding	noun
amplifier	noun
acronym	noun
clad	adj
gondola	noun
neurotic	noun
forage	noun
skeptic	noun
mouthpiece	noun
epicenter	noun
pish	verb
fiat	noun
underrate	noun
haggis	noun
pringle	verb
boating	noun
chiropractor	noun
bonito	noun
lowing	noun
counteract	verb
holster	verb
fizzy	noun
problemo	noun
proton	noun
profiler	noun
chessman	noun
lod	noun
straddle	noun
coercion	noun
churning	noun
tuk	noun
clarification	noun
fruitful	adj
Icelandic	adj
renewable	noun
greenery	noun
freshwater	noun
scurvy	noun
shitshow	noun
pram	noun
Norse	adj
bard	noun
pigsty	noun
waterfront	noun
peddler	noun
hark	noun
callus	noun
subsequent	adj
selfishly	adv
skittle	noun
twisty	noun
arraignment	noun
hundredth	noun
acrobatics	noun
sag	verb
trucking	noun
grainy	adj
collagen	noun
hairless	noun
saraph	noun
flirtatious	adj
inexplicable	adj
oncologist	noun
neurologist	noun
reproach	verb
nonchalant	adj
fiver	noun
handhold	noun
landmine	verb
induction	noun
wallow	verb
rummaging	noun
thrift	noun
vulva	noun
snotty	noun
unquote	verb
rhinestone	noun
frisky	adj
freshener	noun
scooping	noun
creatively	adv
belching	noun
eclectic	noun
tox	noun
hooch	noun
fishery	noun
unstick	verb
brainless	adj
inspectorate	noun
shinigami	noun
ululate	verb
godforsaken	adj
partnering	noun
measle	noun
farmland	noun
trailblazer	noun
inhibition	noun
ambiance	noun
disinfectant	noun
endowment	noun
unsatisfy	verb
pasty	noun
gallant	noun
stork	noun
shrub	noun
prod	verb
Eskimo	adj
amiss	adj
kraut	noun
unmask	verb
tingly	adj
encase	verb
malware	noun
langley	noun
battleground	noun
profess	verb
neurosurgery	noun
sycamore	noun
adverse	adj
fondly	adv
bluntly	adv
restructuring	noun
bream	noun
bim	noun
nixie	noun
motherly	adj
dehydration	noun
dalal	noun
inflame	verb
unconsciously	adv
sachet	noun
renegotiate	verb
nutritional	adj
aphrodisiac	noun
awry	adj
discontinue	verb
closeness	noun
cadence	noun
gazette	noun
unsupervised	adj
grounding	noun
gazebo	noun
tourniquet	noun
eerily	adv
maim	verb
backer	noun
reptilian	noun
rollerblade	noun
pokey	noun
saunders	noun
reparation	noun
roadkill	noun
indulgent	adj
mandu	noun
macky	adj
patriarchal	adj
judgy	adj
fowl	noun
apothecary	noun
helplessness	noun
saying	noun
radically	adv
discern	verb
inconceivable	adj
dolce	noun
inferiority	noun
fuchsia	noun
rumour	verb
enthusiastically	adv
mata	noun
trove	noun
jetpack	verb
raggedly	adv
waka	noun
albatross	noun
cutesy	adj
soloist	noun
rando	noun
blowfish	noun
rigor	noun
tundra	noun
loosely	adv
foretell	verb
goddaughter	noun
leakage	noun
splint	noun
bony	adj
beryl	noun
keely	adj
ayu	noun
mitral	adj
wrecker	noun
evergreen	noun
spearhead	verb
sparkler	noun
gassy	adj
upholstery	noun
multiplication	noun
sustainability	noun
luscious	adj
inherent	adj
systematically	adv
deviant	noun
screenwriter	noun
shapeshifter	noun
dismay	verb
stardust	noun
polarize	verb
unexplained	adj
sidecar	noun
ancestry	noun
emf	noun
horrid	adj
plink	noun
lyme	verb
lilting	noun
grimace	noun
col	noun
aberration	noun
mastodon	noun
bewilder	verb
raiser	noun
canna	noun
kickball	noun
butternut	noun
klondike	verb
ky	noun
kano	noun
batsman	noun
nandu	noun
tattle	verb
abominable	adj
majid	noun
omit	verb
whiplash	noun
gallantry	noun
repaint	verb
nepotism	noun
oppressor	noun
godly	adj
circumcised	noun
worrisome	adj
limestone	noun
likeness	noun
combatant	noun
soundproof	verb
marten	noun
rescind	verb
prolific	adj
misinformation	noun
arsenic	noun
seamless	adj
pancreatic	adj
chee	noun
eggy	adj
sketchbook	noun
shanty	noun
leniency	noun
madhouse	noun
stardom	noun
facet	noun
amputation	noun
incomprehensible	adj
constraint	noun
loathing	noun
modernize	verb
detrimental	adj
crochet	verb
emptying	noun
economically	adv
sufficiently	adv
inclination	noun
forefather	noun
compatriot	noun
falsetto	noun
astute	adj
earthy	adj
stroking	noun
courtship	noun
hijacker	noun
yakitori	noun
onslaught	noun
zoon	noun
ronin	noun
skedaddle	verb
parchment	noun
hubris	noun
nannie	noun
xylophone	noun
ama	noun
grundy	noun
bratva	noun
jawline	noun
scribe	noun
argyle	noun
fantabulous	adj
bayard	noun
financials	noun
reassess	verb
godsend	noun
damascus	noun
inaccurate	adj
lumen	noun
impotent	noun
fess	verb
nightgown	noun
io	noun
sophistication	noun
lupin	noun
pragmatic	adj
segregate	noun
toner	noun
unification	noun
crosswalk	noun
mongol	noun
steakhouse	noun
kemp	noun
heya	noun
eradicator	noun
adoring	noun
bartend	verb
wean	verb
joyfully	adv
christen	verb
vantage	noun
footer	noun
diddle	verb
metropolis	noun
hatcher	noun
bravado	noun
trolling	noun
scarring	noun
ordinance	noun
playwright	noun
molar	noun
glob	noun
droid	noun
laver	noun
cardiothoracic	adj
sherif	noun
fatherhood	noun
unanimously	adv
punctuality	noun
incompatible	adj
compulsory	noun
nylon	noun
handiwork	noun
Tatar	adj
openness	noun
photon	noun
subsequently	adv
pungent	adj
appraisal	noun
croft	noun
expendable	noun
terminally	adv
groundwork	noun
beatbox	noun
unfriendly	noun
truckload	noun
quarterly	adj
skier	noun
grandbaby	noun
marquee	noun
unsteady	adj
bane	noun
caiman	noun
pogue	noun
indicative	adj
hatter	noun
quince	noun
rube	noun
droopy	adj
foosball	noun
sot	noun
francisca	noun
query	noun
jabbering	noun
shawl	noun
hothead	noun
unreachable	adj
thyroid	noun
avenging	noun
sadist	noun
unhook	verb
magnesium	noun
scrutinize	verb
anthrax	noun
chiller	noun
embezzling	noun
nationalist	noun
moderation	noun
hobbit	noun
existent	adj
headway	noun
playback	noun
proverbial	adj
brawn	noun
subtly	adv
inconclusive	adj
flailing	noun
definitively	adv
shakedown	noun
seesaw	noun
gump	noun
Maltese	adj
sommelier	noun
airstrip	noun
slicer	noun
headstrong	adj
reenactment	noun
bedbug	noun
cutler	noun
sampling	noun
loy	noun
phat	adj
moai	noun
finis	noun
simpleton	noun
reenact	verb
susu	noun
comparable	adj
stagnant	adj
opinionate	verb
instability	noun
sift	verb
riffraff	noun
excessively	adv
clenching	noun
crusader	noun
margherita	noun
breech	noun
pincer	noun
footwear	noun
rhetoric	noun
dahlia	noun
seltzer	noun
enormously	adv
bankroll	verb
southpaw	noun
chem	noun
retriever	noun
oomph	noun
trespasser	noun
flinching	noun
whoopee	verb
idyllic	noun
knockin	noun
palanquin	noun
goober	noun
escapee	noun
colourful	adj
dobby	noun
audiovisual	adj
harish	adj
latitude	noun
roundhouse	noun
plait	verb
grading	noun
candlelight	noun
squint	verb
abstain	verb
masking	noun
tact	noun
cuckold	verb
cred	noun
evac	noun
musically	adv
unrecognizable	adj
methodical	adj
plywood	noun
UA	adj
breathlessly	adv
marigold	noun
focaccia	noun
savanna	noun
finite	noun
downstream	adj
riverbank	noun
hiker	noun
lithium	noun
sentient	noun
stilt	noun
chortling	noun
manta	noun
wickedly	adv
osmosis	noun
drat	verb
contra	noun
platelet	noun
ejector	noun
moka	noun
shimada	noun
loach	noun
temperamental	adj
stillness	noun
wedlock	noun
schoolyard	noun
obesity	noun
upscale	adj
allot	verb
bering	verb
twinkie	noun
rediscover	verb
enema	noun
moxie	noun
crosshair	noun
ginormous	adj
lurch	noun
bloomer	noun
conjecture	noun
dismissive	adj
dustbin	noun
peyote	noun
meridian	noun
borne	adj
Antarctic	adj
lc	noun
grabber	noun
triangular	adj
genki	noun
montero	noun
eulalia	noun
monde	noun
unbutton	verb
collage	noun
ut	noun
agreeable	adj
familiarity	noun
steamer	noun
intrepid	adj
oligarch	noun
yurt	noun
flatly	adv
physicality	noun
ducking	noun
viciously	adv
synthesize	verb
substation	noun
beekeeper	noun
crummy	noun
cowbell	noun
marquess	noun
blubber	noun
pimento	noun
compressor	noun
bonanza	noun
citation	noun
innkeeper	noun
enchantment	noun
insubordination	noun
lobbyist	noun
blight	verb
Galician	adj
inquisition	noun
correlation	noun
boneless	adj
squabble	noun
puzzling	noun
hounding	noun
deceptive	adj
misogynistic	adj
waddle	verb
keychain	noun
softness	noun
Nepali	adj
relieving	noun
pixel	noun
muffler	noun
electrode	noun
elvish	adj
lager	noun
keyhole	noun
faceless	adj
ANE	adj
vastly	adv
thermostat	noun
pterodactyl	noun
extremity	noun
quintessential	noun
originality	noun
endorphin	noun
pitter	noun
toupee	noun
portia	noun
durian	noun
curiously	adv
arcadia	noun
scaly	adj
offscreen	adj
helio	noun
swamy	noun
pious	adj
powerpoint	noun
saltwater	noun
apartheid	noun
resell	verb
couscous	noun
nothingness	noun
decimal	noun
reputable	adj
custodian	noun
lymph	noun
tripod	noun
reliant	adj
arbiter	noun
inventive	adj
concerto	noun
ruthlessly	adv
wonton	noun
riptide	noun
handlebar	noun
uniqueness	noun
fermentation	noun
tumbler	noun
compartmentalize	verb
propulsion	noun
antsy	adj
flatulence	noun
drawbridge	noun
gliding	noun
caribou	noun
plush	noun
sexiness	noun
chaplain	noun
fistfight	noun
amok	noun
leaflet	noun
ruck	noun
yaya	noun
dissent	verb
connoisseur	noun
storehouse	noun
attagirl	noun
fink	noun
compulsion	noun
divorcée	noun
sieve	noun
chaplin	noun
leafy	adj
Sikh	adj
supercharge	noun
sidetrack	noun
predatory	adj
impede	verb
flux	noun
hocus	noun
goblet	noun
gaping	noun
leveling	noun
debacle	noun
writhing	noun
brawler	noun
elongate	verb
slag	verb
downtime	noun
electrolyte	noun
albino	noun
seine	noun
blackmailer	noun
miscalculate	verb
ovum	noun
emmet	noun
lament	verb
vermilion	noun
augment	noun
piloting	noun
chillax	verb
garbo	noun
Ponzi	adj
pachinko	noun
lgbt	noun
kanji	noun
fisk	verb
indescribable	adj
lolita	noun
goatee	noun
stinker	noun
discourse	noun
archaeological	adj
adieu	noun
billiards	noun
transgression	noun
sona	noun
metre	noun
sovereignty	noun
collarbone	noun
burble	noun
plugging	noun
individuality	noun
placebo	noun
restructure	verb
unaccounted	adj
vowel	noun
pucker	verb
groundhog	noun
sitar	noun
crone	noun
adhesive	noun
intimately	adv
maga	noun
beheading	noun
bluster	noun
delish	adj
pavlova	noun
noni	noun
milagro	noun
ostium	noun
bandana	noun
amicable	adj
hummer	noun
sanitizer	noun
shingle	noun
regretful	adj
remorseful	adj
vitality	noun
vigorously	adv
rendition	noun
teardrop	noun
und	noun
enunciate	verb
mystique	noun
tigress	noun
nevermore	adv
copilot	noun
outback	noun
noisily	adv
lupus	noun
intestinal	adj
pigment	noun
caddie	noun
lilac	noun
surrogacy	noun
carbonara	noun
saturation	noun
untimely	adj
mangy	adj
beefy	adj
emitter	noun
nettle	noun
unwise	adj
crankshaft	noun
shiba	noun
cantaloupe	noun
fiddling	noun
multinational	noun
constipation	noun
tatter	noun
erosion	noun
annoyingly	adv
arugula	noun
paternal	adj
carburetor	noun
reverence	noun
cleaver	noun
violinist	noun
kerosene	noun
incest	noun
jittery	adj
systematic	adj
pitbull	noun
hopscotch	noun
msg	noun
styrofoam	noun
folly	noun
nunchuck	noun
visceral	adj
namesake	noun
uncheck	verb
eatery	noun
hoochie	noun
poser	noun
duress	noun
velociraptor	noun
crud	noun
chiffon	noun
lowrider	noun
fidelity	noun
wharf	noun
owie	noun
sturgeon	noun
alf	noun
improvisation	noun
intellectually	adv
hastily	adv
liquidate	verb
olden	verb
bagging	noun
damning	noun
sustenance	noun
ozone	noun
bothersome	adj
fawn	verb
ema	noun
contradictory	noun
vigorous	adj
teethe	verb
staking	noun
uncomfortably	adv
oregano	noun
kremlin	noun
ze	noun
wholly	adv
overwatch	noun
intently	adv
oncology	noun
pail	noun
bucking	noun
impregnable	adj
unforgiven	noun
matron	noun
twine	noun
conte	noun
scrunchie	noun
ealdorman	noun
ween	noun
córdoba	noun
sakai	noun
favoritism	noun
layoff	noun
preventive	adj
coarse	adj
desist	verb
archaeology	noun
introspective	adj
toke	noun
programme	noun
scaffolding	noun
palpable	adj
bulky	adj
candlestick	noun
cusp	noun
unbeknownst	adv
beanbag	noun
sonata	noun
melo	noun
lowdown	noun
realty	noun
biff	noun
merlot	noun
paisa	noun
barrow	noun
propane	noun
impersonator	noun
plutonium	noun
patchwork	noun
ganging	noun
upstage	verb
barracuda	noun
afresh	adv
geriatric	noun
vicar	noun
loon	noun
mead	noun
cushy	adj
personify	verb
chucking	noun
powerfully	adv
watergate	noun
motivator	noun
moderator	noun
estrogen	noun
señora	noun
luau	noun
sandcastle	noun
chesterfield	noun
bolster	verb
bullock	noun
bauer	noun
arrhythmia	noun
overpass	noun
converge	verb
partygoer	noun
gyro	noun
snobby	adj
freighter	noun
directory	noun
bucky	noun
arcane	adj
overachiever	noun
newswoman	noun
exhume	verb
hotcake	noun
malefic	noun
glittering	noun
overheating	noun
dynamo	noun
dissuade	verb
denture	noun
handover	noun
millisecond	noun
yodeling	noun
vagabond	noun
tonsil	noun
tutti	noun
miscalculation	noun
juncture	noun
steed	noun
faa	noun
reformation	noun
scurry	verb
haku	noun
chuckie	noun
councilwoman	noun
spandex	noun
heaving	noun
frill	noun
queasy	adj
pathogen	noun
redact	verb
continuum	noun
angst	noun
mung	noun
bohemian	noun
ravishing	noun
mistrial	noun
expressway	noun
busybody	noun
sasquatch	noun
mentoring	noun
pinwheel	noun
colonist	noun
crumpled	adj
argus	noun
beaker	noun
retractor	noun
carnitas	noun
confectionery	noun
barton	noun
toph	noun
shyness	noun
telecom	noun
theatrics	noun
aloe	noun
abed	adv
necktie	noun
usurp	verb
handstand	noun
townhouse	noun
sedation	noun
ion	noun
sizable	adj
baklava	noun
midsummer	noun
nitwit	noun
defector	noun
clobber	verb
bookkeeper	noun
meerkat	noun
kiln	noun
socialite	noun
stalemate	noun
cathartic	noun
referendum	noun
peripheral	noun
discontent	verb
internalize	verb
lawnmower	noun
scratchy	adj
mooch	noun
sm	noun
tt	adj
minty	adj
jujitsu	noun
bacterial	adj
bowser	noun
badlands	noun
dopey	adj
tenor	noun
kamila	noun
lambda	noun
jogi	noun
wari	noun
docile	adj
rager	noun
diagonally	adv
señorita	noun
entrée	noun
cardiologist	noun
betrothal	noun
biologically	adv
anemia	noun
metaphorical	adj
environmentally	adv
tase	verb
thru	adp
disprove	verb
tinkering	noun
consortium	noun
grump	noun
breakaway	noun
catacomb	noun
uplift	verb
reactive	adj
queso	noun
nourishment	noun
outlast	verb
repression	noun
primrose	noun
spire	noun
transitioning	noun
ep	noun
grating	noun
telepathic	adj
hoofbeat	noun
snooty	adj
genoise	noun
sax	noun
tome	noun
oceanside	adj
snoot	noun
betel	noun
generalize	verb
pillowcase	noun
tenfold	verb
saggy	adj
apprehension	noun
segue	noun
villainous	adj
Scandinavian	adj
southerner	noun
calcutta	noun
dearie	noun
unresponsive	adj
snooker	verb
jailhouse	noun
combustion	noun
synonymous	adj
parton	noun
eucalyptus	noun
lacquer	verb
sweetener	noun
unguard	verb
roost	noun
prima	adj
sleaze	noun
det	noun
nightshade	noun
disorderly	noun
parry	noun
mahogany	noun
ree	noun
gaslight	noun
matzo	noun
undergarment	noun
nyssa	noun
hazmat	noun
homegirl	noun
repentance	noun
chatterbox	noun
bavarian	noun
crystallize	verb
brigadier	noun
saucy	adj
recoil	verb
sangria	noun
sepsis	noun
groggy	adj
armour	verb
clem	noun
strapping	noun
armchair	noun
musket	noun
repairman	noun
patching	noun
payphone	noun
kata	noun
uterine	noun
bonny	noun
remover	noun
bruiser	noun
elven	noun
airhead	noun
beget	verb
unjustly	adv
ramification	noun
mending	noun
antiquity	noun
maha	noun
profanity	noun
resounding	adj
monopolize	verb
schoolmate	noun
femoral	adj
hangry	adj
aud	noun
petroleum	noun
lorry	noun
explanatory	adj
dispense	verb
wartime	noun
carbohydrate	noun
weirdness	noun
intubation	noun
gravely	adv
factual	noun
tactician	noun
wicker	noun
rewriting	noun
hussy	noun
gated	adj
experimentation	noun
switchboard	noun
proclamation	noun
intermission	noun
proficient	adj
mello	noun
agave	noun
bulldoze	verb
barman	noun
infringement	noun
nestle	verb
matriarch	noun
resonance	noun
codex	noun
trilogy	noun
docket	noun
immobilize	verb
glyph	noun
repurpose	verb
shoreline	noun
nav	noun
astronomer	noun
pardo	noun
thinly	adv
minimalist	noun
figo	noun
urus	noun
koba	noun
teaser	noun
vaping	noun
immigrate	verb
maize	noun
unchain	verb
digitize	verb
embalming	noun
prelude	noun
arduous	adj
lubricant	noun
opportunistic	adj
kaka	noun
decorum	noun
hardball	noun
kneading	noun
headstone	noun
milf	noun
pouf	noun
skippy	adj
requisition	verb
unsee	verb
inhibitor	noun
exclusion	noun
azalea	noun
regeneration	noun
wrangle	verb
spangle	noun
moolah	noun
contingent	noun
mahjong	noun
immersion	noun
evocative	adj
balthazar	noun
resection	noun
beeper	noun
bumble	noun
dominion	noun
ibuprofen	noun
fedora	noun
haiku	noun
dorn	noun
innard	noun
transmutation	noun
insignia	noun
blimey	intj
peroxide	noun
iPod	noun
beastie	noun
eth	noun
acrylic	noun
towing	noun
linear	noun
capt	noun
availability	noun
bm	noun
ugliness	noun
institutional	adj
padding	noun
culminate	verb
redwood	noun
tibet	noun
swede	noun
realist	noun
notepad	noun
bawl	verb
underprivileged	noun
subtlety	noun
aftertaste	noun
gosling	noun
dookie	noun
aaa	noun
beaucoup	noun
deliciously	adv
traverse	verb
chirring	noun
busboy	noun
jellybean	adj
mignon	noun
griddle	noun
sledding	noun
paradigm	noun
zorro	noun
unfathomable	adj
unfulfill	verb
actin	noun
agonize	verb
rainstorm	noun
copier	noun
bubblegum	noun
strenuous	adj
gizzard	noun
gatsby	noun
recyclable	noun
nt	noun
elective	noun
unsightly	adj
dosa	noun
approximate	adj
effigy	noun
yagi	noun
hsien	noun
stent	noun
governance	noun
pertain	verb
realism	noun
blabbermouth	noun
soma	noun
locomotive	noun
innovate	verb
recklessness	noun
flaunting	noun
pseudo	noun
plaything	noun
denominator	noun
prerogative	noun
appropriation	noun
blossoming	noun
asbestos	noun
assortment	noun
cirque	noun
beefcake	noun
hydration	noun
battering	noun
deterrent	noun
irate	adj
wily	adj
pleaser	noun
slant	noun
bleeder	noun
sheepishly	adv
downpour	noun
gluing	noun
hoverboard	noun
zeppelin	noun
milord	verb
rioting	noun
adept	noun
mythic	adj
Neapolitan	adj
leper	noun
dyeing	noun
jeet	noun
natto	noun
gouda	noun
bunion	noun
chaebol	noun
talbot	noun
spiker	noun
gunny	noun
marginalize	verb
rallying	noun
trekking	noun
watchdog	noun
withering	noun
idealistic	adj
euphoric	noun
crucifix	noun
clapper	noun
authenticate	verb
callous	adj
pander	noun
sorely	adv
grandeur	noun
fortnight	noun
celibate	noun
aubergine	noun
familia	noun
visibly	adv
flicking	noun
ska	noun
disconcert	verb
clarinet	noun
plucky	adj
beeswax	noun
organically	adv
unzipping	noun
revel	verb
shiitake	noun
spunky	adj
profusely	adv
maliciously	adv
dotty	noun
appetizing	adj
synagogue	noun
starship	noun
haughty	adj
hooter	noun
swordfish	noun
righto	intj
pyre	noun
wordplay	noun
cuttlefish	noun
handsy	adj
cartwright	noun
discerning	noun
larceny	noun
stumpy	noun
bulger	noun
upperclassman	noun
dangler	noun
gelatine	noun
rainer	noun
intersect	verb
fondness	noun
dishonorable	adj
layman	noun
ashy	adj
rhinoceros	noun
unlove	verb
ratting	noun
centurion	noun
sorrel	noun
miscellaneous	adj
gout	noun
conjunction	noun
coherent	adj
kleenex	noun
promiscuous	adj
stereotypical	adj
misbehaving	noun
baffling	noun
helplessly	adv
allude	verb
switcheroo	noun
kombucha	noun
refuel	verb
pacifist	noun
feely	noun
phishing	noun
quicken	verb
narrowly	adv
racy	adj
thoroughbred	noun
parody	noun
pressurize	verb
ovarian	adj
comforter	noun
flapjack	noun
unquestionably	adv
prelim	noun
houseboat	noun
roscoe	noun
glover	noun
legwork	noun
aphrodite	noun
sunbathing	noun
camembert	noun
gringa	noun
Taoist	adj
thrasher	noun
skiff	noun
pita	noun
gravedigger	noun
yalla	adj
smothering	noun
wasteful	adj
ingrain	verb
stimulant	noun
affliction	noun
thumbprint	noun
astound	verb
bearable	adj
disassemble	verb
coloured	noun
schnitzel	noun
rafter	noun
annul	verb
bide	verb
blinker	verb
pertinent	adj
childlike	adj
frag	verb
hairbrush	noun
airman	noun
furiously	adv
stencil	verb
gusto	noun
vax	noun
sentry	noun
jest	noun
skylight	noun
manatee	noun
acme	noun
zaza	noun
meister	noun
nib	noun
jefe	noun
kawaii	noun
sanga	noun
NF	adj
intolerable	adj
pitying	noun
leeway	noun
blooper	noun
divorcee	noun
emigrate	verb
stipulate	verb
menstrual	noun
repayment	noun
entitlement	noun
streamline	noun
exceedingly	adv
fanning	noun
traveller	noun
workman	noun
habeas	noun
notoriety	noun
hypotensive	noun
edema	noun
locum	noun
thrower	noun
lacy	adj
stache	noun
tweaking	noun
meld	verb
greenwood	noun
fiddler	noun
sacrament	noun
telenovela	noun
downsize	verb
deviation	noun
wielder	noun
encode	noun
pauper	noun
draco	noun
Marathi	adj
sociable	adj
getup	noun
workday	noun
unofficially	adv
pampering	noun
laziness	noun
manned	adj
unused	adj
chivalrous	adj
dozing	noun
fatten	verb
kinetic	adj
catalogue	verb
compliant	adj
taster	noun
narrowing	noun
economist	noun
constituency	noun
crevice	noun
crematorium	noun
fledgling	noun
hectare	noun
huey	noun
heli	noun
calico	noun
nonsensical	adj
harrow	noun
cameo	noun
misogynist	noun
boatload	noun
scouring	noun
mandible	noun
anaheim	noun
incumbent	adj
commemorative	noun
inefficient	noun
bloodhound	noun
cardiovascular	adj
habitual	noun
ashram	noun
tomahawk	noun
ramada	noun
esports	noun
smirking	noun
pipa	noun
rupa	noun
clansman	noun
peterman	noun
dumbbell	noun
beseech	verb
lender	noun
parliamentary	adj
stoppage	noun
bata	noun
deferred	noun
backstab	verb
libra	noun
townsfolk	noun
fiscal	adj
scattering	noun
webcam	noun
screwball	noun
twit	noun
roadie	noun
homophobia	noun
ticker	noun
hunker	verb
trapdoor	noun
presumption	noun
unremarkable	adj
cookout	noun
unwrite	verb
boning	noun
treble	verb
nebula	noun
lychee	noun
brodie	noun
pawpaw	noun
sarsaparilla	noun
chinaman	noun
choong	adj
hodja	noun
shawarma	noun
valuation	noun
pleat	verb
cornflake	noun
masochist	noun
licensing	noun
debatable	noun
berth	verb
grotto	noun
noob	noun
gogo	noun
intangible	noun
misspell	verb
hypertension	noun
nauseate	verb
latent	noun
vetting	noun
asphyxiation	noun
shortlist	verb
arithmetic	noun
tapestry	noun
blu	noun
balling	noun
wallaby	noun
enamor	verb
yuka	noun
tiebreaker	noun
repulse	noun
refocus	verb
fantastical	adj
slew	noun
proprietary	adj
foraging	noun
snoopy	adj
yar	verb
volition	noun
ladylike	adj
sandalwood	noun
spooner	noun
oka	noun
helix	noun
doppler	noun
besiege	verb
unintentional	adj
login	noun
calmness	noun
molester	noun
wickedness	noun
bookworm	noun
hepatitis	noun
demoralize	verb
tuberculosis	noun
sandbox	noun
contributor	noun
meager	adj
bigot	noun
downplay	verb
choppy	adj
emphatically	adv
unblock	verb
retrograde	noun
pendejo	noun
unhand	verb
munchie	noun
dicey	adj
pizzazz	noun
pollock	noun
melee	noun
sesh	noun
hitchhike	verb
stepdaughter	noun
sternly	adv
equilibrium	noun
steadfast	adj
shoddy	adj
inscribe	verb
deliciousness	noun
asexual	noun
millet	noun
fracking	noun
drawback	noun
sega	noun
paratha	noun
doon	adj
blemish	verb
shortness	noun
bleaching	noun
yoke	noun
headdress	noun
confrontational	adj
magnetism	noun
conscientious	adj
leftist	noun
underline	noun
diffuse	verb
coffer	noun
galore	noun
toiletry	noun
picturesque	adj
shielding	noun
fedex	verb
salmonella	noun
unbreak	verb
underwhelm	verb
tubing	noun
chalkboard	noun
decrepit	adj
defensively	adv
downbeat	noun
wetland	noun
pyro	noun
divinity	noun
antisocial	noun
wildflower	noun
irrefutable	adj
haute	adj
uncook	verb
collard	noun
bonsai	noun
shelving	noun
playgroup	noun
yadda	noun
prickle	noun
infatuation	noun
feta	noun
deformity	noun
browser	noun
jihadist	noun
glittery	adj
tau	noun
gradual	adj
precursor	noun
pathologist	noun
subcontractor	noun
stockholder	noun
fresco	noun
restock	verb
jib	noun
speedboat	noun
reminiscent	noun
upstart	noun
cakewalk	noun
henley	noun
oopsy	noun
karat	noun
reposition	verb
effectiveness	noun
homely	adj
strangler	noun
jubilant	adj
scurrying	noun
jeer	verb
gunk	noun
rectum	noun
bak	noun
caucus	noun
nifty	noun
showy	adj
nov	noun
concise	verb
earnestly	adv
pleasantry	noun
needlessly	adv
triumphal	adj
congratulatory	adj
epsilon	noun
mangal	noun
hanuman	noun
gnu	noun
prabhu	noun
forgo	verb
doody	noun
sor	noun
sheath	noun
tala	noun
bedazzle	verb
gaffer	noun
pornographic	adj
nit	noun
searing	noun
flopping	noun
peddling	noun
predominantly	adv
tine	adj
undesirable	noun
egotistical	adj
sext	noun
dole	verb
firefight	noun
gander	noun
calamari	noun
foaming	noun
disservice	noun
reaffirm	verb
shadowy	adj
skidding	noun
pariah	noun
canvass	verb
delicatessen	noun
singe	noun
anchorman	noun
spiderweb	noun
rapunzel	noun
payload	noun
anointed	noun
boxy	adj
prancing	noun
levin	noun
hombre	noun
planetarium	noun
sweatshop	noun
adhesion	noun
hing	noun
keke	verb
kek	verb
kuai	noun
llano	noun
madras	noun
forger	noun
transcribe	verb
zimbabwe	noun
mealtime	noun
grocer	noun
cholera	noun
societal	adj
advent	noun
cleric	noun
ovulate	verb
psychopathic	noun
cee	noun
narcissism	noun
hooper	noun
pimping	noun
reactivate	verb
refrigerate	verb
slouch	noun
kilt	noun
nestor	noun
westside	noun
dredge	verb
multitasking	noun
confessional	noun
dumbo	noun
widdle	noun
reelection	noun
spitball	noun
munition	noun
shaver	noun
supremacist	noun
peon	noun
Bolivian	adj
topside	noun
teatime	noun
banzai	noun
callback	noun
stamper	noun
maw	noun
opiate	adj
splish	verb
burlesque	noun
headgear	noun
hanbok	noun
attila	noun
batgirl	noun
benni	noun
recoup	verb
relegate	verb
secular	adj
remembrance	noun
reheat	verb
feverish	adj
geographic	adj
dishevel	verb
reignite	verb
killjoy	noun
policewoman	noun
competitiveness	noun
genital	noun
melodrama	noun
moot	noun
deplorable	noun
polenta	noun
loosey	noun
wheeling	noun
skeletal	noun
tryst	noun
ruffian	noun
snorkeling	noun
tikka	noun
joss	noun
auld	adj
debutante	noun
oxytocin	noun
ozzie	noun
coney	noun
dieting	noun
sluice	noun
ninjutsu	noun
bokuto	noun
lightbulb	noun
validity	noun
flatbread	noun
groveling	noun
elegantly	adv
deathly	adj
skirmish	noun
euphemism	noun
Cambodian	adj
teal	noun
boardwalk	noun
homewrecker	noun
filmmaking	noun
sawdust	noun
bookmark	verb
equinox	noun
absorption	noun
zillion	noun
flabbergast	verb
admissible	adj
morell	noun
incinerator	noun
unbias	verb
serotonin	noun
garter	noun
tropic	noun
downsizing	noun
sidebar	noun
uninterested	adj
snub	verb
savoy	noun
rampaging	noun
safekeeping	noun
bequeath	verb
riser	noun
malia	noun
systemic	adj
cryo	noun
redcoat	noun
basher	noun
tassel	noun
Cayman	adj
typeface	noun
tootie	noun
edu	noun
Tico	adj
embellish	verb
carnation	noun
domesticate	noun
armband	noun
damnation	noun
coexistence	noun
dispensary	noun
banishment	noun
fearlessly	adv
gluttony	noun
dissing	noun
fungal	adj
procedural	adj
waltzing	noun
travesty	noun
embolism	noun
schoolteacher	noun
constrict	verb
hellacious	adj
defer	verb
betrayer	noun
myspace	noun
vindicate	verb
snipping	noun
abra	noun
awesomeness	noun
unicycle	noun
puta	noun
diorama	noun
snorkel	verb
gravestone	noun
alamo	noun
alphabetical	adj
carty	adj
dreadlock	noun
Siberian	adj
decomposition	noun
stringer	noun
amniotic	adj
lavatory	noun
oolong	noun
tachyon	noun
abaddon	noun
nayak	noun
renal	adj
slanted	adj
doer	noun
notarize	verb
ls	noun
cosmopolitan	noun
traitorous	adj
reachable	adj
stepsister	noun
quagmire	noun
tun	noun
scrotum	noun
metamorphosis	noun
carelessness	noun
reintroduce	verb
guac	noun
comer	noun
extraordinaire	noun
suspender	noun
misogyny	noun
fairground	noun
understaff	verb
exertion	noun
forevermore	adv
fandom	noun
terrier	noun
arroyo	noun
insincere	adj
scaling	noun
meathead	noun
witchy	adj
horseradish	noun
springing	noun
reassemble	verb
furlough	noun
songwriting	noun
flam	noun
kaji	noun
affluent	adj
aerospace	noun
mourner	noun
liposuction	noun
fashionista	noun
subbing	noun
belate	verb
photogenic	adj
geometric	adj
transformative	adj
impurity	noun
ala	adp
mito	noun
influx	noun
aristotle	noun
prong	noun
earthworm	noun
labrador	noun
predetermine	verb
irritation	noun
qualm	noun
stargazing	noun
jewellery	noun
humour	verb
bairn	noun
neg	noun
ere	adp
sandpiper	noun
insidious	adj
anyplace	adv
heartstring	noun
gameplay	noun
gasket	noun
Uruguayan	adj
flintstone	noun
grooving	noun
crux	noun
gastronomy	noun
delectable	adj
sixer	noun
combative	adj
strew	verb
rummage	verb
dandruff	noun
muzak	noun
crinkling	noun
uncertainly	adv
trev	noun
gama	noun
maraca	noun
abstinence	noun
croquet	noun
crayfish	noun
slaw	noun
oga	noun
ethically	adv
macro	adj
glassware	noun
holistic	adj
directorate	noun
berate	verb
pertaining	noun
loudmouth	noun
sleepwalk	verb
flowery	adj
hitchhiker	noun
undergrad	noun
unregister	verb
neckline	noun
resuscitation	noun
viceroy	noun
mothership	noun
hubcap	noun
foxtrot	noun
northeastern	adj
sportsman	noun
emphatic	noun
irk	verb
colliding	noun
innuendo	noun
mousetrap	noun
peeler	noun
seedy	adj
gt	noun
tabasco	noun
mulch	noun
bureaucratic	adj
vol	noun
skillfully	adv
miscreant	noun
pl	noun
coolness	noun
sherpa	noun
sop	verb
begum	noun
caressing	noun
gobbler	noun
cleve	noun
kami	noun
koki	noun
toxicity	noun
megastar	noun
Armenian	adj
aforementioned	adj
ghazi	noun
aesthetically	adv
outrank	verb
mummify	verb
fiancee	noun
symbolism	noun
soot	noun
distil	verb
overstate	verb
decaying	noun
incoherently	adv
unhappiness	noun
rout	noun
methodology	noun
flavoring	noun
gangbanger	noun
snapshot	noun
deco	noun
rivet	verb
blud	noun
outdoorsy	adj
scratcher	noun
patchy	adj
hubbub	noun
satiate	verb
fob	verb
kor	noun
dacoit	noun
esper	noun
OTF	adj
Ainu	adj
outwit	verb
bonne	noun
walkman	noun
jokester	noun
haram	noun
registrar	noun
rebrand	verb
suffocation	noun
tiding	noun
anthropologist	noun
sicken	verb
deejay	verb
afoot	adj
repute	noun
anemic	adj
saree	noun
respite	noun
dreary	adj
socialism	noun
emancipation	noun
pantyhose	noun
fluctuation	noun
ghee	noun
defecate	verb
magnanimous	adj
fraternize	verb
Swayze	adj
netherworld	noun
grassland	noun
wryly	adv
ostracize	verb
sucky	noun
ironclad	noun
resect	verb
bracing	noun
academia	noun
racially	adv
partisan	noun
crouton	noun
moonlit	adj
corduroy	noun
gulch	noun
jiggy	adj
stegosaurus	noun
martel	noun
waistband	noun
polymer	noun
tardiness	noun
stasis	noun
assent	noun
scuff	verb
dolt	noun
woodward	noun
alderman	noun
sherbet	noun
Romani	adj
satoshi	noun
concha	noun
racketeering	noun
laird	noun
delaine	noun
danton	verb
mahone	noun
skepticism	noun
thereof	adv
conning	noun
untrustworthy	adj
beautician	noun
renter	noun
mugger	noun
sixties	adj
morsel	noun
mentee	noun
bolognese	noun
arousal	noun
fatherly	adj
platypus	noun
macchiato	noun
nutter	noun
gumball	noun
impossibly	adv
purposefully	adv
staffer	noun
treetop	noun
overzealous	adj
flagpole	noun
hysterectomy	noun
rebuttal	noun
joanie	noun
mope	noun
bloodlust	noun
artisanal	adj
coolant	noun
engross	verb
zipped	adj
pomp	noun
yessir	noun
shindig	noun
gorgon	noun
brainwave	noun
yukata	noun
bodhisattva	noun
capsize	noun
divination	noun
basking	noun
halal	adj
incoherent	adj
taillight	noun
schoolboy	noun
organizational	adj
riad	noun
palsy	noun
legislator	noun
erectile	adj
floodgate	noun
maneuvering	noun
geology	noun
advert	noun
gash	verb
thorny	adj
standup	noun
bombardment	noun
straggler	noun
BL	adj
shagging	noun
laughable	adj
rippling	noun
computing	noun
timekeeper	noun
coattail	noun
macadamia	noun
throwback	noun
precipice	noun
brainiac	noun
inhibit	verb
jargon	noun
stabilizer	noun
plume	verb
compute	verb
tash	noun
repo	noun
lg	noun
grouch	noun
commandeer	verb
affectionately	adv
bluebird	noun
thoracic	noun
toga	noun
jailbird	noun
spinny	adj
bullhorn	noun
pav	noun
capybara	noun
eloping	noun
mincemeat	noun
simplistic	adj
beaut	noun
growler	noun
loli	noun
defame	verb
jaundice	verb
slandering	noun
piety	noun
overcrowded	adj
britch	noun
crowding	noun
toothache	noun
suss	noun
modem	noun
striptease	noun
gerbil	noun
workspace	noun
vaseline	noun
ravenous	adj
bower	noun
unqualify	verb
cynic	noun
marvellous	adj
whiteboard	noun
scrunch	verb
terminology	noun
burro	noun
serviceman	noun
knocker	noun
slugger	noun
clocking	noun
elm	noun
veranda	noun
oddball	noun
subterranean	adj
appraise	verb
showmanship	noun
upgrading	noun
cress	noun
hearth	noun
entrepreneurial	adj
bulging	noun
everglade	noun
seamlessly	adv
choker	noun
robocop	noun
ute	noun
timepiece	noun
viscount	noun
ssh	verb
harlot	noun
Tibetan	adj
outplay	verb
boxcar	noun
XO	adj
enhancer	noun
inaugurate	verb
adjutant	noun
wormwood	noun
diviner	noun
taiga	noun
bhagat	noun
re	noun
mountainside	noun
laze	noun
dow	noun
hookah	noun
seashore	noun
smithereen	noun
reflux	noun
cr	noun
disobedience	noun
grubby	noun
innovator	noun
innocently	adv
promissory	adj
lifer	noun
waterway	noun
contraceptive	noun
debilitate	verb
surly	adj
interject	verb
authoritarian	adj
baroness	noun
complicity	noun
flabby	adj
yuppie	noun
escalation	noun
normalcy	noun
induct	verb
echelon	noun
wile	verb
camcorder	noun
gentrification	noun
dag	noun
archetype	noun
snowmobile	noun
spotty	noun
drab	noun
collaborative	adj
whit	noun
sniping	noun
colossus	noun
working	noun
merc	noun
structurally	adv
suggestive	adj
sparse	adj
blam	noun
lemongrass	noun
clamouring	noun
inedible	noun
spitfire	noun
escargot	noun
rf	noun
laddie	noun
Véronique	adj
dango	noun
burl	noun
bhaiyya	noun
shipwright	noun
warthog	noun
criminally	adv
boldness	noun
sunblock	noun
abound	verb
whirling	noun
hairdryer	noun
wetsuit	noun
spectacularly	adv
pothead	noun
chauvinist	noun
purposeful	adj
overpay	verb
executor	noun
psalm	noun
prim	noun
schmooze	verb
perfecto	noun
brisk	verb
plaintive	adj
irreparable	adj
pandemonium	noun
retina	noun
indiscretion	noun
dwindling	noun
honing	noun
divider	noun
lightsaber	noun
commendation	noun
smog	noun
sombrero	noun
zookeeper	noun
chinchilla	noun
kiev	noun
converter	noun
littering	noun
telekinesis	noun
offload	verb
permeate	verb
deliverance	noun
rectangular	adj
weeny	noun
ketch	noun
blub	noun
mera	noun
croaker	noun
dono	noun
grampa	noun
familial	adj
lapel	noun
silliness	noun
amicably	adv
kinship	noun
contracting	noun
libero	noun
hypnotist	noun
carpentry	noun
lynx	noun
zapper	noun
swatting	noun
inception	noun
conjuring	noun
verbatim	noun
castaway	noun
rehire	noun
harbour	verb
workroom	noun
minibar	noun
honcho	noun
caricature	noun
visualization	noun
EO	adj
pseudonym	noun
slobber	noun
combustible	noun
bushel	noun
crewman	noun
armada	noun
icebreaker	noun
brig	noun
pff	intj
sitch	noun
quavering	noun
nitrate	noun
instinctive	adj
disbar	verb
happi	noun
marbling	noun
macabre	adj
demigod	noun
taper	verb
hauler	noun
jaz	noun
andromeda	noun
wildebeest	noun
kriss	noun
hippocampus	noun
florentine	noun
issei	noun
aldrin	noun
bootsy	adj
maiko	noun
bedsheet	noun
gait	noun
insistence	noun
coed	noun
nominal	noun
semblance	noun
nevermind	noun
replaying	noun
rebuke	verb
prosthesis	noun
ecological	adj
mukhtar	noun
disparity	noun
tartar	noun
krone	noun
exposé	noun
windpipe	noun
sharpie	noun
antiseptic	noun
drugging	noun
uncontrollably	adv
beanstalk	noun
understate	verb
seeping	noun
infertility	noun
misdirection	noun
girdle	noun
bilateral	adj
crier	noun
heckle	verb
tr	noun
forego	verb
bandwidth	noun
hitchhiking	noun
reuniting	noun
myrtle	noun
giddyup	verb
pretender	noun
wallowing	noun
rouse	verb
defrost	verb
entanglement	noun
boozy	adj
beluga	noun
acclimate	verb
piccolo	noun
huckleberry	noun
archaic	noun
kitsune	noun
jiff	noun
theta	noun
rolly	noun
vid	noun
palladium	noun
salo	noun
downgrade	verb
sonogram	noun
consoling	noun
conceptual	adj
dinar	noun
blacken	verb
zaman	noun
teriyaki	noun
keto	noun
epilogue	noun
preferable	adj
concealment	noun
neuter	noun
slimmer	noun
symposium	noun
wat	noun
figurehead	noun
adaptable	adj
salivate	verb
ebb	verb
glitz	noun
carving	noun
impairment	noun
trifecta	noun
genitalia	noun
swastika	noun
rambler	noun
cruelly	adv
curie	noun
bountiful	adj
nuptial	adj
newsflash	noun
amaretto	noun
looby	noun
rancho	noun
misprint	noun
spaceman	noun
depiction	noun
restaurateur	noun
compilation	noun
potluck	noun
cate	noun
dunking	noun
saur	noun
wearable	noun
rosette	noun
arum	noun
veena	noun
zai	adj
satori	noun
krona	noun
nitty	noun
millionth	noun
nudist	noun
debauchery	noun
median	noun
skimming	noun
guardianship	noun
consequently	adv
lieu	noun
cardiology	noun
unattainable	noun
yamen	noun
damnit	intj
carbonate	verb
uncut	adj
alum	noun
benevolence	noun
duster	noun
peppercorn	noun
fumbling	noun
wording	noun
oddity	noun
periscope	noun
mockingbird	noun
preferential	adj
trafficked	adj
recant	verb
plonk	noun
arrivederci	noun
parakeet	noun
immersive	adj
swimwear	noun
trachea	noun
doubly	adv
entryway	noun
mouthwash	noun
motif	noun
lactate	verb
derogatory	noun
alight	verb
termite	noun
hoisting	noun
aft	noun
snazzy	adj
haggle	verb
roan	noun
aioli	noun
mugwort	noun
pinkeye	noun
cutlass	noun
chupa	noun
eldritch	adj
tola	noun
sanjo	noun
manel	noun
misspeak	verb
moronic	adj
exclusivity	noun
tardy	noun
dar	noun
prance	verb
engraving	noun
statistical	adj
cooler	noun
periodically	adv
intermediate	adj
cleft	noun
tutelage	noun
pensioner	noun
nightcap	noun
overture	noun
softener	noun
reiki	noun
mir	noun
twink	noun
courtside	noun
disillusion	noun
shitstorm	noun
afterthought	noun
octagon	noun
wrangler	noun
clavicle	noun
flawlessly	adv
gifting	noun
rotisserie	noun
resonant	noun
jammy	noun
rapture	verb
unread	noun
rectal	noun
dreg	noun
undeniably	adv
tattletale	noun
reb	noun
undetectable	adj
unsavory	adj
armament	noun
quaver	noun
wight	noun
atypical	noun
lite	noun
joust	noun
NJ	adj
singularity	noun
burgess	noun
warmer	noun
wendigo	noun
bere	noun
tugboat	noun
kemper	noun
posterior	adj
soiree	noun
sandpaper	noun
entree	noun
jarrah	noun
sahib	noun
ashoka	noun
hellhound	noun
gaja	noun
depravity	noun
fil	noun
Singaporean	adj
unscrupulous	adj
sapling	noun
scowl	noun
bottling	noun
pessimist	noun
lawman	noun
confines	noun
overstay	verb
chaste	adj
loofah	noun
oxide	noun
bicep	noun
narration	noun
mediocrity	noun
keycard	noun
planter	noun
dyslexic	noun
deadlock	verb
phoning	noun
cliffhanger	noun
aspirational	adj
improbable	adj
tumultuous	adj
dastardly	adj
emporium	noun
untrained	adj
sriracha	noun
bitterly	adv
fashionably	adv
clopping	noun
castellano	noun
airwave	noun
aeroplane	noun
scavenging	noun
savoring	noun
ell	noun
nitpick	verb
showgirl	noun
topaz	noun
incline	noun
spaz	verb
cede	verb
heatwave	noun
me	noun
carnivorous	adj
wiki	noun
bludgeon	noun
lamination	noun
whammy	noun
hurriedly	adv
Kenyan	adj
unaffected	adj
repeal	verb
sphincter	noun
stodgy	adj
bara	noun
amrita	noun
quintuplet	noun
iman	noun
accumulation	noun
indignity	noun
unlicense	verb
juicer	noun
breadstick	noun
doughy	noun
nitpicking	noun
misdeed	noun
abnormally	adv
profiterole	noun
dialog	noun
fencer	noun
annually	adv
kayaking	noun
coupe	noun
buttering	noun
analytical	adj
localize	verb
pâté	noun
softy	noun
continuation	noun
feeler	noun
ajar	verb
junker	noun
crustacean	noun
mujahid	noun
doke	noun
convo	noun
anterior	adj
herniate	verb
thon	adj
concealer	noun
salve	noun
whopper	noun
Viet	adj
extensively	adv
sleuth	noun
inexcusable	adj
translucent	adj
canton	noun
cutoff	noun
periodic	adj
clotting	noun
bespeak	noun
snowfall	noun
smither	noun
cavalier	noun
eyeglass	noun
anemone	noun
epinephrine	noun
multitask	verb
gooseberry	noun
supple	verb
blanch	verb
numbness	noun
barkeep	noun
deckhand	noun
parsnip	noun
boron	noun
energon	noun
okada	noun
palpitation	noun
tribune	noun
intrusive	noun
standing	noun
overdress	verb
savagery	noun
subjugate	verb
detachment	noun
biometric	adj
animator	noun
dignitary	noun
retweet	noun
sharpener	noun
licence	noun
defraud	verb
elitist	noun
snog	verb
trifling	noun
petri	noun
embargo	verb
hygienic	adj
subversive	noun
beady	adj
egregious	adj
bashful	adj
ide	noun
elicit	verb
poltergeist	noun
pantsuit	noun
cornering	noun
twangy	adj
abundantly	adv
rickety	adj
overseer	noun
indispose	verb
connector	noun
protrude	verb
abrasion	noun
deniability	noun
Geraldine	adj
stirrup	noun
thistle	noun
kumbaya	noun
biotech	noun
ratty	adj
eastside	noun
homemaker	noun
squalor	noun
skimp	verb
bullfrog	noun
sneer	verb
woodsy	adj
splashy	adj
mystify	verb
screwup	noun
dominator	noun
coupling	noun
rewire	verb
ney	noun
netball	noun
toge	noun
pog	noun
weensy	adj
nin	noun
bullfighter	noun
purifier	noun
juve	noun
stratum	noun
loveless	adj
unconstitutional	adj
eviscerate	verb
daffodil	noun
estimation	noun
memorandum	noun
ripen	verb
teat	noun
latrine	noun
joystick	noun
zinc	noun
lumbar	noun
sunroof	noun
jokingly	adv
groping	noun
siesta	noun
colic	noun
bracken	noun
impressionable	noun
expenditure	noun
amazement	noun
songbird	noun
fidget	noun
trope	noun
parm	noun
undercut	noun
barrister	noun
speakeasy	noun
encircle	verb
catfishing	noun
cypress	noun
recalibrate	verb
waa	noun
grassy	adj
areola	noun
sud	noun
squabbling	noun
scamp	noun
carabinieri	noun
boink	verb
pott	noun
viscus	noun
pres	noun
quinton	noun
toyman	noun
dooby	noun
boog	verb
songstress	noun
tipu	noun
governmental	adj
nuthouse	noun
evildoer	noun
immortalize	verb
coldness	noun
inactive	adj
congenital	adj
Algerian	adj
clinically	adv
infallible	adj
geologist	noun
horizontally	adv
prevalent	adj
saleswoman	noun
alm	noun
balk	verb
testicular	adj
lopsided	adj
hep	noun
homophobe	noun
lounging	noun
jezebel	noun
hairball	noun
foreskin	noun
charcuterie	noun
coz	noun
badgering	noun
sideshow	noun
showboat	verb
lightness	noun
froth	verb
thatch	verb
rasta	noun
dingy	adj
pursuer	noun
aerodynamic	adj
outlandish	adj
Dalmatian	adj
perversion	noun
incendiary	noun
disembark	verb
kensington	noun
anthropology	noun
frock	noun
cobble	verb
gazillion	noun
reshape	verb
fissure	noun
hokey	adj
cobblestone	noun
overuse	noun
locator	noun
voyager	noun
printout	noun
buzzard	noun
cranial	adj
carnal	adj
underfoot	noun
Gujarati	adj
antigen	noun
cloaking	noun
kenpo	noun
omi	noun
prefectural	adj
hajj	noun
miser	noun
fidgeting	noun
maa	verb
natty	noun
backgammon	noun
moneymaker	noun
testimonial	noun
legality	noun
formaldehyde	noun
kindle	verb
boisterous	adj
rainwater	noun
misinform	verb
promenade	noun
unplan	verb
gratification	noun
backtrack	verb
fjord	noun
grouping	noun
biddy	noun
jetty	noun
recluse	noun
nonchalantly	adv
purdy	adj
whimsy	noun
functionality	noun
gif	noun
heartedly	adv
flappy	adj
conquistador	noun
lattice	noun
Tudor	adj
middleweight	noun
sicario	noun
boathouse	noun
leotard	noun
chirrup	noun
mosey	verb
rockstar	noun
menial	noun
chafe	verb
Lankan	adj
ism	noun
hurtle	noun
dinky	noun
proto	noun
frangipane	noun
whap	noun
infertile	adj
bringer	noun
eczema	noun
undivided	adj
reinvestigate	verb
overview	noun
acrobatic	adj
fawning	noun
hospitable	adj
practising	noun
regress	verb
saboteur	noun
miniskirt	noun
tonne	noun
spiderman	noun
destitute	verb
elderflower	noun
attaché	noun
straitjacket	noun
flak	noun
eminent	adj
distrustful	adj
throuple	noun
mettle	noun
cranium	noun
insurmountable	adj
left	noun
signore	noun
lona	noun
workstation	noun
fearfully	adv
bilingual	noun
instantaneous	adj
reefer	noun
inanimate	noun
unrelenting	adj
tentative	adj
ita	noun
unsolicited	adj
analyzer	noun
theorem	noun
glitchy	adj
entwine	verb
cabernet	noun
mauve	noun
epoxy	noun
hootenanny	noun
simran	noun
fulcrum	noun
ashe	noun
voyeur	noun
prissy	noun
hermie	noun
dau	noun
pica	noun
seg	noun
haddock	noun
plentiful	adj
alfa	noun
specification	noun
foreseeable	adj
absurdity	noun
adoration	noun
tireless	adj
imperialist	noun
broach	verb
atari	noun
uninterrupted	adj
feigning	noun
bough	noun
luminous	adj
burlap	noun
honorably	adv
reestablish	verb
groundless	adj
ideological	adj
whoring	noun
realness	noun
frolick	verb
pneumatic	noun
scraper	noun
moto	noun
medicare	noun
squarely	adv
backslide	noun
ventricular	adj
fleshy	adj
uppity	adj
kindling	noun
pontoon	noun
shoplift	verb
lineman	noun
uc	noun
herding	noun
excerpt	noun
emergence	noun
vicariously	adv
infomercial	noun
tinsel	noun
massager	noun
winkle	noun
plexus	noun
catty	noun
glowy	adj
commonplace	noun
bendy	noun
seminary	noun
literacy	noun
bratty	noun
inexpensive	adj
artificially	adv
bromance	noun
octave	noun
cowabunga	intj
rabble	noun
cherub	noun
dreamcatcher	noun
teahouse	noun
daimyo	noun
paan	noun
inti	noun
regrettably	adv
overcompensate	verb
pessimism	noun
unending	adj
raya	noun
ventilate	verb
motionless	adj
intercede	verb
dexterity	noun
menswear	noun
spiny	noun
fatherland	noun
lethargic	adj
applicable	adj
gunslinger	noun
unconfirm	verb
nanna	noun
angling	noun
gnat	noun
worldview	noun
fortify	verb
persistently	adv
prose	noun
entrap	verb
lyrical	adj
dinghy	noun
precedence	noun
digitally	adv
collegiate	noun
unbridle	verb
jousting	noun
dap	noun
motorcade	noun
bumbling	noun
baggie	noun
crouching	noun
morose	adj
peaky	adj
rancid	adj
lawmaker	noun
regulatory	adj
melodically	adv
glute	noun
expertly	adv
lobotomy	noun
Siamese	adj
legalization	noun
bamboozle	verb
encroach	noun
oliva	noun
bhangra	noun
weightless	adj
sarin	noun
bastion	noun
pollard	noun
ger	noun
miscarry	verb
adjoin	verb
duplex	noun
sanctity	noun
impertinent	noun
halve	verb
rpm	noun
burly	adj
academically	adv
refinement	noun
Ethiopian	adj
vii	noun
handbrake	noun
follicle	noun
magnate	noun
warring	noun
nuanced	adj
wallop	verb
flatmate	noun
emotionless	adj
underhand	noun
oscillate	verb
trampling	noun
doula	noun
snarky	adj
supersize	verb
dollop	noun
lactic	adj
philharmonic	noun
hemming	noun
cretin	noun
nous	noun
hideaway	noun
studious	adj
servo	noun
accompaniment	noun
wildcard	noun
dit	noun
incognito	noun
batten	verb
bobcat	noun
soapy	noun
eval	noun
moonie	noun
physiology	noun
inconspicuous	adj
influenza	noun
nad	noun
heparin	noun
theology	noun
bibble	noun
snell	noun
protectorate	noun
clergy	noun
categorically	adv
procreate	verb
facilitator	noun
neighbourhood	noun
impulsively	adv
digress	verb
gutless	adj
passer	noun
sawmill	noun
redheaded	adj
retraction	noun
lookalike	noun
adequately	adv
smit	noun
warpath	noun
comatose	verb
footnote	noun
reprieve	verb
spiel	noun
misfire	verb
janky	adj
groomer	noun
caving	noun
incursion	noun
fructose	noun
motorize	verb
crumpet	noun
immeasurable	noun
cleave	verb
invulnerable	adj
abdicate	verb
sashay	verb
pendragon	noun
sharpness	noun
malarkey	noun
dispirit	verb
gristle	noun
overcharge	verb
gila	adj
lute	noun
zipline	noun
desktop	noun
caz	adj
hollyhock	noun
centimetre	noun
revamp	verb
cannibalism	noun
atelier	noun
exalt	verb
morn	noun
esquire	noun
pitting	noun
circumcision	noun
scarcity	noun
falconer	noun
frolic	noun
monolith	noun
jogger	noun
wringer	noun
udder	noun
neutron	noun
cava	noun
jammie	noun
antiquated	adj
recline	noun
leapfrog	noun
footy	noun
scrapyard	noun
tamponade	noun
inescapable	adj
milla	noun
boisterously	adv
grisly	noun
bola	noun
chasm	noun
onyx	noun
benzo	noun
substantiate	verb
raze	noun
freakishly	adv
nanobot	noun
snuffle	noun
routinely	adv
crewmate	noun
taft	verb
environmentalist	noun
juggler	noun
oohing	noun
pur	noun
phantasm	noun
rill	noun
paperboy	noun
zoomer	noun
riffle	noun
amaryllis	noun
sukiyaki	noun
radon	noun
chela	noun
unbecoming	noun
uncouth	adj
dissident	noun
epileptic	noun
subsidize	verb
dishonesty	noun
disobedient	noun
overact	verb
foundry	noun
torrent	noun
sentimentality	noun
welling	noun
reconvene	verb
unnamed	adj
birdhouse	noun
jovial	adj
ich	noun
proprietor	noun
radial	noun
tenet	noun
sifting	noun
prideful	adj
monetize	verb
encapsulate	verb
insurrection	noun
impatience	noun
inadmissible	noun
wherewithal	noun
bambino	noun
sprocket	noun
securely	adv
flossing	noun
numerical	adj
crunk	noun
unseal	verb
relativity	noun
banyan	noun
invalidate	verb
unlist	verb
blot	verb
veneer	noun
mort	noun
seabed	noun
steely	adj
minx	noun
bedpan	noun
centrifuge	noun
razz	noun
hayward	noun
methadone	noun
picard	noun
obelisk	noun
luge	noun
calzone	noun
hemlock	noun
displacement	noun
demerit	noun
newsstand	noun
fairbank	verb
gobi	noun
cotillion	noun
entrail	noun
clairvoyance	noun
gul	noun
rade	noun
nidal	adj
belittling	adj
accuser	noun
lifelike	adj
pouty	adj
slasher	noun
preemptive	adj
geographical	adj
progeny	noun
impoverish	verb
fonda	noun
durability	noun
stratosphere	noun
fanboy	noun
ferocity	noun
streetlight	noun
goer	noun
gossipy	adj
rearranging	noun
arousing	noun
ejaculation	noun
cellblock	noun
inexplicably	adv
hovel	noun
radicalize	verb
frazzled	adj
satchel	noun
hippopotamus	noun
roaster	noun
zenith	noun
infiltrator	noun
parasitic	noun
cleanser	noun
gibbon	noun
eighties	adj
overwrite	noun
workhorse	noun
limber	noun
retention	noun
throb	noun
transference	noun
conn	noun
pushback	noun
praetorian	noun
cutty	noun
unafraid	adj
interlude	noun
institutionalize	verb
gank	verb
glutinous	adj
ware	verb
taut	adj
scavenge	verb
conk	noun
doting	noun
agar	noun
exacerbate	verb
cockatoo	noun
bodywork	noun
supermax	noun
solvent	noun
pleasurable	adj
bulla	noun
audiobook	noun
covey	noun
hakeem	noun
roulade	noun
airstream	noun
harlequin	noun
dressage	noun
basilisk	noun
acha	noun
spontaneity	noun
inappropriately	adv
longitude	noun
occupancy	noun
differential	noun
facelift	noun
pitfall	noun
falsehood	noun
dentistry	noun
thirdly	adv
placate	verb
cataract	noun
satire	noun
hotness	noun
ventriloquist	noun
hopelessness	noun
balaclava	noun
swig	noun
remedial	noun
headhunter	noun
undisclosed	adj
whence	adv
moderately	adv
upheaval	noun
wallah	noun
conducive	adj
inexperience	noun
jiggling	noun
parading	noun
glissando	noun
perforate	verb
cornhole	noun
mopey	adj
pollinate	verb
benchmark	noun
severing	noun
mailer	noun
Philippine	adj
anglo	noun
rebar	noun
edamame	noun
decibel	noun
invitational	noun
heartthrob	noun
burdensome	adj
geeky	adj
bando	noun
interstellar	adj
Monterey	adj
bookshop	noun
backlog	verb
partridge	noun
dele	noun
auburn	noun
coulis	noun
sauerkraut	noun
flippant	adj
fairway	noun
skol	verb
reiter	noun
economical	adj
cabbie	noun
springy	adj
galleon	noun
nawab	noun
impractical	adj
centrepiece	noun
tish	noun
dreidel	noun
petitioner	noun
primus	noun
frizz	noun
biko	noun
bahar	noun
atrophy	verb
tahini	noun
khalifa	noun
washy	noun
familiarize	verb
statesman	noun
punitive	adj
dutiful	adj
tricep	noun
sleight	noun
logistical	adj
synonym	noun
rationalize	verb
auditory	noun
dunce	noun
shoemaker	noun
newscast	noun
realign	verb
unyielding	adj
strategizing	noun
voluptuous	adj
uneventful	adj
carte	noun
awning	noun
lyricist	noun
sagging	noun
girth	noun
affront	verb
slumming	noun
imposition	noun
chessboard	noun
remiss	adj
breathy	adj
roomy	adj
inching	noun
teeter	noun
anticipatory	adj
tarnation	noun
incredulous	adj
meditative	adj
disclaimer	noun
mudflat	noun
squirrelly	adj
unshakable	adj
spiffy	noun
dropship	noun
crawler	noun
divvy	verb
bluebell	noun
kevlar	noun
shuck	verb
tinfoil	noun
parishioner	noun
tumbleweed	noun
langer	noun
mischievously	adv
metabolic	noun
bundt	noun
overhaul	verb
evangelical	noun
nickering	noun
cline	noun
romper	noun
washcloth	noun
uproarious	adj
luxe	noun
annulment	noun
kain	noun
perf	verb
batu	noun
maharaja	noun
ambar	noun
netizen	noun
laddoo	noun
escapade	noun
informally	adv
parasol	noun
matchstick	noun
semantics	noun
seedling	noun
sanding	noun
resetting	noun
decently	adv
Sanskrit	adj
sidestep	verb
sediment	noun
unclean	adj
excrement	noun
reluctance	noun
distasteful	adj
contraception	noun
mortifying	noun
tenement	noun
codename	verb
miro	noun
coldly	adv
GMO	adj
decompression	noun
industrialist	noun
expend	verb
standout	noun
sciatica	noun
handcraft	verb
dislodge	verb
appy	noun
mentorship	noun
taquito	noun
chapstick	noun
shebang	noun
bulkhead	noun
pina	noun
punta	noun
frittata	noun
biding	noun
juicing	noun
olympiad	noun
chemically	adv
fecal	adj
socko	adj
infamy	noun
lothario	noun
oma	noun
bunchy	adj
interracial	adj
asymmetrical	adj
traceable	adj
pung	noun
horst	noun
unmistakable	adj
making	noun
treacle	noun
cornstarch	noun
zilch	noun
storyboard	noun
tyrannical	adj
doobie	noun
gourmand	noun
rhapsody	noun
delly	adj
capricious	adj
househusband	noun
figgy	adj
furball	noun
bolus	noun
pygmy	noun
hotpot	noun
diamante	noun
katsu	noun
bankbook	noun
bahadur	noun
furnishing	noun
livable	adj
pulpit	noun
precautionary	adj
clairvoyant	noun
breadth	noun
embalm	verb
earner	noun
Kurdish	adj
agitation	noun
braiding	noun
transitional	adj
stipend	noun
gleeful	adj
obstinate	adj
proportional	noun
cellulite	noun
bookkeeping	noun
conditional	noun
moniker	noun
commuter	noun
tanking	noun
hemoglobin	noun
bandmate	noun
valiantly	adv
welch	noun
accessorize	verb
rampart	noun
watchtower	noun
arbor	noun
guv	noun
inoperable	adj
untreated	adj
regenerative	adj
cornfield	noun
smokescreen	noun
rafting	noun
frenemy	noun
transsexual	noun
footfall	noun
conversational	adj
indomitable	adj
notwithstanding	adp
gallivant	verb
hither	adj
crawly	adj
authoritative	adj
obvi	adj
grout	noun
rive	verb
stiffen	verb
reconfigure	verb
abbreviation	noun
lode	noun
reo	noun
mex	noun
tach	noun
finny	adj
lathe	noun
shug	noun
anachronism	noun
garrick	noun
koku	noun
complementary	adj
multicultural	adj
accurse	verb
universally	adv
quarreling	noun
sleeveless	adj
supremely	adv
physiological	adj
recourse	noun
undervalue	noun
innermost	adj
viewership	noun
shelve	noun
labia	noun
templar	noun
fascism	noun
gorm	verb
objectify	verb
bayonet	noun
fixable	adj
vigilance	noun
groomsman	noun
hightail	verb
confound	verb
suntan	verb
supercomputer	noun
saltiness	noun
aviator	noun
reloading	noun
thankless	adj
pare	verb
firefighting	noun
homebody	noun
paperweight	noun
inaccessible	noun
impediment	noun
inflexible	adj
tweed	noun
slink	noun
bassist	noun
shrilly	adj
sanctify	verb
mitra	noun
poi	noun
purview	noun
kirsch	noun
epipen	noun
donner	noun
forehand	noun
devourer	noun
vacay	noun
liquefy	verb
bailout	noun
dist	noun
unrestrained	adj
gateau	noun
limiter	noun
moulin	noun
harl	noun
wolfman	noun
lek	noun
angor	noun
jemmy	noun
phosphorus	noun
rethinking	noun
fattening	noun
ambiguity	noun
floater	noun
argumentative	adj
archenemy	noun
booklet	noun
idealist	noun
obsessively	adv
instigator	noun
micromanage	verb
supplementary	noun
trimmer	noun
hallo	noun
wiretapping	noun
sapien	noun
correlate	verb
infer	verb
condominium	noun
tuft	verb
freakish	adj
retort	verb
bobble	noun
longhorn	noun
sprouting	noun
mythological	adj
rt	noun
belligerent	noun
treatable	adj
reunification	noun
scarcely	adv
unfazed	adj
backpacking	noun
dissonant	adj
leno	noun
sociology	noun
neve	noun
storefront	noun
refresher	noun
raucously	adv
poutine	noun
absolution	noun
moonlighting	noun
mountie	noun
jakey	noun
yoink	noun
trike	noun
skeeter	noun
nymph	noun
wry	noun
rolf	verb
Ludlow	adj
caroling	noun
exorbitant	adj
impasse	noun
whippet	noun
botany	noun
bakewell	noun
schnapps	noun
sagan	noun
jalebi	noun
bombe	noun
sweetwater	noun
capitano	noun
yakiniku	noun
snide	adj
formative	noun
analytics	noun
unequivocally	adv
psychotherapy	noun
terrestrial	adj
procrastinate	verb
notably	adv
shiraz	noun
philanthropy	noun
enoch	noun
malnourish	verb
ratatouille	noun
chanterelle	noun
legislature	noun
ordnance	noun
logbook	noun
polyamorous	adj
kickboxing	noun
readjust	verb
klar	noun
rollie	noun
wittle	adj
upkeep	noun
clammy	adj
netting	noun
giggly	adj
tenderly	adv
gutting	noun
guffawing	noun
transcendent	adj
zippo	verb
autoimmune	adj
bloodsucker	noun
enabler	noun
amethyst	noun
lickety	adv
oblique	noun
skew	noun
busk	verb
sympathizer	noun
garda	noun
pointe	noun
modelling	noun
extenuate	verb
holographic	adj
juke	noun
cumulative	adj
coli	noun
hoedown	noun
forlorn	noun
reviewer	noun
ascendant	noun
bisque	noun
restorative	noun
bilge	noun
backboard	noun
tawny	noun
egret	noun
garba	noun
grizz	noun
gena	noun
raki	noun
melton	noun
fuku	noun
karakurt	noun
chandu	noun
prerequisite	noun
servicing	noun
craniotomy	noun
deluge	noun
bodi	noun
endearment	noun
apnea	noun
thinning	noun
brokenhearted	adj
fluctuate	verb
braille	noun
smartly	adv
shoebox	noun
lisp	noun
duality	noun
overexcite	verb
tse	noun
blowback	noun
humpback	noun
equator	noun
apprenticeship	noun
scuttle	verb
windfall	noun
underpay	verb
highlander	noun
unassuming	adj
chloride	noun
rotunda	noun
relent	verb
wriggling	noun
proofing	noun
cautionary	adj
northbound	adj
sequester	noun
majestie	noun
mollusk	noun
fondle	verb
amadou	noun
skanky	adj
aftereffect	noun
foreclosure	noun
herein	adv
altruistic	adj
xerox	verb
harnessing	noun
successive	adj
nub	noun
tantric	adj
hexagon	noun
rework	verb
tranq	noun
convulse	verb
pylon	noun
footloose	adj
gorg	adj
parenthesis	noun
anima	noun
fiz	noun
blanky	adj
broil	noun
iodine	noun
restitution	noun
copa	adj
hoy	noun
trilby	noun
galloway	noun
eros	noun
rakhi	noun
idli	noun
kajal	noun
palindrome	noun
agra	noun
Irani	adj
sunder	verb
fluently	adv
recheck	verb
spool	noun
neverland	noun
obscenity	noun
handrail	noun
seventies	adj
weightlifting	noun
unopened	adj
patronage	noun
pyjama	noun
harmonic	noun
drivel	noun
SL	adj
extramarital	adj
majorly	adv
tolerable	adj
hygienist	noun
omission	noun
authentically	adv
prophesy	verb
classically	adv
resupply	noun
vail	noun
indulgence	noun
grassroots	adj
ailing	noun
repossess	verb
kaput	adj
abrasive	adj
bluegrass	noun
dowel	noun
skelter	noun
sais	noun
dyslexia	noun
skittish	adj
brimstone	noun
unsheathe	verb
pissy	adj
carpal	noun
muchacho	noun
womanhood	noun
propagate	verb
cuppa	noun
marketer	noun
caf	noun
unfocus	verb
nucleus	noun
cucaracha	noun
ambrosia	noun
upend	verb
speculative	adj
helipad	noun
rubicon	noun
hacksaw	noun
doot	noun
suckling	noun
humbug	noun
stubble	noun
wombat	noun
slaving	noun
quaker	noun
billow	noun
tizzy	noun
pupa	noun
reliability	noun
lanier	noun
cockle	noun
velvety	adj
anju	noun
metronome	noun
chaise	noun
fathead	noun
morello	noun
dengue	noun
yae	noun
captioning	noun
sakaki	noun
ruan	noun
emirate	noun
habib	noun
zesty	adj
consecutively	adv
throe	noun
detriment	noun
barcode	noun
cornea	noun
endoscopy	noun
licker	noun
gaudy	noun
caveat	noun
expansive	adj
taxation	noun
beeline	noun
canapé	noun
marginal	adj
dutchman	noun
versatility	noun
congregate	verb
jawbreaker	noun
betterment	noun
kanga	noun
malevolent	adj
surmise	verb
cull	verb
obscurity	noun
motorsport	noun
ver	noun
appendage	noun
rolodex	noun
polyp	noun
mayflower	noun
lindy	noun
backwater	noun
outset	noun
blackface	noun
canvassing	noun
cagey	adj
opp	noun
laine	noun
savin	noun
fistful	noun
medevac	noun
designation	noun
convolute	verb
virile	adj
brigand	noun
gentlemanly	adj
quart	noun
incessant	adj
decathlon	noun
elasticity	noun
mentalist	noun
rudimentary	noun
amphibian	noun
grunge	noun
congested	adj
flapper	noun
doodad	noun
yellowtail	noun
langoustine	noun
unclog	verb
bastille	noun
retouch	noun
bodysuit	noun
dandiya	noun
procurement	noun
candida	noun
shrike	noun
colum	noun
infante	noun
abo	noun
ibn	noun
nationalism	noun
interconnected	adj
religiously	adv
politeness	noun
runaround	noun
reddish	adj
equine	adj
smugly	adv
seclusion	noun
domineering	noun
fumigate	verb
monotonous	adj
legitimize	verb
br	noun
biggy	noun
buss	noun
steeler	noun
tibia	noun
augmentation	noun
diction	noun
emasculate	verb
cornucopia	noun
crackdown	noun
natal	adj
cockney	noun
buccaneer	noun
solitaire	noun
blistering	noun
undue	adj
parkway	noun
flail	noun
undertone	noun
lifeblood	noun
grimy	adj
lear	noun
dibble	noun
typhoid	noun
readiness	noun
derelict	noun
chevron	noun
balboa	noun
unscrew	verb
vermouth	noun
fretting	noun
chuffing	noun
mullah	noun
outgun	verb
unburden	verb
jink	noun
accelerant	noun
kumquat	noun
sleepily	adv
satsuma	noun
motorboat	noun
bore	noun
testy	adj
deforestation	noun
streetcar	noun
grossly	adv
tagline	noun
synthesizer	noun
mali	noun
congeniality	noun
excise	verb
ouroboros	noun
giddyap	verb
udo	noun
palomino	noun
chook	noun
importer	noun
auditing	noun
seater	noun
animate	verb
fajita	noun
offensively	adv
gatherer	noun
emancipate	verb
biodegradable	noun
insemination	noun
sheepish	adj
substantially	adv
mulling	noun
cohesion	noun
columnist	noun
tabletop	noun
pummeling	noun
contentious	adj
intolerance	noun
fascia	noun
unsanitary	adj
diff	noun
strainer	noun
Khmer	adj
nutritionist	noun
dup	verb
simi	noun
enclave	noun
uncomplicate	verb
synapse	noun
parable	noun
urologist	noun
knotted	adj
mudslide	noun
aggregate	noun
reread	verb
toddy	noun
nomadic	adj
sarcophagus	noun
guile	noun
skimpy	noun
layover	noun
incorrigible	noun
dawdle	noun
chub	noun
rebooting	noun
appraiser	noun
wap	noun
thrifty	adj
chloroform	verb
dodd	noun
additive	noun
abscond	verb
yucca	noun
pepito	noun
firetruck	noun
onscreen	adj
MUH	adj
unmanned	adj
mixologist	noun
fromage	noun
webcast	noun
lustful	adj
chole	noun
sulky	noun
tulle	noun
posterity	noun
posy	noun
antioxidant	noun
certify	verb
blasphemous	adj
codependent	noun
aftershave	noun
amoeba	noun
heaviness	noun
developmental	adj
meteorological	adj
tattooing	noun
solicitation	noun
thimble	noun
malnutrition	noun
colonization	noun
whaling	noun
indisputable	adj
quash	verb
renege	verb
demonize	verb
outcry	noun
tetherball	noun
electorate	noun
fortuitous	adj
thickening	noun
fundamentalist	noun
dissolution	noun
untoward	adj
hobble	verb
incredulously	adv
windowsill	noun
mannerism	noun
connotation	noun
henny	noun
keynote	noun
slat	noun
slushie	noun
irl	noun
hertz	noun
workup	noun
paragliding	noun
gentrify	verb
hacky	adj
veritable	adj
criss	noun
inhalation	noun
tutting	noun
subsection	noun
isotope	noun
crucible	noun
tushy	noun
hardening	noun
salvaging	noun
foothill	noun
mafioso	noun
frightful	adj
lather	verb
gange	verb
consommé	noun
gusher	noun
bizarro	noun
nautilus	noun
ringmaster	noun
brocade	noun
kiyomi	noun
headpiece	noun
batiste	noun
kern	noun
firebird	noun
rata	noun
siggy	noun
hardheaded	adj
allocation	noun
sideburn	noun
discotheque	noun
workbook	noun
therein	adv
manifold	noun
disapproval	noun
godless	adj
conman	noun
dropper	noun
lamppost	noun
omniscient	noun
libel	noun
conceivable	adj
arterial	adj
bpm	noun
panini	noun
abet	verb
wallflower	noun
polis	noun
banister	noun
corgi	noun
stupor	noun
bouche	noun
candor	noun
javelin	noun
walla	noun
pneumothorax	noun
corrode	verb
twirly	noun
advocacy	noun
woodworking	noun
perpetually	adv
remade	noun
unclaim	verb
duffer	noun
cloister	verb
foreclose	verb
derry	noun
lifeform	noun
locale	noun
spiritus	noun
roche	noun
dancehall	noun
trawler	noun
jello	noun
tostada	noun
dumpy	noun
sloop	noun
zeal	noun
vag	noun
daiquiri	noun
lop	verb
masquerading	noun
cantina	noun
malo	noun
DITA	adj
galette	noun
HB	adj
lorazepam	noun
smurfy	adj
cohabitation	noun
dependency	noun
uninhabited	adj
clerical	noun
diya	noun
replaceable	noun
irrigate	verb
easel	noun
videographer	noun
geological	adj
exponential	noun
onside	noun
outbid	verb
ratify	verb
qua	adp
reapply	verb
herm	noun
symbiotic	noun
aggressiveness	noun
snippet	noun
fragility	noun
coldhearted	adj
personable	adj
capacitor	noun
empath	noun
Himalayan	adj
bareback	adv
rockfish	noun
trouser	noun
whitewash	verb
scrounge	verb
cornish	noun
nth	noun
dystopian	adj
betta	noun
wanton	noun
psilocybin	noun
aristocracy	noun
esoteric	noun
EZ	adj
celibacy	noun
faring	noun
Smithsonian	adj
spyglass	noun
youngblood	noun
wintertime	noun
rearing	noun
hammerhead	noun
dogging	noun
highball	noun
leprosy	noun
glop	noun
snafu	noun
celt	noun
lassi	noun
riddler	noun
Gaelic	adj
kumari	noun
cowhand	noun
inari	noun
quartermaster	noun
herber	noun
grannie	noun
subtitling	noun
ramming	noun
recalculate	verb
finito	adj
apathy	noun
amputee	noun
devolve	verb
mouthy	adj
infancy	noun
mathematically	adv
tarragon	noun
discharging	noun
entrepreneurship	noun
bombastic	adj
decidedly	adv
cynicism	noun
urethra	noun
transient	noun
teetering	noun
sprightly	adj
bandwagon	noun
loyalist	noun
entrapment	noun
foursome	noun
linden	noun
invincibility	noun
waterwork	noun
puncher	noun
forman	noun
squeamish	adj
torturous	adj
recliner	noun
progressively	adv
honeydew	noun
ITE	adj
fleck	noun
waitlist	noun
avoidance	noun
pausing	noun
dogfight	noun
interdimensional	noun
snowboarder	noun
queef	noun
adventuring	noun
oodle	noun
willfully	adv
biopic	noun
salacious	adj
amenable	adj
batty	noun
merengue	noun
biodiversity	noun
airtime	noun
underdress	verb
savant	noun
inbred	noun
inky	adj
upriver	adj
muff	verb
signora	noun
illusionist	noun
ranching	noun
sundance	noun
circa	adp
survivalist	noun
sep	noun
modena	noun
hospitalization	noun
overqualify	verb
frak	verb
burdock	noun
dunker	noun
narcissus	noun
dawdling	noun
courtly	adj
silverback	noun
bannerman	noun
quark	noun
reaver	noun
doina	noun
overreaction	noun
vermicelli	noun
ascot	noun
untap	verb
arrear	noun
downwards	adv
retiree	noun
icebox	noun
preservative	noun
vise	noun
nasally	adj
phosphate	noun
reprehensible	noun
amino	noun
reenter	verb
raga	noun
shortie	noun
mump	noun
bordering	noun
stigmatize	verb
demure	adj
impossibility	noun
ist	noun
corsage	noun
eastbound	adj
despondent	adj
piazza	noun
neuroscience	noun
frenetic	noun
reliever	noun
unsanctioned	adj
hypochondriac	noun
gc	noun
escalade	noun
dominatrix	noun
rosebud	noun
daikon	noun
evacuee	noun
stealthily	adv
buffy	adj
drunkenly	adv
trepidation	noun
hyacinth	noun
granary	noun
trowel	noun
untested	adj
fon	noun
logger	noun
filtration	noun
advisable	adj
encampment	noun
lesbo	noun
madwoman	noun
backsplash	noun
undersea	adj
pirouette	noun
melodious	adj
obtuse	adj
contagion	noun
populace	noun
eradication	noun
skywalker	noun
airbrushing	noun
bristle	noun
troubadour	noun
auger	noun
enoki	noun
sarong	noun
corpsman	noun
dermatology	noun
subdural	noun
jujube	noun
deterioration	noun
CF	adj
superwoman	noun
ail	noun
hasten	verb
fantastically	adv
squiggle	noun
bacterium	noun
heresy	noun
uncivilize	verb
panicky	adj
meningitis	noun
interpersonal	adj
supersede	verb
southbound	adj
ungodly	adj
aficionado	noun
lat	noun
monotone	noun
exquisitely	adv
shoal	noun
arachnid	noun
asshat	noun
peregrine	noun
goad	verb
diggity	noun
statutory	adj
pueblo	noun
emergent	adj
finicky	adj
gentry	noun
ayy	noun
kirkland	noun
scald	noun
metastasize	verb
hardwired	adj
bauble	noun
riverbed	noun
ominously	adv
preconceive	verb
quantify	verb
chirpy	noun
drove	noun
frizzy	noun
spooning	noun
gov	noun
instantaneously	adv
scotia	noun
overt	adj
wholesaler	noun
whitening	noun
sectional	noun
lye	noun
strudel	noun
reinvest	verb
caca	noun
weir	noun
clomp	noun
utopian	noun
Guatemalan	adj
disinterest	noun
gruffly	adv
tortellini	noun
nickelback	noun
gunter	noun
dingus	noun
restlessness	noun
frilly	adj
bloodshot	adj
devo	noun
TRU	adj
ef	noun
parley	noun
skateboarder	noun
dampener	noun
snickerdoodle	noun
cholo	noun
garb	noun
consign	verb
enlistment	noun
lynching	noun
fistula	noun
elo	noun
shochu	noun
paneer	noun
okonomiyaki	noun
beano	noun
kuna	noun
yashiro	noun
decisively	adv
grouper	noun
spliff	noun
spidey	noun
idealism	noun
sprawling	noun
custodial	adj
baste	verb
hallucinogenic	noun
hyperactive	adj
cirrhosis	noun
hammam	noun
aris	noun
coder	noun
radiance	noun
silkworm	noun
xenon	noun
Okinawan	adj
fervor	noun
aconite	noun
vaulting	noun
seminal	adj
respondent	noun
debriefing	noun
sitrep	noun
overlay	verb
tween	noun
lanky	adj
maidan	noun
arty	noun
snippy	adj
turncoat	noun
subtext	noun
squashing	noun
peloton	noun
geno	noun
asterisk	noun
masse	noun
knacker	noun
stony	adj
commonality	noun
embolden	verb
godlike	adj
paleontologist	noun
indefinite	adj
overhand	noun
luster	noun
backfield	noun
harvester	noun
inlay	noun
gendarmerie	noun
tik	noun
aversion	noun
increment	noun
lifter	noun
swirly	adj
humidifier	noun
popularize	verb
crumple	verb
scrubber	noun
sudoku	noun
cornmeal	noun
scaffold	noun
sunup	noun
anteater	noun
candie	noun
sian	adj
alta	noun
craven	noun
bustier	noun
lf	noun
anesthesiology	noun
penne	noun
villainy	noun
modestly	adv
purebred	noun
acumen	noun
complainant	noun
molehill	noun
matrimonial	noun
fierceness	noun
stillborn	noun
reliance	noun
disseminate	verb
interviewee	noun
fanatical	adj
unfilter	verb
gabble	noun
lovemaking	noun
communicative	adj
unexplainable	adj
tress	noun
screamer	noun
cheaply	adv
punter	noun
welt	noun
shiner	noun
catharsis	noun
entrant	noun
unwittingly	adv
landfall	noun
doy	noun
sensuality	noun
grifter	noun
rosetta	noun
iteration	noun
infighting	noun
tapeworm	noun
skittering	noun
ensnare	verb
dawning	noun
puller	noun
opaque	noun
fealty	noun
actuality	noun
blacking	noun
fervent	adj
opus	noun
misconstrue	verb
oss	noun
busty	adj
standardize	verb
palazzo	noun
consecrate	verb
bomba	noun
unsing	verb
gratin	noun
consigliere	noun
minnow	noun
teachable	noun
bedchamber	noun
guapo	noun
nincompoop	noun
copan	noun
tandoori	noun
squab	noun
vara	noun
whiner	noun
lisping	noun
daruma	noun
shroff	noun
doubter	noun
idiocy	noun
moussaka	noun
catwoman	noun
commercially	adv
chooser	noun
offal	noun
hieroglyphic	noun
doha	noun
exposition	noun
yew	noun
bolero	noun
broadly	adv
collie	noun
kos	noun
sequencing	noun
boarder	noun
farmhand	noun
organisation	noun
carjacking	noun
rosewood	noun
lariat	noun
galvanize	verb
mandolin	noun
comically	adv
peddle	verb
halter	noun
Chechen	adj
mechanically	adv
physio	noun
carpaccio	noun
looping	noun
sweltering	noun
sixteenth	noun
clicker	noun
regurgitate	verb
dorsal	noun
squiggly	noun
panelist	noun
reinstatement	noun
candela	noun
behest	noun
jamboree	noun
tittering	noun
zin	noun
skinhead	noun
masher	noun
neko	noun
scallywag	noun
fraternal	noun
Christmassy	adj
flambé	noun
psychoactive	noun
numero	noun
stabby	adj
macaque	noun
freestyling	noun
truss	verb
seaboard	noun
contouring	noun
monocle	noun
ménage	noun
unhelpful	adj
scion	noun
pentagram	noun
untidy	verb
gridlock	verb
probationary	noun
reflector	noun
gow	noun
underpass	noun
groundwater	noun
garnet	noun
woodshop	noun
pax	noun
yokel	noun
sourness	noun
googie	noun
mene	noun
coolie	noun
toko	noun
chenille	noun
ranga	noun
sippy	noun
boyish	adj
twitchy	adj
smearing	noun
sterilization	noun
lamia	noun
implementation	noun
coddling	noun
lamenting	noun
squaring	noun
zionist	noun
napalm	noun
risqué	adj
inebriate	noun
subpar	adj
motocross	noun
toiling	noun
exemplify	verb
summerhouse	noun
adulation	noun
karo	noun
relaunch	noun
tracer	noun
kush	noun
mantel	noun
quandary	noun
scorecard	noun
grizzle	noun
thoracotomy	noun
gumdrop	noun
carsick	adj
consonant	noun
Californian	adj
standoffish	adj
mountainous	adj
rhinoplasty	noun
vim	noun
recollect	verb
perjure	verb
rife	adj
thirteenth	noun
anagram	noun
misshape	verb
curler	noun
ire	noun
aardvark	noun
telemetry	noun
tasking	noun
expunge	verb
brawny	adj
roughneck	noun
counterproductive	adj
mook	noun
karmic	adj
neutrality	noun
constrain	verb
spic	noun
capoeira	noun
nether	noun
calla	noun
rhine	noun
whiteness	noun
flaccid	adj
rationing	noun
nog	noun
verbalize	verb
respectively	adv
huggy	adj
hetero	noun
gop	noun
ranchero	noun
machi	noun
rumba	noun
lope	noun
firewater	noun
dissociative	noun
monkfish	noun
giro	noun
pradhan	noun
fatally	adv
fronting	noun
antacid	noun
minuscule	adj
henhouse	noun
peephole	noun
disloyalty	noun
convulsion	noun
suppository	noun
ott	noun
turbocharge	verb
circuitry	noun
cauterize	verb
drooping	noun
reshoot	noun
mahatma	noun
breaching	noun
undergraduate	noun
kidder	noun
raunchy	adj
lubricate	verb
criminology	noun
unfurl	verb
unseemly	adj
ligature	noun
ethanol	noun
horchata	noun
impervious	adj
piecing	noun
lymphoma	noun
flaring	noun
backhoe	noun
cancerous	adj
devalue	verb
telltale	noun
beagle	noun
accrue	verb
slog	verb
clunky	adj
sleet	noun
brownstone	noun
flatbed	noun
noma	noun
arraign	noun
exuberant	adj
runoff	noun
hubba	noun
regency	noun
heckling	noun
electrocution	noun
ferociously	adv
gentile	noun
hairnet	noun
kye	noun
fireproof	verb
mainline	verb
putrid	adj
fornicate	verb
inconsequential	noun
boudoir	noun
lookee	noun
debunk	verb
brewski	noun
zealot	noun
doohickey	noun
heller	noun
crewmember	noun
idealize	verb
cheesesteak	noun
climactic	adj
locality	noun
footman	noun
vio	noun
shoop	noun
jambalaya	noun
aline	verb
soler	noun
fleabag	noun
phlegm	noun
bink	noun
fibrosis	noun
sortie	noun
katsura	noun
yod	noun
cufflink	noun
disavow	verb
vilify	verb
contentment	noun
clunker	noun
arrondissement	noun
fruitless	adj
perforation	noun
bex	adj
tilapia	noun
chafing	noun
distinguishing	adj
kodak	noun
noona	noun
energetically	adv
theorize	verb
sprawl	verb
fell	noun
brazenly	adv
scruple	noun
dwindle	verb
banal	adj
throng	verb
mezzanine	noun
eventual	adj
scrapping	noun
purveyor	noun
systolic	noun
distal	adj
cesspool	noun
Sistine	adj
uneasily	adv
undiscovered	adj
boonies	noun
paddie	noun
whirly	noun
heady	adj
oncoming	adj
immobile	noun
respiration	noun
hairpiece	noun
td	noun
unlikable	adj
merchandising	noun
falsifying	noun
klick	noun
skulking	noun
alphabetize	verb
madrigal	noun
doof	noun
etching	noun
visage	noun
hippy	adj
adjustable	adj
milt	noun
atmo	noun
grievous	adj
inverse	noun
noisemaker	noun
geode	noun
rm	noun
spongy	adj
gawker	noun
aggie	noun
kenner	noun
battenberg	noun
townie	noun
rockabilly	noun
wisp	noun
myron	noun
ticky	noun
sundial	noun
cit	noun
pp	noun
facedown	noun
seki	noun
grampy	noun
windshear	noun
ejection	noun
cacophony	noun
sharia	noun
circumference	noun
obligatory	adj
lengthen	verb
appendectomy	noun
var	noun
ingot	noun
glitzy	adj
dependence	noun
outperform	verb
befriending	noun
exoskeleton	noun
eligibility	noun
surveying	noun
orgasmic	adj
swaddle	verb
carport	noun
mañana	adv
dike	noun
guppy	noun
cyberspace	noun
emotive	noun
bungle	noun
rebounding	noun
servitude	noun
disquieting	noun
ragtime	noun
huevo	noun
outmatch	verb
highlighter	noun
cuesta	noun
tib	noun
dali	noun
gravelly	adj
creamer	noun
retrofit	verb
forthright	noun
glint	noun
maelstrom	noun
vehemently	adv
goss	noun
diazepam	noun
indiscriminately	adv
roadwork	noun
tangent	noun
thumper	noun
submersible	noun
sonnet	noun
cleary	noun
portrayal	noun
malleable	adj
byzantine	noun
embankment	noun
hardness	noun
penchant	noun
az	noun
SPF	adj
cognition	noun
tosser	noun
donk	noun
taxidermy	noun
matchbox	noun
ricin	noun
hoodoo	noun
sulfuric	adj
mela	noun
sika	noun
roop	noun
snobbish	adj
chaco	noun
telecast	noun
flashpoint	noun
aegis	noun
bridegroom	noun
yammering	noun
honeybun	noun
aggrieve	verb
eagerness	noun
equalize	verb
enrolling	noun
telecommunication	noun
childless	adj
mise	noun
redundancy	noun
fidgety	adj
motorway	noun
homelessness	noun
farrow	noun
enquiry	noun
hollandaise	noun
impersonal	noun
unusable	noun
reprisal	noun
paleo	noun
plowed	adj
regression	noun
ea	noun
ser	noun
blissfully	adv
illumination	noun
ghostwriter	noun
superfan	noun
cask	noun
zona	noun
prolene	noun
sumptuous	adj
trudging	noun
barbell	noun
predate	verb
krab	noun
waft	verb
dehydrate	verb
peewee	noun
misgiving	noun
iso	noun
lettering	noun
gaunt	adj
berating	noun
watershed	noun
waistline	noun
ogling	noun
burg	noun
witsec	noun
retrospective	noun
stringy	adj
subatomic	adj
noblewoman	noun
gladius	noun
expanse	noun
jilt	noun
underside	noun
elapse	verb
undisciplined	adj
carjack	verb
favorably	adv
astrological	adj
bol	noun
challah	noun
sniggering	noun
satay	noun
abductor	noun
vegetative	adj
ven	adj
centerfold	noun
nyc	adj
laika	noun
flossy	adj
ratch	verb
kabuto	noun
roadster	noun
nouveau	adj
rioja	noun
jak	noun
godown	noun
conky	adj
stockbroker	noun
mortician	noun
tastefully	adv
amygdala	noun
criminality	noun
circumvent	verb
geothermal	adj
paperback	noun
flirtation	noun
demonstrator	noun
pacha	noun
thousandth	noun
discrete	adj
correctness	noun
outmaneuver	verb
asperger	noun
baring	noun
loonie	noun
dishing	noun
viewing	noun
boycotting	noun
breathalyzer	noun
egomaniac	noun
festering	noun
steampunk	noun
grimacing	noun
reelect	verb
helo	noun
peering	noun
indiscriminate	adj
noice	adj
crisscross	verb
uncontrolled	adj
paraphernalia	noun
matinee	noun
bodacious	adj
dijon	noun
penmanship	noun
probate	verb
wining	noun
cataclysmic	adj
catholicism	noun
prominence	noun
sputnik	noun
depressive	noun
twinge	noun
ditty	noun
tipper	noun
quip	noun
kindergartner	noun
elliptical	noun
spurting	noun
displeasure	noun
swooping	noun
coon	noun
dichotomy	noun
spiro	noun
decapitation	noun
Ugandan	adj
detestable	adj
unbuckle	verb
humanize	verb
bovine	noun
marinara	noun
largo	noun
roundup	noun
jalopy	noun
menthol	noun
mondo	noun
exfoliate	verb
posada	noun
dismal	adj
inertia	noun
ope	noun
reanimate	verb
chitra	noun
reverb	noun
driftwood	noun
benzodiazepine	noun
indenture	verb
beading	noun
intracranial	adj
darkroom	noun
prem	noun
groundskeeper	noun
supercharger	noun
buckaroo	noun
douchey	adj
rutabaga	noun
redskin	noun
doodling	noun
harrier	noun
absinthe	noun
chicory	noun
thallium	noun
liquidator	noun
briquette	noun
triathlete	noun
Britisher	adj
mank	noun
normality	noun
unnie	noun
abdo	noun
clemency	noun
obstetrician	noun
impatiently	adv
molestation	noun
impassion	verb
expat	noun
purist	noun
octane	noun
sacrilege	noun
overexert	verb
mammogram	noun
penultimate	adj
botanist	noun
artistically	adv
interning	noun
fez	noun
queuing	noun
pronouncing	noun
gingham	noun
ladybird	noun
virility	noun
doily	noun
ambushing	noun
Tuscan	adj
parka	noun
glazing	noun
bouillon	noun
nightstick	noun
wakefield	noun
cardiomyopathy	noun
covertly	adv
inquest	noun
shtick	noun
mf	noun
predictability	noun
roadway	noun
arbitration	noun
superfood	noun
unwashed	adj
chastise	verb
incessantly	adv
glean	verb
citywide	noun
roving	noun
skylark	noun
resound	verb
flunky	noun
saintly	adj
iota	noun
supe	noun
jowl	noun
patois	noun
postage	noun
linoleum	noun
jasmin	noun
yeshiva	noun
pancetta	noun
droop	verb
angio	noun
bhaji	noun
gilly	noun
quasi	adj
magnetite	noun
vada	noun
macramé	noun
tantra	noun
dor	noun
kopi	noun
brahmin	noun
infarction	noun
krantz	noun
tomoe	noun
rozz	noun
muso	noun
adelita	noun
daresay	verb
civility	noun
mastectomy	noun
manhandling	noun
rebranding	noun
deficient	noun
fatwa	noun
gripe	noun
temptress	noun
aux	adj
fraudster	noun
nourishing	adj
Nubian	adj
hotbed	noun
ascetic	noun
baldness	noun
undressing	noun
implosion	noun
neighborly	adj
lighter	noun
nosedive	noun
intranet	noun
hydrangea	noun
sporadic	adj
yuletide	noun
brill	noun
multimillionaire	noun
polyamory	noun
platitude	noun
sweepstake	noun
buckshot	noun
compactor	noun
wearer	noun
podiatrist	noun
fugue	noun
recuse	verb
punisher	noun
unprovoke	verb
buoyant	adj
clement	adj
superglue	verb
teepee	noun
lox	noun
lune	noun
barreling	noun
authentication	noun
twinsie	noun
adrenal	noun
whereby	adv
gofer	noun
naysayer	noun
Shakespearean	adj
apathetic	adj
racquetball	noun
underbelly	noun
searcher	noun
plethora	noun
crackpot	noun
metadata	noun
coverall	noun
painstaking	noun
sexualize	verb
jockstrap	noun
symbolically	adv
skinning	noun
strobe	noun
switchblade	noun
raff	noun
coot	noun
petulant	adj
molting	noun
emulsion	noun
voracious	adj
starlet	noun
glib	noun
syne	adv
kame	noun
mummification	noun
otaku	noun
chomper	noun
poofy	adj
vide	verb
oden	noun
advisement	noun
encrust	verb
toucan	noun
flowering	noun
unexplored	adj
symptomatic	adj
frowny	noun
junebug	noun
roanoke	noun
Panamanian	adj
sty	noun
serra	noun
hankering	noun
fiddly	adj
kob	noun
riva	noun
washout	noun
petticoat	noun
inga	noun
nanite	noun
ramal	adj
legation	noun
fava	noun
supervisory	adj
loathsome	adj
ent	noun
panning	noun
articulated	noun
deciphering	noun
prowling	noun
eloquently	adv
conjoin	verb
optimum	noun
forewarn	verb
ministerial	noun
dissatisfaction	noun
Bastian	adj
vino	noun
grater	noun
fauna	noun
justifiable	adj
tariff	noun
flowerpot	noun
restrictive	adj
innocuous	adj
funnily	adv
preserver	noun
toothy	adj
trendsetter	noun
excommunicate	noun
immovable	noun
gingerly	adj
lidocaine	noun
butterfinger	noun
cant	noun
actionable	adj
porcini	noun
insurgency	noun
airlift	verb
sclerosis	noun
selflessness	noun
anorexic	noun
barometer	noun
pocketbook	noun
marksman	noun
quotation	noun
unimpress	verb
duff	noun
adulterer	noun
reversible	noun
guardrail	noun
ruddy	noun
preseason	noun
peckish	adj
jabroni	noun
lackluster	adj
offstage	verb
flashbulb	noun
Semitic	adj
snowplow	noun
ponce	verb
levitation	noun
feller	noun
rehydrate	verb
provenance	noun
hilt	noun
reassignment	noun
desertion	noun
headlong	adj
sconce	noun
plié	noun
undisturbed	adj
combust	verb
mandrake	noun
mamba	noun
creaky	adj
uglies	noun
widening	noun
stormtrooper	noun
sleazebag	noun
echoey	adj
apprise	verb
reentry	noun
dressy	adj
antivirus	noun
minibus	noun
sunbathe	noun
rulebook	noun
milliliter	noun
halting	noun
ogle	verb
decal	noun
zany	adj
snowbird	noun
hepatic	noun
tui	noun
friz	noun
intersex	noun
plough	verb
slumdog	noun
aikido	noun
recharging	noun
latecomer	noun
injector	noun
dilation	noun
redevelop	verb
mistreatment	noun
flim	noun
kinkle	noun
counterfeiting	noun
noteworthy	noun
resale	noun
unoccupied	adj
subliminal	noun
potency	noun
stubbornly	adv
gramophone	noun
begrudge	verb
minimally	adv
fourteenth	adj
infringe	verb
euthanize	verb
burgle	verb
tactless	adj
romp	noun
miff	verb
steamroll	verb
folksy	adj
tiredness	noun
slideshow	noun
ornery	adj
spaniel	noun
entrench	verb
cachaça	noun
dreamlike	adj
exhaustive	adj
nyet	noun
pregame	noun
embroil	verb
attrition	noun
culpability	noun
poolside	noun
greeter	noun
dox	noun
liquidation	noun
fieldwork	noun
mariner	noun
pectoral	noun
assertion	noun
wayside	noun
endangerment	noun
thrusting	noun
splintering	noun
malign	verb
bogart	verb
Lithuanian	adj
cortina	noun
grift	verb
ornate	adj
introductory	adj
tactful	adj
preexist	verb
seahawk	noun
conscript	noun
warping	noun
shyly	adv
wellies	noun
seafloor	noun
abhor	verb
marsupial	noun
subdivision	noun
besmirch	verb
insertion	noun
suman	noun
cootie	noun
goopy	adj
foxglove	noun
proficiency	noun
atropine	noun
fishnet	noun
spacewalk	noun
sch	noun
stubby	noun
ginkgo	noun
windward	noun
angelus	noun
rubi	noun
BOE	adj
Khitan	adj
lout	noun
deceiver	noun
paraphrase	noun
margarine	noun
electronically	adv
aba	noun
softhearted	adj
flathead	noun
wont	verb
nosing	noun
whey	noun
panoramic	noun
technologically	adv
undignify	verb
repeater	noun
reusable	noun
mildew	verb
southwestern	adj
butte	noun
decanter	noun
scalding	noun
indentation	noun
vivacious	adj
acetone	noun
slugging	noun
gouging	noun
preeminent	adj
earmuff	noun
futility	noun
pericardial	adj
pericardium	noun
deputize	verb
coasting	noun
passover	noun
muggy	adj
pipi	noun
newsworthy	adj
confluence	noun
northerner	noun
phalanx	noun
darkening	noun
palisade	noun
scuttling	noun
reclamation	noun
topical	adj
forgettable	adj
unmake	verb
listless	adj
modulate	verb
sourpuss	noun
backwoods	noun
commencement	noun
slather	verb
flagrant	adj
tupelo	noun
bellhop	noun
bioweapon	noun
stevia	noun
misdirect	verb
cursive	noun
splendidly	adv
rowboat	noun
nuzzle	noun
handmaid	noun
heroically	adv
spherical	adj
retry	verb
revue	noun
antimatter	noun
romney	noun
Confucian	adj
flinging	noun
chide	verb
zika	noun
campout	noun
shazam	verb
thespian	noun
monogram	verb
bowtie	noun
veneration	noun
tika	noun
propriety	noun
Viennese	adj
teleporter	noun
cricketer	noun
shogi	noun
lum	noun
conny	adj
jass	noun
disadvantageous	adj
quica	noun
dotcom	noun
shikha	noun
housemaid	noun
carer	noun
egging	noun
Congolese	adj
clamping	noun
boatman	noun
refurbish	verb
worshipper	noun
diffuser	noun
cellophane	noun
scrambler	noun
Inuit	adj
precocious	adj
limoncello	noun
varnish	verb
kilometre	noun
neurology	noun
incidental	noun
beachy	adj
juggernaut	noun
schlep	verb
mightily	adv
backfiring	noun
deceptively	adv
percentile	noun
bridger	noun
kismet	noun
plopping	noun
separatist	noun
bain	adj
foxhole	noun
solidly	adv
ethos	noun
thicket	noun
cro	noun
cuatro	noun
outlier	noun
jumbotron	noun
wherefore	noun
melanin	noun
ventriloquism	noun
patootie	noun
heckler	noun
downwind	adv
personification	noun
Polynesian	adj
serendipity	noun
Tasmanian	adj
tunic	noun
fuselage	noun
anchorage	noun
jäger	noun
sexless	adj
selflessly	adv
echolocation	noun
snuggling	noun
menagerie	noun
photosynthesis	noun
twinkly	adj
waterbed	noun
discriminatory	adj
guzzle	verb
wheezy	adj
pomeranian	noun
bootlegger	noun
swishy	adj
butthead	noun
CTO	adj
queller	noun
exhumation	noun
swordsmith	noun
transmute	verb
eonni	noun
lunacy	noun
Sudanese	adj
awarding	noun
pooling	noun
liquidity	noun
painstakingly	adv
unisex	noun
egocentric	noun
overdramatic	adj
beholder	noun
liken	verb
practicality	noun
ovulation	noun
lugging	noun
overriding	noun
rector	noun
externally	adv
impotence	noun
erotica	noun
weh	noun
hoodwink	noun
talky	adj
conversationalist	noun
claro	noun
disinformation	noun
odious	adj
carpeting	noun
dislocation	noun
smarten	verb
disgustingly	adv
tachycardic	adj
cosign	verb
parlay	verb
postseason	noun
debone	verb
midland	noun
weepy	noun
telepathically	adv
delightfully	adv
optometrist	noun
pell	noun
telethon	noun
vehicular	adj
crimp	verb
rutherford	noun
marconi	noun
cuticle	noun
gaston	noun
decommission	verb
jacky	noun
federale	noun
ragtag	noun
profane	verb
mozambique	noun
neurotoxin	noun
cooch	noun
shiatsu	noun
chinstrap	noun
snuffling	noun
aimless	adj
ornamental	noun
fertilization	noun
beckoning	noun
downriver	adj
minecraft	noun
secrete	verb
southeastern	adj
fabricator	noun
counterweight	noun
crucifixion	noun
snowshoe	noun
centering	noun
rottweiler	noun
slippy	adj
cockfight	noun
barra	noun
chocolatier	noun
capuchin	noun
pursuant	adv
cicero	noun
porpoise	noun
anoint	verb
chalupa	noun
loris	noun
degas	verb
kingfisher	noun
kunai	noun
rhombus	noun
kanaka	noun
featherhead	noun
ranker	noun
fondling	noun
bedouin	noun
baldie	noun
electroshock	noun
citric	adj
darkling	noun
exploratory	noun
enriching	noun
impetuous	adj
papyrus	noun
accredit	verb
fission	noun
tactile	adj
peacekeeping	noun
torturer	noun
deface	verb
uninspired	adj
pedophilia	noun
uncompromising	adj
deductible	noun
untitled	adj
lech	noun
indignation	noun
detaining	noun
euthanasia	noun
cornrow	noun
brogue	noun
unglue	verb
distend	verb
stanky	adj
misrepresent	verb
harping	noun
bathwater	noun
unintended	adj
buzzy	adj
bullion	noun
bedlam	noun
GQ	adj
earther	noun
prologue	noun
celiac	noun
streaking	noun
stately	adj
dreadfully	adv
keister	noun
transatlantic	adj
genoa	noun
hallucinogen	noun
amphibious	adj
contractual	adj
wildwood	noun
cursor	noun
waggle	noun
breathable	adj
kielbasa	noun
smorgasbord	noun
birdman	noun
competency	noun
sedge	noun
oxycodone	noun
pye	noun
haunter	noun
oboe	noun
photocopier	noun
baritone	noun
tartlet	noun
zahir	noun
nop	noun
namu	noun
gastritis	noun
bougainvillea	noun
impressively	adv
shish	noun
babushka	noun
gimp	noun
dasher	noun
prostrate	verb
counterfeiter	noun
gynecology	noun
looter	noun
omer	noun
loaning	noun
stirrer	noun
fortification	noun
swimmingly	adv
oversell	verb
immaturity	noun
elation	noun
staffing	noun
incineration	noun
teleprompter	noun
prat	noun
uneasiness	noun
conversely	adv
sociopathic	noun
branching	noun
peat	noun
unbeaten	adj
pressor	noun
tachycardia	noun
mothering	noun
chokehold	noun
inpatient	noun
tenderize	verb
pestle	noun
polari	verb
unmotivate	verb
mandem	noun
tailback	noun
blameless	adj
meteorologist	noun
corolla	noun
keri	noun
hunchback	noun
rappel	noun
coiled	adj
deadman	noun
newsreel	noun
minstrel	noun
collier	noun
jostle	verb
paratrooper	noun
choosy	adj
anywho	adv
oculus	noun
deference	noun
usurper	noun
borderland	noun
lusty	adj
curvature	noun
overhearing	noun
schilling	noun
entropy	noun
cortisol	noun
omnivore	noun
staunch	adj
trig	noun
toyo	noun
tailpipe	noun
purifying	noun
pincher	noun
walkabout	noun
cystic	adj
effeminate	adj
bratwurst	noun
beignet	noun
croquembouche	noun
hysteric	noun
supplemental	noun
tempering	noun
opossum	noun
barmaid	noun
originator	noun
flume	noun
parlour	noun
sodden	adj
esophageal	adj
quizz	noun
blop	noun
Latvian	adj
shamanic	adj
kulkarni	noun
hc	noun
panchayat	noun
caracol	noun
shonen	noun
extravagance	noun
biscotti	noun
sinning	noun
eyeballing	noun
indoctrinate	verb
superlative	noun
strongman	noun
bewitching	noun
handicraft	noun
Sunni	adj
indecision	noun
mobilization	noun
sprayer	noun
enterprising	noun
gangrene	noun
redistribute	verb
litany	noun
earmark	noun
braveheart	noun
fiddlestick	noun
culpable	adj
meander	noun
adage	noun
walkthrough	noun
surfacing	noun
unintelligibly	adv
lockbox	noun
rationale	noun
edging	noun
shiksa	noun
goji	noun
tweedle	noun
belvedere	noun
divisive	adj
torte	noun
propensity	noun
chimichurri	noun
synchronicity	noun
degradation	noun
preconception	noun
burley	noun
slinky	adj
pathetically	adv
gaggle	noun
untamed	adj
subservient	adj
blastoff	noun
doner	noun
unrefined	adj
launderer	noun
angular	noun
desai	noun
textural	adj
telemarketer	noun
worksheet	noun
torching	noun
anomalous	adj
proofread	noun
misjudgment	noun
downtrodden	adj
urinary	adj
vastness	noun
billable	noun
neurosis	noun
clumsiness	noun
Breton	adj
leer	verb
babka	noun
broadband	noun
slimming	noun
nanaji	noun
interchange	noun
salvageable	adj
outwards	adv
squeegee	noun
anatomical	adj
didgeridoo	noun
jaggery	noun
loincloth	noun
reciprocal	noun
stepbrother	noun
dura	noun
courgette	noun
barre	noun
foamy	noun
agito	noun
dro	noun
dorsum	noun
acharya	noun
bhumi	noun
thermae	noun
goner	noun
bogeyman	noun
undershirt	noun
conceiving	noun
disciplining	noun
genealogy	noun
intravenous	noun
slalom	noun
aspirate	noun
vindication	noun
implantation	noun
priesthood	noun
omnipotent	adj
exporter	noun
rung	noun
suckle	verb
overcrowding	noun
nitric	noun
floe	noun
domestically	adv
disproportionate	adj
uninteresting	adj
nightie	noun
hoppy	adj
errant	noun
unapologetic	adj
counterintelligence	noun
schoolhouse	noun
backroom	noun
frack	verb
totality	noun
bobsled	noun
stewing	noun
wrangling	noun
hemorrhagic	adj
objectivity	noun
houseguest	noun
tuber	noun
equitable	adj
swerving	noun
expressly	adv
bac	noun
squall	noun
metastasis	noun
rebate	noun
headwind	noun
rower	noun
ingrown	adj
scooper	noun
spry	adj
chagrin	noun
rota	noun
aerosol	noun
animalistic	adj
complacency	noun
wherein	adv
alameda	noun
perrier	noun
dewy	adj
rockslide	noun
numbnut	noun
tomcat	noun
unequal	adj
airdrop	noun
knighthood	noun
treasonous	adj
tunneling	noun
morra	noun
huntsman	noun
headrest	noun
telekinetic	noun
bottleneck	noun
blowhole	noun
cretaceous	adj
sourcing	noun
unbind	verb
intricacy	noun
chocolaty	adj
alopecia	noun
soupy	adj
alban	noun
fabulously	adv
unbearably	adv
dogma	noun
cartoonist	noun
nostrum	noun
alkaline	noun
hake	noun
mooching	noun
criminalize	verb
biometrics	noun
ridgeway	noun
biomass	noun
ditzy	adj
abbess	noun
garibaldi	noun
anointing	noun
brassiere	noun
shastri	noun
aarti	noun
obstetrics	noun
gora	noun
farrier	noun
dinkum	noun
basti	noun
mumu	noun
presidio	noun
Ashokan	adj
headscarf	noun
drippy	adj
uptake	noun
indecency	noun
handmaiden	noun
dishwashing	noun
meniscus	noun
haggling	noun
malady	noun
perennial	adj
thoughtfulness	noun
unilaterally	adv
abject	noun
trine	noun
tantalizing	noun
reforming	noun
unsustainable	adj
radiologist	noun
reductive	adj
eau	noun
disembowel	verb
pantheon	noun
pervasive	adj
disenfranchise	verb
voiceless	adj
litigate	verb
stenosis	noun
contort	verb
bonobo	noun
crudité	noun
sprig	noun
nonviolent	adj
aisling	noun
turnstile	noun
impetus	noun
philistine	noun
bobblehead	noun
prenuptial	noun
engorge	verb
concord	noun
scamper	verb
turnpike	noun
extinguishing	noun
ardent	adj
bucko	noun
fantasia	noun
rada	noun
genus	noun
wristwatch	noun
refundable	adj
fk	verb
relight	verb
schemer	noun
cortisone	noun
bagger	noun
multicolored	adj
semifinalist	noun
rotator	noun
condensation	noun
kitsch	noun
contemplation	noun
passable	adj
doctoral	adj
roofing	noun
tithe	noun
levity	noun
orthopedics	noun
indio	noun
replant	verb
mewing	noun
gherkin	noun
improperly	adv
posthumous	adj
intelligently	adv
somerset	noun
meddlesome	adj
acetate	noun
biorhythm	noun
cenote	noun
grabby	noun
flavouring	noun
coda	noun
capillary	noun
wy	noun
higashi	noun
chapati	noun
pastiche	noun
eme	noun
megalithic	adj
pito	noun
centrifugal	noun
ork	noun
caldera	noun
phage	noun
assessor	noun
mim	noun
moneylender	noun
sempai	noun
tightness	noun
haphazardly	adv
insecticide	noun
depressant	noun
swooning	noun
disparage	verb
frappuccino	noun
jabbing	noun
comparative	adj
inseminate	verb
apropos	adj
figurative	adj
kitchenette	noun
gulag	noun
tactically	adv
identifiable	adj
cummerbund	noun
fatherless	adj
needlepoint	noun
overreach	verb
businessperson	noun
uzi	noun
storey	noun
abacus	noun
proximal	adj
unappreciated	adj
deflection	noun
bigotry	noun
multifaceted	adj
optimization	noun
courageously	adv
jool	noun
ephemeral	noun
attractiveness	noun
colter	noun
gunnery	noun
tyke	noun
scant	adj
juxtaposition	noun
audibly	adv
fossilize	verb
habitable	adj
sauvignon	noun
panorama	noun
westbound	adj
fishmonger	noun
scorcher	noun
mothball	verb
shallowly	adv
interloper	noun
fullness	noun
aristocratic	adj
asphyxiate	verb
crockery	noun
congeal	verb
subvert	verb
shirk	verb
confidante	noun
friendliness	noun
terracotta	noun
prospector	noun
methodist	noun
descriptive	adj
directional	noun
precipitation	noun
paraplegic	noun
carnie	noun
crema	noun
pollination	noun
irrespective	adj
halberd	noun
headlamp	noun
splice	verb
soaker	noun
codeine	noun
hamachi	noun
predestine	verb
wastewater	noun
sodomy	noun
bogan	noun
microorganism	noun
interplanetary	adj
inkwell	noun
argent	noun
fibroid	noun
seedless	adj
clootie	noun
alternator	noun
menorah	noun
shale	noun
nief	noun
tsetse	noun
trommel	noun
directionality	noun
kage	noun
peshwa	noun
undine	noun
insinuation	noun
watertight	adj
repatriate	noun
Marxist	adj
clergyman	noun
unkempt	adj
inundate	verb
bigmouth	noun
embellishment	noun
fettuccine	noun
hotheaded	adj
subtraction	noun
congestion	noun
chirruping	noun
emaciate	verb
manliness	noun
degeneration	noun
fallacy	noun
chard	noun
reshuffle	noun
attune	verb
disingenuous	adj
adaptability	noun
boozer	noun
foolhardy	adj
billowing	noun
caprese	noun
achievable	adj
anticlimactic	adj
workaround	noun
periwinkle	noun
checkerboard	noun
sycophant	noun
uttering	noun
steamboat	noun
tailbone	noun
choc	noun
tailgating	noun
modicum	noun
concuss	verb
taran	noun
totter	noun
ninny	noun
drafty	adj
gentleness	noun
glassy	noun
strep	noun
accost	noun
geographically	adv
puto	noun
stocky	adj
freeloading	noun
knoll	noun
parasailing	noun
cockblock	noun
bridle	noun
wheatie	noun
perturb	verb
premarital	adj
ammonium	noun
uptick	noun
densely	adv
skydive	noun
coachman	noun
flasher	noun
searchlight	noun
yarmulke	noun
Aegean	adj
aftershock	noun
borrower	noun
osprey	noun
dewdrop	noun
giblet	noun
skywriter	noun
emblematic	adj
swashbuckle	verb
backstop	verb
pteranodon	noun
toa	noun
insipid	adj
wyvern	noun
adorbs	adj
impressionist	noun
continuance	noun
Chicano	adj
animatronic	noun
arabesque	noun
iniquity	noun
poot	noun
spinosaurus	noun
Libyan	adj
slappy	noun
catamaran	noun
layaway	noun
manticore	noun
marionette	noun
yaara	noun
terrine	noun
Balinese	adj
belatedly	adv
necropolis	noun
redress	verb
treatise	noun
rummy	noun
saltine	noun
ocelot	noun
archdiocese	noun
bellflower	noun
crystallise	verb
digg	noun
crazily	adv
marchioness	noun
aff	noun
tarnishing	noun
gearbox	noun
scowling	noun
bridezilla	noun
cordially	adv
modernity	noun
caliphate	noun
overtaking	noun
astonishment	noun
troublemaking	noun
underdevelop	verb
reprint	verb
banknote	noun
migratory	adj
pettiness	noun
sakina	noun
refrigeration	noun
wilting	noun
better	verb
prophetic	adj
breakable	noun
wading	noun
precipitate	verb
uncooperative	adj
caseworker	noun
recurrence	noun
cosy	noun
passé	noun
frau	noun
bosh	noun
byline	noun
megalomaniac	noun
necrosis	noun
godchild	noun
ageless	adj
putz	noun
averse	adj
modular	adj
darkly	adj
ruthlessness	noun
stf	noun
romanticize	verb
overcast	adj
deepening	noun
crostini	noun
gradient	noun
burrata	noun
shirl	noun
candidly	adv
landscaper	noun
amala	noun
catatonic	noun
dysentery	noun
docker	noun
percolate	noun
ganja	noun
acutely	adv
unpleasantness	noun
caroler	noun
lifesaving	noun
spoke	noun
sanctimonious	adj
vocalise	verb
swatch	verb
ritualistic	adj
tagger	noun
refried	noun
palooza	noun
herbalist	noun
ecology	noun
carny	noun
paltry	adj
normie	noun
romancing	noun
cryogenic	adj
rog	noun
prophetess	noun
dismemberment	noun
calibration	noun
tenuous	adj
tubular	adj
dowd	noun
panache	noun
ohana	noun
showrunner	noun
wisher	noun
midwifery	noun
redness	noun
absorbent	noun
kahuna	noun
ambivalent	adj
dhoti	noun
kinsman	noun
dinero	noun
gumption	noun
acupuncturist	noun
dachshund	noun
igneous	adj
tickler	noun
contrive	verb
ahu	noun
parkin	noun
diller	noun
sq	adj
weta	noun
carden	noun
frith	noun
stationmaster	noun
boaby	noun
mamasan	noun
jour	noun
teabag	noun
deign	verb
secretion	noun
preparatory	adj
garçon	noun
unlovable	adj
enshrine	verb
cleverness	noun
overland	adj
fluctuating	noun
squinting	noun
unsophisticated	adj
unwillingly	adv
decoding	noun
regale	verb
womanly	adj
adamantly	adv
allotment	noun
muesli	noun
managerial	adj
tsar	noun
straying	noun
pinstripe	noun
outpouring	noun
yack	verb
wilco	noun
debby	adj
crim	noun
prez	noun
methodically	adv
scintillate	verb
relevancy	noun
shillelagh	noun
macon	noun
birthdate	noun
degenerative	adj
charting	noun
jaywalking	noun
crevasse	noun
psoriasis	noun
patina	noun
stoplight	noun
torrential	adj
unflatter	verb
unregulate	verb
glaive	noun
crucially	adv
sider	noun
ostensibly	adv
throwaway	noun
shuttlecock	noun
summat	adv
showoff	noun
prequel	noun
philanthropic	adj
honeysuckle	noun
coq	noun
Sumerian	adj
offbeat	noun
ibis	noun
orthodontist	noun
heinie	noun
fash	noun
turpentine	noun
ultrasonic	adj
solder	verb
romaine	noun
doodly	noun
foreshadowing	noun
underdo	verb
geneticist	noun
fearlessness	noun
usefulness	noun
mamaw	noun
menstruation	noun
econ	noun
decryption	noun
sizzler	noun
desecration	noun
bally	noun
tweedy	adj
shekel	noun
hinky	adj
myrrh	noun
unevenly	adv
unsuitable	adj
tungsten	noun
tej	noun
dowsing	noun
yaa	noun
amanita	noun
hanif	noun
chicky	noun
hoser	noun
moko	noun
abruption	noun
shura	noun
deshmukh	noun
fictionalize	verb
martyrdom	noun
laud	verb
drainpipe	noun
breakdancing	noun
caffeinate	verb
backpacker	noun
rabi	noun
candlelit	adj
swindling	noun
synchronization	noun
fusing	noun
cesarean	noun
capita	noun
cad	noun
steeple	noun
placard	noun
gert	adj
windbreaker	noun
dec	noun
prizefighter	noun
perineum	noun
ransomware	noun
letterbox	noun
unwarranted	adj
Prussian	adj
underscore	noun
tonga	noun
quinta	noun
downfield	adj
implicitly	adv
lacerate	verb
propofol	noun
intertwine	verb
branzino	noun
macerate	verb
mescal	noun
mocktail	noun
bourne	noun
palliative	noun
receptacle	noun
fouling	noun
averaging	noun
staycation	noun
quaking	noun
flowy	adj
pudgy	adj
biohazard	noun
manna	noun
arrogantly	adv
retest	verb
lowercase	verb
scath	verb
convincingly	adv
perpetuity	noun
dartboard	noun
plunk	noun
cantor	noun
nunnery	noun
cohost	noun
gare	noun
dereliction	noun
relaxer	noun
reinvigorate	verb
thermodynamics	noun
bubonic	adj
hambone	noun
froot	noun
mensa	noun
siphoning	noun
worrywart	noun
evangelist	noun
peerless	adj
shoplifter	noun
overconfidence	noun
bugsy	adj
napper	noun
bonham	noun
dreamboat	noun
airflow	noun
repository	noun
armature	noun
yoi	noun
counterclockwise	adj
grazer	noun
twiddling	noun
shipbuilding	noun
tectonic	adj
steamroller	noun
nutsack	noun
tort	noun
stroganoff	noun
gorgonzola	noun
perchance	adv
psychosomatic	adj
angler	noun
flit	noun
coupler	noun
scruff	noun
claustrophobia	noun
sambar	noun
bouillabaisse	noun
cinque	noun
lozenge	noun
bish	noun
punchbowl	noun
banda	noun
boozing	noun
culpa	noun
moonbeam	noun
ectoplasm	noun
posey	adj
halfwit	noun
nameplate	noun
Genoese	adj
hed	noun
naik	noun
hagfish	noun
oblation	noun
toki	noun
myocardial	adj
disparaging	noun
formalize	verb
violator	noun
colorless	adj
restful	adj
abhorrent	adj
achiever	noun
burka	noun
coffeehouse	noun
frond	noun
workmanship	noun
proclivity	noun
impudence	noun
venereal	adj
inwards	adv
nightmarish	adj
guzzling	noun
canterbury	noun
timestamp	noun
belay	noun
uncork	verb
drawl	noun
starchy	adj
bellini	noun
playfulness	noun
floundering	noun
memorialize	verb
conceptually	adv
lollies	noun
grandstand	noun
polarity	noun
tormentor	noun
thumbnail	noun
topo	noun
paralytic	noun
bedspread	noun
addle	verb
resiliency	noun
flippy	noun
inauspicious	adj
letterhead	noun
draper	noun
Bahama	adj
inconsolable	adj
traipsing	noun
veracity	noun
inaction	noun
spectral	adj
naptime	noun
gangway	noun
regretfully	adv
pliable	adj
intricately	adv
boysenberry	noun
dadgum	adj
overeating	noun
panzer	noun
Appalachian	adj
glaucoma	noun
denigrate	verb
insole	noun
cowpoke	noun
hydroxide	noun
generalization	noun
bor	noun
kitschy	adj
angina	noun
sorghum	noun
souffle	noun
showerhead	noun
misdiagnose	verb
urination	noun
nuptials	noun
rar	noun
tatami	noun
reclusive	adj
kurta	noun
housemother	noun
catfight	noun
antiviral	noun
honourable	noun
indo	noun
provost	noun
tanuki	noun
swordplay	noun
mammary	noun
chickie	noun
thane	noun
Nica	adj
amu	noun
FTL	adj
Paraguayan	adj
gry	noun
sanatorium	noun
yad	noun
dhoni	noun
condemnation	noun
haroun	noun
majorette	noun
antichrist	noun
arbitrarily	adv
butchery	noun
unfairness	noun
gratefully	adv
tribesman	noun
milling	noun
convergence	noun
mechanize	verb
meteoric	adj
demotion	noun
truthfulness	noun
motorist	noun
mig	noun
krill	noun
liaise	verb
gesturing	noun
gigahertz	noun
amateurish	adj
funfair	noun
preheat	verb
cannula	noun
negroni	noun
pov	noun
manically	adv
desiccate	verb
blowhard	noun
backache	noun
seductively	adv
breakneck	noun
whippersnapper	noun
boyhood	noun
doubloon	noun
monotony	noun
boyo	noun
riffing	noun
gangbuster	noun
transcendental	noun
machismo	noun
foray	noun
marketable	adj
ostentatious	adj
flyover	noun
hapless	adj
sublet	noun
vapid	adj
osteoporosis	noun
someway	adv
yok	noun
gullet	noun
ugg	noun
dateline	noun
reinvention	noun
pierog	noun
quieten	verb
pansexual	noun
regatta	noun
allergen	noun
stunningly	adv
belladonna	noun
amorous	adj
pantomime	noun
aqueduct	noun
regrow	verb
furrow	verb
lampshade	noun
itis	noun
subjugation	noun
philo	noun
noogie	noun
silken	verb
Saban	adj
zirconia	noun
lv	noun
stillman	noun
blurb	noun
muskrat	noun
pinecone	noun
vongole	adj
onsen	noun
rime	noun
abuzz	adj
Senegalese	adj
pompom	noun
dubstep	noun
ume	noun
canter	noun
alfalfa	noun
buncha	noun
dwarven	adj
bodice	noun
ballast	noun
confectionary	noun
jocko	noun
bardo	noun
lorelei	noun
zel	noun
cappy	adj
sobel	noun
marg	noun
speciality	noun
movable	noun
incontinence	noun
retinal	noun
credence	noun
thrombosis	noun
automation	noun
whupping	noun
omnipresent	adj
magnificence	noun
populist	adj
dubbing	noun
internment	noun
incubate	verb
motherless	adj
hermaphrodite	noun
forsaking	noun
mousy	noun
keenly	adv
cunnilingus	noun
saucepan	noun
ingratiate	verb
hyperbaric	adj
rangoon	noun
mailroom	noun
unsolvable	noun
sill	noun
cuddler	noun
necrotic	adj
indignant	adj
magnetize	verb
jitterbug	noun
comparatively	adv
lawlessness	noun
efficacy	noun
intermittently	adv
clusterfuck	noun
cojones	noun
dismembering	noun
emote	verb
teste	noun
extricate	verb
sleuthing	noun
awesomely	adv
corby	noun
mucky	adj
acuity	noun
accented	adj
pennant	noun
resurgence	noun
virtuoso	adj
gearshift	verb
zoot	noun
removable	noun
barnyard	noun
unionize	verb
unease	noun
buckeye	noun
stockpiling	noun
attainable	adj
metabolize	verb
unobstructed	adj
hitching	noun
unilateral	adj
disjoint	verb
repugnant	adj
hellion	noun
jackrabbit	noun
larp	noun
pretrial	noun
buoyancy	noun
colonialism	noun
rotter	noun
vibrato	noun
askew	adv
basilica	noun
slobbering	noun
surrey	noun
courtier	noun
tannin	noun
cachet	noun
hymen	noun
acacia	noun
Ashkenazi	adj
panko	noun
fisticuff	noun
spyware	noun
paring	noun
gooney	noun
bute	noun
meddler	noun
scholarly	adj
mesquite	noun
caipirinha	noun
horndog	noun
psychotropic	noun
selector	noun
slaver	noun
poon	noun
lungi	noun
sado	noun
dressmaker	noun
tonto	noun
lockout	noun
grubbing	noun
taiko	noun
ustad	noun
ankush	noun
parma	noun
kuri	noun
skylab	noun
kph	noun
hk	noun
shorting	noun
worshiper	noun
unlawfully	adv
transplantation	noun
rationalization	noun
calisthenics	noun
summa	noun
topography	noun
cinematographer	noun
interlock	verb
dictation	noun
gracing	noun
signpost	noun
rebuff	noun
marrot	noun
flunkey	noun
opportune	adj
subcommittee	noun
teflon	noun
stabilization	noun
screening	noun
chianti	noun
meekly	adv
aggravation	noun
agitator	noun
terrarium	noun
unlearn	verb
slapstick	noun
transactional	adj
midi	noun
vanna	noun
folic	adj
motley	adj
bloodsucking	noun
leach	verb
grigio	noun
fifteenth	noun
decider	noun
masseur	noun
grungy	adj
overshot	noun
hypothermic	adj
dilapidate	verb
reawaken	verb
fanciful	adj
armrest	noun
nicety	noun
racquet	verb
filibuster	noun
woodshed	noun
girder	noun
menudo	noun
croker	noun
perspiration	noun
stave	noun
pulsate	verb
swain	noun
pastie	noun
writhe	noun
spurn	noun
bourgeoisie	noun
workable	adj
jointly	adv
refueling	noun
paperclip	verb
frumpy	adj
dosing	noun
flytrap	noun
wazoo	noun
addendum	noun
vox	noun
musing	noun
desensitize	verb
Israelite	adj
distill	verb
sheathe	verb
interchangeable	noun
kingmaker	noun
clearwater	adj
rickle	noun
fastidious	adj
dipstick	noun
pola	adj
speller	noun
footsie	noun
nudie	noun
enchantress	noun
madeira	noun
semiconductor	noun
onsite	adj
valerian	noun
indeedy	adv
gib	noun
gori	noun
marmot	noun
ferryman	noun
sulfide	noun
dooly	noun
chola	noun
neverending	adj
froyo	noun
phaser	noun
botulinum	noun
hilum	noun
comandante	noun
kadam	noun
varsha	noun
simp	noun
expiry	noun
pdf	noun
sharking	noun
needlework	noun
irresponsibility	noun
neonatal	adj
baccarat	noun
postponement	noun
naively	adv
incubation	noun
cherishing	noun
bloating	noun
capitan	noun
caul	noun
misappropriate	verb
uncensor	verb
desperado	noun
flack	noun
memorization	noun
footpath	noun
guzzler	noun
paparazzo	noun
stucco	noun
unconscionable	adj
jihadi	noun
frothy	adj
bullcrap	noun
gaff	noun
markup	noun
thinner	noun
nickelodeon	noun
rehash	noun
noticeably	adv
exploitative	adj
posturing	noun
clubber	noun
amiable	adj
preface	noun
tinnitus	noun
dissimilar	noun
zinger	noun
birthstone	noun
titillate	verb
apa	noun
opulent	adj
tenaciously	adv
costar	noun
cocker	noun
chitty	noun
untenable	adj
anabolic	noun
mofo	noun
overtly	adv
industrious	adj
marauder	noun
lanyard	noun
implausible	adj
huffy	adj
tiddle	verb
muscly	adj
waxy	adj
incidence	noun
terminus	noun
ranged	adj
forfeiting	noun
presidente	noun
microbial	noun
spitz	noun
inoculate	noun
aromatherapy	noun
funneling	noun
bassett	noun
fudgy	adj
flange	noun
ziploc	noun
kowtow	noun
sneakily	adv
daywalker	noun
deceleration	noun
NRC	adj
beemer	noun
proliferate	verb
whomp	verb
swill	noun
aerate	verb
hogwash	noun
washboard	noun
kibbutz	noun
trapp	noun
ineligible	noun
rioter	noun
prefrontal	noun
currant	noun
blackcurrant	noun
heedless	adj
zoink	verb
rho	noun
culvert	noun
castello	noun
glazer	noun
plebe	noun
bly	noun
mandala	noun
repatriation	noun
praxis	noun
Kuwaiti	adj
cistern	noun
zain	noun
ageist	noun
denomination	noun
spoilsport	noun
indiscreet	adj
signboard	noun
unadulterated	adj
landlocked	adj
sandstone	noun
punctuation	noun
talentless	adj
sine	noun
liberalism	noun
banishing	noun
cellist	noun
leeching	noun
downcast	noun
enacting	noun
asthmatic	adj
cumbersome	adj
irreconcilable	adj
palatable	adj
dari	noun
headcount	noun
antagonist	noun
snacky	adj
airliner	noun
periphery	noun
hyperbole	noun
purport	noun
ubiquitous	adj
postmark	verb
altruism	noun
bridging	noun
stunting	noun
threading	noun
pollutant	noun
adjunct	noun
ruminate	verb
horsing	noun
furtive	adj
confiding	noun
yance	adv
inane	noun
pituitary	noun
sultana	noun
estuary	noun
overdraft	noun
impeccably	adv
shrinkage	noun
stepper	noun
underappreciate	verb
asunder	adv
armoire	noun
dissonance	noun
hissy	noun
perishable	noun
yippie	noun
rambunctious	adj
waddling	noun
mercifully	adv
taupe	noun
surveyor	noun
sunroom	noun
subterfuge	noun
slushy	noun
watermark	noun
whatchamacallit	noun
Machiavellian	adj
powwow	noun
inflection	noun
garrote	noun
pierogi	noun
survivable	adj
uninform	verb
hovercraft	noun
grog	noun
oxygenate	verb
knuckleball	noun
shuffleboard	noun
gobsmack	verb
adaptive	adj
hider	noun
stacker	noun
surcharge	noun
seeding	noun
swank	noun
striding	noun
tirade	noun
blitzkrieg	noun
contrition	noun
instructive	adj
oxidize	verb
pigpen	noun
conjurer	noun
lapin	noun
defunct	adj
belfry	noun
bloodless	adj
gamey	adj
mayfly	noun
dreamily	adv
sealer	noun
vena	noun
pipette	noun
tamagotchi	noun
Andaman	adj
blix	noun
gastronomic	adj
parachuting	noun
acupressure	noun
trigonometry	noun
spittoon	noun
weaning	noun
microfilm	noun
tenga	noun
tuan	noun
headman	noun
nabe	noun
Tunisian	adj
rima	noun
faithfulness	noun
autobiographical	adj
beltway	noun
maté	noun
repressing	noun
mispronounce	verb
drinkable	noun
clownfish	noun
talcum	noun
monger	noun
synthesis	noun
dockyard	noun
sem	noun
reactionary	noun
laureate	noun
irrevocable	adj
sacking	noun
departmental	adj
proportionate	verb
enthuse	verb
democratically	adv
coochy	noun
inadequacy	noun
pally	noun
fluidity	noun
sportswear	noun
wonderment	noun
bipartisan	adj
foundational	adj
suggestively	adv
intuit	verb
outclass	verb
concourse	noun
comeuppance	noun
bicarb	noun
northside	noun
recast	noun
dredging	noun
dumbstruck	adj
cookery	noun
undergrowth	noun
westward	noun
discarding	noun
relearn	verb
pageantry	noun
monorail	noun
undercurrent	noun
addicting	adj
neuroscientist	noun
proponent	noun
globetrotter	noun
kyrie	noun
bossman	noun
fido	noun
snakeskin	noun
larynx	noun
shabbos	noun
twiddle	noun
empathic	adj
mimicry	noun
transverse	noun
lowball	noun
teak	noun
thataway	adv
brewster	noun
bijou	noun
muni	noun
Macedonian	adj
civics	noun
stressor	noun
aflame	adj
thoughtfully	adv
volta	noun
outstretch	verb
ballpoint	noun
puppetry	noun
pedantic	adj
automaton	noun
backsie	noun
delt	noun
bebop	noun
sulfate	noun
overactive	adj
multivitamin	noun
rerouting	noun
gratuitous	adj
instructional	noun
frankfurter	noun
saman	noun
kike	noun
iwa	noun
farty	adj
unibrow	noun
subwoofer	noun
dustpan	noun
bulimic	noun
kegel	noun
partier	noun
mento	noun
tansy	noun
gardenia	noun
radioactivity	noun
hic	intj
tweety	adj
tapenade	noun
pata	noun
comptroller	noun
copywriter	noun
cadenza	noun
sadhu	noun
gallstone	noun
ischemia	noun
summery	adj
faultless	adj
pentathlon	noun
aptly	adv
recompense	noun
gravitas	noun
linguistic	adj
appellate	adj
doudou	noun
permissible	adj
birdbrain	noun
bandar	noun
alphabetically	adv
extractor	noun
psychotherapist	noun
gooder	noun
friendless	adj
consumerism	noun
strapless	noun
predisposed	adj
pigheaded	adj
phasing	noun
preemie	noun
budgie	noun
rectory	noun
envisage	verb
countenance	noun
overplay	verb
thorax	noun
spousal	adj
kell	noun
undeserving	adj
uncharacteristic	adj
hippity	adv
indelible	adj
footstool	noun
tepid	adj
limerick	noun
prolapse	verb
horsehair	noun
cert	noun
resurfacing	noun
achy	adj
acetaminophen	noun
frailty	noun
twentieth	adj
principality	noun
kringle	noun
Arian	adj
unjustified	adj
discretionary	adj
awestrike	verb
decelerate	verb
antifreeze	noun
retrain	verb
coming	noun
redeemer	noun
copious	adj
confessor	noun
westerly	noun
insubordinate	noun
peruse	verb
bluefin	noun
depreciate	verb
ciel	verb
binging	noun
heliport	noun
reverie	noun
sparingly	adv
patrolman	noun
deadbolt	noun
armistice	noun
houseplant	noun
nipper	noun
stepchild	noun
scabbard	noun
conclusively	adv
argon	noun
anon	noun
seawall	noun
bootlicker	noun
classless	adj
tableau	noun
mountaineering	noun
unexplode	verb
manicurist	noun
counterpoint	noun
auguste	noun
svr	noun
hundo	noun
injectable	noun
corrosive	noun
schnauzer	noun
literate	adj
macintosh	noun
shoppe	noun
Slavic	adj
ber	noun
reframe	noun
bip	noun
livre	noun
greaser	noun
spitter	noun
mountaineer	noun
Liechtenstein	adj
lancer	noun
Swati	adj
indubitably	adv
cotter	noun
beena	noun
chay	noun
enquire	verb
aswang	noun
maka	noun
mathlete	noun
rudge	noun
backland	noun
rationality	noun
stakeholder	noun
carrion	noun
bloodstained	adj
inevitability	noun
naivety	noun
enormity	noun
paraphrasing	noun
spreader	noun
accessibility	noun
proliferation	noun
pampers	noun
desolation	noun
Serb	adj
enrichment	noun
remit	verb
minutia	noun
roper	noun
gelatinous	adj
buzzword	noun
intrinsic	noun
aero	noun
hora	noun
venous	adj
nerf	noun
wowzer	noun
homestretch	noun
cooter	noun
psychoanalyze	verb
venerate	verb
canoodling	noun
skirting	noun
overhang	noun
ambidextrous	adj
schism	noun
ineptitude	noun
goodfella	noun
vestige	noun
biochemistry	noun
counteroffer	noun
unhygienic	adj
pissant	noun
spat	noun
zale	noun
copulate	verb
tranquilize	verb
debonair	adj
archduke	noun
vaudeville	noun
unschedule	verb
eke	noun
peen	noun
potpourri	noun
uninhabitable	adj
brainchild	noun
brutish	adj
Kazakh	adj
complainer	noun
sunglass	noun
yakk	verb
pterosaur	noun
olfactory	adj
merde	noun
foreperson	noun
gripper	noun
gloopy	adj
irresponsibly	adv
feathery	adj
fete	verb
iridescent	adj
kokomo	noun
grommet	noun
begonia	noun
outwardly	adv
signage	noun
reacquaint	verb
endive	noun
viscosity	noun
nong	noun
predisposition	noun
spork	noun
flaking	noun
denizen	noun
cordless	noun
gaydar	noun
commode	noun
bf	noun
gomer	noun
patchouli	noun
Corsican	adj
roadrunner	noun
abbreviate	verb
agrarian	noun
bramble	noun
horniness	noun
holstein	noun
lecher	noun
mouthwatering	adj
fellatio	noun
clothespin	noun
moser	noun
pinata	noun
cinnabar	noun
methylamine	noun
lata	noun
habu	noun
zither	noun
hellman	noun
chowk	noun
inference	noun
irrationally	adv
nape	noun
humerus	noun
overeat	verb
nanotechnology	noun
disagreeable	noun
tet	noun
seasickness	noun
paralyzis	noun
undamaged	adj
baobab	noun
constrictor	noun
reimbursement	noun
equatorial	noun
airfare	noun
uncaring	adj
gestational	adj
cadre	noun
smock	noun
melatonin	noun
spokeswoman	noun
visualized	adj
invariably	adv
moratorium	noun
fl	adj
pittance	noun
vai	noun
zolpidem	noun
aphasia	noun
pate	noun
archway	noun
steeper	noun
indistinguishable	adj
alcove	noun
uplink	noun
presser	noun
punky	adj
serenading	noun
superfly	noun
yeller	noun
exhalation	noun
absentee	noun
composting	noun
stonewalling	noun
rifling	noun
headquarter	verb
sate	verb
thievery	noun
preparedness	noun
underarm	noun
semtex	noun
hankie	noun
emboss	verb
pickaxe	noun
deary	noun
lorrie	noun
noxious	adj
sharky	adj
tenner	noun
chronological	adj
puritan	noun
eventuality	noun
nob	noun
unconquerable	adj
incisor	noun
chronology	noun
launchpad	noun
jockeying	noun
chimichanga	noun
decking	noun
kitt	noun
contortionist	noun
bartering	noun
absurdly	adv
unfriend	verb
fife	noun
blacktop	noun
twofold	adj
confiscation	noun
privatize	verb
hawker	noun
excitable	adj
pastoral	noun
unattach	verb
inorganic	noun
microcosm	noun
sculptural	adj
concave	noun
mete	verb
quaalude	noun
impropriety	noun
torrid	adj
remaking	noun
fallback	noun
steppe	noun
waterspout	noun
oleander	noun
leathery	adj
webbing	noun
limey	noun
interpretive	adj
loiter	noun
irradiate	verb
Enochian	adj
screwy	adj
fractal	noun
haberdashery	noun
weightlifter	noun
allegory	noun
fisting	noun
sleepwalker	noun
tonka	noun
antihistamine	noun
lido	noun
moonrise	noun
kurti	noun
plaguing	noun
sooo	adv
sneezy	adj
mair	noun
emoticon	noun
capote	noun
dumbwaiter	noun
Laotian	adj
encephalitis	noun
capsaicin	noun
superbug	noun
colostomy	noun
scut	noun
uninhibited	adj
rangoli	noun
archivist	noun
phooey	noun
appley	adj
maslin	noun
mv	noun
biju	noun
torus	noun
puli	noun
fief	noun
unfilial	adj
consultancy	noun
laith	noun
shaheen	noun
sensibly	adv
bootstrap	noun
consummation	noun
Estonian	adj
endemic	adj
vitally	adv
herder	noun
ibex	noun
scandalize	verb
folktale	noun
permanence	noun
converging	noun
crystalline	adj
stiffer	noun
pathos	noun
hyphenate	noun
paracetamol	noun
abysmal	adj
frit	noun
melanoma	noun
clitoral	adj
linguist	noun
coercive	adj
connectivity	noun
invertebrate	noun
lakeside	noun
viciousness	noun
niceness	noun
mucous	adj
marsala	noun
whacker	noun
toeing	noun
woefully	adv
unselfish	adj
unsalted	adj
ragging	noun
ringworm	noun
snakebite	noun
stade	noun
preclude	verb
iceman	noun
cosmetology	noun
evidentiary	adj
olivine	noun
unfetter	verb
itemize	verb
duplicitous	adj
sie	noun
laparoscopic	adj
macaw	noun
unmitigated	adj
highbrow	noun
placeholder	noun
exuberance	noun
waistcoat	noun
distaste	noun
diuretic	noun
tawdry	adj
sativa	noun
culver	noun
chaperoning	noun
substandard	adj
mooring	noun
discoloration	noun
velum	noun
bronchial	adj
apprehending	noun
scoping	noun
inlet	noun
diverge	verb
technicolor	noun
allspice	noun
scrapbooking	noun
Adventist	adj
subcutaneous	adj
lurid	adj
Nepalese	adj
inert	noun
metalhead	noun
russel	noun
metaphysical	adj
walkout	noun
powerball	noun
arid	adj
psychokinesis	noun
cheez	noun
criolla	noun
libertine	noun
corroboration	noun
benzene	noun
smut	noun
amaru	noun
Hippocratic	adj
twiggy	adj
episiotomy	noun
nasi	noun
richly	adv
rejuvenation	noun
barny	adj
anorexia	noun
frankincense	noun
scabies	noun
somatic	adj
trebuchet	noun
echidna	noun
goldsmith	noun
ard	noun
dormouse	noun
bookseller	noun
Iberian	adj
meer	noun
canola	noun
curable	adj
biodiesel	noun
cautery	noun
coronel	noun
broch	noun
unni	noun
videotaping	noun
wussy	noun
bluish	adj
squandering	noun
arak	noun
galilee	noun
incubus	noun
adjuster	noun
parquet	noun
kindergartener	noun
zar	noun
overstatement	noun
guesswork	noun
whaler	noun
negligible	adj
denier	noun
legislate	verb
bigoted	adj
saunter	verb
prodding	noun
collate	verb
waterboard	verb
rollout	noun
summation	noun
atrial	adj
roadmap	verb
womanize	verb
siree	noun
statewide	adj
nettie	noun
thready	adj
subclavian	noun
pyrotechnics	noun
bocce	noun
egress	noun
wafting	noun
starburst	noun
shearing	noun
zealous	adj
afterglow	noun
tho	adv
hypothesize	verb
navigational	adj
chicane	noun
rejoining	noun
saratoga	noun
subculture	noun
anesthetize	verb
phish	noun
reintegrate	verb
muscling	noun
bulldozing	noun
earshot	noun
sisterly	adj
boatyard	noun
nester	noun
firelight	noun
flotation	noun
clomping	noun
despot	noun
oligarchy	noun
varmint	noun
arvo	noun
obnoxiously	adv
aground	adj
bindi	noun
nightlight	noun
thermite	noun
pocketing	noun
androgynous	adj
carcinogen	noun
preventable	noun
synopsis	noun
bulbous	adj
actuator	noun
Higgs	adj
captaincy	noun
unconcerned	adj
cokehead	noun
recurrent	adj
touchstone	noun
suet	noun
mortadella	noun
dryness	noun
rimshot	noun
menstruate	verb
busily	adv
corrosion	noun
smokestack	noun
cruller	noun
overdosing	noun
gloop	noun
necromancy	noun
swatter	noun
indica	noun
pomme	noun
criminologist	noun
cous	noun
pilaf	noun
fuzzball	noun
bejewel	verb
flightless	adj
shandy	noun
canasta	noun
spearman	noun
jinny	noun
distillation	noun
magnificently	adv
darshana	noun
haka	noun
Tamilian	adj
sept	noun
naka	noun
formalin	noun
kumara	noun
ophthalmologist	noun
occipital	noun
unreasonably	adv
boondock	noun
domicile	noun
litigator	noun
vexing	noun
metalwork	noun
gigabyte	noun
castration	noun
passively	adv
savagely	adv
succubus	noun
aloft	adv
decadence	noun
symbiosis	noun
unseat	verb
pinhead	noun
diwan	noun
animus	noun
inhospitable	adj
stagnate	verb
marly	adj
dramatize	verb
muss	verb
warbler	noun
detoxify	verb
phenomenally	adv
cupping	noun
nimrod	noun
annihilator	noun
ciabatta	noun
awash	adj
backstroke	noun
morgen	noun
hauntingly	adv
plotter	noun
piedmont	noun
glioblastoma	noun
discombobulate	verb
dowdy	noun
onus	noun
counterintuitive	adj
predicate	noun
dalliance	noun
catalytic	adj
misadventure	noun
libertarian	noun
sideswipe	verb
staph	noun
auteur	noun
insomniac	noun
butterball	noun
oriole	noun
vitriol	noun
wizardry	noun
accreditation	noun
malfeasance	noun
nudging	noun
winkie	noun
collider	noun
profitability	noun
princely	adj
effervescent	adj
carle	noun
blathering	noun
briny	noun
porous	adj
continual	adj
machination	noun
shapely	adj
bk	noun
stanza	noun
bogie	noun
afterbirth	noun
viability	noun
jetson	noun
beautification	noun
fandango	noun
irreverent	adj
timidly	adv
certifiable	noun
graf	noun
mariposa	noun
janitorial	adj
disrobe	verb
formless	adj
rhythmical	adj
lascivious	adj
imbibe	verb
utilitarian	noun
sampler	noun
studly	adj
bricklayer	noun
dippy	adj
harpsichord	noun
barrette	noun
whelp	noun
infantile	adj
burgeoning	noun
Zeno	adj
nonno	noun
huntress	noun
untether	verb
peal	noun
thumbtack	noun
peet	noun
hemline	noun
uninsured	adj
disorientation	noun
teratoma	noun
Frenchy	adj
Rwandan	adj
morpher	noun
masturbator	noun
investiture	noun
sparerib	noun
sweetbread	noun
scatterbrained	adj
ladyboy	noun
ligate	verb
garuda	noun
Andalusian	adj
funda	noun
biwa	noun
feasibility	noun
drunkenness	noun
bulbul	noun
adapter	noun
cybernetic	adj
minimalism	noun
eloquence	noun
imperialism	noun
gluttonous	adj
scummy	adj
superfast	adj
breakdance	noun
pouncing	noun
austerity	noun
diocese	noun
impertinence	noun
uncultured	adj
admonish	verb
unorganized	adj
physiotherapist	noun
orally	adv
playpen	noun
veritas	noun
trite	noun
quibble	noun
ascribe	verb
soundproofing	noun
spindle	noun
int	noun
enamel	noun
après	noun
crackerjack	noun
lodger	noun
prodigious	adj
propelling	noun
befuddle	verb
reoccur	verb
pelting	noun
cylindrical	adj
lutz	noun
nakedness	noun
burb	noun
factually	adv
oxymoron	noun
vato	noun
mindlessly	adv
unmove	verb
permafrost	noun
dominus	noun
wino	noun
maven	noun
unwinding	noun
thawing	noun
hypnotism	noun
schoolbag	noun
undeveloped	adj
indoctrination	noun
commiserate	verb
endometriosis	noun
uncharacteristically	adv
workhouse	noun
bopper	noun
bruin	noun
crosstalk	noun
wilding	noun
gritting	noun
behoove	verb
pilate	adj
cockiness	noun
stupefy	verb
conceptualize	verb
reseda	noun
impulsiveness	noun
astonishingly	adv
oppo	noun
boneyard	noun
uninvite	verb
exfil	noun
centralized	adj
hypoxia	noun
dicing	noun
wordy	adj
overextend	verb
bodkin	noun
evaporation	noun
lionfish	noun
prepper	noun
toadstool	noun
excellently	adv
wiggy	adj
scoliosis	noun
coagulate	noun
flattop	noun
haphazard	noun
jubilation	noun
metta	noun
exculpatory	adj
vole	noun
shipmate	noun
odorless	adj
beanpole	noun
junky	adj
quadratic	noun
unwitting	adj
baster	noun
lichen	noun
brownout	noun
nadir	noun
underclassman	noun
spritzing	noun
cartoony	adj
shire	verb
varicose	adj
cottontail	noun
incorporation	noun
apostrophe	noun
urology	noun
monochromatic	adj
vig	noun
sodomize	verb
helpline	noun
toughie	noun
faro	noun
vamoose	verb
ficus	noun
brandish	verb
tinge	noun
panacea	noun
stripy	adj
dunderhead	noun
forebear	noun
roughhouse	noun
phin	noun
winnebago	noun
brontosaurus	noun
citron	noun
koto	noun
holdout	noun
orangey	adj
sunstroke	noun
freedman	noun
slake	noun
bullfight	noun
offsite	noun
reprogramming	noun
bajaj	noun
crump	noun
papilloma	noun
placental	noun
tiffin	noun
carapace	noun
kodama	noun
spina	noun
nunchaku	noun
bighead	noun
splenic	adj
pocho	noun
sanna	noun
stilling	noun
variance	noun
anchoring	noun
shortfall	noun
macedonia	noun
hypertensive	noun
hob	noun
alienation	noun
hypnotherapy	noun
pigeonhole	verb
wrongdoer	noun
incitement	noun
tiling	noun
stiffness	noun
hoopla	noun
inheritor	noun
airbus	noun
nineties	noun
forgetfulness	noun
Yemeni	adj
hilly	adj
resolutely	adv
roadshow	noun
bix	noun
garish	adj
chickadee	noun
scopolamine	noun
scuffling	noun
backbreaking	adj
uncoordinated	adj
snark	noun
provolone	noun
brahman	noun
acker	noun
biracial	noun
unfasten	verb
swampy	adj
hibachi	noun
schmancy	adj
archival	adj
expressionless	adj
sexton	noun
sepia	noun
refereeing	noun
greenlight	verb
reprise	noun
carbo	noun
druther	noun
puttering	noun
param	noun
hairdressing	noun
feebly	adv
requisite	noun
beary	adj
imprudent	adj
crossing	noun
recidivism	noun
spicer	noun
sotto	adj
pilfer	verb
spyder	noun
overpopulation	noun
shill	noun
goddam	noun
arroz	noun
corrective	noun
borscht	noun
wordsmith	noun
cosmonaut	noun
unfunny	adj
reissue	verb
admirably	adv
unearthly	adj
masterfully	adv
numeral	noun
discolor	verb
sumac	noun
phallic	adj
cossack	noun
otherworld	noun
objectifying	noun
brainpower	noun
fogey	noun
oom	noun
fornication	noun
Nazarene	adj
remarriage	noun
Lipschitz	adj
vert	noun
excrete	verb
banco	noun
frontman	noun
oaky	adj
toady	noun
septal	adj
pewter	noun
affix	noun
lipo	noun
boof	noun
omicron	noun
mauri	noun
secretarial	adj
earthen	verb
artful	adj
bassinet	noun
transcription	noun
cacciatore	noun
postgraduate	noun
crosse	noun
dimly	adv
purser	noun
enchanter	noun
CTA	adj
borax	noun
Nakamoto	adj
inquisitor	noun
abdication	noun
immorality	noun
thingamajig	noun
scarab	noun
safeguarding	noun
phonograph	noun
predictor	noun
eccentricity	noun
orchestration	noun
touristy	adj
mire	noun
governess	noun
sustainably	adv
discrediting	noun
dispensing	noun
superfluous	adj
tableware	noun
conservationist	noun
frigate	noun
disassociate	verb
transceiver	noun
privateer	noun
yellowish	adj
ender	noun
curving	noun
outrageously	adv
flaxseed	noun
amphitheater	noun
zilla	noun
hobbling	noun
involuntarily	adv
tachy	noun
credenza	noun
yaw	noun
firmness	noun
Calabrian	adj
panisse	noun
unknowable	noun
vas	noun
legless	adj
bock	noun
bookmaker	noun
bounding	noun
outbound	noun
troubleshooter	noun
rend	noun
mandal	noun
firebomb	verb
bg	noun
handsomeness	noun
litmus	noun
bandito	noun
renown	noun
coley	noun
daunt	verb
groggily	adv
sheepdog	noun
basset	noun
arco	adv
updraft	noun
masonry	noun
boastful	adj
decoder	noun
readies	noun
predictive	noun
deadpan	noun
snakehead	noun
relaxant	noun
knave	noun
stile	noun
tantamount	adj
untalented	adj
litigious	adj
sacrilegious	adj
opulence	noun
albacore	noun
bajillion	noun
tearjerker	noun
nary	adj
musicality	noun
prehistory	noun
trustful	adj
aerobic	adj
petro	noun
worrier	noun
downturn	noun
shamisen	noun
unopposed	adj
freehand	verb
windup	noun
tinny	adj
vibrancy	noun
indefensible	adj
hinterland	noun
autobahn	noun
shortwave	noun
attentively	adv
spooking	noun
humanely	adv
silvery	adj
poochie	noun
shoestring	noun
underfund	verb
moola	noun
woosh	noun
dragster	noun
lasher	noun
tweaker	noun
construe	verb
rapier	noun
saran	noun
kugel	noun
confectioner	noun
frightfully	adv
windowless	adj
regalia	noun
regressive	adj
slanderous	adj
aglow	adj
naloxone	noun
earwax	noun
bootlegging	noun
nametag	noun
habitually	adv
stillwater	noun
malformation	noun
harmoniously	adv
belter	noun
Kashmiri	adj
winemaker	noun
tourney	noun
tita	noun
bondsman	noun
surety	noun
slinger	noun
biochemical	adj
zooey	adj
rove	noun
notation	noun
given	noun
reorganization	noun
stuntwoman	noun
metahuman	noun
decoction	noun
buba	noun
splicer	noun
koel	noun
ebru	noun
polygamy	noun
vulgarity	noun
bellboy	noun
nympho	noun
whop	noun
defeatist	noun
intuitively	adv
hydroelectric	adj
kilowatt	noun
nanosecond	noun
badness	noun
nou	noun
preamble	noun
barefooted	adj
introspection	noun
gyrate	verb
pallbearer	noun
unoriginal	noun
bork	noun
goulash	noun
mutagen	noun
woolen	noun
crawlies	noun
sociologist	noun
windscreen	noun
sufferer	noun
federally	adv
teamster	noun
waterboarding	noun
weighty	adj
burglarize	verb
transfuse	verb
inversion	noun
operatically	adv
woodwind	noun
tais	noun
pollinator	noun
serrate	verb
unappealing	adj
gussy	verb
commercialize	verb
hayride	noun
fb	noun
stargazer	noun
proctologist	noun
lampoon	noun
sudo	noun
contaminant	noun
allosaurus	noun
epically	adv
aplenty	adj
wringing	noun
mescaline	noun
rigorously	adv
unsteadily	adv
sequential	adj
honeypot	noun
sozin	noun
antithesis	noun
unreadable	adj
ascendancy	noun
papal	adj
latching	noun
sophy	noun
croupier	noun
novella	noun
obediently	adv
typhus	noun
fudging	noun
adorably	adv
meatless	adj
aerodynamics	noun
lateness	noun
quadriplegic	noun
kingship	noun
consolidation	noun
discernible	adj
braving	noun
blankly	adv
bikie	noun
undiagnose	verb
muncher	noun
neophyte	noun
characterization	noun
wormy	adj
outboard	noun
overstuff	verb
tincture	noun
fluffer	noun
flashcard	noun
bagh	noun
wisteria	noun
hemothorax	noun
hooey	noun
incorruptible	noun
pointlessly	adv
lithe	noun
competitively	adv
broseph	noun
spanky	adj
balmoral	noun
dragnet	noun
footbridge	noun
jacko	noun
qigong	noun
abolition	noun
dern	noun
hypotenuse	noun
pleather	noun
ironman	noun
Lutheran	adj
upholster	verb
Terran	adj
merino	noun
mincing	noun
singlehandedly	adj
hydrochloric	adj
jicama	noun
palmetto	noun
devotional	adj
moonstone	noun
gastroenteritis	noun
breakwater	noun
disciplinarian	noun
particulate	noun
quin	noun
corsair	noun
byte	noun
kalam	noun
espada	noun
dorf	noun
dagwood	noun
timeship	noun
genta	noun
nastiness	noun
stooping	noun
disbelieve	verb
repentant	noun
repose	noun
implicit	adj
premeditation	noun
agnostic	noun
junket	noun
quorum	noun
canny	adj
adornment	noun
socio	noun
yana	noun
enslavement	noun
wrest	verb
caesarean	noun
slouching	noun
dram	noun
coolio	adj
phallus	noun
preset	noun
logistically	adv
strikingly	adv
adversarial	adj
marginally	adv
crested	noun
scalper	noun
psychically	adv
cockamamie	noun
benihana	noun
alternatively	adv
rusk	noun
untying	noun
chancer	noun
unpredictability	noun
thesaurus	noun
livery	noun
moccasin	noun
chromium	noun
tapper	noun
undeterred	adj
whatta	noun
nonnegotiable	noun
reliably	adv
rooty	adj
succinct	adj
balmy	adj
grandpappy	noun
porterhouse	noun
fishtail	noun
ravaging	noun
unsheath	verb
unmistakably	adv
unsub	noun
superspy	noun
topiary	noun
sug	noun
barbarity	noun
diehard	noun
airboat	noun
orator	noun
epitaph	noun
debase	verb
cockerel	noun
ablation	noun
techie	noun
doctoring	noun
quotient	noun
retractable	noun
asymmetry	noun
mellon	noun
flyboy	noun
churchgoer	noun
darknet	noun
radicalization	noun
biomedical	noun
mannitol	noun
toning	noun
laparotomy	noun
cur	noun
undersell	verb
theremin	noun
gloriously	adv
cinematography	noun
bayside	noun
bukkake	noun
extol	verb
homeschooling	noun
deletion	noun
asinine	adj
wetness	noun
piccata	noun
ocular	noun
puka	noun
moisten	verb
pirating	noun
bruschetta	noun
triangulation	noun
coveting	noun
telluride	noun
kiley	noun
overcoat	noun
mortally	adv
detractor	noun
dutifully	adv
agape	noun
clamshell	noun
nippy	adj
corporeal	adj
cinA	noun
pompadour	noun
ladyfinger	noun
fugu	noun
angiogram	noun
braggart	noun
timbre	noun
basso	noun
flopsy	adj
norad	noun
dir	noun
quasar	noun
dobson	noun
yat	noun
grammatical	adj
guna	noun
boor	noun
islet	noun
moocher	noun
toom	noun
subarachnoid	adj
oct	noun
nare	noun
ogi	noun
modernist	noun
sambo	noun
slapper	noun
wiseass	noun
conformity	noun
neglectful	adj
disrespectfully	adv
xxx	noun
freelancing	noun
brutalizing	adj
linguistics	noun
dander	noun
thoughtlessly	adv
deconstruction	noun
conscription	noun
circulatory	adj
astrophysicist	noun
curtail	verb
denouncing	noun
xenia	noun
subhuman	noun
lymphatic	noun
chablis	noun
unromantic	adj
tro	noun
windbag	noun
kea	noun
facetious	adj
petroglyph	noun
orientate	verb
nondisclosure	noun
solarium	noun
whet	noun
devastatingly	adv
consequential	adj
legume	noun
recce	noun
outie	noun
amiga	noun
concerted	adj
counterculture	noun
annal	noun
mishandle	verb
laryngitis	noun
erroneous	adj
rappelling	noun
rawhide	noun
observational	adj
embarrassingly	adv
seaplane	noun
convalesce	verb
chicanery	noun
lactation	noun
assuage	verb
labradoodle	noun
driller	noun
reconstitute	verb
resourcefulness	noun
cartoonish	adj
roid	noun
mysticism	noun
inordinate	adj
lecherous	adj
Athenian	adj
emphysema	noun
retracing	noun
mot	noun
glasser	noun
barbarism	noun
woofer	noun
sav	noun
harbormaster	noun
trach	noun
disinvite	verb
triomphe	noun
minder	noun
scrounging	noun
seafaring	noun
garnett	noun
gallantly	adv
entendre	noun
filament	noun
sayer	noun
haltingly	adv
dabbling	noun
loyally	adv
belie	verb
butane	noun
lamington	noun
convection	noun
topknot	noun
excruciatingly	adv
debater	noun
gabbling	noun
greasing	noun
splashdown	noun
enthrone	verb
disproportionately	adv
hoppity	noun
antivenom	noun
nookie	noun
busker	noun
tion	noun
nectarine	noun
breading	noun
unnaturally	adv
trudge	verb
regurgitation	noun
oke	noun
herringbone	noun
deft	adj
Ecuadorian	adj
repelling	noun
bris	noun
kir	noun
misalign	verb
bombardier	noun
strick	noun
gummi	noun
elden	verb
smoothness	noun
fumigation	noun
tacit	adj
organza	noun
righting	noun
squalid	noun
innumerable	adj
vestibule	noun
preeclampsia	noun
catrina	noun
hurdling	noun
carissa	noun
rosewater	noun
fluster	noun
safehouse	noun
kwai	noun
cassis	noun
clubfoot	noun
answerable	adj
yuen	noun
payable	adj
crit	noun
exhibitionist	noun
contemptible	adj
physiognomy	noun
milch	adj
ischemic	adj
bilk	verb
hermitage	noun
histamine	noun
swallowtail	noun
beaner	noun
likuta	noun
lekha	noun
gakuen	noun
tosa	noun
beachfront	noun
deen	noun
Bangladeshi	adj
velour	noun
reveling	noun
betadine	noun
phobic	noun
adulterous	adj
uncouple	verb
extremism	noun
uncircumcised	adj
Aramaic	adj
physiotherapy	noun
stalactite	noun
bullheaded	adj
bluntness	noun
ciggy	noun
insurer	noun
electromagnet	noun
kilter	noun
prudish	adj
ineffectual	adj
poppet	noun
dragoon	noun
cormorant	noun
schooner	noun
chewie	noun
disrupter	noun
orthopedist	noun
tailspin	noun
progesterone	noun
pleb	noun
transistor	noun
roofer	noun
alliteration	noun
traversing	noun
magister	noun
stroud	noun
benching	noun
gregarious	adj
exhilaration	noun
impassable	adj
grafting	noun
culling	noun
entomb	verb
hurst	noun
coursework	noun
suburbia	noun
revile	verb
caballero	noun
bazillion	noun
sandpit	noun
sed	noun
astrophysics	noun
instructs	noun
serendipitous	adj
unconsciousness	noun
shucking	noun
caboodle	noun
totalitarian	adj
unmanageable	adj
unskilled	adj
masterstroke	noun
evermore	adv
crabbing	noun
confederacy	noun
unsatisfactory	adj
terrifyingly	adv
clearheaded	adj
pivoting	noun
sudsy	adj
nibbler	noun
fra	noun
despairing	noun
susceptibility	noun
gastrointestinal	adj
rigidity	noun
taxidermist	noun
birdseed	noun
lavishly	adv
screensaver	noun
marksmanship	noun
deathtrap	noun
spiritualist	noun
whitefish	noun
dorayaki	noun
tchotchke	noun
cerebellum	noun
stylize	verb
absconding	noun
pisser	noun
balsam	noun
assertiveness	noun
avoidable	noun
poultice	noun
endeavour	noun
dop	noun
ionize	verb
kerfuffle	noun
coif	noun
everyman	noun
fluoride	noun
poppycock	noun
spackle	noun
bereave	verb
sleazeball	noun
divest	verb
unquestionable	adj
wiggins	noun
socioeconomic	adj
needful	noun
brunet	noun
yaki	noun
hyphen	noun
troglodyte	noun
preta	noun
seducer	noun
laudanum	noun
bullfighting	noun
salaryman	noun
girlish	adj
afterworld	noun
bunkie	noun
palak	noun
strider	noun
gaucho	noun
escudo	noun
couplet	noun
exploiter	noun
wali	noun
janissary	noun
rial	noun
whelk	noun
maharishi	noun
nuna	noun
blithe	adj
spectre	noun
ephedrine	noun
roselle	noun
enka	noun
jussi	noun
babying	noun
trad	noun
klepto	noun
ruffling	noun
reconfirm	verb
codger	noun
loafing	noun
archeology	noun
kha	noun
frighteningly	adv
mismanagement	noun
diaspora	noun
transcendence	noun
unawares	adv
ignoramus	noun
smartness	noun
gro	noun
menopausal	adj
politicize	verb
acreage	noun
antagonistic	adj
conferring	noun
workmate	noun
geranium	noun
assimilation	noun
energizer	noun
monochrome	noun
sundry	noun
manky	adj
Stepford	adj
ringed	adj
placid	adj
poring	noun
griping	noun
fixing	noun
outsmarting	noun
buckling	noun
hypoxic	adj
congestive	adj
cote	noun
allo	noun
denote	verb
haunch	noun
revitalization	noun
inroad	noun
flavorless	adj
breakage	noun
drawstring	noun
messiness	noun
turnkey	noun
outfitter	noun
detoxing	noun
brekkie	noun
riverboat	noun
dissension	noun
peacekeeper	noun
incontinent	adj
bd	noun
plainclothes	noun
counterbalance	noun
unceremoniously	adv
epidermis	noun
melding	noun
stranglehold	noun
legible	adj
kya	noun
suffragette	noun
antipasto	noun
mumsy	noun
ket	noun
hosanna	noun
asp	noun
gamut	noun
polarization	noun
gd	noun
gangland	noun
inscrutable	noun
puckering	noun
unhappily	adv
roomful	noun
veering	noun
arcana	noun
specificity	noun
ennui	noun
nocturne	noun
quay	noun
prepubescent	noun
stang	noun
dangly	adj
overturning	noun
funhouse	noun
ghoulish	adj
unproven	adj
impair	verb
tele	noun
vernacular	noun
paraffin	noun
commemoration	noun
unaccompanied	adj
tensing	noun
obit	noun
unroll	verb
guardsman	noun
truant	noun
mitochondria	noun
ahi	noun
onigiri	noun
naturalist	noun
tendril	noun
glacial	noun
innie	noun
undefine	verb
cassino	noun
burpee	noun
eyewear	noun
Wiccan	adj
brightening	noun
gimlet	noun
horsy	noun
governorship	noun
stratagem	noun
gubernatorial	adj
shoeless	adj
landlubber	noun
gendarme	noun
skyward	adj
dingle	noun
sleepiness	noun
cowan	noun
mayoress	noun
decontamination	noun
paramour	noun
bohemia	noun
kerchief	noun
philandering	noun
liger	noun
civet	noun
sangha	noun
chambermaid	noun
naginata	noun
domina	noun
henpeck	verb
gazer	noun
effusion	noun
ostend	verb
novena	noun
hegemon	noun
possessor	noun
parrotfish	noun
harasser	noun
maggy	noun
venti	noun
defaming	noun
remarrying	noun
stringent	adj
daw	noun
emery	noun
peculiarity	noun
bereavement	noun
numbering	noun
spearmint	noun
broody	noun
immaterial	noun
geopolitical	adj
zeitgeist	noun
centrally	adv
vertebrate	noun
paedophile	noun
shir	noun
underweight	noun
pullout	noun
pecorino	noun
unimpressive	adj
commensurate	verb
blackball	noun
gumby	noun
cementing	noun
scampering	noun
endear	verb
anatomically	adv
misappropriation	noun
deductive	adj
peritoneum	noun
Filipina	adj
shellac	noun
reveille	noun
twinning	noun
portman	noun
beautify	verb
berm	noun
bubby	noun
hatchback	noun
dictaphone	noun
wintry	adj
extrapolate	verb
nanook	noun
toggle	noun
kati	noun
fibrillation	noun
reciprocity	noun
kibosh	noun
garbanzo	noun
backpedaling	noun
creatine	noun
offhand	adj
twanging	noun
slimeball	noun
musky	noun
toehold	noun
exuding	noun
athletically	adv
chaining	noun
bedfellow	noun
scrawl	noun
kickstarter	noun
osha	noun
lusting	noun
cheval	noun
fresher	noun
aberrant	noun
mem	noun
revelry	noun
volatility	noun
yore	noun
militarily	adv
reformer	noun
incommunicado	adj
unencumber	verb
ingress	noun
nineteenth	adj
refract	verb
jostling	noun
catnap	noun
schoolchild	noun
reverent	adj
scapula	noun
scampi	noun
fugly	noun
carbide	noun
unctuous	adj
blanking	noun
jaunt	noun
putsch	noun
thrall	noun
scholastic	adj
naughtiness	noun
perpendicular	adj
articulation	noun
colander	noun
doornail	noun
uncross	verb
nodule	noun
refilling	noun
moco	noun
electronica	noun
skybox	noun
gravesite	noun
creepily	adv
majordomo	noun
broiler	noun
cellulose	noun
penile	adj
spoof	verb
cephalopod	noun
squeezer	noun
frivolity	noun
meritorious	adj
billet	verb
nimbus	noun
parietal	noun
succotash	noun
priory	noun
multiplex	noun
catechism	noun
midline	noun
flagstaff	noun
lazybones	noun
ellipsis	noun
ringgit	noun
swifty	noun
praiseworthy	adj
dass	verb
tattling	noun
shamanism	noun
soi	noun
pomade	noun
delinquency	noun
murderess	noun
wobbler	noun
pawnbroker	noun
hyperbolic	adj
krang	noun
ransacking	noun
scuttlebutt	noun
injurious	adj
pater	noun
passbook	noun
gak	noun
corrida	noun
sugi	noun
strangeness	noun
undersecretary	noun
restocking	noun
matchbook	noun
cringing	noun
Othman	adj
coagulation	noun
aquifer	noun
ruble	noun
mired	noun
terabyte	noun
hollander	noun
circumcise	verb
confidentially	adv
smacker	noun
boorish	adj
impartiality	noun
outvote	verb
ajax	noun
protract	verb
reverberation	noun
privatization	noun
metrosexual	noun
tiller	noun
raggy	adj
beardy	noun
unverify	verb
lippy	noun
qc	noun
bevy	noun
extubate	verb
tuner	noun
stalagmite	noun
hillcrest	noun
chartreuse	noun
tamp	verb
lyrically	adv
anticoagulant	noun
genocidal	adj
incestuous	adj
yearling	noun
undetermine	verb
defrauding	noun
footie	noun
zaire	noun
importation	noun
alarmist	noun
straightener	noun
adrenalin	noun
misnomer	noun
fibula	noun
zs	noun
majestically	adv
maraschino	noun
stetson	noun
coronet	noun
stenographer	noun
aught	noun
injun	noun
razorback	noun
brant	noun
flummox	verb
thrush	noun
partaking	noun
megaton	noun
hangnail	noun
cultist	noun
brazier	noun
sog	noun
feck	verb
interlocking	noun
hadron	noun
contrarian	noun
unsubstantiate	verb
unplugging	noun
leatherhead	noun
entomologist	noun
replication	noun
Comanche	adj
tana	noun
divot	noun
beatnik	noun
sixpence	noun
cosmetologist	noun
phytoplankton	noun
nonny	noun
larder	noun
reusing	noun
brack	noun
dishonorably	adv
schmear	noun
trundle	noun
bronchitis	noun
coccyx	noun
swathe	noun
predictably	adv
malkin	noun
mache	noun
politic	noun
abreast	adj
trollop	noun
spelunking	noun
twosome	noun
ripcord	noun
subspace	noun
wildness	noun
integer	noun
dudette	noun
simian	noun
breaststroke	noun
smelter	noun
bellybutton	noun
hosing	noun
splenectomy	noun
bobbin	noun
powdery	adj
pigskin	noun
gowan	noun
ordination	noun
accompanist	noun
narcolepsy	noun
busto	noun
almanac	noun
hew	verb
pergola	noun
verdant	adj
refreshingly	adv
hypoglycemic	noun
ballinger	noun
dogfish	noun
peary	adj
beeman	noun
darshan	noun
keno	noun
tivo	verb
metastatic	adj
hoya	noun
embolization	noun
Sindhi	adj
cannabinoid	noun
bunky	noun
calcification	noun
boyer	noun
biliary	adj
modak	noun
lovat	noun
oshi	noun
varus	noun
concertmaster	noun
zygon	noun
tripoli	noun
prattling	noun
bicarbonate	noun
wisecrack	verb
cannellone	noun
meteorology	noun
traditionalist	noun
loverboy	noun
weeknight	noun
confounding	noun
recitation	noun
johar	noun
faithless	adj
specialization	noun
cheapen	verb
rosin	noun
Eurasian	adj
tattler	noun
oft	adv
taxman	noun
suitably	adv
ww	noun
caustic	adj
slogging	noun
gestation	noun
kaj	noun
handcuffing	noun
stimulator	noun
sadism	noun
screechy	adj
shoehorn	noun
nicking	noun
escapism	noun
cookware	noun
elmwood	noun
tiffy	adj
roughshod	adj
handspring	noun
impaler	noun
sabre	noun
stoker	noun
swizzle	noun
Hmong	adj
decant	verb
immolation	noun
recuperation	noun
gobbledygook	noun
cornet	noun
seaworthy	adj
delving	noun
bungler	noun
slinking	noun
asymmetric	adj
streetlamp	noun
dormer	noun
claimant	noun
procrastination	noun
celebrant	noun
adjudicate	verb
eastward	adv
hud	noun
zeroing	noun
bolivar	noun
backcountry	noun
donnybrook	noun
worthiness	noun
copacetic	adj
creel	noun
precept	noun
nosh	noun
adjournment	noun
outflank	verb
newfangled	adj
propellant	noun
sammo	noun
mmph	verb
connective	noun
Aleutian	adj
shipshape	adj
repressive	adj
midpoint	noun
dour	adj
uniformity	noun
wushu	noun
forager	noun
undefended	adj
skydiver	noun
noblesse	noun
nondescript	adj
lionheart	noun
staticky	adj
campana	noun
simile	noun
bullring	noun
unmentionable	noun
perfunctory	adj
darl	noun
soldering	noun
decontaminate	verb
typist	noun
photojournalist	noun
tripper	noun
sinew	noun
powerlessness	noun
symphonic	adj
hogg	noun
knapsack	noun
lombard	noun
kiddy	verb
lustrous	adj
turducken	noun
lobotomize	verb
regularity	noun
substantive	adj
ravish	verb
duce	noun
jawbone	noun
middling	noun
adobe	noun
mihi	noun
guano	noun
dingbat	noun
spectrometer	noun
woodsman	noun
trapezoid	noun
chupacabras	noun
neurotransmitter	noun
hydrocephalus	noun
cornball	noun
cerulean	noun
cutting	noun
bimini	noun
kino	noun
julep	noun
devan	verb
banky	noun
roadhouse	noun
crooner	noun
boudin	noun
pitifully	adv
unidentifiable	adj
viscous	adj
zina	noun
cubism	noun
pumpernickel	noun
honker	noun
mancha	noun
splotch	noun
inverter	noun
kegger	noun
cardholder	noun
lazar	noun
Hakka	adj
unitard	noun
boilermaker	noun
wabbit	noun
elector	noun
tn	noun
reintegration	noun
exorcize	verb
mantilla	noun
skrill	noun
lunt	noun
rakshasa	noun
orangie	noun
masterji	noun
adit	noun
agung	noun
pluton	noun
kookie	noun
flighty	adj
radiotherapy	noun
funder	noun
cunningly	adv
bewildering	noun
catcalling	noun
brushstroke	noun
quietness	noun
invocation	noun
watercress	noun
dullard	noun
usury	noun
dexterous	adj
stapling	noun
greenish	adj
perdition	noun
outpace	verb
falsification	noun
beguile	verb
claes	noun
readership	noun
polonium	noun
granulate	verb
autumnal	adj
initialize	verb
illegality	noun
homeward	adj
flax	noun
headhunt	verb
forthwith	adv
chaff	noun
shrubbery	noun
tartan	noun
spastic	noun
irredeemable	noun
refinance	verb
swath	noun
compulsively	adv
twofer	noun
nug	noun
disintegration	noun
assuredly	adv
profiteer	noun
precariously	adv
muggle	noun
lockjaw	noun
shamefully	adv
rustler	noun
disinherit	verb
sharecropper	noun
sarcoma	noun
unclip	verb
staccato	adj
malbec	noun
lumberyard	noun
tripwire	noun
calcify	verb
disturbingly	adv
gmail	verb
diminutive	noun
ump	noun
lowbrow	noun
tentatively	adv
looper	noun
budgeting	noun
crumpling	noun
tomfoolery	noun
cloche	noun
fervently	adv
astrodome	noun
mealy	noun
chutzpah	noun
repopulate	verb
paunch	noun
conservatively	adv
unfeel	verb
magnesia	noun
birdwatching	noun
ragamuffin	noun
jettison	verb
selectively	adv
unrelease	verb
informational	adj
smithy	noun
genny	noun
humorless	adj
enlargement	noun
avarice	noun
deliverer	noun
airspeed	noun
baying	noun
fraidy	adj
whiten	verb
legionnaire	noun
changeover	noun
angsty	adj
chiropractic	noun
whodunit	noun
shrimpy	adj
sedentary	noun
shirker	noun
seder	noun
deviously	adv
instrumentation	noun
trouper	noun
biographer	noun
timpani	noun
resonator	noun
colonic	noun
vang	noun
dystrophy	noun
mirth	noun
beekeeping	noun
unclench	verb
gari	noun
linkage	noun
unrestrict	verb
psychoanalysis	noun
tushie	noun
ingo	noun
kiai	noun
kimbap	noun
pleural	noun
marimba	noun
copperhead	noun
redial	verb
respectability	noun
ombre	noun
smidgen	noun
argonaut	noun
faff	noun
gangbang	noun
caramba	intj
backswing	noun
unimaginably	adv
positron	noun
glub	noun
docent	noun
superstore	noun
chal	noun
shortchange	verb
fiefdom	noun
endocrine	noun
satnav	noun
quadruplet	noun
abolitionist	noun
arching	noun
enviable	adj
nubia	noun
leggy	adj
campy	adj
paseo	noun
brownish	adj
protégée	noun
cru	noun
solenoid	noun
redraw	verb
wolfram	noun
hame	noun
interceptor	noun
granule	noun
deray	noun
ff	verb
unspecified	adj
asymptomatic	noun
briarwood	noun
torii	noun
soper	noun
alkaloid	noun
wastrel	noun
savarin	noun
palpate	verb
rattan	noun
huerta	noun
bushido	noun
peritonitis	noun
bayram	noun
yachting	noun
eng	noun
multiplayer	noun
scantily	adv
apostate	noun
causality	noun
hypoglycemia	noun
paradoxical	adj
expropriate	verb
hafiz	noun
preachy	adj
cowshed	noun
reticent	adj
taffeta	noun
prerecord	verb
ghat	noun
lethargy	noun
pocketknife	noun
lingonberry	noun
freemason	noun
analyse	verb
refinish	verb
spag	noun
inequity	noun
demilitarize	verb
triton	noun
confederation	noun
neb	noun
gaily	adv
wonderwall	noun
vibrational	adj
journaling	noun
inadvertent	adj
justifiably	adv
singlet	noun
mish	noun
nonce	noun
strat	noun
pincushion	noun
resize	verb
comedown	noun
CU	adj
dehumanize	verb
rigatone	noun
plodding	noun
eejit	noun
cyclical	noun
controllable	noun
separator	noun
mantelpiece	noun
sg	adj
miming	noun
underhill	adj
Pentecostal	adj
mercurial	noun
taskmaster	noun
mase	verb
millipede	noun
lazer	noun
multimedia	noun
preschooler	noun
predominant	noun
soliloquy	noun
divulging	noun
victimization	noun
spurious	adj
Russki	adj
barbiturate	noun
documentarian	noun
tipple	noun
capping	noun
blather	noun
stockman	noun
highwayman	noun
spindly	adj
congregant	noun
tributary	noun
aeon	noun
evite	verb
hypothalamus	noun
dreamscape	noun
asphyxia	noun
dabbing	noun
clumpy	adj
thusly	adv
grammatically	adv
bronchoscopy	noun
bertram	noun
victimless	adj
neoprene	noun
chancellery	noun
codify	verb
mitochondrial	adj
tzatziki	noun
clinician	noun
oxidation	noun
interweb	noun
renaming	noun
hedonist	noun
discourteous	adj
epoch	noun
Nicaraguan	adj
dimming	noun
eroticism	noun
scrip	noun
lycra	noun
ballon	noun
hawthorn	noun
antipsychotic	noun
anecdotal	adj
ilk	noun
shart	noun
bluey	noun
prominently	adv
olio	noun
myopic	noun
hobgoblin	noun
aks	verb
tangling	noun
norepinephrine	noun
taxicab	noun
pue	verb
wheelman	noun
whist	noun
bighorn	noun
overshoot	noun
prospectus	noun
ribbing	noun
detainment	noun
misdiagnosis	noun
tempeh	noun
submachine	noun
configure	verb
unsuccessfully	adv
presh	noun
meningioma	noun
bigg	noun
segway	verb
intonation	noun
bicentennial	noun
loogie	noun
gauss	noun
resumé	noun
alchemical	adj
Andean	adj
waterlog	verb
protrusion	noun
dancy	adj
Wesleyan	adj
gaseous	adj
unpublish	verb
chama	noun
lividity	noun
halcyon	noun
foreground	noun
nonfat	adj
coffeemaker	noun
replicator	noun
disinfection	noun
mainlander	noun
farang	noun
accidently	adv
stuffer	noun
kith	noun
scrimp	verb
temperate	adj
wus	noun
speculum	noun
adulterate	verb
gola	noun
syncope	noun
convalescent	noun
harmonium	noun
castellan	noun
woodman	noun
valence	noun
kuru	noun
karn	noun
kinako	noun
quibbling	noun
embolus	noun
stemple	noun
kunoichi	noun
dirham	noun
judicious	adj
unsell	verb
ablution	noun
caprice	noun
algo	noun
souse	noun
hatchery	noun
industrialize	verb
caraway	noun
scatterbrain	noun
dilettante	noun
driverless	adj
righteously	adv
tightwad	noun
begrudgingly	adv
pathfinder	noun
depositor	noun
contrite	noun
rehashing	noun
immunosuppressant	noun
repudiate	verb
divisional	noun
unequivocal	adj
afghani	noun
guilder	noun
hilarity	noun
provocateur	noun
overblow	verb
caseload	noun
sequoia	noun
erasure	noun
acquiesce	verb
experiential	adj
finality	noun
debride	verb
petitioning	noun
bookend	noun
hierarchical	adj
spay	noun
uprooting	noun
intensively	adv
disrepair	noun
danza	noun
sealant	noun
candelabrum	noun
squib	noun
inefficiency	noun
situational	adj
irie	adj
Yugoslavian	adj
headhunting	noun
broadside	noun
luminary	noun
caterwauling	noun
breaky	adj
Manchu	adj
crestfallen	adj
bemuse	verb
craw	noun
jotting	noun
chronologically	adv
coiling	noun
portobello	noun
disarmament	noun
interspecies	adj
cama	noun
zonk	noun
libation	noun
punctuate	verb
adulteress	noun
thereabouts	noun
calloused	adj
catcall	noun
splay	verb
atoll	noun
bunkhouse	noun
eaves	noun
bunkmate	noun
fiftieth	noun
ridiculousness	noun
offing	noun
bioluminescence	noun
replenishing	noun
dugong	noun
iconography	noun
muezzin	noun
cognizant	adj
brandishing	noun
primavera	noun
clinching	noun
unedit	verb
feckless	adj
murk	noun
creaming	noun
commandeering	noun
bludgeoning	noun
unapproachable	adj
capitalistic	adj
expeditionary	noun
pall	noun
anthill	noun
lederhosen	noun
mooning	noun
admiralty	noun
deftly	adv
bennet	noun
boater	noun
bisexuality	noun
trounce	noun
workbench	noun
busload	noun
gonad	noun
pasteurize	verb
syntax	noun
amah	noun
ixnay	noun
drowsiness	noun
indecisiveness	noun
skivvy	noun
keystroke	noun
isotopic	adj
wishbone	noun
calamitous	adj
eyeline	noun
approximation	noun
subzero	adj
triplicate	noun
impugn	verb
overbook	verb
pyromaniac	noun
curative	noun
buttload	noun
Croat	adj
southie	noun
tickly	adj
humpy	noun
unrecognize	verb
Honduran	adj
dione	noun
goldenrod	noun
palus	noun
halfsie	noun
feuding	noun
alu	noun
gladness	noun
carioca	noun
brachial	noun
bergamot	noun
ment	noun
speargun	noun
bourguignon	noun
canker	noun
riveter	noun
ake	adv
forestry	noun
pud	noun
bowline	noun
cottonwood	noun
substrate	noun
rapey	adj
ladoo	noun
preposition	noun
tracheotomy	noun
bulimia	noun
battlefront	noun
atomizer	noun
muti	noun
cissy	noun
soc	noun
binny	noun
progenitor	noun
lich	noun
knut	noun
endocarditis	noun
wain	noun
earthenware	noun
sacco	noun
unripe	adj
kitchenware	noun
transgress	verb
slyly	adv
seventeenth	noun
restorer	noun
glimmering	noun
watchmaker	noun
multibillion	adj
wirelessly	adv
gratuity	noun
gratefulness	noun
internist	noun
bingeing	noun
lene	noun
admittance	noun
soppy	adj
mouldy	adj
marshland	noun
blasphemer	noun
curaçao	noun
bandy	verb
contractually	adv
herbicide	noun
sedition	noun
modulator	noun
jackknife	noun
headstand	noun
CW	adj
hulking	noun
imminently	adv
wainwright	noun
blurting	noun
Balkan	adj
Mennonite	adj
whosoever	pron
parity	noun
doling	noun
pula	noun
aperture	noun
transfix	verb
tailwind	noun
lubrication	noun
hyoid	noun
prosecutorial	adj
peptide	noun
rocher	noun
chromosomal	adj
linchpin	noun
creamsicle	noun
cuffing	noun
subset	noun
defacing	noun
omnipotence	noun
backlight	noun
squirmy	adj
linguine	noun
verifiable	noun
modulation	noun
pinhole	noun
conceivably	adv
detectable	adj
upwind	verb
stopgap	noun
aghast	adj
predilection	noun
unwed	noun
tagliatella	noun
vill	noun
malaise	noun
compendium	noun
dall	noun
undefeatable	noun
quilting	noun
loaner	noun
windsurfing	noun
gorging	noun
opposable	adj
scraggly	adj
midshipman	noun
quintuple	noun
comedienne	noun
ingratitude	noun
obe	noun
posthaste	adv
spigot	noun
capcom	noun
malcontent	noun
hyperspace	noun
hypodermic	noun
centennial	noun
semicolon	noun
Ernestine	adj
tesh	noun
multidimensional	noun
procreation	noun
healthily	adv
chronically	adv
lexicon	noun
undercarriage	noun
socialization	noun
wicky	noun
unproductive	adj
abattoir	noun
proboscis	noun
comte	noun
arthropod	noun
windstorm	noun
W	adj
cosine	noun
depressurize	verb
unsportsmanlike	adj
trellis	noun
shrugging	noun
dramatics	noun
epitomize	verb
smarmy	adj
prejudicial	adj
anchorwoman	noun
dampness	noun
bandicoot	noun
dumbledore	noun
dumper	noun
chappy	noun
zoologist	noun
optician	noun
grimly	adj
ageism	noun
bedpost	noun
weeper	noun
copulation	noun
joist	noun
cladding	noun
smiler	noun
absorber	noun
sneering	noun
hullabaloo	noun
budgetary	adj
rx	noun
spaceflight	noun
dauntless	adj
ballooning	noun
telepath	noun
ritzy	adj
krugerrand	noun
upma	noun
raita	noun
harmonia	noun
ordo	noun
feria	noun
tweener	noun
cracow	noun
seva	noun
pomfret	noun
kaizuka	noun
meral	adj
backtracking	noun
adversely	adv
necessitate	verb
meanness	noun
intractable	adj
newness	noun
UD	adj
pricking	noun
microgram	noun
Babylonian	adj
smelting	noun
sedimentary	noun
depletion	noun
Jordanian	adj
basha	noun
nonviolence	noun
reformat	verb
jibber	noun
riesling	noun
postnatal	adj
pussyfoot	noun
chattel	noun
fasciitis	noun
jibe	noun
coitus	noun
soundcheck	noun
spritzer	noun
infirm	verb
cacophonous	adj
appointee	noun
clincher	noun
insofar	adv
untaint	verb
hotbox	noun
boykin	noun
Laz	adj
wetback	noun
stoking	noun
medial	adj
TS	adj
insular	adj
radicchio	noun
ushering	noun
militaristic	adj
beachhead	noun
chauvinistic	adj
verbiage	noun
salting	noun
tur	noun
epithet	noun
racecourse	noun
trailblaze	verb
clod	noun
Columbian	adj
mohel	noun
rudd	noun
skunky	adj
autonomic	adj
discernment	noun
communiqué	noun
rainmaker	noun
spillage	noun
meritocracy	noun
unquenchable	adj
soiling	noun
joshing	noun
catlike	adj
Manchurian	adj
stagehand	noun
soldiering	noun
virginal	noun
fallible	adj
disconnection	noun
marauding	noun
sheaf	noun
torsion	noun
numerology	noun
objector	noun
milkmaid	noun
riverdance	noun
cavernous	adj
sike	noun
tarantella	noun
brookie	noun
tosh	noun
cropping	noun
metaphysic	noun
wraparound	noun
abstraction	noun
fricassee	noun
halitosis	noun
measurable	adj
prophylactic	noun
nid	noun
corky	noun
patently	adv
capitulate	verb
votive	noun
brouhaha	noun
px	noun
drachma	noun
mournfully	adv
hodgepodge	noun
expropriation	noun
switchback	noun
retardant	noun
amplitude	noun
rusting	noun
malted	noun
boogaloo	noun
automate	verb
stopover	noun
expletive	noun
timberland	noun
freshening	noun
galosh	noun
pippin	noun
schtick	noun
pardner	noun
classified	noun
negatory	noun
NIH	adj
ziti	noun
fibrous	adj
parabolic	noun
hideously	adv
causal	adj
nursemaid	noun
singularly	adv
irritability	noun
happenstance	noun
coefficient	noun
tollbooth	noun
radium	noun
Geordie	adj
miniseries	noun
pubis	noun
austere	adj
upturn	noun
fairyland	noun
arranger	noun
unhurt	adj
yair	noun
tumblr	noun
hotly	adv
birdbath	noun
muslin	noun
diable	noun
fx	noun
sequencer	noun
unscientific	adj
jillion	noun
reformatory	noun
mouser	noun
cairn	noun
witchery	noun
houseboy	noun
hippodrome	noun
paulin	noun
manservant	noun
deflector	noun
analgesic	noun
gf	noun
chinny	noun
mierda	noun
squashy	adj
hin	noun
houseman	noun
namaskar	noun
annuity	noun
muumuu	noun
humidor	noun
settee	noun
nymphomaniac	noun
litre	noun
commutation	noun
patten	noun
aug	noun
sternotomy	noun
aro	noun
shama	noun
heartlessly	adv
rago	adj
tatta	noun
walia	noun
rukia	noun
infectee	noun
mirek	noun
verily	adv
preordain	verb
deservedly	adv
anthology	noun
oiling	noun
ayah	noun
minster	noun
songbook	noun
divinely	adv
woeful	adj
cradling	noun
rubella	noun
annexation	noun
dispensable	adj
forbearance	noun
secede	verb
cantankerous	adj
loup	noun
tumour	noun
peacetime	noun
gunship	noun
wattle	noun
bismarck	noun
détente	noun
spearing	noun
panhandle	noun
anaphylaxis	noun
pisco	noun
mensch	noun
scrapper	noun
dacha	noun
ecstatically	adv
elderberry	noun
verbena	noun
repurposing	noun
slurry	noun
nonfiction	noun
supposition	noun
undeclared	adj
heft	noun
overtire	verb
besot	verb
cankle	noun
baseboard	noun
shawnee	noun
theatrically	adv
forensically	adv
hypersensitive	adj
crosswind	noun
morbidly	adv
erogenous	adj
swabbing	noun
blowup	noun
waterman	noun
plumage	noun
greenfield	noun
insulator	noun
preoccupation	noun
defamatory	adj
signifying	noun
veiny	adj
crawdad	noun
schoolkid	noun
glossary	noun
fiduciary	noun
hushing	noun
rending	noun
droll	noun
midwinter	noun
wistfully	adv
causation	noun
laborious	adj
legalese	noun
suffrage	noun
handcart	noun
waif	noun
yardage	noun
underboss	noun
jolting	noun
farthing	noun
mannie	noun
redrum	verb
cud	noun
perfectionism	noun
stalwart	noun
horticulture	noun
tard	noun
squinty	adj
hundredfold	verb
kuh	noun
aquamarine	noun
dungaree	noun
absentia	noun
carbonation	noun
buttoning	noun
manacle	verb
lakeshore	noun
dirge	noun
pancreatitis	noun
incise	verb
dingleberry	noun
ulster	noun
chalky	adj
swaddling	noun
leery	adj
shapeless	adj
sere	noun
porthole	noun
autocorrect	noun
antibacterial	noun
telescopic	adj
explosively	adv
philanderer	noun
onomatopoeia	noun
chucker	noun
bonking	noun
bucktooth	noun
fastener	noun
humdinger	noun
rumple	verb
outlander	noun
tertiary	noun
betwixt	adp
blakey	noun
insufficiency	noun
avionics	noun
dench	adj
Hasidic	adj
whammo	noun
deafness	noun
bitey	adj
orienteering	noun
organist	noun
intrinsically	adv
bassoon	noun
camisole	noun
tannery	noun
quarrelsome	adj
recommit	verb
quim	noun
saskatoon	noun
distilling	noun
pinchy	adj
circadian	adj
fibbing	noun
skidmark	noun
alabaster	noun
wader	noun
consecration	noun
mismanage	verb
kazan	noun
castell	noun
reservist	noun
unkillable	adj
tribble	noun
permutation	noun
feathering	noun
keeler	noun
skink	noun
precognition	noun
seditious	adj
cruncher	noun
maza	noun
overdraw	verb
dusky	noun
ludus	noun
umber	noun
bifida	noun
dreck	noun
inducer	noun
clonazepam	noun
negrito	noun
horo	noun
loz	noun
hinoki	noun
manji	noun
brusque	verb
kheer	noun
buk	noun
malar	noun
foxfire	noun
asoka	noun
basalt	noun
ditz	noun
extravagantly	adv
oud	noun
grandy	noun
cheapo	noun
wadi	noun
duplicity	noun
pragmatism	noun
edifice	noun
rheumatism	noun
threefold	noun
flatterer	noun
alarmingly	adv
oversimplify	verb
materialism	noun
marriageable	noun
justly	adv
ook	verb
criticise	verb
homesickness	noun
overstimulate	verb
misreading	noun
embezzler	noun
yesteryear	noun
unsound	adj
conciliatory	adj
pithy	adj
triumvirate	noun
undeserved	adj
piet	noun
gsm	noun
staphylococcus	noun
pressman	noun
heartrending	adj
organising	noun
journo	noun
foodstuff	noun
parse	noun
derisively	adv
amtrak	noun
unsurprisingly	adv
insensitivity	noun
ethnically	adv
prompter	noun
decentralize	verb
wunderkind	noun
joyously	adv
instinctual	adj
peppery	adj
dabba	noun
tinga	noun
dehumanizing	noun
basal	noun
tradesman	noun
slobbery	noun
roker	noun
unconvincing	adj
priming	noun
idiosyncrasy	noun
affirmatively	adv
pernicious	adj
gulliver	noun
outdoorsman	noun
seppuku	noun
overachieve	verb
oversensitive	adj
hilariously	adv
imu	noun
banding	noun
saddlebag	noun
cocksucking	noun
veldt	noun
rifleman	noun
bichon	noun
mitigation	noun
triggerman	noun
cay	noun
schmo	noun
glaucus	noun
clumsily	adv
buffing	noun
modernization	noun
minestrone	noun
stockade	noun
resplendent	adj
pumice	noun
castanet	noun
bottlenose	noun
bronzer	noun
symbology	noun
embroidering	noun
sev	noun
foist	verb
condenser	noun
satirical	adj
stabber	noun
immunize	verb
speedometer	noun
choirboy	noun
tensile	adj
couric	noun
kranz	noun
civilize	verb
hedging	noun
Seri	adj
speeder	noun
witless	adj
motorcyclist	noun
rumspringa	noun
chinook	noun
basting	noun
posit	verb
Rastafarian	adj
jazzercise	noun
ntr	noun
sceptre	noun
lollygag	verb
grandstanding	noun
redline	noun
frump	noun
inexhaustible	adj
victorine	noun
kookaburra	noun
kew	noun
paintwork	noun
pimply	adj
highfalutin	noun
lambada	noun
uninjured	noun
flava	noun
magnification	noun
uvula	noun
codfish	noun
goldfinch	noun
allegro	noun
alehouse	noun
forgivable	adj
undercutting	noun
cyan	noun
loveliness	noun
sacristy	noun
problema	noun
flab	noun
sarai	noun
cajole	verb
barfi	noun
puce	noun
Saharan	adj
baptismal	noun
coolly	adv
megahertz	noun
northernmost	adj
intercostal	noun
moll	noun
liquorice	noun
Parsi	adj
gyno	noun
maika	noun
rheumatoid	noun
taciturn	adj
awsome	adj
nave	noun
dearth	noun
holodeck	noun
illusionary	adj
redeploy	verb
maypole	noun
deoxyribonucleic	adj
kaju	noun
vagus	noun
Berber	adj
cheeseball	noun
calavera	noun
knitter	noun
deride	verb
boardman	noun
stipe	noun
occlusion	noun
conde	noun
perfusion	noun
filigree	noun
afterschool	adj
echocardiogram	noun
kulfi	noun
greaseball	noun
toran	noun
piti	noun
rosella	noun
oby	noun
lovesickness	noun
oiran	noun
poplin	noun
sertão	noun
jardin	noun
smee	noun
harshness	noun
fenugreek	noun
jurisprudence	noun
masochistic	adj
sab	noun
postmodern	noun
hotelier	noun
plastering	noun
tramadol	noun
crinkly	noun
unleaded	noun
str	noun
gratis	adj
camphor	noun
frogman	noun
quenching	noun
childproof	verb
ergonomic	adj
censure	verb
fetter	verb
biochemist	noun
polluter	noun
crèche	noun
toddle	noun
knell	noun
sexologist	noun
XXL	adj
beal	verb
stockroom	noun
aspersion	noun
Ayurvedic	adj
discus	noun
waffling	noun
bullish	adj
inhumanity	noun
irregularly	adv
coag	noun
enunciation	noun
stilted	adj
painlessly	adv
noodling	noun
trattoria	noun
hof	noun
ruefully	adv
quelling	noun
thoroughfare	noun
abled	noun
colo	noun
tallow	noun
winehouse	noun
pitchy	adj
freefall	noun
honoree	noun
cale	noun
activator	noun
surrealism	noun
shetland	noun
spate	noun
scrabbling	noun
barroom	noun
jigger	verb
uncrown	verb
bushman	noun
individualized	adj
sporadically	adv
shying	noun
dapple	verb
woodruff	noun
engender	verb
rattler	noun
recognizance	noun
indigent	noun
potbelly	noun
preteen	noun
unconnected	adj
subspecies	noun
backsliding	noun
teetotaler	noun
pilsner	noun
shrinker	noun
machinist	noun
uncontested	adj
encroachment	noun
citizenry	noun
hindquarter	noun
yardstick	noun
cattleman	noun
wifely	adj
facsimile	noun
discretely	adv
carob	noun
bizarrely	adv
devilishly	adv
grayish	adj
vocally	adv
waterline	noun
kingly	adj
theological	adj
outerwear	noun
caloric	noun
gammy	noun
monumentally	adv
ambivalence	noun
proffer	verb
carcinoma	noun
guesstimate	noun
windowpane	noun
pictorial	noun
wingnut	noun
waveform	noun
rondo	noun
lilo	noun
returnee	noun
hymnal	noun
raku	noun
GH	adj
unblemished	adj
stonework	noun
satanism	noun
pinewood	noun
silt	noun
Sardinian	adj
dripping	noun
reseal	verb
odometer	noun
amalgamation	noun
typecast	verb
underpin	verb
dunning	noun
knotty	adj
repartee	noun
unlatch	verb
capade	noun
motoring	noun
lawyering	noun
missive	noun
depository	noun
deliriously	adv
overindulge	verb
snook	noun
appetise	verb
boondoggle	noun
lowland	noun
railgun	noun
père	noun
bracha	noun
doughboy	noun
babycakes	noun
reappearance	noun
concordia	noun
multitasker	noun
querida	noun
incalculable	adj
palenque	noun
pilfering	noun
creatinine	noun
acetylene	noun
bonzo	noun
minge	noun
gilt	noun
shie	verb
flatware	noun
quicksilver	noun
calumny	noun
strata	noun
Heisei	adj
cassock	noun
shamelessness	noun
bloodletting	noun
bilbo	noun
prearrange	verb
eyeful	noun
klutzy	adj
honeybunch	noun
promiscuity	noun
coker	noun
imprinting	noun
pongo	noun
faun	noun
rayon	noun
yerba	noun
sugarman	noun
extortionist	noun
lanista	noun
minter	noun
koro	noun
scudder	noun
digitalis	noun
silene	noun
corporator	noun
chiru	noun
beedi	noun
berkut	noun
prejudge	verb
trustworthiness	noun
rapturous	adj
occupier	noun
mado	noun
tabbouleh	noun
stroker	noun
reorder	noun
exoneration	noun
housefly	noun
airstrike	verb
repack	noun
sheepskin	noun
misquote	noun
physiologically	adv
mishmash	noun
hobnob	noun
chairmanship	noun
spick	adj
lectern	noun
masochism	noun
flemish	noun
schadenfreude	noun
nitpicky	adj
sensuous	adj
stylus	noun
deactivation	noun
troubleshoot	verb
imitator	noun
craic	noun
clobbering	noun
turnabout	noun
doty	adj
temerity	noun
derailing	noun
asystole	noun
mainstay	noun
overeager	adj
appreciatively	adv
unwinnable	adj
pash	noun
appletini	noun
modality	noun
rosebush	noun
communing	noun
conversate	verb
thumbing	noun
gridiron	noun
wagering	noun
preempt	verb
waypoint	noun
defiantly	adv
cadmium	noun
anesthetist	noun
cannibalistic	adj
archrival	noun
pugnacious	adj
plinth	noun
changeable	adj
imploring	noun
individualism	noun
piggybacking	noun
grandpapa	noun
lightfoot	adj
outtake	noun
towelette	noun
waylay	verb
parlance	noun
objectionable	adj
turbot	noun
shantytown	noun
canto	noun
thermonuclear	noun
fireside	noun
postmaster	noun
recycler	noun
doorstop	noun
Carpathian	adj
concertina	noun
urinalysis	noun
goading	noun
cornerback	noun
artifice	noun
aeronautics	noun
habitation	noun
tipster	noun
luminol	noun
smugness	noun
thuggish	adj
summarily	adv
granular	adj
toastie	noun
nurturer	noun
ideation	noun
polyurethane	noun
muscat	noun
conspiratorial	adj
decisiveness	noun
humanist	noun
amplification	noun
hydrocarbon	noun
egalitarian	adj
picketing	noun
conjunctivitis	noun
shofar	noun
outsize	verb
biosphere	noun
gimmicky	adj
kaffir	noun
flatfish	noun
bifurcate	verb
underachiever	noun
cronut	noun
inauthentic	adj
nonessential	adj
subcontract	verb
meatpacking	noun
yarrow	noun
angioplasty	noun
sassafras	noun
joiner	noun
phonebook	noun
boohoo	noun
supercool	verb
extraneous	adj
irrevocably	adv
esplanade	noun
divining	noun
midriff	noun
unambiguous	adj
latke	noun
slipstream	noun
ambergris	noun
scalping	noun
lunchroom	noun
Sephardic	adj
tanto	noun
shuttering	noun
reliquary	noun
unprofitable	adj
categorical	noun
dobie	noun
pathologically	adv
tripling	noun
puzzler	noun
popsy	noun
venter	noun
calc	noun
proletariat	noun
indent	noun
symmetric	adj
duplication	noun
sunfish	noun
languish	verb
flout	verb
bigtime	adj
hie	verb
rathole	noun
mnemonic	noun
humdrum	noun
digoxin	noun
tatoo	noun
wigging	noun
grom	noun
scape	noun
chasten	verb
abstention	noun
aloo	noun
shaadi	noun
vaca	noun
guardhouse	noun
guppie	noun
deadwood	noun
mansa	noun
howzat	intj
cannery	noun
lashkar	noun
stevedore	noun
pock	noun
previa	noun
maximal	noun
matricide	noun
backdraft	noun
pitiable	adj
perdita	noun
superconductor	noun
caber	noun
prion	noun
shipper	noun
pethidine	noun
lavage	noun
vertebral	noun
cardiopulmonary	adj
freon	noun
tapir	noun
lka	noun
kurultai	noun
kibo	noun
kirin	noun
yellowing	noun
salesgirl	noun
overspend	noun
hedonism	noun
seafront	noun
culotte	noun
stoning	noun
cybernetics	noun
flowerbed	noun
excision	noun
arbitrator	noun
deterrence	noun
bestiality	noun
derailment	noun
petrochemical	noun
pollux	noun
shopaholic	noun
betroth	verb
potable	adj
maulana	noun
sideboard	noun
seductress	noun
zzz	verb
subsiding	noun
niger	noun
blithering	noun
unchallenged	adj
deflower	verb
balderdash	noun
jetting	noun
throwdown	noun
Angolan	adj
unsecure	verb
partway	adv
deferring	noun
episodic	adj
belting	noun
diversionary	adj
causeway	noun
necrotize	verb
Hoosier	adj
febrile	adj
oscillation	noun
grappa	noun
yabba	noun
mustachio	verb
transformational	adj
militiaman	noun
philosophically	adv
crossbones	noun
pocketful	noun
gamesmanship	noun
oneness	noun
ruiner	noun
purchaser	noun
Paleolithic	adj
xenophobic	noun
orthodoxy	noun
vesper	noun
seidel	noun
orbiter	noun
prospecting	noun
ridgeline	noun
infantryman	noun
padrone	noun
wakeup	noun
unflappable	adj
horrifically	adv
millstone	noun
contessa	noun
baaing	noun
jaywalk	verb
merriment	noun
stogie	noun
disparate	noun
killa	noun
horseplay	noun
overstretch	verb
dep	noun
schiller	noun
marcher	noun
watchword	noun
demarcation	noun
frankness	noun
bestial	adj
kleptomaniac	noun
individualist	noun
lezzie	noun
portent	noun
virulent	adj
briskly	adv
capris	noun
romanticizing	noun
calumet	noun
fem	noun
daffy	noun
gusty	adj
veep	noun
spanakopita	noun
frugality	noun
sendoff	noun
spurring	noun
amoral	adj
aftermarket	noun
inelegant	adj
quonset	noun
incontrovertible	adj
bottoming	noun
nutso	noun
syrupy	adj
bioluminescent	adj
bevel	verb
lav	noun
faker	noun
wiry	adj
conformist	noun
roary	adj
kade	noun
prang	noun
temperance	noun
payer	noun
pharmacology	noun
tombo	noun
calvados	noun
frivolously	adv
wacker	noun
feeding	noun
marvelously	adv
frum	adj
conservator	noun
anthropomorphic	adj
accra	noun
jor	noun
wheaton	noun
individualistic	adj
weightlessness	noun
calabash	noun
pillbox	noun
terraforming	noun
bellyaching	noun
dearborn	noun
cicely	noun
rapscallion	noun
caulk	noun
parolee	noun
footlocker	noun
penetrative	adj
borehole	noun
psychogenic	adj
transnational	noun
flyswatter	noun
hemophilia	noun
cdr	noun
Liberian	adj
penning	noun
antebellum	adj
minky	adj
hemi	noun
doss	noun
ewe	noun
salto	noun
oxo	noun
Bihari	adj
piffle	noun
magnetar	noun
haemorrhage	noun
amazeballs	adj
ophthalmology	noun
ionosphere	noun
conger	noun
spangler	noun
reproaching	noun
uric	adj
paleface	noun
crike	noun
sattu	noun
sparrowhawk	noun
kiang	noun
grenadine	noun
toilette	noun
igniter	noun
marque	noun
outdoing	noun
hearten	verb
psychoanalyst	noun
mufti	noun
rationalizing	noun
pinkish	adj
servile	noun
magnanimity	noun
EB	adj
frustratingly	adv
interplay	noun
specialise	verb
inopportune	adj
fogging	noun
coherence	noun
APC	adj
nationalize	verb
businesslike	adj
sensitively	adv
eq	noun
unsigned	noun
pomodoro	noun
guff	noun
handset	noun
throaty	adj
barometric	adj
antitrust	adj
prattle	noun
bejesus	noun
affable	adj
beamer	noun
fraulein	noun
afire	adj
indecipherable	adj
parkland	noun
flyweight	noun
thymus	noun
muscleman	noun
paleontology	noun
underwire	noun
vileness	noun
dramamine	noun
outbuilding	noun
barret	noun
decimation	noun
credo	noun
firebrand	noun
victoriously	adv
joyriding	noun
backdate	noun
pert	adj
dreadnought	noun
smattering	noun
symbiote	noun
nonhuman	noun
cohabitate	verb
dinnerware	noun
uninitiated	adj
offshoot	noun
transferable	adj
cyberpunk	noun
toff	noun
suey	noun
unashamed	adj
constabulary	noun
tacking	noun
overtone	noun
preemptively	adv
declassify	verb
trawling	noun
mannish	adj
sensationalist	noun
bloodcurdling	adj
sunshiny	adj
flatiron	noun
brokering	noun
abatement	noun
gumshoe	noun
obscuring	noun
Slovak	adj
unwillingness	noun
gondolier	noun
sympathetically	adv
ubuntu	noun
forcible	adj
sneed	noun
quintessentially	adv
miniaturize	verb
arboretum	noun
soluble	adj
condescend	verb
ceaseless	adj
utterance	noun
headshrinker	noun
detachable	noun
striation	noun
gestate	verb
hedonistic	adj
molt	noun
prancer	noun
suppressive	adj
gape	noun
carjacker	noun
buttress	noun
barehanded	adj
salinity	noun
zine	noun
hiller	noun
crunchie	noun
Moldovan	adj
fetid	noun
linseed	noun
dinger	noun
shaper	noun
symbolizing	noun
splendiferous	adj
microbiology	noun
aftercare	noun
inline	noun
tunelessly	adv
vestment	noun
draught	noun
Akkadian	adj
hieroglyph	noun
cassoulet	noun
piddle	noun
starman	noun
unpave	verb
unflinching	adj
impartially	adv
skosh	noun
pashmina	noun
freebase	noun
carcinogenic	noun
underwrite	verb
sniffy	adj
beauteous	adj
farmyard	noun
recrimination	noun
kinfolk	noun
doux	adj
uck	noun
defib	noun
slough	noun
madge	noun
abir	noun
waterhole	noun
rebut	verb
stinko	adj
phoney	verb
deke	noun
drapery	noun
millionairess	noun
prefix	noun
synaptic	adj
diphtheria	noun
typography	noun
coloration	noun
bick	verb
olay	noun
spacetime	noun
snuffy	adj
gooden	verb
aphorism	noun
calamine	noun
serviette	noun
isosceles	adj
pidge	noun
glioma	noun
vorpal	adj
py	noun
widener	noun
tulsi	noun
lovelorn	noun
Frankish	adj
schizo	noun
warfarin	noun
antitoxin	noun
bradycardia	noun
apo	noun
maile	noun
mesenteric	adj
immy	noun
peritoneal	adj
dut	noun
favus	noun
proprietress	noun
mundu	noun
VF	adj
chunni	noun
murabba	noun
cruzeiro	noun
pondy	adj
estrangement	noun
amnesiac	noun
backless	adj
fanaticism	noun
chiefly	adj
transparently	adv
ret	noun
reprobate	noun
colloquial	noun
bier	noun
desirability	noun
unduly	adv
baptise	verb
accusatory	adj
swilling	noun
housebreak	verb
slovenly	adj
pronouncement	noun
rucksack	noun
betamax	noun
voyeurism	noun
linesman	noun
crag	noun
salter	noun
purplish	adj
truancy	noun
beguiling	noun
misrepresentation	noun
stripey	noun
trawl	verb
toxicologist	noun
soapbox	noun
tactfully	adv
waster	noun
patella	noun
prophesize	verb
needling	noun
cesspit	noun
impalement	noun
myasthenia	noun
rollover	noun
jealously	adv
commish	noun
pornographer	noun
Asiatic	adj
fragmentation	noun
gor	noun
semolina	noun
broccolini	noun
dietician	noun
streetwise	adj
untruth	noun
furlong	noun
chaperon	verb
vaunted	adj
hoovering	noun
Deutsch	adj
slicker	noun
extender	noun
gue	noun
preggo	noun
trivialize	verb
cheerfulness	noun
dotting	noun
revisionist	noun
verve	noun
younger	noun
titian	noun
trainwreck	verb
circumnavigate	verb
refit	verb
obliteration	noun
uncock	verb
lamentation	noun
pitiless	adj
colón	noun
punto	noun
lucidity	noun
unimaginative	adj
insistently	adv
demagogue	noun
unscramble	verb
immemorial	adj
poisoner	noun
sunlit	adj
unagi	noun
raceway	noun
grappler	noun
affective	adj
repackage	verb
signorina	noun
morro	noun
impish	adj
upswing	noun
wheatgrass	noun
peele	noun
vocab	noun
pickpocketing	noun
crapshoot	noun
interweave	verb
bupkis	noun
vigilantism	noun
moppet	noun
overfishing	noun
telomere	noun
campion	noun
chucklehead	noun
tue	noun
scala	noun
obscenely	adv
locus	noun
divergent	adj
chlorophyll	noun
dispersal	noun
signatory	noun
twill	noun
kava	noun
chemtrail	noun
edgewise	adj
unlivable	adj
instigation	noun
bine	noun
longingly	adv
boutonniere	noun
viaduct	noun
veganism	noun
squirter	noun
lowery	adj
differentiation	noun
youthfulness	noun
simpatico	adj
barky	adj
pumper	noun
biographical	adj
washerwoman	noun
blackwater	noun
Gurkha	adj
sidewinder	noun
worksite	noun
volga	noun
resettlement	noun
ecologist	noun
childbearing	noun
weirding	noun
careening	noun
ripening	noun
tuneful	adj
busby	noun
polyethylene	noun
shrinky	adj
malignancy	noun
lauder	noun
jerkin	noun
grange	noun
magneto	noun
quidditch	noun
streaky	adj
heartsick	adj
dunny	noun
chapeau	noun
malevolence	noun
longshoreman	noun
mendy	noun
Burman	adj
diaphragmatic	adj
osteopath	noun
pinup	noun
weedy	adj
interminable	noun
gutta	noun
azur	adj
Elizabethan	adj
pervade	verb
hef	noun
technologist	noun
tonal	noun
gastro	noun
flue	noun
cloakroom	noun
lidar	noun
mandrill	noun
resettle	verb
monolithic	adj
semicircle	noun
maudlin	noun
remuneration	noun
relapsing	noun
archmage	noun
spiritualism	noun
neatness	noun
cornflour	noun
wrathful	adj
shyster	noun
overabundance	noun
intramural	noun
germaphobe	noun
adze	noun
lari	noun
falk	noun
protractor	noun
dumbhead	noun
tetra	noun
Romulan	adj
strychnine	noun
plod	noun
wastebasket	noun
cornel	noun
awk	adj
blaspheme	verb
sorn	verb
Jain	adj
globalize	verb
rigger	noun
baye	noun
bobsleigh	noun
placemat	noun
hawala	noun
dago	noun
puna	noun
filmy	adj
cyanosis	noun
staffroom	noun
cloudless	adj
nastily	adv
beechwood	noun
hellmouth	noun
bionics	noun
shinkansen	noun
soldado	noun
conscientiously	adv
centavo	noun
heer	noun
granduncle	noun
Chian	adj
rainbird	noun
tidier	noun
signer	noun
illegible	adj
immodest	adj
drudgery	noun
principessa	noun
roughness	noun
silica	noun
politico	noun
halva	noun
stewardship	noun
cessation	noun
surat	noun
simpleminded	adj
Shiite	adj
wayfarer	noun
demonstrative	noun
rootless	adj
contemptuous	adj
streetwalker	noun
kickboxer	noun
homoerotic	adj
pleasuring	noun
statin	noun
defensible	adj
meadowlark	noun
drinky	noun
indisputably	adv
unreported	adj
improviser	noun
deadhead	noun
charmingly	adv
tracheal	adj
hyperthermia	noun
Biscayne	adj
chubb	noun
snaking	noun
raisinet	noun
slumlord	noun
dermatitis	noun
voluminous	adj
sacrum	noun
skint	adj
skitter	noun
lunging	noun
peacocking	noun
lengthwise	adj
untruthful	adj
unemotional	adj
bobbitt	verb
astronomically	adv
guernsey	noun
rugrat	noun
hexagonal	adj
sweetmeat	noun
retell	verb
diamondback	noun
collapsible	noun
daddio	noun
arpeggio	noun
whoomp	verb
scissoring	noun
dogmatic	noun
closeup	noun
conductive	adj
smarting	noun
nought	noun
bubbie	noun
nonbeliever	noun
outflow	noun
blackfoot	noun
functionally	adv
whing	verb
sundress	noun
renegotiation	noun
unsympathetic	adj
Uzbek	adj
fastening	noun
tempestuous	adj
cloy	verb
fallow	noun
kopek	noun
mulatto	noun
congenial	adj
stringed	adj
statuette	noun
schlong	noun
brassy	noun
innately	adv
ticketing	noun
rumbly	adj
shimmying	noun
woodblock	noun
nervy	adj
ebbing	noun
irritant	noun
cockeyed	adj
reflexology	noun
sorter	noun
embitter	verb
amorphous	adj
numeric	noun
eyre	noun
unappetizing	adj
nonrefundable	adj
goob	noun
superbly	adv
mamie	noun
suppertime	noun
nazism	noun
hungrily	adv
eighteenth	noun
pippy	noun
ashen	verb
rewiring	noun
limpet	noun
gnashing	noun
gnash	noun
sandbank	noun
occultist	noun
Salish	adj
gat	noun
hypnotherapist	noun
subsist	verb
dysphoria	noun
enslaving	noun
aluminium	noun
rawness	noun
Piedmontese	adj
linn	noun
bounder	noun
recessive	adj
earnestness	noun
imperceptibly	adv
tedium	noun
caff	noun
trilobite	noun
monogamist	noun
efface	verb
schmutz	noun
intravenously	adv
handsaw	noun
laugher	noun
graviton	noun
maturely	adv
detract	verb
snubbing	noun
doggedly	adv
Anglican	adj
inaccuracy	noun
interlace	verb
broadsword	noun
franchising	noun
elke	noun
Genovese	adj
warlike	adj
baillie	noun
quantitative	adj
rigmarole	noun
reassert	verb
hundy	noun
banality	noun
antechamber	noun
unbury	verb
curio	noun
greeny	noun
pigmentation	noun
reupholster	verb
incandescent	adj
pejorative	noun
floodwater	noun
dato	noun
minting	noun
misbehavior	noun
rote	noun
wolfsbane	noun
countersuit	noun
cuddy	noun
ms	noun
psychobabble	noun
gault	noun
encamp	verb
chugger	noun
celadon	noun
albie	noun
oyez	noun
herniation	noun
fracturing	noun
bewilderment	noun
indifferently	adv
sandbar	noun
necking	noun
crandall	noun
shizzle	noun
polisher	noun
hypo	noun
plebeian	noun
sensationalism	noun
acquaint	verb
nighthawk	noun
doubtless	adv
ganglion	noun
thalia	noun
armagnac	noun
neutering	noun
sardonic	adj
arg	noun
brogan	noun
brinjal	noun
altimeter	noun
riyaz	noun
merrin	noun
longan	noun
dek	noun
hypovolemic	adj
ampoule	noun
qual	noun
hoose	noun
pharm	noun
scrivener	noun
Lorcan	adj
miniaturization	noun
manhunter	noun
compline	noun
mahua	noun
marimo	noun
meju	noun
dishwater	noun
hilal	noun
forerunner	noun
rancor	noun
amine	noun
washtub	noun
scabby	adj
duodenum	noun
gastroenterologist	noun
rounder	noun
calligrapher	noun
godliness	noun
abductee	noun
costumer	noun
sightsee	verb
wog	noun
beech	noun
conciliation	noun
concurrently	adv
unsexy	adj
handbasket	noun
gramma	noun
chesty	adj
quahog	noun
telemarketing	noun
potshot	noun
birding	noun
unearn	verb
edification	noun
botulism	noun
mixin	noun
maiming	noun
eucharist	noun
dovetail	noun
applicator	noun
pneumo	noun
latchkey	noun
spald	verb
osteosarcoma	noun
unpolish	verb
turndown	noun
unscripted	adj
floodlight	noun
razzmatazz	noun
lockstep	noun
rebury	verb
unprocessed	adj
brokeback	adj
formulation	noun
supermom	noun
optimistically	adv
trestle	noun
forfeiture	noun
unsurpassed	adj
instep	noun
statuesque	adj
trou	noun
deprogram	verb
podunk	adj
transom	noun
chronicler	noun
entreat	verb
whitehead	noun
tonsillitis	noun
prowler	noun
rumpus	noun
transducer	noun
fortifying	noun
encephalopathy	noun
replete	noun
eliminator	noun
boilerplate	noun
beleaguer	verb
clumping	noun
offloading	noun
monarchist	noun
Incan	adj
corrugated	adj
overarching	adj
repainting	noun
bifocals	noun
germinate	verb
milieu	noun
snaggletooth	noun
impresario	noun
scullery	noun
aphid	noun
necrophilia	noun
crackly	adj
Pythagorean	adj
overbite	noun
microfiche	noun
carting	noun
cortical	adj
nobly	adv
dreamgirl	noun
overpopulate	verb
binkie	noun
grievously	adv
cour	noun
oblong	noun
irreparably	adv
loggerhead	noun
wald	noun
tl	noun
immunization	noun
polecat	noun
reanimation	noun
digestible	adj
subletting	noun
goby	noun
gyre	noun
mishandling	noun
frostie	noun
parabola	noun
snowbank	noun
episcopalian	noun
neath	adp
centigrade	noun
thingamabob	noun
expending	noun
modifier	noun
scheisse	noun
echinacea	noun
knish	noun
sambuca	noun
arthritic	noun
readout	noun
indelicate	adj
tankard	noun
crosscheck	noun
mushing	noun
filbert	noun
stranding	noun
bandstand	noun
reshaping	noun
biotechnology	noun
marmite	noun
factoid	noun
laughingly	adv
beriberi	noun
recognisable	adj
bordello	noun
catlin	noun
lumbering	noun
pfennig	noun
DS	adj
herzog	noun
finery	noun
spittle	noun
overfeed	verb
longbow	noun
locomotion	noun
disuse	noun
ellipse	noun
condescension	noun
objectification	noun
lachrymose	adj
ramrod	noun
molder	verb
crotchety	adj
knightly	adj
phenol	noun
armless	adj
methuselah	noun
splicing	noun
bethel	noun
reappearing	noun
emeritus	noun
raincheck	verb
communicable	adj
squaw	noun
slumbering	noun
orale	noun
cochlear	adj
ayatollah	noun
cyberbullying	noun
candidature	noun
bucolic	noun
blancmange	noun
supremo	noun
rattrap	noun
annotate	verb
datura	noun
jubbly	noun
nightdress	noun
yarborough	noun
howitzer	noun
webmaster	noun
unpretentious	adj
shaku	noun
rumpy	noun
urea	noun
squealer	noun
tabla	noun
boodle	noun
soothsayer	noun
ert	verb
candiru	noun
hypnotise	verb
src	noun
quiff	noun
bluebeard	noun
walleye	noun
saphenous	adj
spiff	noun
mucosa	noun
Emiri	adj
zun	noun
rnd	noun
burgh	noun
honeymooning	noun
debauch	noun
underachieve	verb
unspoil	verb
unsupported	adj
jurist	noun
triviality	noun
youngling	noun
pullover	noun
greengrocer	noun
seaport	noun
laterally	adv
phonetic	noun
thebe	noun
oryx	noun
streamlining	noun
flyby	noun
biro	noun
dishy	noun
hesitancy	noun
anaesthetic	noun
mico	noun
titrate	verb
wingtip	noun
purell	noun
cravat	noun
Socratic	adj
crosser	noun
haymaker	noun
emblazon	verb
warmonger	noun
lackadaisical	adj
headroom	noun
jesting	noun
nonstarter	noun
closer	noun
snaky	adj
jerker	noun
inversely	adv
kissable	adj
unobtainable	noun
quatre	noun
filleting	noun
phan	noun
accede	verb
shirking	noun
westland	noun
glockenspiel	noun
undulating	noun
palatial	adj
damar	noun
nebulous	adj
layperson	noun
craggy	adj
bulking	noun
prevalence	noun
nutbag	noun
mog	noun
rollicking	noun
scoreless	adj
elbowing	noun
dousing	noun
waitstaff	noun
overexpose	verb
presumptive	adj
disillusionment	noun
barefaced	adj
certifiably	adv
vt	noun
freewheel	verb
oscillator	noun
redouble	verb
blotch	noun
grudgingly	adv
metacarpal	noun
forestall	verb
childishness	noun
supercut	noun
incompatibility	noun
intermingle	verb
micron	noun
northward	adv
numpty	noun
zoology	noun
colitis	noun
imbalanced	adj
sandbagging	noun
scornfully	adv
hackney	noun
maestra	noun
Slav	adj
shifu	noun
retelling	noun
randomize	verb
finagle	verb
loquacious	adj
diabolic	adj
holing	noun
despising	noun
flusher	noun
shoring	noun
kudzu	noun
chitlin	noun
disallow	verb
indemnity	noun
oiler	noun
opry	noun
zoological	adj
adherence	noun
cursory	adj
oratory	noun
shoeshine	noun
uproariously	adv
massing	noun
constitutionally	adv
randomness	noun
premed	noun
beachside	noun
miter	noun
breathtakingly	adv
flycatcher	noun
pragmatist	noun
luminescent	adj
microprocessor	noun
reacquire	verb
improvisational	adj
midweek	noun
coalesce	verb
quadra	noun
pubescent	noun
woodcutter	noun
braggy	adj
transgressive	noun
étouffée	noun
spaetzle	noun
aspartame	noun
tinderbox	noun
bookish	adj
revelatory	adj
retraining	noun
hayseed	noun
distro	noun
genteel	adj
thither	adj
toolkit	noun
predation	noun
gangly	adj
sextant	noun
sangeet	noun
baka	noun
disreputable	noun
ocupado	adj
evilness	noun
cancan	noun
concentric	adj
purportedly	adv
dispossess	verb
ammonite	noun
deafen	verb
exoplanet	noun
pontificate	verb
espadrille	noun
pinko	noun
naturalize	verb
joyless	adj
gushy	adj
lesbianism	noun
lyre	noun
heterosexuality	noun
carrel	noun
juxtapose	verb
fibber	noun
halogen	noun
reedy	adj
minesweeper	noun
bittern	noun
slaughterer	noun
portage	noun
franchisee	noun
halfling	noun
flintlock	noun
snobbery	noun
toboggan	noun
ulna	noun
halligan	noun
immolate	verb
blarney	noun
Oedipal	adj
hoofprint	noun
soh	noun
rosado	noun
heretical	adj
tootle	noun
reducer	noun
aborigine	noun
Malagasy	adj
shampooing	noun
omitting	noun
coulter	noun
prettily	adv
ridic	adj
encoder	noun
ool	noun
wonk	noun
ingestion	noun
glans	noun
codpiece	noun
brannigan	noun
reeducation	noun
idler	noun
sanger	noun
tugger	noun
camptown	noun
merkin	noun
wholemeal	noun
paradoxically	adv
acidotic	adj
anthracite	noun
assembler	noun
restlessly	adv
cardo	noun
alvar	noun
hori	noun
yenny	noun
azoth	noun
zuza	noun
basmati	noun
hala	noun
agro	adj
overburden	verb
indivisible	adj
fingerling	noun
bauxite	noun
conductivity	noun
sweetening	noun
processional	noun
saddening	noun
unbuttoning	noun
mongering	noun
Phoenician	adj
swaggering	noun
populous	adj
shunning	noun
rechargeable	noun
skulk	noun
champer	noun
bitte	noun
disenchant	verb
millimetre	noun
leaver	noun
succinctly	adv
espouse	verb
downy	noun
redistribution	noun
remorseless	adj
revote	noun
bilaterally	adv
deltoid	noun
etomidate	noun
rudderless	adj
unimpeachable	adj
sidle	noun
flexor	noun
astrologist	noun
unabate	verb
superimpose	verb
bannock	noun
spaceport	noun
ethernet	noun
tarry	noun
handily	adv
lengthening	noun
saguaro	noun
shagger	noun
bushwhack	verb
chronicling	noun
unshackle	verb
dreamworld	noun
goy	noun
gefilte	noun
saxophonist	noun
vaginally	adv
hermetically	adv
longhouse	noun
trier	noun
lurker	noun
salient	noun
beset	verb
diatribe	noun
rapacious	adj
cosmology	noun
motorcar	noun
portside	noun
sloppily	adv
claret	noun
pommel	noun
restate	verb
clarion	noun
militarize	verb
diabolically	adv
piehole	noun
dobbin	noun
razzing	noun
fibre	noun
hyperactivity	noun
humbleness	noun
fosse	noun
remittance	noun
rearm	verb
incomparably	adv
gangbanging	noun
ferrying	noun
fingerprinting	noun
flipside	noun
mainsail	noun
strumpet	noun
regimental	adj
stonemason	noun
agoraphobia	noun
ambo	noun
buggery	noun
nihilistic	adj
reagent	noun
conflagration	noun
tobruk	noun
expedient	noun
postulate	verb
biofuel	noun
refurbishing	noun
warcraft	noun
pathogenic	adj
seafarer	noun
glom	noun
campaigner	noun
firestone	noun
padawan	noun
hyperventilation	noun
geist	noun
pulverizer	noun
circuitous	adj
sockeye	noun
nonalcoholic	noun
wispy	adj
capa	noun
dissociation	noun
mistral	noun
titular	noun
amiodarone	noun
boneheaded	adj
hydrochloride	noun
weariness	noun
delo	noun
lameness	noun
quickening	noun
blasé	adj
waxer	noun
snagging	noun
discoverer	noun
hobbyist	noun
frappe	noun
dray	noun
enliven	verb
dama	noun
dozy	adj
charring	noun
outlying	noun
HF	adj
hummel	noun
readmit	verb
cack	noun
gonk	noun
snoozy	adj
vertex	noun
prefab	noun
reminiscence	noun
mousie	noun
stagnation	noun
bicuspid	adj
hammersmith	noun
raiment	noun
proofreading	noun
rheumatic	noun
dosh	noun
conceit	noun
amalgam	noun
sunnyside	noun
galleria	noun
xenophobia	noun
wolfing	noun
smoot	noun
esprit	noun
herby	adj
thalidomide	noun
fernet	noun
homily	noun
musculature	noun
tiddlywink	noun
medico	noun
farina	noun
capsicum	noun
lording	noun
cribbing	noun
swash	noun
plasticine	noun
shocky	adj
bedsore	noun
electrically	adv
screenwriting	noun
mange	noun
cowhide	noun
downrange	adj
puttanesca	noun
bast	noun
chevalier	noun
egger	noun
sensate	verb
jacker	noun
daimon	noun
taff	noun
fornicator	noun
owari	noun
freesia	noun
Mexicano	adj
anachronistic	adj
distiller	noun
excretion	noun
bobtail	noun
blintz	noun
sadi	noun
slowness	noun
barium	noun
rance	noun
liveliness	noun
sociological	adj
ceaselessly	adv
logarithm	noun
batt	noun
dhaba	noun
wc	noun
earwig	noun
rebelliousness	noun
ikebana	noun
illusory	adj
lobectomy	noun
payola	noun
sternal	adj
stricture	noun
embolectomy	noun
akela	noun
assize	noun
bushwhacker	noun
factorial	noun
noser	noun
palmira	noun
diverticulitis	noun
bryony	noun
mithril	noun
zamindar	noun
sepoy	noun
phet	noun
abaya	noun
retouching	noun
chumming	noun
conventionally	adv
hailstone	noun
periodical	noun
Islamist	adj
falconry	noun
retaliatory	adj
polygamist	noun
waken	verb
tearoom	noun
diarrhoea	noun
chauvinism	noun
contravene	verb
stymie	noun
plantar	adj
taking	noun
invisibly	adv
potting	noun
directorial	adj
tatty	noun
backspin	noun
reversion	noun
tallyho	noun
sublimate	verb
disrepute	noun
uke	noun
minuteman	noun
unenviable	adj
rickets	noun
palp	noun
undertow	noun
palmas	noun
embalmer	noun
tuchus	noun
diode	noun
pointedly	adv
grody	adj
overmatch	verb
sylvan	noun
unfail	verb
gamba	noun
thwap	verb
onshore	adv
collet	noun
directness	noun
bagsy	verb
windswept	adj
gynecological	adj
scrote	noun
underqualified	adj
mailbag	noun
winkler	noun
futz	verb
perusing	noun
doper	noun
mele	noun
easterner	noun
uneat	verb
arguable	adj
jut	noun
abridge	verb
hab	noun
cushioning	noun
concurrent	noun
effusive	adj
mutineer	noun
fiendishly	adv
Mesopotamian	adj
conspicuously	adv
constructively	adv
canard	noun
moralistic	adj
graphite	noun
marxism	noun
liturgical	adj
pulaski	noun
flimflam	verb
architecturally	adv
closing	noun
embryonic	adj
layabout	noun
outfox	verb
nascent	adj
firmware	noun
soreness	noun
valorous	adj
winnable	adj
landau	noun
repast	noun
sensually	adv
schlub	noun
materially	adv
refraction	noun
bulwark	noun
capitulation	noun
mispronouncing	noun
dispersion	noun
blag	noun
RTL	adj
icefall	noun
ectopic	noun
ecologically	adv
snapdragon	noun
receivable	noun
housetop	noun
USP	adj
sonics	noun
kasha	noun
fibromyalgia	noun
schoolmarm	noun
leaker	noun
interpose	verb
netty	noun
unquestioned	adj
flitting	noun
questing	noun
unsinkable	noun
margate	noun
redeemable	noun
heretofore	adv
inwardly	adv
cluttering	noun
elocution	noun
Tahitian	adj
suggestible	adj
genet	noun
drinkie	noun
allay	noun
afoul	adv
airplay	noun
inactivity	noun
dogsled	noun
wey	noun
funerary	adj
ome	noun
attentiveness	noun
nanotech	noun
hench	noun
provident	adj
uva	noun
linux	noun
preggers	adj
corncob	noun
annum	noun
baila	noun
inducement	noun
thoroughness	noun
sellable	noun
parsec	noun
duchy	noun
jailbait	noun
variability	noun
blowie	noun
tabernacle	noun
polytechnic	noun
exemplar	noun
vindaloo	noun
tikal	noun
yappy	adj
toddling	noun
dockworker	noun
cruddy	adj
laxity	noun
pickman	noun
pachyderm	noun
townsman	noun
infra	noun
odeon	noun
mochaccino	noun
ush	noun
medulla	noun
kerby	noun
scraggy	adj
dateless	adj
womankind	noun
permissive	adj
sinewy	adj
disharmony	noun
cashbox	noun
gravitation	noun
backwash	noun
priss	noun
environ	noun
adorning	noun
hipper	noun
isp	noun
tortoni	noun
undiluted	adj
crematory	noun
cockfighting	noun
foss	noun
federalist	noun
interfaith	adj
idleness	noun
zep	noun
mortgaging	noun
vaginismus	noun
Moldavian	adj
quod	noun
homeopathy	noun
gaffe	noun
hemostat	noun
limbic	adj
arrack	noun
portly	adj
constriction	noun
unionist	noun
autoclave	noun
sarkar	noun
bradycardic	adj
Mayberry	adj
sweetcakes	noun
Teutonic	adj
dialectic	noun
gelding	noun
characterless	adj
mazurka	noun
charry	adj
castella	noun
futurity	noun
dug	noun
rahu	noun
goli	noun
muzz	verb
mando	noun
pinprick	noun
pedagogical	adj
multiplier	noun
caliph	noun
lapis	noun
georgette	noun
methanol	noun
expatriate	noun
billionth	noun
erudite	noun
keratin	noun
suppressor	noun
brevity	noun
hooliganism	noun
caning	noun
disfigurement	noun
statehood	noun
osteoarthritis	noun
indeterminate	noun
inextricably	adv
fantastico	adj
nigiri	noun
telex	noun
shareef	adj
gaskin	noun
anathema	noun
keying	noun
guesser	noun
pericardiocentesis	noun
committal	noun
carney	noun
immeasurably	adv
capper	noun
nard	noun
autocratic	adj
piecemeal	noun
commissioning	noun
incisive	adj
preening	noun
possessiveness	noun
housecleaning	noun
immediacy	noun
immensity	noun
stateroom	noun
operable	adj
journeyman	noun
rarefied	adj
inferring	noun
breastplate	noun
disabuse	verb
conjugate	noun
lazily	adv
superficiality	noun
curbside	noun
smoochy	adj
reticence	noun
defection	noun
identifier	noun
commissar	noun
drowning	noun
parallax	noun
sojourn	noun
cassia	noun
quantifiable	noun
zydeco	noun
berliner	noun
tye	noun
disaffect	verb
squirrely	adj
womenfolk	noun
narcoleptic	noun
hardtack	noun
alleluia	noun
traipse	noun
yellowfin	noun
tern	noun
gammon	noun
widget	noun
fakey	adj
victrola	noun
iodide	noun
tec	noun
serf	noun
masu	noun
oozy	adj
nontraditional	adj
boule	noun
wort	noun
senselessly	adv
unring	verb
comradeship	noun
unspeakably	adv
incremental	adj
encasing	noun
superhighway	noun
laparoscopy	noun
inbreeding	noun
vampiric	noun
crudely	adv
unabashed	adj
entomology	noun
fugazi	noun
spink	noun
untuck	verb
upchuck	noun
tendu	noun
gim	adj
edelweiss	noun
methyl	noun
atheism	noun
fiscally	adv
dishrag	noun
adjudicator	noun
serviceable	adj
delineate	verb
harebrained	adj
retread	noun
pretension	noun
transitory	adj
reawakening	noun
speedily	adv
swampland	noun
drongo	noun
parmigiana	noun
simpering	noun
rezoning	noun
fastback	noun
diz	noun
cavorting	noun
polygon	noun
duc	noun
coucher	noun
gorp	noun
candyman	noun
huckster	noun
FTP	adj
playbill	noun
gurdy	noun
cowherd	noun
transcontinental	noun
materialization	noun
postoperative	noun
vivat	noun
parentage	noun
illiteracy	noun
convex	noun
trailhead	noun
transpose	verb
farsighted	adj
lollapalooza	noun
quintet	noun
huggable	adj
puritanical	noun
pano	noun
forester	noun
woos	noun
relativism	noun
chroma	noun
trumpeter	noun
moonstruck	adj
languishing	noun
lucite	noun
bellyache	noun
omnibus	noun
brut	adj
championing	noun
irregardless	adj
depo	noun
toymaker	noun
overage	noun
gigging	noun
teenaged	adj
gayness	noun
epithelial	adj
clambake	noun
pw	noun
misspelling	noun
legroom	noun
uniformly	adv
mote	noun
encoding	noun
callow	noun
portraiture	noun
gestalt	noun
unsupportive	adj
morena	noun
tuppence	noun
jitney	noun
outman	verb
whetstone	noun
blighter	noun
thickly	adv
aureus	noun
enrapture	verb
chk	noun
jamb	noun
gorgeousness	noun
syrah	noun
brillo	adj
Castilian	adj
conveyance	noun
suppressant	noun
gaijin	noun
egotist	noun
bubu	noun
mec	noun
jojoba	noun
dashiki	noun
rhododendron	noun
sickbay	noun
countrywide	adj
splitsville	noun
korma	noun
nuzzling	noun
felicitate	verb
sunstone	noun
mudder	noun
retool	verb
Pashtun	adj
flounce	noun
trice	noun
egoistic	adj
peahen	noun
alkie	noun
dirtying	noun
polynomial	noun
bookman	noun
glaringly	adv
pyrite	noun
lymphocyte	noun
trekkie	noun
germanium	noun
hypertrophy	noun
pestis	noun
novitiate	noun
mirabelle	noun
shaheed	noun
anthropological	adj
bushmaster	noun
abraxas	noun
coiffure	noun
suji	noun
cabdriver	noun
yari	noun
pwd	noun
chameli	noun
bapu	noun
chikara	noun
mangaka	noun
Dalian	adj
ataman	noun
bilirubin	noun
overvalue	verb
dawa	noun
unfaithfulness	noun
provocatively	adv
jinn	noun
obliging	noun
corniche	noun
miserly	adj
industrialization	noun
rotational	noun
dissenter	noun
thickheaded	adj
retroactive	adj
mongo	noun
unconvince	verb
ornithologist	noun
morbidity	noun
headland	noun
gatehouse	noun
foment	verb
Cyrillic	adj
proteus	noun
primeval	adj
expound	verb
canonize	verb
paralyse	verb
inflow	noun
Salvadoran	adj
roundness	noun
counterinsurgency	noun
sux	noun
battler	noun
béarnaise	noun
stickup	noun
tannoy	noun
Milanese	adj
criminalist	noun
slopping	noun
peepee	noun
backstretch	noun
prettiness	noun
glandular	adj
cliquey	adj
gladiatorial	adj
perspire	verb
vom	noun
axiom	noun
alternately	adv
neutralizer	noun
biblically	adv
punani	noun
snowblower	noun
pantaloon	noun
computation	noun
cryogenics	noun
upshot	noun
sartorial	adj
authorship	noun
impaling	noun
posthumously	adv
unvarnished	adj
signet	noun
kiloton	noun
flagrantly	adv
dioxin	noun
gearhead	noun
desirous	adj
prescient	adj
ponderosa	noun
southernmost	adj
aweigh	adj
crocus	noun
nutritionally	adv
somen	noun
wholehearted	adj
fracas	noun
lakefront	noun
brin	noun
purloin	verb
biologic	noun
sheetrock	noun
gossamer	noun
eugenics	noun
pogrom	noun
disembarking	noun
boson	noun
civilly	adv
loath	adj
lamentable	adj
ensconce	verb
gasser	noun
postcode	noun
unintelligent	adj
swisher	noun
ethylene	noun
teakettle	noun
afield	adv
amalgamate	verb
gimbal	noun
terr	noun
flatulent	adj
bandaging	noun
poetically	adv
schmaltz	noun
concisely	adv
glycol	noun
magnetically	adv
currying	noun
hackle	noun
conniption	noun
geometrical	adj
viewfinder	noun
cloaca	noun
harman	noun
megalodon	noun
misinterpretation	noun
diversification	noun
grandpop	noun
chiseling	noun
natch	noun
sentience	noun
neuropathy	noun
blotter	noun
kudu	noun
inoperative	adj
impressionism	noun
biweekly	noun
noy	verb
southland	noun
ait	noun
brae	noun
transect	verb
waterproofing	noun
boffin	noun
monstrously	adv
starcraft	noun
elitism	noun
swot	noun
rif	verb
eavesdropper	noun
dispensation	noun
inborn	adj
fleecing	noun
infuser	noun
appaloosa	noun
winder	noun
playable	adj
ug	noun
kaftan	noun
mitty	noun
accosting	noun
earthwork	noun
Assyrian	adj
octagonal	adj
tallie	noun
poxy	adj
ht	noun
mastiff	noun
forefinger	noun
sanda	noun
chokey	noun
sublevel	noun
swiper	noun
provisionally	adv
fundamentalism	noun
bettor	noun
sump	noun
tiddly	noun
sufficiency	noun
morphology	noun
curvaceous	adj
velveteen	noun
mylar	noun
shovelling	noun
neutralise	verb
striper	noun
unsully	verb
dishcloth	noun
mesothelioma	noun
uninvolve	verb
skelly	noun
pongal	noun
powdering	noun
villar	adj
consular	noun
slattery	adj
unsuited	adj
selo	noun
mottle	verb
cochlea	noun
sherm	noun
photocopying	noun
alveolus	noun
disenchantment	noun
dha	noun
pith	noun
barma	noun
bunching	noun
gimpy	adj
ducat	noun
supercop	noun
sanguine	noun
loam	noun
grindstone	noun
nigella	noun
marmoset	noun
rhesus	noun
workingman	noun
hereabouts	adv
stippling	noun
misfiring	noun
stamen	noun
akashic	adj
reynard	noun
tilak	noun
mediastinum	noun
electrocardiogram	noun
poonam	noun
revocation	noun
sago	noun
eglantine	noun
sahiba	noun
sofer	noun
halim	noun
hajji	noun
peacefulness	noun
penitence	noun
bur	noun
surrealist	noun
kuku	noun
hypotension	noun
asceticism	noun
deviance	noun
bacillus	noun
retroactively	adv
superficially	adv
hamsa	noun
blackhead	noun
centrist	noun
markedly	adv
ideologically	adv
installer	noun
exhibitionism	noun
nihilism	noun
verging	noun
refurbishment	noun
scrupulous	adj
oban	noun
dustup	noun
jackboot	noun
maturation	noun
hemostasis	noun
chippie	noun
embellishing	noun
spendthrift	noun
PV	adj
southward	adv
fantasist	noun
outcrop	noun
jarhead	noun
exigent	noun
infinitesimal	noun
erg	noun
blackheart	noun
irrelevance	noun
Somalian	adj
wholeness	noun
habituate	verb
dysplasia	noun
snorer	noun
kalinda	noun
pinter	noun
mucker	noun
bowery	noun
merk	verb
groundswell	noun
defecation	noun
civvie	noun
cryptography	noun
arcing	noun
gamekeeper	noun
interagency	noun
ock	noun
rococo	noun
immutable	noun
revulsion	noun
nucleotide	noun
clime	noun
vexation	noun
concussive	adj
keening	noun
hobnobbing	noun
sciatic	noun
chaw	noun
eminently	adv
theorizing	noun
Cypriot	adj
outstay	verb
weaselly	adj
mongoloid	noun
toque	noun
gnarled	adj
adherent	noun
safecracker	noun
morpho	noun
exsanguinate	verb
gilding	noun
biggin	noun
gluteus	noun
intoxicant	noun
acropolis	noun
victimology	noun
pushcart	noun
fiamma	noun
prednisone	noun
conservatism	noun
jamun	noun
alcantara	noun
motormouth	noun
stateless	adj
preen	noun
isolationist	noun
balsa	noun
foible	noun
krump	noun
cynically	adv
slowdown	noun
provo	noun
idiota	noun
dejection	noun
thresher	noun
amble	noun
parapsychology	noun
initiator	noun
snowsuit	noun
unwieldy	adj
frijol	noun
marveling	noun
tare	noun
splooge	noun
underbite	noun
niblet	noun
obsequious	adj
honeymooner	noun
hydrazine	noun
suitability	noun
antiperspirant	noun
landmass	noun
vacationer	noun
bole	noun
snowdrop	noun
incapacity	noun
obfuscate	verb
aeronautical	adj
insolvent	noun
compunction	noun
cathode	noun
buzzsaw	noun
fusilli	noun
fatness	noun
vichyssoise	noun
lunching	noun
uncommonly	adv
Abilene	adj
topsoil	noun
unassisted	adj
Transylvanian	adj
frisson	noun
pala	noun
moneymaking	noun
tricolor	noun
andro	noun
catastrophically	adv
floozie	noun
cassowary	noun
semantic	adj
colored	noun
hominid	noun
sunbed	noun
sacristan	noun
beautifying	noun
chewable	noun
coquettish	adj
unforeseeable	adj
unbeliever	noun
bather	noun
subplot	noun
humanistic	adj
Franciscan	adj
casal	adj
housemaster	noun
whitewashing	noun
zirconium	noun
allele	noun
bourrée	noun
subroutine	noun
freestanding	adj
blotchy	adj
tomography	noun
linney	noun
sauntering	noun
ristorante	noun
Sumatran	adj
nock	noun
tenting	noun
reenlist	verb
rockaway	noun
cottonmouth	noun
dermis	noun
vestigial	noun
pentothal	noun
debug	noun
rati	noun
schoolbook	noun
scrying	noun
oe	noun
unsociable	adj
Dvorak	adj
festoon	verb
feverishly	adv
bursar	noun
driveshaft	noun
inarticulate	noun
ARMA	adj
Choctaw	adj
ith	noun
plat	noun
blusher	noun
gentlewoman	noun
passe	adj
whinge	noun
sterilise	verb
motility	noun
walling	noun
stardate	noun
tricorder	noun
jackdaw	noun
vesta	noun
gid	noun
ineffable	adj
furrier	noun
liverwurst	noun
lipid	noun
expander	noun
vestal	noun
riposte	noun
diametrically	adv
guar	noun
diffusion	noun
inattentive	adj
meu	noun
darkside	noun
lumbago	noun
elucidate	verb
indescribably	adv
geopolitics	noun
adda	noun
epidermal	adj
washable	noun
snuffing	noun
ethyl	noun
depreciation	noun
tota	noun
vitellus	noun
stickiness	noun
mola	noun
stargate	noun
saith	noun
scimitar	noun
alkali	noun
alginate	noun
sucrose	noun
plenary	noun
fratricide	noun
vaquero	noun
tsurugi	noun
fors	noun
Minoan	adj
skeevy	adj
selectman	noun
kakapo	noun
clockmaker	noun
nikkei	noun
sulfa	noun
acidosis	noun
discourtesy	noun
kito	noun
capon	noun
uselessly	adv
woodworm	noun
sentai	noun
unmanly	adj
poy	noun
chicha	noun
araki	noun
toku	noun
hafta	verb
mandira	noun
nizam	noun
multilingual	noun
buccal	adj
ess	noun
modernism	noun
repulsion	noun
allusion	noun
gradation	noun
ravel	noun
recalcitrant	noun
menophilia	noun
philosophizing	noun
emigration	noun
revamping	noun
div	noun
acrophobia	noun
paperless	adj
haya	noun
divergence	noun
trousseau	noun
perceptual	adj
sectarian	adj
neven	verb
rebook	verb
perestroika	noun
doorframe	noun
strident	noun
macrobiotic	adj
subdivide	verb
croup	noun
jute	noun
bafta	noun
portico	noun
investigatory	adj
arango	noun
ascites	noun
jutting	noun
footrace	noun
codependency	noun
undersized	adj
sunray	noun
travertine	noun
understeer	noun
computational	adj
bricking	noun
panhandling	noun
walloping	noun
steelworks	noun
exfoliation	noun
grammer	noun
eyehole	noun
Napoleonic	adj
hellraiser	noun
svengali	noun
flagellation	noun
kut	noun
jawing	noun
mudhole	noun
irreversibly	adv
vicarious	adj
misspend	verb
truncheon	noun
graceless	adj
aflutter	adj
stoicism	noun
sloppiness	noun
tristate	noun
cyclic	noun
tenancy	noun
stoat	noun
gawping	noun
tromp	verb
recreationally	adv
ghostie	noun
lethe	noun
underbrush	noun
derisive	noun
herbaceous	adj
forsooth	adv
empirically	adv
worming	noun
luxuriate	verb
spirulina	noun
sugarless	adj
itinerant	noun
helmsman	noun
pinochle	noun
coinciding	noun
artfully	adv
equidistant	adj
exclusionary	adj
salle	noun
smiting	noun
leaven	noun
pwn	verb
tableside	adj
dextrose	noun
plena	noun
fudd	noun
informality	noun
vel	noun
torchlight	noun
unrepentant	adj
subprime	noun
bungling	noun
incrementally	adv
unshaven	adj
speechwriter	noun
metatarsal	noun
velveeta	noun
proportionally	adv
appeasement	noun
strafe	verb
perfidious	adj
harpist	noun
unseasonably	adv
sapping	noun
consternation	noun
mezuzah	noun
seismologist	noun
blini	noun
seersucker	noun
wawa	noun
harken	verb
seepage	noun
sacrosanct	adj
bevan	noun
dogcatcher	noun
pollster	noun
mislay	verb
caretaking	noun
alder	noun
cel	noun
loupe	noun
caulking	noun
Triassic	adj
waterside	noun
Promethean	adj
Atlantean	adj
galling	noun
pinscher	noun
obstructive	noun
peashooter	noun
quacker	noun
unchangeable	noun
barricading	noun
tabulate	verb
bucketful	noun
surreptitiously	adv
rearguard	noun
poss	verb
jigging	noun
bursa	noun
bellman	noun
lovelock	noun
retentive	adj
nebulizer	noun
thrombus	noun
germy	adj
bili	noun
uninspire	verb
burnish	verb
croon	noun
milkweed	noun
beaky	adj
irresistibly	adv
sputum	noun
earache	noun
wigwam	noun
megalomania	noun
horrendously	adv
haughtily	adv
buffoonery	noun
lamba	noun
etymology	noun
quintessence	noun
boko	noun
coquette	noun
battlement	noun
astringent	noun
bezoar	noun
nubbin	noun
samsara	noun
antianxiety	noun
untrusting	adj
boogey	noun
steamship	noun
eschew	verb
yeoman	noun
tetrodotoxin	noun
unmasking	noun
yammer	noun
horsefly	noun
acetic	adj
columbine	noun
decoupage	noun
lumpectomy	noun
stiffy	noun
carnaval	noun
flinder	noun
fluttery	adj
abend	noun
sunspot	noun
frogger	noun
longboat	noun
matriarchal	adj
doddering	noun
tako	noun
gangrenous	adj
shipbuilder	noun
darned	adj
Montessori	adj
pansori	noun
pierrot	noun
thirsting	noun
moloch	noun
waz	noun
unclassify	verb
tuneless	adj
stephane	noun
lodestone	noun
scrummy	adj
nome	noun
overtax	verb
parliamentarian	noun
bequest	noun
inalienable	adj
anisette	noun
frisking	noun
FTA	adj
hod	noun
pupillary	adj
facie	noun
snork	verb
mislabel	verb
ballbuster	noun
antifungal	noun
krumping	noun
agribusiness	noun
duping	noun
bohr	noun
oto	noun
waterworld	noun
chaya	noun
electromagnetism	noun
lightspeed	noun
glut	noun
Shinto	adj
funicular	noun
adjudication	noun
fishpond	noun
polyglot	noun
oyabun	noun
petechial	adj
vetter	noun
hanging	noun
negation	noun
stovepipe	noun
sponging	noun
grossness	noun
debridement	noun
midazolam	noun
fop	noun
flightmare	noun
manioc	noun
shikoku	noun
crabmeat	noun
deformation	noun
puttie	noun
juggy	adj
civilise	verb
geet	adj
CQ	adj
ghazal	noun
KMS	adj
vajra	noun
mgr	noun
caner	noun
rashness	noun
qualitative	adj
SSA	adj
minaret	noun
hamam	noun
poa	noun
tramway	noun
unaccountable	adj
eyedrop	noun
cuneiform	noun
gigawatt	noun
petard	noun
throttling	noun
hom	noun
renunciation	noun
tittle	noun
sacramental	adj
technocrat	noun
skilful	adj
administrate	verb
opportunism	noun
dictatorial	adj
gaol	noun
zigzagging	noun
homeopathic	noun
baptizing	noun
née	adj
aviary	noun
barramundi	noun
wellspring	noun
crisscrossing	noun
blundering	noun
callousness	noun
kerplunk	noun
intrauterine	adj
wich	noun
warily	adv
tempter	noun
tottering	noun
parabellum	noun
tidiness	noun
senatorial	adj
politicking	noun
draftee	noun
callously	adv
mott	noun
zayde	noun
mammalian	noun
fou	adj
apologist	noun
anally	adv
flatland	noun
tbs	noun
unneeded	adj
oversimplification	noun
fetishist	noun
arp	noun
horsewoman	noun
hagride	verb
peppering	noun
felling	noun
bubbe	noun
nightcrawler	noun
felonious	adj
adagio	noun
pootie	noun
cumulus	noun
maneuverable	adj
thinness	noun
megawatt	noun
comport	verb
dynastic	adj
pugilist	noun
carafe	noun
groundling	noun
deregulation	noun
masterminding	noun
wordless	adj
bolstering	noun
placer	noun
neuromuscular	adj
masterless	adj
sapphic	noun
cliffside	noun
unfashionable	adj
felicitation	noun
thematic	adj
OSA	adj
outthink	verb
winning	adj
psychopathy	noun
afterburner	noun
defrosting	noun
suffuse	verb
auspex	noun
ruggedly	adv
astigmatism	noun
mythos	noun
breadbasket	noun
vagrancy	noun
mutinous	adj
barbarous	adj
expressionist	noun
audiotape	noun
skyhook	noun
tooling	noun
wrinkling	noun
muskie	noun
crampon	noun
lammy	noun
devilry	noun
abortionist	noun
aristo	noun
nubile	noun
gunrunner	noun
womble	noun
earhole	noun
scrubby	adj
defibrillate	verb
dispassionate	adj
scooty	noun
vamping	noun
moneyed	adj
wurst	noun
hearken	verb
hominy	noun
colloquially	adv
broiling	noun
polystyrene	noun
beryllium	noun
untraditional	adj
Namibian	adj
clasping	noun
Doric	adj
gusset	noun
futurist	noun
unapprove	verb
jagoff	noun
mistrustful	adj
dollface	noun
microbiologist	noun
overreaching	noun
lud	noun
zinnia	noun
kizzy	noun
arjuna	noun
propagation	noun
CNBC	adj
dur	noun
avo	noun
astride	adp
pshaw	verb
diplomatically	adv
speedball	noun
nosferatu	noun
reclassify	verb
darnedest	noun
outrigger	noun
firth	noun
easterly	noun
vaporizer	noun
statistician	noun
chuppah	noun
coomb	noun
petter	noun
saz	noun
gladden	verb
corruptible	noun
egoist	noun
LR	adj
hypochondria	noun
surmount	verb
admonition	noun
dabbler	noun
Virginian	adj
ingle	noun
affluence	noun
bannister	noun
springbok	noun
dumpsite	noun
kingfish	noun
underwriter	noun
cuckooing	noun
readable	adj
accelerometer	noun
astrolabe	noun
kiva	noun
excitation	noun
scarper	verb
scrounger	noun
cattail	noun
cush	noun
agora	noun
carousing	noun
gluck	verb
snowdrift	noun
corker	noun
drainer	noun
parapet	noun
perilously	adv
sagebrush	noun
booya	noun
primping	noun
pyroclastic	noun
idolatry	noun
patricide	noun
jerkface	noun
groper	noun
terraform	verb
hypersonic	adj
sleighing	noun
acrid	adj
observable	adj
wattage	noun
serialize	verb
creepo	noun
laudable	adj
monastic	adj
usurping	noun
compere	noun
exponent	noun
liberally	adv
colorist	noun
cryer	noun
folio	noun
crooning	noun
calving	noun
firestarter	noun
subdermal	adj
inclement	adj
antagonism	noun
leggo	noun
kamp	adj
barcalounger	noun
dressmaking	noun
chiclet	noun
unbolt	verb
reacher	noun
carbine	noun
knifepoint	noun
biplane	noun
cowlick	noun
drenching	noun
unforgiveable	adj
embattle	verb
scrimping	noun
mudslinging	noun
umbra	noun
colossally	adv
fossa	noun
rito	noun
Slovenian	adj
manganese	noun
nullification	noun
prog	noun
unpredictably	adv
milonga	noun
legate	noun
idiopathic	adj
inkblot	noun
pronghorn	noun
elaborately	adv
shylock	noun
streptococcus	noun
superdad	noun
bivouac	noun
pulsation	noun
weatherly	adj
gnostic	noun
ignoble	verb
corella	noun
papillon	noun
gallium	noun
carrousel	noun
patrimony	noun
isthmus	noun
tortuous	adj
ligation	noun
bridie	noun
malum	noun
gallu	noun
silverfish	noun
gork	noun
koss	noun
biathlon	noun
balti	noun
ln	noun
imprudence	noun
wigg	noun
declination	noun
mangalsutra	noun
tsuna	noun
roshi	noun
inugami	noun
damiana	noun
passivity	noun
naturalization	noun
perusal	noun
daydreamer	noun
premiership	noun
unappreciative	adj
adder	noun
naiad	noun
penknife	noun
strictness	noun
undemocratic	adj
cosh	noun
connectedness	noun
mouton	noun
cubist	adj
evert	verb
doolally	adj
personage	noun
explainable	adj
autocracy	noun
masthead	noun
bluffer	noun
braless	adj
niente	adv
bolin	noun
supplant	verb
detoxification	noun
yester	noun
doldrums	noun
meadowland	noun
stiffly	adv
pimlico	noun
imperil	verb
detritus	noun
sapper	noun
bedspring	noun
millman	noun
sulu	noun
bipedal	adj
rizz	noun
downstage	noun
endocrinologist	noun
monosyllabic	noun
watusi	noun
preplan	verb
framer	noun
interdiction	noun
convivial	adj
Adriatic	adj
compensatory	adj
svelte	adj
mitosis	noun
wheedle	noun
comprehensively	adv
deferential	adj
Crimean	adj
jetliner	noun
sleeplessness	noun
imperious	adj
Benedictine	adj
smokeless	adj
penitent	noun
tusker	noun
strategical	adj
antithetical	adj
scuffing	noun
bicyclist	noun
melancholia	noun
unaccustom	verb
noncommittal	noun
affectation	noun
malformed	adj
feedlot	noun
carvel	noun
dreamless	adj
enmesh	verb
dinette	noun
unbending	noun
expressionism	noun
widescreen	noun
Habsburg	adj
avow	verb
dynamism	noun
sequitur	noun
cartography	noun
blacky	noun
dullness	noun
sonorous	adj
highborn	adj
tumult	noun
unaffiliated	noun
rocksteady	noun
saccharine	noun
provable	adj
tousle	verb
undercard	noun
ratter	noun
welk	verb
gunsmoke	noun
espy	verb
naturist	noun
coho	noun
analogous	adj
misplacing	noun
snape	verb
irrationality	noun
resus	noun
confab	noun
autocrat	noun
colloquialism	noun
wizarding	noun
resumption	noun
chlorinate	verb
psychodrama	noun
claptrap	noun
bpd	noun
diplodocus	noun
patterning	noun
ultima	noun
numerically	adv
drivable	adj
kestrel	noun
subjectively	adv
henbane	noun
languid	noun
hellcat	noun
transact	verb
flotilla	noun
syndication	noun
blitzer	noun
striping	noun
nowt	noun
calibre	noun
locky	adj
unluckily	adv
strafing	noun
tarsus	noun
juba	noun
thuggery	noun
unacknowledge	verb
nestling	noun
outstrip	verb
excommunication	noun
graveside	noun
prepackage	verb
kaddish	noun
Slovakian	adj
sailfish	noun
bioengineering	noun
ayre	noun
accession	noun
projectionist	noun
raver	noun
tenterhook	noun
doge	noun
buxom	adj
fount	noun
grandly	adv
environmentalism	noun
unrighteous	adj
deify	verb
warhorse	noun
dilution	noun
Salvadorian	adj
boreal	adj
histrionics	noun
krewe	noun
vicus	noun
amicus	noun
bagman	noun
lyceum	noun
rotund	adj
haberdasher	noun
colonialist	noun
rotgut	noun
woodcock	noun
spokesmodel	noun
leaderless	adj
exsanguination	noun
sagittal	adj
florin	noun
snookums	noun
recapping	noun
cartographer	noun
travail	noun
muchacha	noun
scootch	noun
recut	verb
nudism	noun
westernize	verb
leaper	noun
synthesizing	noun
saag	noun
crossbreed	noun
italic	noun
pinion	noun
morin	noun
flophouse	noun
strangulate	verb
rooker	noun
underoos	noun
alertness	noun
riverfront	noun
cerebrum	noun
wrasse	noun
microbrew	noun
assail	verb
pustule	noun
seascape	noun
immunoglobulin	noun
ayn	noun
coatroom	noun
terrorise	verb
porgy	noun
equerry	noun
Maoist	adj
hosiery	noun
maleficent	adj
smokehouse	noun
scrilla	noun
domaine	noun
dianetics	noun
tiggy	noun
repossession	noun
bouffant	noun
jaybird	noun
seppo	noun
transfigure	verb
dauphine	noun
trocar	noun
winsome	adj
hazen	verb
inoculation	noun
strappy	adj
rusticate	verb
faubourg	noun
tibial	noun
coyness	noun
fingerless	adj
myocarditis	noun
potash	noun
alphanumeric	noun
seminarian	noun
frosh	noun
mackintosh	noun
doodah	noun
malm	noun
gurudwara	noun
lamby	adj
privet	noun
lunkhead	noun
polonaise	noun
pygmalion	noun
hanai	noun
selva	noun
fid	noun
tombola	noun
endoscope	noun
myna	noun
Chinoy	adj
curare	noun
brinkman	noun
doko	noun
Jomon	adj
cronk	noun
lumping	noun
whereupon	sconj
fining	noun
levant	noun
thankfulness	noun
timekeeping	noun
inattention	noun
intercity	noun
foreclosing	noun
merus	noun
masjid	noun
vicissitude	noun
ayran	noun
enticement	noun
simplification	noun
greediness	noun
thousandfold	adj
pageboy	noun
tilde	noun
glasnost	noun
incapacitation	noun
rostrum	noun
porker	noun
hitherto	adv
quackery	noun
darwinism	noun
ans	noun
haldol	noun
butty	noun
giardia	noun
graphically	adv
panoply	noun
cutaway	noun
infliction	noun
palpitate	verb
strenuously	adv
parsing	noun
arnica	noun
dogwood	noun
sifter	noun
recanting	noun
Gascon	adj
heavyset	adj
bippy	noun
pillock	noun
thoughtlessness	noun
tracee	noun
hackman	noun
inseam	noun
tempe	noun
moneyball	noun
corneal	adj
counterstrike	noun
estado	noun
laval	adj
perspiring	noun
mangling	noun
flamboyance	noun
perching	noun
trapezius	noun
fader	noun
bittie	noun
baronet	noun
gainfully	adv
skoal	verb
kop	noun
hydroponics	noun
sinuous	adj
exothermic	adj
godhead	noun
terse	adj
forswear	verb
cirrus	noun
engraver	noun
domesticity	noun
mezzo	noun
skinless	adj
freehold	noun
capstone	noun
nanga	noun
existentialist	noun
Coptic	adj
nightshirt	noun
fino	noun
dogger	noun
thematically	adv
stim	noun
noninvasive	adj
supermassive	adj
rov	noun
pictograph	noun
reconquer	verb
typewrite	verb
exaltation	noun
halfback	noun
cryogenically	adv
cordyceps	noun
polycarbonate	noun
programmable	noun
busing	noun
pacifism	noun
indefatigable	adj
quinine	noun
smallish	adj
Pavlovian	adj
chairlift	noun
streaker	noun
horsemanship	noun
prohibitive	noun
popularly	adv
bawdy	adj
tarpaulin	noun
bedeck	verb
terroir	noun
andouille	noun
vegetarianism	noun
ouse	verb
imprecise	adj
parroting	noun
crosstown	adj
octogenarian	noun
enfield	noun
leafing	noun
scrunchy	adj
subsonic	noun
roughage	noun
irrepressible	adj
judgeship	noun
duende	noun
wheelbase	noun
pentameter	noun
cornflower	noun
gullibility	noun
glazier	noun
unassailable	noun
troika	noun
unpatriotic	adj
issuance	noun
inset	noun
sabino	noun
nuncio	noun
seton	noun
cupola	noun
vacuous	adj
equivalence	noun
thresh	verb
whitish	adj
herdsman	noun
alsatian	noun
resit	noun
sickie	noun
sickeningly	adv
dirigible	noun
phenobarbital	noun
menfolk	noun
panto	noun
creamery	noun
lambskin	noun
litterbug	noun
immaculately	adv
inimitable	adj
billabong	noun
gateman	noun
whiteout	noun
deplane	verb
tatu	noun
pasghetti	noun
marjoram	noun
faerie	noun
unpardonable	adj
hardtop	noun
umbrage	noun
freako	noun
baleen	noun
yenta	noun
horticultural	adj
germane	noun
putrefy	verb
Canuck	adj
champing	noun
backchat	noun
canonical	noun
dermal	noun
paté	adj
bantering	noun
subversion	noun
cooze	noun
conical	noun
snit	noun
shriveling	noun
wingless	adj
galoot	noun
gingivitis	noun
refractory	noun
lamebrain	noun
conservancy	noun
dodgem	noun
bigamy	noun
evisceration	noun
overshadowing	noun
intifada	noun
participle	noun
lapa	noun
cartman	noun
carbuncle	noun
stylishly	adv
admissibility	noun
mense	noun
cogent	adj
libretto	noun
egomaniacal	adj
hessian	noun
skimmer	noun
makeout	noun
talc	noun
attainment	noun
greedily	adv
storekeeper	noun
debasing	noun
creepiness	noun
abstinent	noun
sadomasochism	noun
wagoner	noun
potbellied	adj
crapload	noun
chula	noun
ruinous	adj
chateaubriand	noun
troth	noun
tonsure	noun
nationalistic	adj
patroness	noun
ancillary	noun
teleconference	noun
employable	adj
congruent	adj
vanda	noun
olla	noun
koti	noun
enquiring	noun
comely	adj
pneumonic	noun
potpie	noun
lamprey	noun
pseudoscience	noun
handi	noun
curia	noun
silesia	noun
humus	noun
occlude	verb
tsarina	noun
motorhead	noun
pua	noun
greenway	noun
picot	noun
triglyceride	noun
retroperitoneal	adj
rutting	noun
longitudinal	adj
lithograph	noun
raab	noun
ischium	noun
castoff	noun
equivalency	noun
formica	noun
untarnished	adj
chakram	noun
pallor	noun
analects	noun
cine	noun
adulteration	noun
marron	noun
supercollider	noun
tragical	adj
derangement	noun
ppl	noun
apsara	noun
interrogatory	noun
spooge	noun
transmat	noun
stutterer	noun
astrocytoma	noun
dramatization	noun
guaranty	noun
nabi	noun
compounder	noun
papaji	noun
hexagram	noun
dongsaeng	noun
unavenged	adj
beka	noun
resistor	noun
hypersensitivity	noun
aniseed	noun
thirtieth	noun
successively	adv
dumbness	noun
microsecond	noun
wazir	noun
remortgage	verb
utilise	verb
obstinacy	noun
transitive	noun
titbit	noun
fatuous	adj
pillory	verb
aplomb	noun
Frisian	adj
shanking	noun
metaphoric	adj
bicycling	noun
turpitude	noun
neurologically	adv
shuttling	noun
fancying	noun
sigmoid	noun
doxycycline	noun
mineshaft	noun
hotfoot	noun
brackish	adj
rezone	verb
pacification	noun
Americanized	adj
Belarusian	adj
airsick	adj
agg	noun
Yugoslav	adj
quarterbacking	noun
rubdown	noun
wanderlust	noun
steadfastly	adv
aurelia	noun
lummox	noun
pennywise	adj
rajah	noun
machining	noun
chamois	noun
levelling	noun
homogenize	verb
decaffeinate	verb
wigan	noun
barfly	noun
coldwater	adj
spattering	noun
drudge	noun
caging	noun
fermi	noun
functionary	noun
accountancy	noun
cataloguing	noun
bragger	noun
Elysium	adj
microbrewery	noun
factotum	noun
threateningly	adv
satyr	noun
harangue	noun
democratization	noun
unstrap	verb
duomo	noun
tradeoff	noun
tendonitis	noun
playland	noun
casta	noun
downshift	noun
whoom	noun
masterwork	noun
actuary	noun
stickball	noun
baal	noun
klang	noun
nb	noun
decedent	noun
ponderous	adj
bizet	noun
subservience	noun
superheat	verb
dissemination	noun
aqueous	adj
curmudgeon	noun
drawling	noun
tattooist	noun
answerphone	noun
knobby	adj
jackalope	noun
existentialism	noun
skeezy	adj
racketeer	noun
inverting	noun
careen	noun
leaching	noun
spoofing	noun
synchro	noun
dogie	noun
palaver	noun
fashioning	noun
stanchion	noun
grotesquely	adv
verboten	adj
tix	noun
hurty	adj
griffon	noun
coagulant	noun
tofurkey	noun
preproduction	noun
imbibing	noun
hardline	noun
horning	noun
onerous	adj
katniss	noun
azimuth	noun
shrimping	noun
statie	noun
jerkoff	noun
fretful	adj
crabapple	noun
brickwork	noun
conifer	noun
pallid	adj
ergot	noun
outmode	verb
Bahamian	adj
glorification	noun
blustery	adj
muddling	noun
miscount	verb
iambic	noun
keck	noun
strontium	noun
Ptolemaic	adj
determinism	noun
ideologue	noun
submariner	noun
teenybopper	noun
positional	noun
stape	noun
realignment	noun
muckle	noun
zod	noun
infrequently	adv
costuming	noun
shepherding	noun
fortissimo	noun
inexorable	adj
replicant	noun
rockland	noun
dybbuk	noun
seismograph	noun
hotspur	noun
railroading	noun
birdwatcher	noun
satirist	noun
couturier	noun
newsagent	noun
repairer	noun
toit	noun
Hokkien	adj
phonetically	adv
emulation	noun
cryonics	noun
dully	adv
boatswain	noun
signified	noun
pando	noun
subcontinent	noun
superstructure	noun
cointreau	noun
efficacious	adj
reconfiguration	noun
sodomite	noun
disgracefully	adv
moony	noun
intertwining	noun
teletype	noun
charmless	adj
fain	adv
firebug	noun
cerebrospinal	adj
bumbershoot	noun
invulnerability	noun
sceptical	adj
skywriting	noun
skyway	noun
amoxicillin	noun
troponin	noun
visualise	verb
steelhead	noun
demonically	adv
expediency	noun
albumin	noun
ardor	noun
gorgeously	adv
dodecahedron	noun
bagua	noun
lez	noun
clubroom	noun
fogy	noun
elfin	noun
astoundingly	adv
neuralgia	noun
poky	noun
drunky	noun
paya	noun
accumulator	noun
bonafide	adj
interjection	noun
khadi	noun
reexamined	adj
comminute	verb
homeworld	noun
discman	noun
encyclopedic	adj
nig	noun
screener	noun
liniment	noun
clamber	verb
chlorate	noun
Czechoslovakian	adj
kapu	noun
ikey	noun
anaerobic	adj
interlink	noun
waterfowl	noun
metamorphic	noun
feu	noun
aspirant	noun
unmolested	adj
underclass	noun
parsonage	noun
godhood	noun
professorship	noun
biped	noun
fougasse	noun
fatalistic	adj
sweetums	noun
calabrese	noun
omkar	noun
authoress	noun
neediness	noun
antecedent	noun
doucet	noun
binomial	noun
yayo	noun
fantastique	noun
codicil	noun
shtup	verb
patissier	noun
carbonize	verb
Anatolian	adj
cienega	noun
soundless	adj
tookie	noun
livelong	noun
ochre	noun
caribe	noun
crystallization	noun
tiptop	noun
ferryboat	noun
paisano	noun
mellifluous	adj
amply	adv
born	verb
bluefish	noun
leven	noun
dummkopf	noun
spumone	noun
springwood	noun
fakir	noun
bacchanal	noun
medivac	noun
unjustifiable	adj
vanquisher	noun
devaluation	noun
pooka	noun
peeling	noun
customarily	adv
irascible	adj
Shanghainese	adj
alot	adv
spitzer	noun
ibogaine	noun
paramecium	noun
kathakali	noun
keema	noun
diedre	noun
hetty	noun
disbarment	noun
larch	noun
cantonment	noun
bizen	noun
cpi	noun
slanderer	noun
granma	noun
chiding	noun
requite	verb
facilitation	noun
doorkeeper	noun
childishly	adv
perishing	noun
roza	noun
scud	noun
tahrir	noun
unemployable	adj
transgressor	noun
untreatable	noun
smutty	verb
climatic	adj
sinusitis	noun
kawa	noun
envying	noun
impounding	noun
directionless	adj
humanism	noun
biannual	noun
mastitis	noun
timecode	verb
marshy	adj
insignificance	noun
proviso	noun
mollycoddle	noun
haver	noun
bn	noun
logjam	noun
dithering	noun
appraising	noun
underman	verb
agog	adj
hotting	noun
gobstopper	noun
passionless	adj
respectably	adv
depressurization	noun
magnetometer	noun
reconsideration	noun
hacktivist	noun
reflexive	noun
gormless	adj
steerage	noun
backslash	noun
shul	noun
silkie	noun
unceasing	adj
deferment	noun
tradecraft	noun
rooter	noun
kish	noun
demonstrably	adv
oversteer	noun
romping	noun
unachievable	adj
nightline	noun
kray	noun
ruination	noun
tatt	noun
fiending	noun
cornice	noun
cinq	noun
defaulting	noun
tante	noun
maas	noun
raconteur	noun
appallingly	adv
endeavoring	noun
satisfactorily	adv
disclaim	verb
persecutor	noun
snidely	adv
blotting	noun
akimbo	adj
smeg	verb
milker	noun
escarpment	noun
skintight	adj
helpfully	adv
blaspheming	noun
waxwork	noun
imperialistic	adj
principally	adv
bristling	noun
Baltic	adj
warplane	noun
Kafkaesque	adj
leghorn	noun
messer	noun
att	noun
apiary	noun
northwards	adv
stank	noun
inflammable	noun
burk	verb
savour	verb
demonology	noun
casework	noun
damnable	adj
zeon	noun
clambering	noun
fug	noun
impinge	verb
convincer	noun
expandable	noun
pape	noun
omnivorous	adj
actuarial	adj
eggbeater	noun
foiling	noun
retinue	noun
doorjamb	noun
sacre	noun
autoerotic	adj
ironical	adj
houlihan	noun
plunderer	noun
denunciation	noun
gird	noun
magnifier	noun
rescinding	noun
electrolysis	noun
adverb	noun
axial	adj
suni	noun
sunburst	noun
readjustment	noun
fruiting	noun
concretely	adv
inboard	noun
courant	noun
tortoiseshell	noun
heredity	noun
undrinkable	noun
amur	noun
shearer	noun
yech	noun
toccata	noun
impairing	noun
titch	noun
derision	noun
militancy	noun
cubbyhole	noun
erotically	adv
loudness	noun
oxygenation	noun
moviegoer	noun
cheesecloth	noun
FUBAR	adj
popover	noun
subbasement	noun
buttonhole	noun
prig	noun
fittingly	adv
peckerwood	noun
tyrannosaur	noun
seraph	noun
squirty	adj
unearthing	noun
parachutist	noun
florescent	adj
luxuriously	adv
roosting	noun
adenoid	noun
fraudulently	adv
rogaine	noun
rededicate	verb
solemnity	noun
graciousness	noun
zinfandel	noun
indiscernible	noun
tabula	noun
payless	adj
creosote	noun
backtalk	noun
foundling	noun
grenadier	noun
recoverable	noun
freeport	noun
caron	noun
obtrusive	adj
sousaphone	noun
gumming	noun
tog	noun
remaster	verb
analytic	adj
trainspot	verb
naff	adj
telephoning	noun
foreleg	noun
dogfighting	noun
rosalia	noun
radiocarbon	noun
snarf	verb
bazinga	noun
electrostatic	adj
lilt	noun
unerring	adj
furor	noun
strummer	noun
upmarket	verb
wastage	noun
etude	noun
saleslady	noun
ambler	noun
portend	verb
easement	noun
bedclothes	noun
tureen	noun
topmost	adj
prosaic	adj
vancomycin	noun
poseur	noun
flamer	noun
alfresco	adj
breezing	noun
glossing	noun
gruelling	noun
vagueness	noun
unincorporate	verb
forethought	noun
rit	noun
peckerhead	noun
primp	verb
roebuck	noun
piedra	noun
voyeuristic	adj
ondine	noun
mistrusting	noun
underaged	adj
appellant	noun
gyroscope	noun
deuterium	noun
gesticulate	verb
tabor	noun
esse	noun
cota	noun
ratbag	noun
gainful	adj
cosmological	adj
necro	noun
unremitting	adj
xmas	noun
gada	noun
butchy	adj
vagary	noun
formic	adj
lancet	noun
shuttlecraft	noun
raghead	noun
uhuh	intj
feist	noun
marling	noun
trop	noun
toughening	noun
powerboat	noun
ern	verb
cattie	noun
cudgel	noun
stiffening	noun
semaphore	noun
agoraphobic	noun
dauber	noun
plonker	noun
hj	noun
rodder	noun
linea	noun
lungfish	noun
retardation	noun
pedagogy	noun
whorish	adj
ramshackle	adj
pulpy	adj
certifying	noun
shellback	noun
stylistic	adj
semiotics	noun
fac	noun
sickbed	noun
warder	noun
zori	noun
papist	noun
clandestinely	adv
sullying	noun
maser	noun
kilian	noun
farter	noun
flypaper	noun
bakula	noun
mura	noun
ambulatory	noun
yardbird	noun
phenyl	noun
topographical	adj
shaitan	noun
lawbreaker	noun
commiseration	noun
planchette	noun
shellfire	noun
macular	adj
chlorpromazine	noun
ecclesiastical	adj
pulverise	verb
persuader	noun
macumba	noun
flunitrazepam	noun
stipple	noun
adenosine	noun
inconspicuously	adv
claudin	noun
hackneyed	adj
maladjust	verb
chilblain	noun
pillion	noun
tobogganing	noun
reprocessing	noun
bronchus	noun
pleura	noun
malleus	noun
tinkler	noun
minimart	noun
unga	noun
vervain	noun
lakeview	adj
flouting	noun
whoremonger	noun
moralist	noun
soman	noun
pinafore	noun
stinginess	noun
labourer	noun
gyp	noun
grandsire	noun
shand	noun
convocation	noun
scrag	noun
advertorial	noun
pseudomonas	noun
pigging	noun
obstetric	adj
medio	noun
lawrie	noun
stele	noun
wonderbra	noun
bandmaster	noun
preciously	adv
kabbadi	noun
circumspect	adj
tweeter	noun
armful	noun
dissipation	noun
supplication	noun
disbeliever	noun
cuckolding	noun
dervish	noun
sterility	noun
kefir	noun
convalescence	noun
sids	noun
obtainable	adj
authorise	verb
poorhouse	noun
paki	noun
curtsey	noun
Faroe	adj
regicide	noun
traumatise	verb
patronise	verb
squalling	noun
snugly	adv
jip	noun
twee	noun
misting	noun
lanai	noun
Gordian	adj
probative	adj
telegraphing	noun
cellulitis	noun
capitaine	noun
pedometer	noun
nau	noun
enforceable	adj
salesmanship	noun
inhabitable	adj
peculiarly	adv
wallbanger	noun
implantable	noun
outlay	noun
whitely	adj
sainthood	noun
commercialism	noun
exacta	noun
bugler	noun
grav	noun
slapdash	verb
daud	noun
sandlot	noun
airmail	noun
swiveling	noun
indemnify	verb
botanic	noun
licky	adj
swashbuckler	noun
sparsely	adv
holdover	noun
pree	verb
dazzler	noun
bursitis	noun
brasco	noun
unlight	verb
depressingly	adv
steadfastness	noun
roke	noun
bemoan	verb
dz	noun
stromboli	noun
palooka	noun
gaylord	noun
travelogue	noun
wantonly	adv
encirclement	noun
chalking	noun
marm	noun
russet	noun
Mesozoic	adj
incompetency	noun
novocaine	noun
pureness	noun
nooner	noun
supernaturally	adv
knickerbockers	noun
faceoff	noun
shabbily	adv
portentous	adj
infanticide	noun
tramping	noun
proletarian	noun
radiological	adj
flywheel	noun
gadgetry	noun
blvd	noun
jism	noun
swiftness	noun
stylistically	adv
grudging	noun
fragmentary	adj
autonomously	adv
algorithmic	adj
plugger	noun
breadfruit	noun
sellotape	noun
prow	noun
daf	noun
hedgerow	noun
izzard	noun
channelling	noun
devore	verb
kewpie	noun
ragout	noun
perversely	adv
sacredness	noun
meaningfully	adv
aspic	noun
bromide	noun
spasming	noun
ionization	noun
forecourt	noun
aggregation	noun
sunless	adj
beefsteak	noun
necrophiliac	noun
housey	adj
freshie	noun
pukey	adj
regulus	noun
neckerchief	noun
foreword	noun
libelous	adj
begat	noun
fettle	noun
heightening	noun
brushwork	noun
roguish	adj
poontang	noun
watchable	noun
matriculate	noun
volcanologist	noun
trampy	adj
hemophiliac	noun
prophylaxis	noun
mollify	verb
psychical	adj
covetous	adj
mutuum	noun
supergroup	noun
tremulous	adj
ciggie	noun
chancy	adj
manifestly	adv
cabling	noun
mortification	noun
scornful	adj
trainor	noun
ritualize	verb
klezmer	noun
stroppy	adj
scalawag	noun
mune	adj
mohair	noun
soaping	noun
midstream	noun
worthlessness	noun
oration	noun
misidentify	verb
baboo	noun
hardcover	noun
deportment	noun
triptych	noun
shiftless	adj
apolitical	noun
refile	verb
coxswain	noun
ventral	noun
canoodle	noun
vanadium	noun
bosun	noun
unrewarded	adj
physic	noun
lubber	noun
amuck	noun
cornetto	noun
dwindles	noun
declarative	noun
pf	noun
jackoff	noun
vivisection	noun
unprinciple	verb
blessedness	noun
thalamus	noun
pyxis	noun
finalise	verb
compo	noun
polygamous	adj
classwork	noun
parp	noun
wowser	noun
feedbag	noun
yippy	adj
malodorous	adj
inebriation	noun
afore	adp
unworldly	adj
swarthy	noun
numskull	noun
recalibration	noun
gravimetric	adj
phalange	noun
pons	noun
cmt	noun
poofter	noun
yearning	noun
bigamist	noun
skullcap	noun
timelessness	noun
destitution	noun
myopia	noun
parr	noun
shunting	noun
sallow	noun
fudgsicle	noun
scad	noun
dilithium	noun
afflicting	noun
dido	noun
zem	noun
sn	noun
babyish	adj
limehouse	noun
nomenclature	noun
conduction	noun
bookmobile	noun
kaisa	noun
ingeniously	adv
railcar	noun
telephoto	noun
microdot	noun
rosarium	noun
cryptographer	noun
uncommitted	adj
doodlebug	noun
quadruped	noun
grist	noun
bund	noun
raper	noun
fungicide	noun
nank	verb
monoculture	noun
usurer	noun
indolent	adj
spader	noun
jud	noun
cybersex	noun
scheduler	noun
colicky	adj
misfortunate	adj
infrasound	noun
remora	noun
amnio	noun
dace	noun
observance	noun
rabbiting	noun
enfold	verb
neocortex	noun
dosimeter	noun
newcomb	noun
gundy	noun
shinbone	noun
lingam	noun
iMac	noun
pontiff	noun
beholding	noun
snifter	noun
undependable	adj
tuffet	noun
nisi	noun
ferrous	adj
Fujian	adj
deathstalker	noun
stowing	noun
rectus	noun
beav	noun
hammerman	noun
scrim	noun
backlot	noun
quadrangle	noun
porphyria	noun
vasovagal	adj
ambassadorship	noun
basilar	adj
kundalini	noun
transposition	noun
cyanotic	adj
pedicab	noun
decimator	noun
postulant	noun
vegetate	verb
underhook	noun
quebrada	noun
dadda	noun
technic	noun
roemer	noun
wot	verb
earldom	noun
doughty	noun
tobacconist	noun
duffin	noun
altarpiece	noun
usurpation	noun
wimple	noun
menton	noun
archon	noun
amniocentesis	noun
nazar	noun
kapo	noun
sherwani	noun
mangu	noun
iwan	noun
akamatsu	noun
oxcart	noun
basho	noun
kamui	noun
kanae	noun
gisaeng	noun
duang	noun
insensible	adj
reformist	noun
appel	noun
goodly	adj
insincerity	noun
sultanate	noun
genealogist	noun
testator	noun
batta	noun
parallelogram	noun
panadol	noun
hegemony	noun
nazir	noun
coincidently	adv
accordionist	noun
structuring	noun
jeopardise	verb
metalworker	noun
fourthly	adv
Surinamese	adj
clozapine	noun
unaffordable	adj
oboist	noun
plc	noun
plutocrat	noun
plaice	noun
mand	noun
epiglottis	noun
charnel	noun
sentimentally	adv
taxable	noun
hallelu	noun
overhauling	noun
lethality	noun
cipro	noun
klansman	noun
tilbury	noun
zio	noun
walkover	noun
knotting	noun
humorist	noun
accruing	noun
tendering	noun
baretta	noun
guildhall	noun
derrière	noun
yapper	noun
untried	adj
insubstantial	adj
WB	adj
tonguing	noun
greasepaint	noun
cheapness	noun
parricide	noun
shoah	noun
bussy	noun
interoffice	verb
biochem	noun
scouse	noun
edifying	noun
croydon	noun
slipshod	adj
longhair	noun
barnet	noun
firebombing	noun
muscovite	noun
politburo	noun
irradiation	noun
longboard	noun
assemblage	noun
enumerate	verb
ameliorate	verb
pel	noun
stell	noun
uncivil	adj
grotty	adj
luminescence	noun
nihilist	noun
terrifically	adv
notum	noun
sower	noun
undernourish	verb
geologically	adv
predominately	adv
microscopically	adv
serology	noun
subliminally	adv
roust	verb
matchless	adj
inviolable	adj
intelligentsia	noun
mitre	noun
piquet	noun
dogleg	noun
celestine	noun
obsolescence	noun
immunology	noun
hybridization	noun
whoof	verb
hoeing	noun
gasman	noun
centenary	noun
eisa	noun
soylent	noun
plurality	noun
foretaste	noun
lessening	noun
vehement	adj
libidinous	adj
tantalize	verb
LH	adj
mauler	noun
indecently	adv
halfpenny	noun
matting	noun
histrionic	adj
goldy	adj
skitch	verb
unaided	adj
nack	verb
idiosyncratic	adj
shrift	noun
citrate	noun
prefabricate	verb
masturbatory	adj
uncannily	adv
globular	noun
regrowth	noun
highgate	noun
newsprint	noun
VHF	adj
unavoidably	adv
overhanging	noun
abut	verb
lysergic	adj
bacchanalia	noun
unhinder	verb
Permian	adj
polloi	noun
amontillado	noun
disassociation	noun
uselessness	noun
blackening	noun
peremptory	adj
blotto	noun
unanswerable	noun
dependability	noun
schlock	noun
precipitously	adv
cajoling	noun
whiting	noun
eland	noun
ked	noun
unform	verb
deregulate	verb
gangplank	noun
statuary	noun
metallurgy	noun
eyedropper	noun
drogue	noun
regolith	noun
thorium	noun
developmentally	adv
formulaic	adj
selkie	noun
attar	noun
elaboration	noun
benediction	noun
specialness	noun
distinctively	adv
syncopate	verb
unpick	verb
colliery	noun
signalling	noun
neem	noun
houseware	noun
churchgoing	noun
mehndi	noun
stomper	noun
apace	adv
antipathy	noun
fluency	noun
Burgundian	adj
chetty	noun
birk	noun
repeatable	adj
wienie	noun
feudalism	noun
glitterati	noun
literati	noun
incredulity	noun
cannibalized	adj
rediscovery	noun
outcropping	noun
Vedic	adj
donger	noun
inventiveness	noun
overripe	adj
Patagonian	adj
pudge	noun
hayloft	noun
cremator	noun
speculator	noun
ofer	noun
experimenter	noun
ingenue	noun
vernal	adj
aplastic	adj
draftsman	noun
Lapp	adj
preponderance	noun
decomp	noun
wedging	noun
diatom	noun
unchartered	adj
Mizrahi	adj
revengeful	adj
vier	noun
uncharitable	adj
perc	noun
urs	noun
contortion	noun
avidly	adv
astern	adj
toolshed	noun
transgendered	noun
virology	noun
oblongata	noun
twaddle	noun
depressor	noun
protestation	noun
halyard	noun
quicklime	noun
perspicacious	adj
transfiguration	noun
erector	noun
toxoplasmosis	noun
byway	noun
attributable	adj
besieging	noun
bunter	noun
shamus	noun
myelin	noun
goombah	noun
lilliputian	noun
soupçon	noun
fMRI	noun
silversmith	noun
chesney	noun
churchy	adj
steganography	noun
inexorably	adv
ecu	noun
constancy	noun
pampas	noun
quartering	noun
hough	noun
wizzy	noun
fatback	noun
rath	noun
mander	verb
stanhope	noun
waverunner	noun
mouche	noun
mien	noun
allergist	noun
grousing	noun
misanthrope	noun
hebe	noun
thereto	adv
halon	noun
hilar	adj
condensate	noun
contralto	noun
gyroscopic	adj
ringlet	noun
wingding	noun
flatfoot	noun
virologist	noun
farmstead	noun
polypropylene	noun
angora	noun
infrequent	adj
deathless	adj
algebraic	adj
unimpeded	adj
dauphin	noun
tanna	noun
stander	noun
hussar	noun
undigested	adj
primero	noun
nymphomania	noun
backbiting	noun
pepperidge	noun
kodo	noun
tsun	noun
roko	noun
haloperidol	noun
petechia	noun
nonspecific	adj
inguinal	adj
bifurcation	noun
wardroom	noun
ganj	noun
barkeeper	noun
mallomar	noun
negress	noun
pinna	noun
calfskin	noun
civ	noun
iguanodon	noun
Catalonian	adj
sheepshead	noun
sophistry	noun
gibbet	noun
fibrillate	verb
bairam	noun
houseful	noun
proctology	noun
hardbody	noun
magistracy	noun
vedika	noun
approver	noun
yem	noun
tulasi	noun
ghani	noun
bosporus	noun
capitalization	noun
atef	noun
thana	noun
sitting	noun
meanly	adv
shrewdness	noun
electroconvulsive	adj
deek	noun
hypermarket	noun
cere	noun
ungracious	adj
quarrelling	noun
officious	adj
tenable	adj
browbeat	verb
rightist	noun
cocksure	adj
sympathise	verb
sloe	noun
oilman	noun
listeria	noun
expeditiously	adv
inexact	adj
dirtball	noun
hawing	noun
disorganization	noun
gunplay	noun
blackish	adj
blat	noun
northerly	noun
intransigent	noun
steadiness	noun
pharmacological	adj
naturalistic	adj
midship	noun
churchyard	noun
barger	noun
deplore	verb
apoplectic	noun
drubbing	noun
lucerne	noun
carrick	noun
nonsexual	adj
superhot	noun
sexpot	noun
neu	noun
recondition	verb
undream	verb
imbecilic	adj
OTB	adj
facile	adj
muon	noun
elevenses	noun
switcher	noun
portcullis	noun
warmongering	noun
bellyful	noun
liber	noun
superego	noun
awfulness	noun
blithely	adv
genial	adj
videocassette	noun
hardscrabble	adj
isolationism	noun
everclear	noun
shouty	adj
whingeing	noun
unabridged	noun
doublet	noun
mercantile	adj
fraternization	noun
alacrity	noun
cosmically	adv
shatterproof	verb
phylum	noun
pealing	noun
laughably	adv
moonglow	noun
percussionist	noun
unrealize	verb
brasserie	noun
oceanographer	noun
graphical	adj
houser	noun
sameness	noun
ornithology	noun
loudmouthed	adj
dissolute	noun
deflation	noun
serenely	adv
cavalcade	noun
repertory	noun
sadistically	adv
quatro	noun
helpmate	noun
chiaroscuro	noun
repairable	adj
permeable	adj
groundsman	noun
musicianship	noun
worryingly	adv
upland	noun
silicate	noun
bandini	noun
telos	noun
outdraw	verb
anticlimax	noun
swallower	noun
noontime	noun
surreptitious	adj
midmorning	noun
soro	noun
moviemaking	noun
blowgun	noun
skinnie	noun
wintergreen	noun
stemware	noun
freeborn	adj
pockmarked	adj
universality	noun
flaying	noun
belcher	noun
yonks	noun
spazzy	adj
personhood	noun
goldeneye	noun
shutoff	noun
brewsky	noun
blighty	noun
interlocutor	noun
UHF	adj
doff	verb
befoul	verb
lude	noun
despotic	adj
sublimation	noun
sauropod	noun
lamplight	noun
pianoforte	noun
downforce	noun
skewering	noun
diggety	noun
underwriting	noun
jangly	adj
knifing	noun
sheepherder	noun
allegorical	adj
supine	noun
homespun	noun
papacy	noun
dayan	noun
unescorted	adj
playacting	noun
chronometer	noun
ridder	noun
triste	adj
refracting	noun
Riemann	adj
chromatic	adj
underfeed	verb
encumbrance	noun
rebreather	noun
albuterol	noun
kowtowing	noun
amphora	noun
commissaire	noun
globule	noun
vicarage	noun
Gucci	adj
verbose	adj
samsonite	noun
virgie	noun
hemolytic	adj
unanticipated	adj
emigrant	noun
tache	noun
dither	noun
identically	adv
scanty	adj
hamal	noun
sile	noun
whitten	noun
expectantly	adv
entreaty	noun
funnyman	noun
sith	sconj
AFP	adj
recursive	adj
predestination	noun
syn	noun
liturgy	noun
redden	verb
nitroglycerine	noun
schizoid	noun
freakout	noun
slanty	adj
ministering	noun
clodhopper	noun
hiney	noun
effrontery	noun
blindingly	adv
fishwife	noun
kiting	noun
tryptophan	noun
schoolroom	noun
survivability	noun
cheffy	adj
goanna	noun
gasbag	noun
skilling	noun
interment	noun
putrefaction	noun
homeostasis	noun
postscript	noun
symbolise	verb
pedalling	noun
reworking	noun
unscrewing	noun
pooter	noun
vampirism	noun
dementor	noun
elopement	noun
fico	noun
recommence	verb
philosophize	verb
cutaneous	adj
bioterrorism	noun
housebound	adj
unwary	adj
implacable	adj
rocketry	noun
nonchalance	noun
unclothe	verb
automat	noun
burnie	noun
husbandry	noun
disengagement	noun
licentious	adj
tyrolean	noun
unitarian	noun
pineal	noun
whish	noun
bedraggle	verb
retrovirus	noun
misbegotten	noun
capp	noun
chaparral	noun
inking	noun
disquiet	noun
knitwear	noun
limbering	noun
iridescence	noun
acoustical	adj
sackcloth	noun
coronal	noun
transfusing	noun
unceasingly	adv
cayo	noun
cortege	noun
ontological	adj
blanketing	noun
precondition	noun
ase	noun
swimmy	noun
aright	verb
pocky	adj
supercilious	adj
ghibli	noun
scorning	noun
devotedly	adv
dewar	noun
nowheresville	noun
goatherd	noun
fps	noun
yr	noun
clerkship	noun
celluloid	noun
billfold	noun
festa	noun
larboard	noun
murti	noun
milken	adj
fishhook	noun
corpulent	adj
frontiersman	noun
dhow	noun
tenderfoot	noun
midden	noun
perdu	noun
castrato	noun
nickle	noun
premenstrual	adj
gamelan	noun
saison	noun
Trappist	adj
gopnik	noun
boric	adj
interconnect	verb
homonym	noun
ejaculator	noun
porcine	adj
uninfected	adj
septicemia	noun
rascally	adj
patera	noun
epidemiology	noun
destructor	noun
sprog	noun
hillock	noun
Guinean	adj
harelip	noun
alc	noun
casbah	noun
leptospirosis	noun
mimsy	noun
irreverence	noun
mesmerise	verb
challis	noun
countersign	verb
suffix	noun
rivière	noun
myeloma	noun
kumite	noun
soporific	noun
tantalum	noun
nott	adj
mandragora	noun
hoar	noun
unladylike	adj
watter	noun
running	noun
fecund	adj
profuse	adj
mindbender	noun
bunco	noun
airtel	noun
hypochlorite	noun
superboy	noun
sperling	noun
unenlightened	adj
rego	noun
Akan	adj
lumpkin	noun
curlies	noun
fn	noun
enamour	verb
prudently	adv
makai	noun
ironwork	noun
reactivation	noun
chromic	adj
choko	noun
returnable	noun
maizy	adj
hereon	adv
luigino	noun
azuki	noun
prostration	noun
gosha	noun
isopod	noun
caudillo	noun
rowdyism	noun
lamé	noun
ankh	noun
rookery	noun
tacitly	adv
grandmom	noun
cavalryman	noun
carom	noun
elegy	noun
verdun	noun
lingual	noun
gypsum	noun
bachelorhood	noun
uncultivate	verb
rapprochement	noun
arable	noun
faeces	noun
scratching	noun
epistle	noun
disincline	verb
rockabye	noun
presidium	noun
minimise	verb
foremast	noun
meese	noun
manicotti	noun
pelota	noun
toey	adj
reaming	noun
virtuosity	noun
totalitarianism	noun
flotsam	noun
bateau	noun
perceptible	noun
linker	noun
bedsit	noun
southerly	noun
niggling	noun
toxicological	adj
planeload	noun
boggy	adj
gantry	noun
interdepartmental	adj
sone	noun
underlining	noun
retype	verb
blick	noun
golding	noun
subsurface	noun
contrivance	noun
unchristian	adj
nutball	noun
quant	noun
cryptogram	noun
questioner	noun
nominally	adv
unexamined	adj
dayroom	noun
strongbox	noun
casement	noun
mawkish	adj
erroneously	adv
whitener	noun
repetitious	adj
windblown	adj
featureless	adj
swee	noun
giddiness	noun
stocker	noun
deaden	verb
unendurable	adj
hollowness	noun
sportsmanlike	adj
nonthreatening	adj
hoke	noun
doubleheader	noun
coinage	noun
shoeprint	noun
housecoat	noun
Carmelite	adj
sempre	adv
fitter	noun
secession	noun
volk	noun
pizzicato	noun
oakwood	noun
disappointingly	adv
ident	noun
larval	adj
westwards	adv
assay	noun
bearcat	noun
interrelate	verb
poopoo	noun
siss	noun
belling	noun
goring	noun
marler	noun
erstwhile	adj
scupper	verb
ignominious	adj
thumbscrew	noun
ouzo	noun
unpronounceable	noun
wheely	adj
prehensile	adj
amba	noun
materialist	noun
pappardelle	noun
divisible	noun
frazzle	noun
representational	adj
maglev	noun
pretence	noun
moralizing	noun
gimble	verb
truncate	verb
campervan	noun
schlemiel	noun
unswerving	adj
adoringly	adv
hothouse	noun
plesiosaur	noun
schnook	noun
habanera	noun
promontory	noun
mornay	adj
glassman	noun
aimer	noun
unobtrusive	adj
stepdaddy	noun
humanness	noun
discouragement	noun
florid	adj
rottenness	noun
comprehensible	adj
yaar	noun
flautist	noun
rakish	adj
incongruous	adj
authenticator	noun
whizzer	noun
agate	noun
reverently	adv
jape	noun
brony	noun
gaiety	noun
cimarron	noun
Northumbrian	adj
unfeasible	adj
rinpoche	noun
sharpish	adj
fulfilment	noun
askance	verb
scribbler	noun
escapist	noun
ephemeron	noun
healing	noun
chav	noun
plasterer	noun
dogtown	noun
owt	pron
oxbow	noun
pone	noun
bil	num
carding	noun
bimonthly	noun
insolvency	noun
vindictiveness	noun
unelect	verb
characteristically	adv
khazi	noun
bilking	noun
patroller	noun
crotchless	adj
jpeg	noun
Lett	adj
marabou	noun
pederast	noun
decamp	verb
Ionian	adj
corroborative	noun
imari	noun
gein	noun
brandywine	noun
hoosegow	noun
iridium	noun
impermanence	noun
skein	noun
halothane	noun
enjoin	verb
platonically	adv
spanker	noun
topsail	noun
kra	noun
kukui	noun
ecru	noun
nattering	noun
epicurean	noun
dolomite	noun
starlit	adj
cubit	noun
fishbone	noun
axillary	noun
arbitrate	verb
merrymaking	noun
amylase	noun
sibyl	noun
knobhead	noun
contravention	noun
foursquare	noun
schmendrick	noun
hematology	noun
keeling	noun
iconoclast	noun
eRNA	noun
unkindly	adj
rigidly	adv
memorise	verb
centerfield	noun
bungo	noun
beardless	adj
lien	noun
bearskin	noun
redux	noun
unknowing	noun
outa	noun
beany	adj
tranquillity	noun
inadvisable	adj
upcountry	noun
disdainful	adj
dorkus	noun
feldspar	noun
breastbone	noun
jel	adj
infinitesimally	adv
completeness	noun
stitcher	noun
receivership	noun
snivelling	noun
identikit	noun
pentacle	noun
devoutly	adv
triumphing	noun
transcranial	adj
poetess	noun
Malayan	adj
subtropical	noun
catchment	noun
letch	noun
rasher	noun
polyphonic	adj
stockyard	noun
shutterbug	noun
tonnage	noun
disastrously	adv
Etruscan	adj
falsie	noun
subordination	noun
whither	adv
ultramarine	noun
apotheosis	noun
loke	noun
bucktoothed	adj
carpetbagger	noun
urbane	adj
boffo	noun
mobilise	verb
hanker	verb
oversexed	adj
valance	noun
palpation	noun
amytal	noun
blowy	adj
aza	noun
kuda	noun
serif	noun
conehead	noun
unchaperoned	adj
banns	noun
unexciting	adj
upholsterer	noun
gawky	noun
terrapin	noun
spillway	noun
dactyl	noun
jackanape	noun
spidery	adj
insidiously	adv
reconnoiter	noun
boyar	noun
bridgehead	noun
oca	noun
unburdening	noun
luxuriant	adj
satcom	noun
paunchy	adj
foretelling	noun
compartmentalization	noun
hydrofoil	noun
especial	adj
pib	noun
radiantly	adv
phosphorescent	noun
snarly	adj
papoose	noun
ironwood	noun
potentiality	noun
presuppose	verb
chromatograph	noun
chromatography	noun
marone	noun
wretchedly	adv
henge	noun
bailiwick	noun
corticosteroid	noun
laryngoscope	noun
unfailingly	adv
becalm	verb
fatalism	noun
kurgan	noun
VIth	adj
gehenna	noun
woodpile	noun
blustering	noun
agonising	noun
unrivalled	adj
choate	adj
pantywaist	noun
scrotal	adj
didactic	noun
baler	noun
interventionist	noun
resp	noun
totty	noun
torero	noun
polyvinyl	noun
ajumma	noun
bagful	noun
subjectivity	noun
alim	noun
impassive	adj
defenceless	adj
cystitis	noun
cleaving	noun
hematocrit	noun
collectable	noun
snooper	noun
pantin	noun
mulching	noun
towelhead	noun
appellation	noun
batwoman	noun
apogee	noun
marketeer	noun
charioteer	noun
tubal	adj
ombudsman	noun
airless	adj
mikan	noun
geophysicist	noun
duckman	noun
metabolite	noun
dutchie	noun
irreproachable	adj
avaricious	adj
globus	noun
carillon	noun
cruft	verb
sparkplug	verb
tachi	noun
jodhpur	noun
ragman	noun
twopence	noun
dependant	noun
japonica	noun
garfish	noun
maggiore	adj
zircon	noun
shepherdess	noun
mirador	noun
aport	adv
maillot	noun
washbasin	noun
shipowner	noun
deceitfully	adv
sundari	noun
vakil	noun
diabolo	noun
kongo	noun
hok	noun
timidity	noun
unlabel	verb
dovecote	noun
kab	noun
kleptomania	noun
Druze	adj
beneficent	adj
geometrically	adv
desalination	noun
bindle	noun
censer	noun
reevaluation	noun
revolutionist	noun
sewerage	noun
pepo	noun
fulla	noun
pedagogue	noun
pussyfooting	noun
collegial	adj
skive	noun
webby	adj
warrantless	adj
axing	noun
equivocation	noun
laboriously	adv
pleasurably	adv
lolling	noun
tetchy	adj
brolly	noun
hypertrophic	adj
aerobatics	noun
patt	noun
newsy	noun
dest	noun
sophomoric	adj
guttersnipe	noun
nonplus	verb
dack	verb
chorale	noun
schlager	noun
indexing	noun
badman	noun
milquetoast	noun
derringer	noun
hydrofluoric	adj
lapsang	noun
plateful	noun
dukedom	noun
sentimentalist	noun
pentobarbital	noun
piquant	adj
filch	verb
uncorrupted	adj
disentangle	verb
liberalization	noun
inoffensive	adj
Czechoslovak	adj
dado	noun
Punic	adj
psychokinetic	noun
distinguishable	adj
sequentially	adv
motorcycling	noun
shellacking	noun
Hittite	adj
graven	verb
reintroduction	noun
dentro	noun
debunking	noun
Zuni	adj
shipman	noun
conglomeration	noun
shinny	noun
neodymium	noun
unpalatable	adj
commedia	noun
solidity	noun
filthiness	noun
planking	noun
biomechanical	adj
acrimony	noun
reim	noun
unbounded	adj
trundling	noun
subsistence	noun
malarial	noun
tangential	adj
oceanography	noun
aerodrome	noun
craning	noun
mungo	noun
smoothy	adj
peasantry	noun
theologian	noun
synchronous	adj
wizen	verb
puerile	adj
profligate	noun
microclimate	noun
chintzy	adj
groat	noun
lorn	adj
Devonian	adj
supercontinent	noun
divan	noun
satphone	noun
neutralization	noun
finagling	noun
damask	noun
scry	noun
fado	noun
blart	noun
amity	noun
exfiltration	noun
abortive	adj
furtherance	noun
bookmaking	noun
forewoman	noun
supplicant	noun
gunmetal	noun
credulous	adj
inertial	adj
occidental	noun
champaign	noun
ungentlemanly	adj
retinitis	noun
holidaymaker	noun
unconquered	adj
grovelling	noun
ampersand	noun
ministration	noun
unfurnish	verb
pitty	noun
headcase	noun
armorer	noun
dishonestly	adv
equanimity	noun
porkie	noun
milliner	noun
archetypal	adj
furore	noun
expedience	noun
mellowing	noun
ingenuous	adj
overemotional	adj
attribution	noun
fluorine	noun
barbican	noun
genealogical	adj
tannic	adj
latency	noun
flagstone	noun
mizzen	noun
treacherously	adv
housebreaking	noun
housesit	verb
threshing	noun
Canaanite	adj
syphilitic	noun
certitude	noun
chintz	noun
resurgent	noun
remoteness	noun
rabe	noun
moline	noun
risperidone	noun
aerodynamically	adv
razzleberry	noun
chut	noun
bugbear	noun
unalter	verb
barbera	noun
exactamundo	adv
bodyguarding	noun
tinkerer	noun
amyl	noun
lief	adj
beezy	noun
ort	noun
decongestant	noun
stover	noun
unblinking	adj
benzedrine	noun
wildling	noun
clef	noun
acquiescence	noun
parochial	adj
chim	adj
unreservedly	adv
wangle	verb
dulcinea	noun
woodside	noun
manscaping	noun
churlish	adj
klatch	noun
piteous	adj
Jungian	adj
OTH	adj
wronger	noun
Glaswegian	adj
disbursement	noun
caracara	noun
blowpipe	noun
hoofer	noun
crouse	adj
indigestible	noun
jingo	noun
horseless	adj
quixotic	adj
mendacity	noun
scrutinise	verb
indiscipline	noun
minutely	adj
nooky	adj
forewarning	noun
fettuccini	noun
defilement	noun
basehead	noun
bastide	noun
epaulet	noun
hydrotherapy	noun
thiopental	noun
uncontaminated	adj
hangdog	noun
wondrously	adv
incomprehensibly	adv
scuzzy	adj
enfeeble	verb
benet	noun
lycanthrope	noun
overnighter	noun
photofit	noun
nonconformist	noun
sharpshooting	noun
tanga	noun
urbanization	noun
geld	verb
extremophile	noun
nimbly	adv
statesmanship	noun
overeducate	verb
abjure	verb
indolence	noun
transgenic	noun
wolfhound	noun
cavort	verb
fatalist	noun
papering	noun
evader	noun
unsporting	adj
queueing	noun
pekoe	noun
alprazolam	noun
pervis	noun
overanxious	adj
cloudburst	noun
sooty	verb
gish	noun
repton	noun
titillation	noun
panicker	noun
eyepiece	noun
neuronal	adj
unpopulate	verb
pinta	noun
odour	noun
swordfight	noun
jodhpurs	noun
concurrence	noun
maharani	noun
blatt	noun
ataxia	noun
myocardium	noun
amyloidosis	noun
varix	noun
ipecac	noun
aider	noun
ower	noun
nobleness	noun
threadbare	adj
scorpy	adj
saccharin	noun
underthing	noun
unanimity	noun
paganism	noun
hirsute	noun
erectus	noun
mandibular	adj
propitious	adj
effendi	noun
upstair	adj
mickle	noun
legionary	noun
rann	noun
whipper	noun
monkshood	noun
sif	adj
slacken	verb
YoY	adj
cricoid	noun
hansom	noun
kreutzer	noun
potage	noun
pernambuco	noun
demagogy	noun
kesar	noun
hatta	noun
kolkhoz	noun
cullum	noun
warehousing	noun
intercession	noun
impious	adj
nationalization	noun
courteously	adv
peridot	noun
rightness	noun
shallowness	noun
scenting	noun
piaster	noun
satiety	noun
addressee	noun
whiffy	adj
minke	noun
anorak	noun
vacillating	noun
prole	noun
helmer	noun
thunderhead	noun
controversially	adv
interconnectedness	noun
autographing	noun
Tongan	adj
couth	noun
diaphoretic	noun
hostessing	noun
slippage	noun
chervil	noun
palabra	noun
Edwardian	adj
thighbone	noun
sequestration	noun
phantasmagoria	noun
piker	noun
teg	noun
epidemiologist	noun
penman	noun
backhander	noun
perspex	noun
shrieker	noun
hea	adj
frieze	noun
dook	noun
encumber	verb
cashpoint	noun
decommissioning	noun
niggle	noun
Faustian	adj
dogsbody	noun
domine	noun
sull	noun
hokum	noun
Stalinist	adj
shrewdly	adv
unpaint	verb
banditry	noun
newsboy	noun
laundress	noun
smallness	noun
gawp	noun
abode	noun
indefinable	noun
taverna	noun
unselfishness	noun
inwood	verb
recombine	verb
karmically	adv
licensee	noun
genuflect	verb
profundity	noun
intersperse	verb
rabat	noun
inglorious	adj
Isan	adj
newspaperman	noun
militarism	noun
masterly	adj
bespectacled	adj
plebiscite	noun
unadorn	verb
catbird	noun
specky	noun
ketoacidosis	noun
faggy	adj
turps	noun
amperage	noun
rusalka	noun
firmament	noun
rhetorically	adv
rodge	noun
podge	noun
staving	noun
chequer	noun
marshalling	noun
distemper	noun
fanatically	adv
prise	verb
maida	noun
wailer	noun
deprogramming	noun
naturalness	noun
aerosolized	adj
beachcomber	noun
funereal	adj
outland	noun
trouncing	noun
bristly	adj
hoody	noun
goolies	noun
lic	noun
nonlinear	adj
byword	noun
organiser	noun
bellicose	adj
preternatural	adj
banque	noun
preprogram	verb
downstate	noun
sepulchre	noun
wanky	adj
ritually	adv
gaiter	noun
whalebone	noun
widowhood	noun
hydrocodone	noun
hydromorphone	noun
sandhill	noun
dogan	noun
unthink	verb
databank	noun
amyloid	noun
cooee	noun
zygote	noun
coining	noun
exhibitor	noun
moribund	noun
babby	noun
sexily	adv
convulsive	adj
codeword	noun
interdict	noun
honorarium	noun
weet	verb
trumping	noun
unbow	verb
cineplex	noun
redeployment	noun
moreland	noun
desegregation	noun
bigness	noun
mone	noun
adorno	noun
longish	adj
falsity	noun
nobby	adj
cliffy	adj
naturalism	noun
gunga	noun
interdependent	adj
Wiltshire	adj
homebrew	noun
redemptive	adj
statehouse	noun
spd	noun
humanlike	adj
overdevelop	verb
dredger	noun
etna	noun
delouse	verb
muriatic	adj
whoreson	noun
smelt	verb
angostura	noun
witticism	noun
shipload	noun
fakery	noun
footlong	noun
calcite	noun
equilateral	noun
schmaltzy	adj
camshaft	noun
internals	noun
inure	verb
ungainly	adj
sundries	noun
succinylcholine	noun
smackhead	noun
venal	adj
pianola	noun
unashamedly	adv
glinting	noun
erring	noun
thieve	verb
scull	noun
dif	noun
pastis	noun
hundredweight	noun
petulance	noun
cordiality	noun
genomics	noun
ancora	noun
fortuitously	adv
tsuchigumo	noun
soberly	adv
kilohertz	noun
blubbing	noun
proofreader	noun
guiltless	adj
recidivist	noun
doofy	adj
codswallop	noun
sooth	noun
postdate	verb
vociferous	adj
plimsoll	noun
deciduous	adj
irksome	adj
mangina	noun
ebullient	adj
aq	noun
unequaled	adj
hornpipe	noun
deputation	noun
antitank	adj
kuya	noun
nobble	verb
flubber	noun
oarsman	noun
slavering	noun
eyeless	adj
crinoline	noun
uniter	noun
emanation	noun
chinless	adj
timecard	noun
rehydration	noun
geodesic	noun
untroubled	adj
luckless	adj
ectoplasmic	adj
aguinaldo	noun
allowable	noun
lustre	noun
tasker	noun
steeplechase	noun
jobe	verb
mugu	noun
headwater	noun
neurogenic	adj
straggle	verb
myoglobin	noun
deflowering	noun
roundtrip	verb
artesian	adj
dux	noun
moksha	noun
anatomic	adj
umbilicus	noun
unquestioning	adj
preflight	noun
phraseology	noun
nuchal	noun
axon	noun
crampy	adj
proportionately	adv
tup	noun
gaura	noun
beej	noun
dibbs	noun
fod	noun
redecoration	noun
intimation	noun
authorisation	noun
millilitre	noun
evocation	noun
lande	noun
federate	verb
redistricting	noun
gentian	noun
thiamine	noun
passkey	noun
niu	noun
elliptic	noun
transection	noun
quotable	adj
amphitheatre	noun
yutz	noun
hallucinatory	adj
Presbyterian	adj
gunfighter	noun
materialise	verb
teetotal	noun
blueness	noun
priapism	noun
ragweed	noun
supergiant	noun
geographer	noun
bluestone	noun
excusable	adj
cribbage	noun
ceftriaxone	noun
lardo	noun
sidesaddle	noun
zealously	adv
Cretan	adj
underclothes	noun
knickerbocker	noun
foolery	noun
douce	adj
diagnostician	noun
laryngeal	noun
vasopressin	noun
rechecking	noun
Bodleian	adj
runty	adj
clampdown	noun
mackinaw	noun
nef	noun
Mapuche	adj
soondae	noun
beamish	adj
poori	noun
sluggard	noun
chasse	noun
swine	noun
boll	noun
methylene	noun
unforgivably	adv
illusive	adj
engrossing	noun
callosum	noun
banting	noun
angélique	noun
vastu	noun
Cartesian	adj
jimson	noun
jamon	noun
Elian	adj
plagiarist	noun
ostentation	noun
hospitalise	verb
miniver	noun
refitting	noun
sluicing	noun
midbrain	noun
topographic	adj
neighbourly	adj
sightless	adj
jobber	noun
overcautious	adj
quickstep	noun
jugg	noun
brimmer	noun
artless	adj
faggoty	adj
clinker	noun
kindler	noun
samovar	noun
intergang	adj
impinging	noun
cascara	noun
headsman	noun
dogface	noun
skinflint	noun
polyfoam	noun
batboy	noun
monseigneur	noun
refectory	noun
sawbuck	noun
popliteal	adj
reportage	noun
annular	adj
mocker	noun
xxxx	noun
abbé	noun
minar	noun
laundryman	noun
fauj	noun
siddha	noun
tatara	noun
dyne	noun
acupoint	noun
tripartite	adj
baccalaureate	noun
Umayyad	adj
ignorantly	adv
lupine	adj
soundness	noun
spiller	noun
launderette	noun
plover	noun
mincer	noun
paedophilia	noun
haemorrhoids	noun
calve	verb
pecuniary	adj
wilful	adj
uncommunicative	adj
skiving	noun
prioritise	verb
countermand	verb
colonnade	noun
playgirl	noun
scurrilous	adj
prestidigitation	noun
tizz	noun
corrie	noun
unreturned	adj
milty	adj
lakeland	noun
symmetrically	adv
incurably	adv
sightseer	noun
bollard	noun
eyewash	noun
evo	noun
extortionate	adj
conf	noun
tearaway	noun
carload	noun
worshipful	adj
maltreat	verb
rabbinical	adj
lambchop	noun
bridey	adj
pard	noun
cosmologist	noun
luminosity	noun
gobby	noun
sGC	noun
fusilier	noun
undiminished	adj
expansionist	noun
uncount	verb
fissile	adj
dower	noun
exhaustively	adv
squirreling	noun
cyclotron	noun
smokie	noun
kesh	noun
willowy	adj
objet	noun
peevish	adj
overexposure	noun
malinger	verb
stratospheric	adj
acrimonious	adj
hatty	adj
fractious	adj
freakazoid	noun
fiori	noun
roundly	adv
bolshevism	noun
purposeless	adj
ungovernable	adj
burning	noun
delousing	noun
propagandist	noun
nonentity	noun
replanting	noun
anther	noun
overenthusiastic	adj
Catskill	adj
vitriolic	adj
meagre	noun
misapprehension	noun
lulz	noun
pugilistic	adj
boto	noun
ambling	noun
sinless	adj
operationally	adv
incipient	noun
bantam	noun
rapidity	noun
tonality	noun
isometric	noun
staggeringly	adv
capsizing	noun
moff	noun
glower	noun
pelham	noun
irretrievably	adv
chinwag	noun
overstock	verb
responsiveness	noun
intriguingly	adv
infarct	noun
enrolment	noun
tarn	noun
titmouse	noun
troppo	adj
Pugliese	adj
salubrious	adj
peerage	noun
interstitial	noun
judiciously	adv
unrehearsed	adj
hmpf	verb
pixilated	adj
unmerciful	adj
crapola	noun
kingsman	noun
fulminate	noun
sublingual	noun
vainglorious	adj
punim	noun
procurer	noun
aforethought	adj
pulseless	adj
minyan	noun
demobilize	verb
ceremoniously	adv
consumerist	noun
bootless	adj
teaspoonful	noun
kazi	noun
puro	noun
impotency	noun
doleful	adj
incomprehension	noun
samaria	noun
flix	noun
fetishism	noun
ennoble	verb
believability	noun
idiotically	adv
kandy	noun
eft	noun
esh	noun
cabinetmaker	noun
bunton	noun
ungenerous	adj
Jewy	adj
expeditious	adj
Pleistocene	adj
coulee	noun
vellum	noun
variously	adv
verger	noun
flagon	noun
moorland	noun
haulage	noun
peaceably	adv
shrouding	noun
quadrillion	noun
ecchymosis	noun
evaporator	noun
sando	noun
derivation	noun
artemisia	noun
favourable	adj
pepino	noun
accretion	noun
passel	noun
croton	noun
jackhole	noun
novocain	noun
portmanteau	noun
serfdom	noun
baile	noun
burnside	noun
fourscore	noun
radiogram	noun
misfile	verb
patrician	noun
gey	adj
neurobiology	noun
reassessment	noun
velodrome	noun
nearness	noun
shtetl	noun
Gur	adj
effluent	noun
drey	noun
infirmity	noun
priggish	adj
buckskin	noun
lucre	noun
tetrazzini	noun
engram	noun
multiplicity	noun
leatherneck	noun
backbeat	noun
yd	noun
dimp	noun
uncloud	verb
vani	noun
mimeograph	noun
heralding	noun
zabaglione	noun
revenging	noun
lusk	noun
chine	noun
stalag	noun
geologic	adj
quarterdeck	noun
pitman	noun
plenitude	noun
billowy	adj
lodestar	noun
molybdenum	noun
rhomboid	noun
suddenness	noun
tidewater	noun
topology	noun
lintel	noun
cautioning	noun
stereophonic	adj
inasmuch	adv
palmistry	noun
scree	noun
theatricality	noun
wold	noun
toreador	noun
polygram	noun
lingua	noun
sare	adj
lensing	noun
rearrangement	noun
cracky	noun
mythbuster	noun
banqueting	noun
coltan	noun
cantata	noun
unalienable	adj
daub	verb
quadrille	noun
capucine	noun
noonday	noun
fenny	adj
perfumery	noun
quizmaster	noun
jinky	adj
burnet	noun
poignancy	noun
sexaholic	noun
interrogative	noun
yodelling	noun
oompah	verb
scaler	noun
artilleryman	noun
seaward	adj
mangler	noun
vimana	noun
hematologist	noun
peccadillo	noun
supari	noun
phthalate	noun
flakka	noun
gainer	noun
pacey	adj
homogeneous	adj
wester	noun
chanteuse	noun
kapa	noun
druggy	adj
coaxial	noun
Mongolian	adj
esthetic	adj
mantua	noun
apoplexy	noun
egotistic	adj
potrero	noun
perking	noun
legerdemain	noun
radioman	noun
recordist	noun
nex	adj
sightline	noun
economize	verb
maidenhead	noun
centime	noun
undoubted	adj
glycerine	noun
riddling	noun
haemophilia	noun
senility	noun
whyever	adv
vexatious	adj
rta	noun
carbonite	noun
tetracycline	noun
minicab	noun
marabout	noun
gavotte	noun
dexedrine	noun
concho	noun
conservatoire	noun
lading	noun
pseudoephedrine	noun
lazuli	noun
overruling	noun
subjunctive	noun
kandi	noun
boulanger	noun
brookside	noun
digression	noun
brackett	noun
witter	verb
bottler	noun
zil	noun
gubbins	noun
scrimshaw	noun
lota	noun
cono	noun
matriculation	noun
tensor	noun
providential	adj
ersatz	noun
disrobing	noun
Magellanic	adj
bluestar	noun
missie	noun
pedant	noun
geosynchronous	adj
brakeman	noun
fitful	adj
phrenology	noun
ilium	noun
gorton	noun
phon	noun
psionic	adj
productively	adv
churchman	noun
Malian	adj
perspicacity	noun
soko	noun
buntline	noun
vapour	noun
brindle	noun
smouldering	noun
boff	noun
monofilament	noun
riq	noun
ryokan	noun
electrochemical	noun
purgative	noun
weal	noun
supertramp	noun
puckle	noun
gorky	adj
pinder	noun
chloral	noun
pinking	noun
succour	noun
wastepaper	noun
emetic	noun
vitreous	noun
droit	noun
exotica	noun
toluene	noun
adenoma	noun
stoolie	noun
infinitive	noun
lavvy	noun
laya	noun
kalan	noun
ext	noun
pappus	noun
ghanta	noun
cenotaph	noun
ancona	noun
ningen	noun
seta	noun
yabu	noun
qinqin	noun
shadowless	adj
Madrasi	adj
yagna	noun
sheepfold	noun
vigour	noun
extrapolation	noun
expiate	verb
narcosis	noun
awl	noun
deportee	noun
sira	noun
breezer	noun
copepod	noun
revolutionise	verb
socialise	verb
fantasise	verb
heading	noun
unsentimental	adj
muckrake	verb
manchild	noun
neer	noun
chanson	noun
pushchair	noun
underpinning	noun
cric	noun
eidetic	adj
healthful	adj
unhitch	verb
tamer	noun
loggia	noun
trashman	noun
nv	noun
png	noun
profiteering	noun
bombproof	noun
blueblood	noun
hydrogenate	verb
sarcoidosis	noun
blunderbuss	noun
lycée	noun
hailer	noun
contributory	noun
phwoar	verb
pyrotechnic	adj
scouser	noun
souchong	noun
pikey	noun
quinone	noun
stet	noun
unexpress	verb
destructiveness	noun
contiguous	adj
slava	noun
alternation	noun
acerbic	adj
churl	noun
skipjack	noun
clave	noun
piddly	adj
coonskin	noun
petrel	noun
cathouse	noun
rebirthing	noun
assignation	noun
niacin	noun
defiler	noun
satrap	noun
candygram	noun
viz	noun
repudiation	noun
participatory	adj
panhandler	noun
longhand	noun
homesteader	noun
Hindustani	adj
gillie	noun
carfax	noun
hastening	noun
atrociously	adv
zillionaire	noun
unheeded	adj
psychoanalytic	adj
terrif	adj
tabard	noun
arbitrage	noun
mocambo	noun
seamanship	noun
profusion	noun
punctually	adv
egoism	noun
inchworm	noun
nark	verb
fineness	noun
poncy	adj
surrealistic	adj
girlhood	noun
pir	noun
blackguard	noun
morass	noun
jailing	noun
protectee	noun
wretchedness	noun
salivary	noun
meltwater	noun
connubial	adj
cavin	noun
engle	noun
swanny	adj
rectitude	noun
unstructured	adj
shantung	noun
prizefight	noun
cappie	noun
fractional	noun
repopulation	noun
chowderhead	noun
embarkation	noun
highschool	noun
durn	noun
neurochemical	noun
positing	noun
ignominy	noun
psychosexual	adj
wreathe	verb
advantaged	adj
easiness	noun
suchlike	noun
haply	adv
highchair	noun
octopussy	noun
sicky	noun
creo	noun
inconsiderable	adj
mushrooming	noun
snowbound	adj
coring	noun
imperishable	noun
insufficiently	adv
cinematheque	noun
transience	noun
sawney	noun
unbelieve	verb
kes	noun
snood	noun
futurism	noun
auk	noun
anteroom	noun
babygirl	noun
ampicillin	noun
domestication	noun
geophysical	adj
airburst	noun
neera	noun
transcriber	noun
varna	noun
titanosaur	noun
yardarm	noun
sycophantic	adj
souvlaki	noun
crabgrass	noun
insufferably	adv
filmic	adj
paleness	noun
fleecy	adj
amandine	noun
dissemble	verb
poobah	noun
sloughing	noun
pestilent	adj
proximate	noun
conversant	noun
cabriolet	noun
currie	noun
presbytery	noun
motorise	verb
paroxysm	noun
permanganate	noun
chaffing	noun
andante	noun
indelibly	adv
zaibatsu	noun
lugubrious	adj
malachite	noun
knobbly	adj
hydrothermal	adj
subsidence	noun
destabilization	noun
sayang	noun
aural	adj
lier	noun
bromo	noun
laddy	noun
airframe	noun
kimbo	verb
drizzly	adj
fluorescence	noun
aerobatic	adj
greave	noun
oscilloscope	noun
telfer	noun
anatomist	noun
xd	adj
blackfish	noun
penury	noun
dinning	noun
topi	noun
disfavor	noun
bravura	noun
talkback	noun
dishonour	verb
lezzer	noun
natter	noun
armoury	noun
transdimensional	adj
mib	noun
assiduous	adj
vinculum	noun
turbolift	noun
spoony	noun
balaban	noun
photosensitive	adj
somnambulism	noun
eastwards	adv
immortalise	verb
misanthropic	adj
ably	adv
gelt	noun
paymaster	noun
supp	noun
syncopation	noun
laserdisc	noun
lordly	adj
navigable	adj
herewith	adv
unbeknown	adj
inordinately	adv
leeward	adj
metallurgist	noun
buggering	noun
rebbe	noun
fanzine	noun
squatch	noun
junkman	noun
motorman	noun
ratification	noun
sica	noun
CIB	adj
idyll	noun
horcrux	noun
eventide	noun
unworthiness	noun
living	noun
iru	noun
primacy	noun
Peronist	adj
fut	noun
absenteeism	noun
hw	noun
matin	adj
substructure	noun
quoth	verb
cooky	noun
keyless	adj
haan	noun
geomagnetic	adj
bagi	noun
permaculture	noun
dentition	noun
inquirer	noun
unrecord	verb
tinting	noun
vulcanize	verb
pion	noun
unworkable	noun
neoclassical	noun
chooch	noun
moisturiser	noun
tempera	noun
seaborne	adj
plasticity	noun
LAE	adj
lockman	noun
renate	noun
lamplighter	noun
NR	adj
moulder	verb
elt	noun
gunsmith	noun
immobility	noun
Galilean	adj
denature	verb
tortious	adj
leman	noun
guttering	noun
thingummy	noun
megillah	noun
creationist	noun
Hellenic	adj
occultism	noun
relativistic	adj
sansa	noun
afeared	adj
ermine	noun
moraine	noun
impetigo	noun
matronly	adj
unwholesome	adj
birchwood	noun
domus	noun
tonsillectomy	noun
funt	noun
sprat	noun
unask	verb
bubblehead	noun
diastolic	noun
erythema	noun
ure	noun
vanc	noun
vasculitis	noun
civvy	noun
pharos	noun
derp	noun
catatonia	noun
agon	noun
intelligible	adj
supping	noun
polemic	noun
inconstant	adj
lalla	noun
christiania	noun
zef	noun
labyrinthine	adj
microsurgery	noun
pilchard	noun
aqualung	noun
riderless	adj
perseid	noun
chancing	noun
furtively	adv
Peloponnesian	adj
corrupter	noun
bullwhip	noun
farrago	noun
normalization	noun
plastique	noun
glutamate	noun
protozoan	noun
janjaweed	noun
packhorse	noun
backrub	noun
lewdness	noun
unalterable	adj
specious	adj
bitumen	noun
subduction	noun
kibitz	verb
amscray	verb
boniface	noun
bricker	noun
aircon	noun
manzanita	noun
unselfishly	adv
nonresponsive	adj
harmlessly	adv
vicomte	noun
UO	adj
schoolmaster	noun
pukka	adj
subaltern	noun
diffraction	noun
chancery	noun
brickyard	noun
thack	noun
acetylcholine	noun
pianissimo	noun
adipose	noun
redcap	noun
fainter	noun
ritt	noun
aniline	noun
wrongness	noun
damping	noun
abase	verb
saké	noun
tontine	noun
horsewhip	noun
duodenal	adj
heartlessness	noun
hurr	verb
selenium	noun
thickhead	noun
stampeder	noun
copra	noun
ninon	noun
sabir	noun
kaki	noun
otsu	adj
sanshin	noun
kore	noun
perimortem	adj
flashman	noun
liquefaction	noun
pastorela	noun
khon	noun
forme	noun
mercurochrome	noun
unequalled	adj
freemasonry	noun
seconde	noun
bint	noun
litigant	noun
baldhead	noun
plummy	adj
sportive	noun
exploitive	adj
bawd	noun
radicalism	noun
anarchism	noun
waterborne	adj
maar	noun
dockland	noun
khyber	noun
jacquard	noun
popolo	noun
whitestone	noun
pressie	noun
landless	adj
cutdown	noun
zocalo	noun
testa	noun
bandleader	noun
downdraft	noun
laneway	noun
dort	noun
upwardly	adv
spasmodic	noun
thunderer	noun
killick	noun
angstrom	noun
unpleasantly	adv
pleasingly	adv
professorial	adj
privation	noun
Oxbridge	adj
perversity	noun
minuet	noun
workaday	noun
ducal	adj
Orwellian	adj
comitatus	noun
upwelling	noun
positronic	adj
sublimely	adv
moomoo	noun
nill	noun
cust	noun
birdlike	adj
seaborn	adj
Huguenot	adj
morphological	adj
NVA	adj
fleetingly	adv
treeless	adj
intermezzo	noun
exhort	verb
bounteous	adj
refire	verb
inst	noun
topcoat	noun
morgenstern	noun
exchequer	noun
electioneering	noun
delectation	noun
exchanger	noun
genomic	adj
epaulette	noun
saiga	noun
spindrift	noun
credulity	noun
bankable	adj
bullfinch	noun
greening	noun
tallboy	noun
whirligig	noun
singly	adv
tanka	noun
scrapple	noun
handholding	noun
conditionally	adv
beek	noun
unsuspected	adj
assiduously	adv
largesse	noun
Tlingit	adj
queeny	adj
allemande	noun
paratroop	noun
uncorroborated	adj
chiseler	noun
shopgirl	noun
camber	noun
miscast	noun
defray	verb
bellwether	noun
mollycoddling	noun
rocketeer	noun
philatelist	noun
disorganise	verb
atonal	adj
thence	adv
inestimable	adj
approbation	noun
ulnar	adj
appreciable	adj
cretinous	adj
verruca	noun
todger	noun
transmigration	noun
sadomasochistic	adj
thankyou	intj
rhone	noun
amusingly	adv
regen	noun
kraal	noun
senhor	noun
suborning	noun
lycanthropy	noun
clustering	noun
heuristic	noun
dialectical	adj
idolater	noun
truculent	adj
terroristic	adj
cometary	adj
datebook	noun
pompano	noun
rebus	noun
unwisely	adv
masterman	noun
verisimilitude	noun
usefully	adv
agita	noun
cabby	noun
forbear	verb
deleterious	adj
harmer	noun
VG	adj
defrock	verb
ceremonious	adj
submersion	noun
futurama	noun
biofeedback	noun
noncompliance	noun
razer	noun
corroding	noun
operetta	noun
pressurization	noun
chantry	noun
hotplate	noun
moonshiner	noun
siemens	noun
octavius	noun
quayside	noun
dromedary	noun
scleroderma	noun
mutha	noun
djembe	noun
smegma	noun
insectoid	noun
nontoxic	noun
limpy	adj
Venusian	adj
nacelle	noun
kluge	noun
somnambulist	noun
whiteside	noun
wakefulness	noun
gunboat	noun
misdemeanour	noun
disembowelment	noun
emplacement	noun
affray	noun
bourgeoise	noun
coll	verb
prana	noun
lue	verb
symbiont	noun
mainmast	noun
unflinchingly	adv
parapsychologist	noun
skell	noun
cryptology	noun
peaceable	adj
mobilisation	noun
redraft	noun
philosophic	adj
dispassionately	adv
kapp	noun
argosy	noun
parky	adj
untended	adj
hooley	noun
selfsame	noun
starkly	adv
turgid	adj
unction	noun
shewa	noun
squaddie	noun
slushee	noun
ringle	noun
fountainhead	noun
promptness	noun
coun	noun
Arthurian	adj
erudition	noun
husker	noun
sponger	noun
ravening	noun
sharee	noun
skinful	noun
femina	noun
contretemps	noun
friending	noun
pawnee	noun
tant	noun
tectonics	noun
grayling	noun
scrupulously	adv
slunk	noun
klieg	noun
plausibility	noun
disintegrator	noun
whiteface	noun
spectroscopy	noun
spermicide	noun
fere	noun
bahu	noun
dulcimer	noun
knucklebone	noun
caisson	noun
simplex	noun
kalif	noun
immunologist	noun
bigos	noun
babbitt	noun
feeb	noun
islay	noun
impressionistic	adj
druggist	noun
archduchess	noun
agonal	adj
sinfully	adv
steelworker	noun
availing	noun
woolie	noun
magnetosphere	noun
balalaika	noun
embouchure	noun
boche	noun
wheedling	noun
lector	noun
fook	verb
haemorrhaging	noun
orangeade	noun
deniable	adj
prossie	noun
omniscience	noun
transubstantiation	noun
beneficence	noun
tose	verb
cookhouse	noun
lath	noun
footlight	noun
thruway	noun
equivocal	noun
antimony	noun
insoluble	adj
generality	noun
topshop	noun
kafir	noun
okama	noun
pollan	noun
bleakness	noun
anticlockwise	adj
caudate	noun
phenytoin	noun
cajones	noun
plasmapheresis	noun
sontag	noun
antiquarian	noun
mayhap	adv
mesmerism	noun
carouse	noun
shipboard	noun
afeard	adj
gummer	noun
hizzy	noun
subnormal	noun
bordelaise	noun
drover	noun
coalface	noun
ceilidh	noun
bunta	adj
knothole	noun
tey	noun
titania	noun
megaron	noun
imager	noun
undateable	noun
whig	noun
gyrus	noun
strop	noun
dalek	noun
encyclical	noun
tsarist	noun
percolator	noun
neorealism	noun
syllogism	noun
novi	noun
brougham	noun
allocution	noun
manse	noun
wilfully	adv
ballyhoo	noun
demoralise	verb
smoggy	adj
goofus	noun
outshoot	verb
fairing	noun
bcc	noun
borstal	noun
publican	noun
cobbling	noun
firebase	noun
demagoguery	noun
elkhorn	noun
oceanographic	adj
jube	noun
leftenant	noun
slavish	adj
tosspot	noun
cess	noun
darning	noun
generalissimo	noun
chancel	noun
fortieth	noun
macer	noun
cropper	noun
shedder	noun
gladiola	noun
picon	noun
rud	noun
motte	noun
roundhead	noun
splendour	noun
butterman	noun
nutbar	noun
scaphoid	noun
hele	verb
niblick	noun
milksop	noun
stainer	noun
preoperative	noun
Brummie	adj
rationalist	noun
summarise	verb
wantonness	noun
mixmaster	noun
Whitsun	adj
chador	noun
undersigned	adj
refinancing	noun
shivery	adj
nitrite	noun
blogosphere	noun
Walloon	adj
mastoid	noun
alk	noun
benzine	noun
aad	noun
pullet	noun
horsemeat	noun
incharge	noun
cinematographic	adj
plz	noun
mehendi	noun
schoolday	noun
munger	noun
solan	noun
obeisance	noun
sugata	noun
kanon	noun
geta	noun
kobold	noun
ardently	adv
triskelion	noun
rectification	noun
nowy	adj
telegrapher	noun
quintal	noun
hunchbacked	adj
metaphysically	adv
darb	noun
sharbat	noun
qutb	noun
Cambrian	adj
wearisome	adj
inshore	adj
bromine	noun
pressurise	verb
procurator	noun
incompleteness	noun
inveterate	adj
treasonable	adj
rubbernecking	noun
salade	noun
baleful	adj
ludicrously	adv
teel	noun
ded	noun
bagatelle	noun
yachtsman	noun
somedays	adv
kulak	noun
communistic	adj
handbill	noun
annunciation	noun
Chaldean	adj
daylong	adj
neddy	noun
bouzouki	noun
bester	noun
viol	noun
emasculation	noun
malingerer	noun
minimization	noun
frigerator	noun
indissoluble	adj
carby	noun
nucleic	adj
abhorrence	noun
skag	noun
abeyance	noun
improbability	noun
whippoorwill	noun
dictum	noun
welter	noun
valise	noun
forfend	verb
flexion	noun
utz	verb
centripetal	adj
Aristotelian	adj
buzzie	noun
hausfrau	noun
harridan	noun
homi	noun
regenerator	noun
minny	noun
yobbo	noun
nohow	adv
larking	noun
bollocking	noun
planetoid	noun
toerag	noun
snead	noun
saucier	noun
goony	noun
babbit	noun
transiting	noun
prelate	noun
skidoo	noun
peninsular	noun
lambing	noun
malky	noun
mangold	noun
becket	noun
toppy	adj
intercut	noun
circumscribe	verb
bugman	noun
bwana	noun
nolo	adj
oliphant	noun
humanitarianism	noun
aquavit	noun
peaty	adj
coalmine	noun
pottering	noun
coniferous	adj
vesting	noun
handphone	noun
counterespionage	noun
downlink	noun
recombinant	noun
progeria	noun
betide	verb
southwards	adv
Zoroastrian	adj
redoubt	noun
plowman	noun
whirlybird	noun
solus	adj
unmap	verb
cunny	noun
penetrator	noun
unbid	verb
blackshirt	noun
rosaline	noun
hasenpfeffer	noun
redoubtable	adj
rocketship	noun
antipode	noun
kerb	noun
womaniser	noun
frontage	noun
extant	adj
childminder	noun
metallurgical	adj
escutcheon	noun
grig	noun
bedroll	noun
typewriting	noun
waggling	noun
burry	adj
coarseness	noun
jum	noun
birdo	noun
associative	adj
experimentally	adv
knowable	adj
pisspot	noun
dramatist	noun
flinty	adj
ampere	noun
sargasso	noun
ghungroo	noun
pavan	noun
bufo	noun
rodham	noun
osh	noun
dormancy	noun
cilium	noun
hypospray	noun
ziggurat	noun
offworld	adj
brickle	verb
safecracking	noun
beebee	noun
potentate	noun
arras	noun
tsarevich	noun
carrol	noun
conic	noun
unkindness	noun
perjurer	noun
intemperate	adj
pouncer	noun
boopie	noun
apres	noun
anarchic	adj
corollary	noun
oddness	noun
cuspidor	noun
solicitous	adj
pickaninny	noun
spect	verb
gunrunning	noun
Caesarian	adj
vintner	noun
vainly	adv
boet	noun
bandying	noun
advisedly	adv
trembler	noun
tarpon	noun
hols	noun
lanolin	noun
diffident	adj
primer	noun
denarius	noun
auric	adj
steno	noun
beadle	noun
Justinian	adj
fellah	noun
nand	noun
thro	adp
troposphere	noun
augur	noun
sprit	noun
crankcase	noun
botts	noun
maricon	noun
canty	adj
corr	noun
odalisque	noun
despondency	noun
Sistani	adj
glamourous	adj
bismuth	noun
psychopathology	noun
smudgy	adj
pestilential	adj
korin	noun
importune	verb
moke	noun
maxillary	noun
dross	noun
cryonic	adj
brickman	noun
tritium	noun
copse	noun
nomen	noun
pervo	noun
scag	noun
bishopric	noun
legitimise	verb
parang	noun
mentholate	verb
pontifical	noun
quaff	noun
shirty	adj
lancing	noun
grandee	noun
reputedly	adv
ceramist	noun
pusillanimous	adj
hydrostatic	adj
cobber	noun
behavioural	adj
phlebitis	noun
babish	adj
saleable	noun
Trumpy	adj
holdall	noun
crewe	noun
gersh	noun
bilious	adj
pheochromocytoma	noun
sweatbox	noun
hydrocortisone	noun
hydrophobia	noun
vanco	noun
preshrink	verb
refractive	adj
unprovable	adj
frapp	noun
angelfish	noun
buckler	noun
felicitous	adj
hellspawn	noun
malediction	noun
artic	noun
emptor	noun
adjudge	verb
injunctive	noun
undercoat	noun
spearfish	noun
serv	noun
penumbra	noun
gula	noun
unreality	noun
behaviorist	noun
eatable	noun
electrification	noun
buttcrack	noun
theoretician	noun
duco	verb
wampum	noun
superconduct	verb
horseflesh	noun
showbox	noun
candour	noun
dotage	noun
scrapheap	noun
twinkletoes	noun
sepulcher	noun
dynamiting	noun
gabardine	noun
pummelling	noun
ronde	noun
baccy	noun
foom	noun
vernier	noun
indisposition	noun
gelignite	noun
despotism	noun
lechery	noun
ironmonger	noun
imbecility	noun
seagoing	adj
directorship	noun
tutelary	noun
dicker	noun
maggoty	adj
dimmer	noun
corpuscle	noun
erk	noun
nutsy	adj
decon	noun
rugger	noun
intransigence	noun
wittingly	adv
flatness	noun
yeomanry	noun
paroxetine	noun
chiropodist	noun
tantalus	noun
lento	noun
belive	adv
duelling	noun
kaiten	noun
cariad	noun
fourpence	noun
vehemence	noun
coupé	noun
derma	noun
suborn	verb
cuttle	noun
halide	noun
conker	noun
huhu	noun
limpid	adj
caplin	noun
sheldrake	noun
abrade	verb
vanner	noun
tyro	noun
antiterrorist	noun
hoary	adj
manageress	noun
gunda	noun
stocktaking	noun
washerman	noun
rasool	noun
agha	noun
jadoo	noun
unchaste	adj
deewan	noun
scullion	noun
bakufu	noun
garrot	verb
sieger	noun
chenda	noun
wk	noun
microfracture	noun
grosz	noun
tailcoat	noun
luchi	noun
ganna	noun
Aragonese	adj
pompon	noun
bandari	noun
mathematic	adj
phosphor	noun
wiseacre	noun
rigour	noun
delft	noun
brutalise	verb
vandalise	verb
dunghill	noun
camomile	noun
rationalise	verb
gove	verb
colourless	adj
metropole	noun
euphemistically	adv
coarsely	adv
treviso	noun
youngish	adj
wass	noun
irretrievable	adj
minibike	noun
decease	noun
gorse	noun
dishpan	noun
Amazonian	adj
telephonic	adj
cheviot	noun
persnickety	adj
consumptive	noun
counterrevolutionary	noun
jetsam	noun
backstair	noun
propranolol	noun
sabot	noun
dockside	noun
marchesa	noun
crosswise	adj
gannet	noun
ison	noun
pensione	noun
ornamentation	noun
cutup	noun
penton	noun
mildness	noun
cowman	noun
steeply	adv
precession	noun
buffeting	noun
moonraker	noun
bight	noun
whereabout	adv
ultramodern	adj
attractively	adv
waddy	noun
fishkill	noun
stormer	noun
smilodon	noun
unaccountably	adv
numberless	adj
ringtail	noun
Circassian	adj
breadbox	noun
graphene	noun
freck	verb
firewalker	noun
retailing	noun
intermix	noun
commo	noun
maquis	noun
trillionth	noun
diadem	noun
Rhodesian	adj
gentlefolk	noun
pinger	noun
singeing	noun
photostat	noun
hematite	noun
wether	noun
colley	noun
noddy	noun
obsessional	adj
communard	noun
ord	noun
resi	noun
trenchant	adj
waterhouse	noun
beatification	noun
turning	noun
orison	noun
carn	noun
Appian	adj
carping	noun
mendacious	adj
imperator	noun
Nordic	adj
haversack	noun
husting	noun
spinnaker	noun
codebook	noun
forlornly	adv
flibbertigibbet	noun
scintilla	noun
sunbath	noun
obstinately	adv
bughouse	noun
heraldry	noun
faintness	noun
unmercifully	adv
rudiment	noun
roustabout	noun
damper	noun
zeze	noun
bombsight	noun
probity	noun
mosher	noun
waw	noun
noshing	noun
vestry	noun
staunchly	adv
licentiousness	noun
destabilise	verb
isu	noun
paedo	noun
vouchsafe	verb
cadge	noun
goonie	noun
snowcat	noun
pinny	noun
subjection	noun
chasuble	noun
valour	noun
yazoo	noun
inexpressible	adj
osmium	noun
airedale	noun
taipan	noun
paranoiac	noun
rearmament	noun
modernise	verb
showbusiness	noun
puzzlement	noun
bolling	noun
lesser	noun
unpromise	verb
fireplug	noun
respecter	noun
ferreting	noun
perfidy	noun
draughty	adj
Calvinist	adj
cartouche	noun
intestate	noun
deel	noun
rood	noun
underlay	noun
dandi	noun
sulla	noun
blooey	adj
hight	verb
paramo	noun
arrant	adj
intensifier	noun
loge	noun
clownish	adj
impermeable	adj
cinemascope	noun
pista	noun
unexceptional	adj
sozzle	verb
endocrinology	noun
coelacanth	noun
raker	noun
athenaeum	noun
antemortem	adj
untiring	adj
edgeway	noun
tol	adj
coxcomb	noun
snootful	noun
nerine	noun
sporran	noun
cryostasis	noun
natron	noun
leger	noun
writ	noun
seamy	adj
zotz	verb
favouring	noun
propylene	noun
timbering	noun
redwing	noun
untranslatable	noun
guiche	noun
moralize	verb
connivance	noun
therefor	adv
parsa	noun
pharynx	noun
dumpee	noun
chemise	noun
crys	noun
desiccation	noun
charitably	adv
quisling	noun
iniquitous	adj
luft	noun
materiel	noun
earing	noun
WL	adj
cume	noun
choirmaster	noun
mogo	noun
catalepsy	noun
monotheistic	adj
apelike	adj
styrene	noun
bez	noun
presentment	noun
supergrass	noun
spurning	noun
hassler	noun
thorp	noun
incontestable	adj
racialist	noun
massif	noun
withal	adp
FOT	adj
pref	noun
scuzz	noun
pleurisy	noun
phlebotomy	noun
rale	noun
bruit	noun
photonic	adj
fenster	noun
seismology	noun
worsted	noun
photoelectric	adj
gleaning	noun
coalfield	noun
murse	noun
nanotube	noun
loll	verb
sculptress	noun
hophead	noun
fathe	verb
microbot	noun
poetical	adj
proconsul	noun
inconveniently	adv
sadhana	noun
frigidaire	noun
bialy	noun
anthropoid	noun
Caledonian	adj
goldstone	noun
amby	noun
botafogo	noun
pucky	noun
merchantman	noun
sweeny	noun
hist	noun
anodyne	noun
shammy	noun
chelation	noun
cuvee	noun
elide	verb
tetrahedron	noun
householder	noun
chivalric	adj
tantalise	verb
classicism	noun
posttraumatic	adj
semba	noun
pagina	noun
sirocco	noun
gurn	noun
leu	noun
corse	noun
atavistic	adj
fallacious	adj
threepence	noun
fugit	noun
kula	noun
filer	noun
whitlow	noun
aesthete	noun
streptomycin	noun
scaloppine	noun
sibilance	noun
probationer	noun
computerise	verb
oesophagus	noun
flatty	noun
neurofibromatosis	noun
militarist	noun
fructus	noun
moaner	noun
dipwad	noun
conformation	noun
antediluvian	noun
dramaturgy	noun
principia	noun
cavaletto	noun
grandmamma	noun
tinsmith	noun
unthreatening	adj
guileless	adj
avulsion	noun
beanery	noun
comtesse	noun
pulchritude	noun
vaporise	verb
auricular	noun
egotism	noun
tawney	noun
chinky	noun
grue	noun
thruppence	noun
surfeit	noun
gynaecologist	noun
carbolic	noun
piccalilli	noun
folderol	noun
glyn	noun
primula	noun
coumadin	noun
childe	noun
purl	noun
siting	noun
tarty	adj
onde	noun
burdon	noun
quarrying	noun
galena	noun
Braz	adj
zygomatic	noun
firetrap	noun
Copernican	adj
partiality	noun
diverter	noun
fluoroscope	noun
kersey	noun
interferon	noun
havelock	noun
anata	noun
potsie	noun
costal	noun
obliquely	adv
pliant	adj
nigra	noun
hatbox	noun
parador	noun
bowleg	noun
beshrew	verb
fishball	noun
forint	noun
putto	noun
Magyar	adj
gurukul	noun
polythene	noun
sindoor	noun
philology	noun
beguine	noun
recherche	adj
teppo	noun
shiritori	noun
margrave	noun
yangban	noun
godman	noun
muscatel	noun
junco	noun
nasheed	noun
kogo	noun
abid	noun
gazi	noun
remarque	noun
patronymic	noun
hetman	noun
impiety	noun
areal	adj
trilateral	adj
keenness	noun
empathise	verb
linnet	noun
øre	noun
unfavourable	adj
eider	noun
jannie	noun
characterise	verb
solicitude	noun
consequent	noun
voiture	noun
bhp	noun
phonecall	noun
annet	noun
distension	noun
phial	noun
brander	noun
kix	noun
forelock	noun
duggie	noun
protuberance	noun
kingslayer	noun
simcha	noun
autocue	noun
bestfriend	noun
pomposity	noun
gadding	noun
cushty	adj
hatpin	noun
lade	noun
sark	noun
inimical	adj
crossway	noun
guillemot	noun
koula	noun
leastways	adv
lycan	noun
swelter	noun
monotheism	noun
augury	noun
leprous	adj
baitfish	noun
nightwatch	noun
tait	noun
oik	noun
sufferance	noun
damnably	adv
unbelief	noun
aggy	adj
publicise	verb
idolise	verb
collodion	noun
shirttail	noun
proscenium	noun
truism	noun
argyll	noun
defeatism	noun
timberline	noun
creationism	noun
jacobin	noun
counterrevolution	noun
foulness	noun
tonite	noun
tabes	noun
seemly	adj
aglet	noun
clough	noun
thal	noun
luncheonette	noun
perkin	noun
baya	noun
categorise	verb
manja	noun
cadaveric	adj
thaler	noun
salutary	adj
socialising	noun
galavant	verb
cardiogram	noun
eiderdown	noun
contuse	verb
trammel	noun
taw	noun
grunion	noun
ecumenical	adj
canonization	noun
balustrade	noun
presentiment	noun
gimme	noun
jejune	adj
hornblower	noun
popinjay	noun
astrakhan	noun
trillo	noun
guardroom	noun
jilting	noun
wagonload	noun
nek	noun
botty	noun
rationalism	noun
overawe	verb
soundman	noun
lethally	adv
fet	noun
deric	adj
dropsy	noun
bolshie	noun
unobserved	adj
cose	verb
nonexistence	noun
sapsucker	noun
parti	noun
rolley	noun
walkathon	noun
doddle	noun
bloodstone	noun
imposture	noun
unshaved	adj
yob	noun
hantavirus	noun
makar	noun
appro	noun
sartorius	noun
starkers	adj
chastisement	noun
mortise	noun
unknow	verb
boychik	noun
bilby	noun
sacker	noun
snerk	verb
redback	noun
maidenly	adj
trow	noun
haole	noun
capstan	noun
waugh	verb
trib	verb
exultation	noun
signalman	noun
forecastle	noun
begetting	noun
slattern	noun
hatchway	noun
carraway	noun
nystagmus	noun
reinterview	verb
legato	noun
scriptural	adj
embarcadero	noun
paar	noun
maleness	noun
perforce	adv
expensively	adv
bure	noun
Fijian	adj
cheerless	adj
chol	noun
muggins	noun
charterhouse	noun
anthropologically	adv
depravation	noun
unhallow	verb
maxilla	noun
diskette	noun
selah	noun
otitis	noun
undemanding	adj
charwoman	noun
loverly	adj
thimbleful	noun
abominably	adv
demoiselle	noun
gunge	noun
semple	adj
roentgen	noun
Bhutanese	adj
wakeman	noun
palatine	noun
parasitical	adj
foreknowledge	noun
everyplace	adv
sorel	noun
moneyman	noun
flashover	noun
tinhorn	noun
busman	noun
sawbones	noun
pritch	verb
untutored	adj
precog	noun
savouring	noun
synchronise	verb
pinstriped	adj
ragtop	noun
archy	noun
centralised	adj
Mycenaean	adj
cogito	noun
munter	noun
mandelbrot	noun
magnetics	noun
legibly	adv
Britannic	adj
moosh	noun
mammo	noun
narra	noun
snowcap	noun
plectrum	noun
clingfilm	noun
tournedo	noun
whereof	pron
cakehole	noun
orthopod	noun
introducer	noun
unbless	verb
blondy	noun
meaner	noun
tesseract	noun
impeller	noun
mothe	verb
ferrier	noun
fagin	noun
voiceprint	noun
biffy	noun
roadmaster	noun
nakedly	adv
capel	noun
signum	noun
necessaries	noun
jabberwocky	noun
mollusc	noun
quiller	noun
weel	noun
gentility	noun
overman	noun
coady	noun
viewscreen	noun
nembutal	noun
oleh	noun
mirabilis	noun
huss	noun
thereon	adv
dissembling	noun
spoor	noun
twinky	adj
typographical	adj
bioman	noun
cinematograph	noun
calender	noun
nightwatchman	noun
liane	noun
ribald	noun
gilder	noun
eyetooth	noun
coincident	adj
axeman	noun
jerboa	noun
manoeuvring	noun
interbreeding	noun
capitalise	verb
heliotrope	noun
sharktopus	noun
lawgiver	noun
pulver	verb
ital	noun
wanger	noun
bacteriological	adj
trooping	noun
pommy	noun
seperate	verb
applecart	noun
hubbie	noun
teleprinter	noun
tartuffe	noun
tunnelling	noun
notepaper	noun
devolution	noun
skiffle	noun
tachometer	noun
scepticism	noun
stifler	noun
fanon	noun
naturism	noun
botheration	noun
resultant	adj
carboy	noun
diocesan	noun
glady	adj
palimony	noun
shambling	noun
Koman	adj
supervolcano	noun
epicentre	noun
tinta	noun
arrowsmith	noun
watercolour	noun
meekness	noun
inflationary	adj
biogenic	adj
spectrograph	noun
palfrey	noun
poltroon	noun
prophesying	noun
stinkweed	noun
dyspepsia	noun
atter	noun
eastland	noun
barque	noun
towpath	noun
favourably	adv
jigaboo	noun
aping	noun
hereto	adv
vis	noun
SWE	adj
lave	noun
vicuna	noun
secondment	noun
rissole	noun
discolour	verb
pimpernel	noun
Lenten	adj
threepenny	noun
fervour	noun
Aventine	adj
yid	noun
spermatozoon	noun
pling	noun
adamantium	noun
woolsey	noun
amidships	adv
mountebank	noun
buttle	verb
boffing	noun
agronomist	noun
stickman	noun
kina	noun
avuncular	adj
necker	noun
kreplach	noun
unburn	verb
buttonhook	noun
quinella	noun
magilla	noun
indiscrete	adj
kyat	noun
goodby	noun
lilliput	noun
bloater	noun
brigantine	noun
phy	noun
classifier	noun
scow	noun
ornithological	adj
wahine	noun
barby	adj
phenelzine	noun
scuzzball	noun
eppy	noun
Carthaginian	adj
ecotone	noun
boatwright	noun
goatskin	noun
dint	noun
chequebook	noun
chronograph	noun
whereto	adv
belote	noun
vivacity	noun
wooer	noun
haughtiness	noun
vipassana	noun
prater	noun
frigidity	noun
broadminded	adj
ahjussi	noun
orderliness	noun
scopa	noun
kuromitsu	noun
kanzo	noun
Haken	adj
sansei	noun
moki	noun
harami	noun
vadi	noun
mendicant	noun
unpollute	verb
phosgene	noun
unreliability	noun
seonbae	noun
govt	noun
torp	noun
puritanism	noun
Orthodox	adj
indebtedness	noun
manimal	noun
shambo	noun
sarn	noun
alastor	noun
rutter	noun
shanker	noun
ain	noun
hakam	noun
piastre	noun
prioress	noun
choleric	noun
immer	noun
wye	noun
expediter	noun
bioelectric	adj
poolroom	noun
hereabout	adv
countermanding	noun
bedstead	noun
gweilo	noun
curlew	noun
leaden	verb
triborough	adj
jaunting	noun
TME	adj
kalen	noun
wadding	noun
asocial	noun
plenipotentiary	noun
Judean	adj
sackful	noun
rubidium	noun
toleration	noun
Titanic	adj
cag	noun
lagger	noun
carriageway	noun
carling	noun
estimable	adj
eyrie	noun
oaken	adj
braciola	noun
colonise	verb
tober	noun
Bulgar	adj
Hellenistic	adj
talus	noun
vespasian	noun
microscopy	noun
pilcher	noun
monkeyshine	noun
dunder	noun
wonderboy	noun
Kentish	adj
Cyprian	adj
colobus	noun
fusty	adj
berthe	noun
benight	verb
chasseur	noun
copland	noun
psychoanalytical	adj
slee	adj
plainsong	noun
mandom	noun
fazenda	noun
jarry	adj
vacuole	noun
kerf	noun
sagamore	noun
quilter	noun
keelhaul	verb
thwaite	noun
marvellously	adv
clicka	noun
tiburon	noun
subito	adv
bronzing	noun
uttermost	noun
halloo	noun
fibreglass	noun
linsey	noun
upsurge	noun
cheeta	noun
startlingly	adv
languorous	adj
telstar	noun
mazuma	noun
chorister	noun
coproduction	noun
sceptic	noun
manitou	noun
mantid	noun
starbase	noun
vindicator	noun
isolinear	adj
apse	noun
vibs	noun
carvery	noun
soldiery	noun
subcommander	noun
threepeat	noun
tokay	noun
thuggee	noun
bolar	adj
wark	noun
prussic	adj
minger	noun
sheva	noun
twining	noun
blackleg	noun
whereon	adv
buller	noun
gelder	noun
dustman	noun
mechanization	noun
seacoast	noun
mainstreaming	noun
shako	noun
koker	noun
insupportable	adj
maltreatment	noun
houselight	noun
dyad	noun
pizer	noun
bowyer	noun
nihil	noun
motty	adj
matins	noun
noway	adv
trod	noun
etheric	adj
heffalump	noun
indictable	adj
boka	noun
foundering	noun
unauthorised	adj
restive	adj
gyle	noun
untranslated	adj
tattooer	noun
effete	adj
gett	noun
sextet	noun
rebec	noun
multivariate	noun
freestone	noun
yellowcake	noun
dewan	noun
peignoir	noun
alcazar	noun
lassy	noun
palaeontology	noun
grat	noun
undistinguished	adj
venial	adj
podgy	adj
odourless	adj
hern	noun
perigee	noun
saturnalia	noun
mesosphere	noun
withe	noun
deathwatch	noun
paraneoplastic	adj
handicapping	noun
piously	adv
bourdon	noun
flanken	noun
Abyssinia	adj
inviolate	adj
funiculus	noun
longlegs	noun
cosie	adj
laundrette	noun
bluesman	noun
unutterable	noun
schist	noun
parkside	adj
waltzer	noun
palimpsest	noun
pedes	noun
snively	adj
galatea	noun
creasy	adj
swineherd	noun
trishna	noun
slue	noun
reata	noun
rhum	noun
hazelwood	noun
atheistic	adj
icehouse	noun
stochastic	adj
fingermark	noun
wisenheimer	noun
poetics	noun
levan	noun
antiserum	noun
cordite	noun
unix	noun
agee	adv
abey	verb
profitably	adv
cond	adj
cyberman	noun
greyfriar	noun
spinney	noun
norther	noun
prurient	adj
straightway	noun
typesetting	noun
chauffer	noun
dermo	noun
ganger	noun
borgo	noun
boaster	noun
familiarise	verb
gauleiter	noun
tabun	noun
sipe	noun
runabout	noun
blockhouse	noun
copybook	noun
cully	noun
vinaya	noun
Keynesian	adj
trainload	noun
chek	noun
wive	verb
volcanism	noun
mechanistic	adj
bicky	noun
untax	verb
slivovitz	noun
entente	noun
evensong	noun
synod	noun
penner	noun
fuller	noun
trife	noun
choler	noun
chabot	noun
adventuress	noun
woodbine	noun
proscribe	verb
arbour	noun
dallier	noun
tranquilliser	noun
ostracise	verb
riverrun	noun
stupa	noun
blamey	adj
wist	verb
victual	noun
expiation	noun
missis	noun
kvass	noun
boab	noun
stonecutter	noun
typesetter	noun
mechanise	verb
piragua	noun
foresail	noun
jerko	noun
drabble	noun
seigneur	noun
scrofula	noun
birling	noun
tramble	verb
deuced	adj
lanner	noun
gudgeon	noun
hullo	noun
repugnance	noun
korban	noun
sympathiser	noun
drosophila	noun
nitromethane	noun
jist	adv
dst	noun
wittering	noun
navvy	noun
gaswork	noun
catarrh	noun
demob	verb
gip	noun
oakum	noun
quinze	noun
dibber	noun
naphthalene	noun
haemoglobin	noun
tatler	noun
haematoma	noun
fraternise	verb
brumby	noun
oratorio	noun
headwaiter	noun
hookey	noun
kittie	noun
blain	noun
stiver	noun
welcher	noun
chaffinch	noun
fayre	noun
skilfully	adv
baksheesh	noun
pointlessness	noun
shattuck	noun
overweening	noun
voluptuousness	noun
mordant	noun
favouritism	noun
katyusha	noun
linkup	noun
cager	noun
nephritis	noun
venturi	noun
oper	noun
honeybunny	noun
tedder	noun
goona	noun
protoplasm	noun
ziff	noun
auster	noun
variola	noun
antigovernment	noun
adipocere	noun
ESN	adj
crapper	noun
bleeper	noun
slipway	noun
monograph	noun
abounding	noun
batavia	noun
beaty	adj
inhumanly	adv
hawkie	noun
brak	noun
fishscale	noun
baseness	noun
malle	noun
sandesh	noun
mummyji	noun
footmark	noun
indri	noun
hoopoe	noun
marceline	noun
ansa	noun
chikuwa	noun
gohei	noun
uji	noun
eboshi	noun
campanella	noun
vola	noun
nagara	noun
gally	noun
sudd	noun
ragini	noun
flambeau	noun
smilingly	adv
loong	noun
requiescat	noun
coking	noun
foehn	noun
trema	noun
partido	noun
wending	noun
tunny	noun
toller	noun
zonda	noun
automan	noun
kif	noun
infanta	noun
urticaria	noun
hambo	noun
coverlet	noun
zarda	noun
creat	noun
garrulous	adj
pirogue	noun
conto	noun
chib	noun
murr	noun
dand	noun
tass	noun
prating	noun
bustard	noun
duchesse	noun
toft	noun
ectopy	noun
doxy	noun
godness	noun
merrie	adj
superscript	noun
bogatyr	noun
conniver	noun
petto	noun
adroit	adj
timmer	noun
guarana	noun
hydrophone	noun
sabretooth	noun
brindisi	noun
poussin	noun
malic	adj
corbeau	noun
industrialise	verb
cheven	verb
fane	noun
benthic	noun
dearest	noun
telomerase	noun
saurian	noun
unquiet	verb
geoengineering	noun
tuya	noun
bonce	noun
coloratura	noun
haddie	noun
archdeacon	noun
sence	noun
murri	noun
tetrarch	noun
subscript	noun
zillah	noun
quilly	adj
madder	noun
rataplan	noun
CBE	adj
Vesuvian	adj
polarise	verb
clanker	noun
pellagra	noun
everynight	adj
wangler	noun
alcaide	noun
tarin	noun
scowler	noun
asham	noun
conveyancing	noun
thoron	noun
nanoprobe	noun
missal	noun
ashame	verb
kewl	adj
nimbo	noun
turlough	noun
pendent	adj
gedge	verb
starfighter	noun
shive	noun
olivet	noun
intertitle	noun
banku	noun
repulsor	noun
whatshisname	noun
womanise	verb
benna	noun
mulla	noun
stenchy	adj
unaligned	adj
coalman	noun
centroid	noun
chiffre	noun
grebe	noun
liopleurodon	noun
steg	verb
tokoloshe	noun
hayfield	noun
bord	noun
cockalorum	noun
doit	noun
addon	noun
picayune	noun
straightly	adv
louche	noun
grassing	noun
histology	noun
beery	adj
bollix	noun
pross	noun
microraptor	noun
swelling	noun
knavish	adj
homburg	noun
infallibility	noun
timorous	adj
rozzer	noun
shooted	adj
aver	noun
sweeping	noun
yed	noun
wieldy	adj
spectrographic	adj
Jovian	adj
stripling	noun
leastwise	adv
bacha	noun
lycee	noun
lep	noun
thinny	noun
spectroscope	noun
kettler	noun
mainspring	noun
oriel	noun
wilder	verb
sagacity	noun
thorin	noun
AOT	adj
kyodai	noun
touchingly	adv
peed	noun
neurosurg	noun
benzal	noun
trog	noun
womanish	adj
ashwood	noun
coble	noun
postern	noun
clavier	noun
parching	noun
bedwarmer	noun
farthingale	noun
Arcadian	adj
lory	noun
pake	noun
deedy	adj
rimrock	noun
nalla	noun
fulsome	adj
ptomaine	noun
thew	noun
borrowing	noun
demitasse	noun
praecox	noun
aedile	noun
worthily	adv
Capitoline	adj
clary	noun
satis	adj
academician	noun
bazin	noun
obligingly	adv
conformism	noun
phlox	noun
crower	noun
neta	noun
brane	noun
cutwater	noun
stosh	noun
commissariat	noun
souther	noun
gribble	noun
lyssa	noun
galvanised	adj
nationalise	verb
refuelling	noun
Moravian	adj
tillet	noun
munga	noun
grubstake	noun
slimline	adj
videodrome	noun
righter	noun
stoneman	noun
jakie	noun
mossie	noun
barish	adj
surd	noun
undersheriff	noun
memsahib	noun
exult	verb
contriving	noun
metis	noun
millinery	noun
blackthorn	noun
kneck	noun
brickworks	noun
carnelian	noun
senex	noun
sesterce	noun
lally	noun
hickock	noun
whitewood	noun
LFL	adj
bearnaise	noun
dorr	noun
idealise	verb
Seelie	adj
Wagnerian	adj
thicky	noun
negus	noun
poley	adj
buckboard	noun
hutter	noun
lumpen	noun
remodelling	noun
wheelwright	noun
farad	noun
benefactress	noun
frell	verb
Asgardian	adj
regenesis	noun
mischance	noun
lully	noun
Hanoverian	adj
crofter	noun
mystification	noun
bice	noun
dring	noun
synthesise	verb
sandhog	noun
pwnage	noun
preces	noun
Wenlock	adj
stingo	noun
fen	noun
eeling	noun
panelling	noun
fadeout	noun
dubonnet	noun
longshanks	noun
morphia	noun
spiv	noun
agonised	adj
theodolite	noun
naze	noun
fuser	noun
endeavouring	noun
colonisation	noun
blacker	noun
masque	noun
decorous	adj
lisle	noun
perplexity	noun
legalise	verb
balls	verb
haddy	noun
kiff	adj
dragonslayer	noun
kingy	noun
recapitulate	verb
bethink	verb
Thracian	adj
ethnologist	noun
chetnik	noun
aquiline	adj
rumaki	noun
bridgework	noun
abnegation	noun
planchet	noun
galvanic	adj
mercuric	adj
fancier	noun
keener	noun
sluttish	adj
drummy	noun
wilden	verb
treacher	noun
foramen	noun
dispo	noun
ravager	noun
enty	adj
cahier	noun
flexo	noun
mandrel	noun
damson	noun
ashcan	noun
catgut	noun
peptic	noun
collegium	noun
nappa	noun
aul	noun
stane	noun
koot	noun
cragger	noun
wassail	noun
tarr	noun
katzenjammer	noun
martinet	noun
foppish	adj
latigo	noun
showplace	noun
gunnel	noun
fagot	verb
guyver	noun
bioscope	noun
scalar	noun
brickhouse	noun
Moslem	adj
scroogie	noun
regularization	noun
alexandrine	noun
parthenogenesis	noun
checkroom	noun
reproof	noun
languor	noun
cordy	adj
chambon	noun
bif	noun
honourably	adv
tarok	noun
Wilhelmine	adj
tichy	adj
inmost	noun
privatisation	noun
munshi	noun
silambam	noun
coster	noun
teetotaller	noun
hosepipe	noun
shakal	noun
sulphide	noun
Abyssinian	adj
ladieswear	noun
picklock	noun
stromatolite	noun
philia	noun
marring	noun
martingale	noun
gansa	noun
Germanic	adj
praetor	noun
lycoris	noun
chuni	noun
protease	noun
samsa	noun
tuath	noun
interferometer	noun
medlab	noun
arent	noun
zira	noun
rammer	noun
gravitationally	adv
melik	noun
beatitude	noun
capellini	noun
halfa	noun
abyssal	adj
trackless	adj
thereupon	adv
unreason	verb
roky	adj
falbala	noun
eking	noun
gleaner	noun
jone	verb
chala	noun
Shan	adj
tazi	noun
decurion	noun
missa	noun
specie	noun
inadequately	adv
graver	noun
rille	noun
tollman	noun
procuress	noun
gumiho	noun
taotie	noun
bouilli	noun
chose	noun
clas	noun
makepeace	noun
aforesaid	adj
berimbau	noun
sabin	noun
Borel	adj
luff	noun
santero	noun
histological	adj
ultimo	adv
sauerbraten	noun
unbirthday	noun
intendant	noun
magatama	noun
jurel	noun
cabman	noun
masago	noun
talion	noun
victimise	verb
antifascist	noun
foully	adv
yean	verb
quirt	noun
beggarly	adj
sixtieth	noun
palmyra	noun
torchwood	noun
pech	verb
prevert	noun
padishah	noun
kero	noun
kanun	noun
phaeton	noun
zek	noun
ribavirin	noun
tuzla	noun
bookbinder	noun
takuan	noun
chignon	noun
marcato	adv
Talmudic	adj
compeer	verb
varpu	noun
socialistic	adj
railwayman	noun
sich	noun
verstehen	noun
foon	noun
synchronizer	noun
delph	noun
tribemate	noun
rya	noun
torpor	noun
creditable	adj
tricolour	noun
railhead	noun
cursus	noun
rectifier	noun
penge	noun
SANE	adj
willet	noun
unbend	verb
