人	ひと	n
日	ひ	n
年	とし	n
月	つき	n
見	み	n
という	という	exp
中	なか	n
何	なに	pn
私	わたくし	pn
時	とき	n
今	いま	n
方	ほう	n
として	として	exp
日本	にほん	n
自分	じぶん	pn
俺	おれ	pn
前	まえ	n
気	き	n
時間	じかん	n
でしょ	でしょ	exp
目	め	n
できる	できる	v1
話	はなし	n
事	こと	n
出	で	n
思う	おもう	v5u
分	ぶん	n
家	いえ	n
円	えん	n
後	あと	n
ください	ください	exp
二	に	
好き	すき	adj-na
良い	よい	adj-i
性	せい	n
上	うえ	n
回	かい	ctr
考え	かんがえ	n
感じ	かんじ	n
必要	ひつよう	adj-na
そんな	そんな	
なんて	なんて	n
万	まん	
ちょっと	ちょっと	adv
世界	せかい	n
他	ほか	n
本	ほん	n
誰	だれ	pn
ありがとう	ありがとう	int
ところ	ところ	n
仕事	しごと	vs
言う	いう	v5u
市	いち	n
県	あがた	n
あなた	あなた	pn
こんな	こんな	
について	について	exp
られる	られる	v1
同じ	おなじ	n
問題	もんだい	n
度	ど	n
系	けい	n
手	て	n
みんな	みんな	n
ゲーム	ゲーム	n
そして	そして	conj
思い	おもい	n
情報	じょうほう	n
くらい	くらい	adj-i
三	さん	
関係	かんけい	vs
くれる	くれる	v1
会	かい	n
僕	ぼく	pn
力	ちから	n
国	くに	n
しかし	しかし	conj
今日	きょう	n
本当に	ほんとうに	adv
以上	いじょう	n
可能	かのう	adj-na
場合	ばあい	adv
多い	おおい	adj-i
子	こ	n
車	くるま	n
金	きん	n
男	おとこ	n
間	あいだ	n
なんか	なんか	vs
出来	でき	n
所	ところ	n
人間	にんげん	n
名	めい	ctr
女	おんな	n
位	くらい	n
様	よう	n
行く	いく	v5k-s
入れ	いれ	n
欲しい	ほしい	adj-i
無い	ない	adj-i
ましょ	ましょ	n
女性	じょせい	n
東京	とうきょう	n
見る	みる	v1
意味	いみ	vs
一緒	いっしょ	adv
多く	おおく	n
君	きみ	pn
ござい	ござい	n
によって	によって	exp
もっと	もっと	adv
使用	しよう	vs
店	たな	n
悪い	わるい	adj-i
生	なま	n
結果	けっか	vs
しまう	しまう	v5u
先	さき	n
内	うち	n
写真	しゃしん	n
参加	さんか	vs
感	かん	n
物	もの	n
顔	かお	n
お願い	おねがい	vs
だって	だって	conj
会社	かいしゃ	n
声	こえ	n
最近	さいきん	n
用	よう	n
違う	ちがう	v5u
による	による	v5r
十	じゅう	
少し	すこし	adv
時代	じだい	n
頭	あたま	n
いつも	いつも	adv
お前	おまえ	pn
アメリカ	アメリカ	n
代	だい	n
子供	こども	n
彼	あれ	pn
心	しん	n
高	こう	n
こちら	こちら	pn
アニメ	アニメ	n
サイト	サイト	n
名前	なまえ	n
無料	むりょう	n
版	はん	n
神	かみ	n
下	した	n
元	もと	n
別	べつ	n
場所	ばしょ	n
最後	さいご	n
部	ぶ	n
高い	たかい	adj-i
一番	いちばん	n
出し	だし	n
受け	うけ	n
大丈夫	だいじょうぶ	adj-na
町	まち	n
言葉	ことば	n
奴	やっこ	n
映画	えいが	n
点	てん	n
社会	しゃかい	n
方法	ほうほう	n
最初	さいしょ	n
理由	りゆう	n
相手	あいて	n
見え	みえ	n
すごい	すごい	adj-i
とても	とても	adv
体	たい	n
作品	さくひん	n
動画	どうが	vs
型	かた	n
始め	はじめ	n
彼女	かのじょ	pn
頃	ころ	n
駅	えき	n
ちゃう	ちゃう	v5u
らしい	らしい	
下さい	ください	exp
企業	きぎょう	n
利用	りよう	vs
存在	そんざい	vs
曲	きょく	n
漫画	まんが	n
無理	むり	adj-na
現在	げんざい	n
わかる	わかる	v5r
以外	いがい	n
水	みず	n
行き	いき	n
事件	じけん	n
普通	ふつう	n
番	ばん	n
通り	とおり	adv
女子	めこ	n
学校	がっこう	n
得	とく	adj-na
最高	さいこう	n
状態	じょうたい	n
画像	がぞう	n
発売	はつばい	vs
簡単	かんたん	adj-na
約	やく	adv
絶対	ぜったい	adv
中国	ちゅうごく	n
側	そば	n
先生	せんせい	n
実際	じっさい	n
気持ち	きもち	n
確認	かくにん	vs
開催	かいさい	vs
すぎる	すぎる	v1
ほしい	ほしい	adj-i
今回	こんかい	n
全部	ぜんぶ	n
夜	よる	n
テレビ	テレビ	n
個人	こじん	n
外	そと	n
教え	おしえ	n
早く	はやく	adv
枚	まい	ctr
機	き	n
法	ほう	n
結婚	けっこん	vs
ずっと	ずっと	adv
一つ	ひとつ	
出来る	できる	v1
初めて	はじめて	adv
友達	ともだち	n
場	ば	n
生活	せいかつ	vs
色	いろ	n
ダメ	だめ	adj-na
かなり	かなり	n
どんな	どんな	
により	により	n
人気	にんき	n
公開	こうかい	vs
初	うぶ	adj-na
区	く	n
新しい	あたらしい	adj-i
理解	りかい	vs
さらに	さらに	adv
全て	すべて	n
内容	ないよう	n
向け	むけ	n
大阪	おおさか	n
女の子	おんなのこ	exp
娘	むすめ	n
対応	たいおう	vs
放送	ほうそう	vs
活動	かつどう	vs
状況	じょうきょう	n
登場	とうじょう	vs
販売	はんばい	vs
音	おと	n
ネット	ネット	n
出る	でる	v1
夢	ゆめ	n
大変	たいへん	adv
完全	かんぜん	adj-na
技術	ぎじゅつ	n
特に	とくに	adv
研究	けんきゅう	vs
説明	せつめい	vs
そういう	そういう	
式	しき	n
発表	はっぴょう	vs
道	みち	n
風	ふう	adj-na
お金	おかね	n
たくさん	たくさん	n
もちろん	もちろん	adv
イベント	イベント	n
システム	システム	n
一般	いっぱん	n
件	けん	n
攻撃	こうげき	vs
無	む	n
自身	じしん	n
部分	ぶぶん	n
電話	でんわ	vs
ちゃんと	ちゃんと	vs
ニュース	ニュース	n
マジ	まじ	adj-na
予定	よてい	vs
全員	ぜんいん	n
口	くち	n
愛	あい	n
戦争	せんそう	vs
明日	あした	n
登録	とうろく	vs
確か	たしか	adj-na
紹介	しょうかい	vs
良く	よく	adv
花	はな	n
すべて	すべて	n
号	ごう	n
機能	きのう	vs
計画	けいかく	vs
設定	せってい	vs
調査	ちょうさ	vs
重要	じゅうよう	adj-na
かわいい	かわいい	adj-i
これから	これから	n
なきゃ	なきゃ	exp
に対して	にたいして	exp
チーム	チーム	n
人生	じんせい	n
使う	つかう	v5u
員	いん	n
形	かた	n
昔	むかし	n
朝	ちょう	n
来る	くる	vk
生き	いき	n
目的	もくてき	n
自由	じゆう	n
記事	きじ	n
過ぎ	すぎ	n
開始	かいし	vs
開発	かいはつ	vs
際	きわ	n
地	じ	n
家族	かぞく	n
影響	えいきょう	n
政府	せいふ	n
男性	だんせい	n
部屋	へや	n
限定	げんてい	vs
韓国	かんこく	n
にとって	にとって	exp
やっぱり	やっぱり	adv
地域	ちいき	n
基本	きほん	n
夏	なつ	n
姿	すがた	n
期間	きかん	n
注意	ちゅうい	vs
率	りつ	n
管理	かんり	vs
英語	えいご	n
街	がい	n
だから	だから	conj
カード	カード	n
大学	だいがく	n
室	しつ	n
強い	つよい	adj-i
撮影	さつえい	vs
質問	しつもん	vs
長	ちょう	n
やすい	やすい	adj-i
以前	いぜん	n
安全	あんぜん	n
戦	いくさ	n
決定	けってい	vs
為	ため	n
王	おう	n
見える	みえる	v1
記念	きねん	vs
足	あし	n
軍	ぐん	n
連絡	れんらく	vs
エロ	エロ	adj-na
シリーズ	シリーズ	n
ライブ	ライブ	n
以下	いか	n
入り	いり	n
公式	こうしき	n
大きな	おおきな	
大事	だいじ	adj-na
毎日	まいにち	n
終了	しゅうりょう	vs
違い	ちがい	n
音楽	おんがく	n
ほとんど	ほとんど	n
まとめ	まとめ	n
アプリ	アプリ	n
マン	マン	n
モデル	モデル	n
個	こ	ctr
効果	こうか	n
寝	ね	n
政治	せいじ	n
書	しょ	n
期待	きたい	vs
病院	びょういん	n
着	ちゃく	ctr
結構	けっこう	adj-na
行動	こうどう	vs
過去	かこ	n
あまり	あまり	n
こっち	こっち	adv
期	き	n
歴史	れきし	n
派	は	n
米	メートル	n
線	せん	n
覚え	おぼえ	n
話し	はなし	n
こいつ	こいつ	pn
において	において	exp
イメージ	イメージ	vs
バカ	ばか	n
レベル	レベル	n
一部	いちぶ	adv
台	だい	n
実は	じつは	exp
最終	さいしゅう	n
楽しみ	たのしみ	adj-na
海外	かいがい	n
犬	いぬ	n
考える	かんがえる	v1
評価	ひょうか	vs
警察	けいさつ	n
追加	ついか	vs
選手	せんしゅ	n
関連	かんれん	vs
っていう	っていう	conj
わかり	わかり	n
クソ	くそ	int
サービス	サービス	vs
作る	つくる	v5r
光	ひかり	n
全く	まったく	adv
全国	ぜんこく	n
希望	きぼう	vs
怖い	こわい	adj-i
教育	きょういく	vs
母	はは	n
海	うみ	n
特別	とくべつ	adj-na
番組	ばんぐみ	n
週間	しゅうかん	n
面白い	おもしろい	adj-i
いただき	いただき	n
じゃあ	じゃあ	conj
その後	そのあと	exp
なんで	なんで	adv
デザイン	デザイン	vs
主	ぬし	n
事故	じこ	n
事業	じぎょう	n
付け	つけ	n
全然	ぜんぜん	adv
千	せん	
環境	かんきょう	n
社	しゃ	n
経済	けいざい	n
議員	ぎいん	n
近く	ちかく	n
つまり	つまり	adv
データ	データ	n
ファン	ファン	n
メール	メール	vs
リンク	リンク	vs
ヶ月	かげつ	ctr
変え	かえ	n
嫌	いや	adj-na
専門	せんもん	n
成功	せいこう	vs
持つ	もつ	v5t
文化	ぶんか	n
映像	えいぞう	n
検索	けんさく	vs
死ぬ	しぬ	v5n
父	ちち	n
発見	はっけん	vs
与え	あたえ	n
主義	しゅぎ	n
出演	しゅつえん	vs
協力	きょうりょく	vs
品	しな	n
嘘	うそ	n
最大	さいだい	n
本当	ほんとう	n
程度	ていど	n
色々	いろいろ	adj-na
落ち	おち	n
逆	ぎゃく	n
量	りょう	n
プロ	プロ	n
メンバー	メンバー	n
今年	ことし	n
代表	だいひょう	vs
変更	へんこう	vs
多分	たぶん	adv
契約	けいやく	vs
心配	しんぱい	vs
敵	かたき	n
昨日	きのう	n
猫	ねこ	n
生まれ	うまれ	n
発生	はっせい	vs
組	くみ	n
経験	けいけん	vs
絵	え	n
興味	きょうみ	n
話題	わだい	n
責任	せきにん	n
酒	さけ	n
限り	かぎり	n
難しい	むずかしい	adj-i
バス	バス	n
ブログ	ブログ	n
ポイント	ポイント	vs
元気	げんき	adj-na
入る	はいる	v5r
可愛い	かわいい	adj-i
商品	しょうひん	n
対象	たいしょう	n
小	しょう	n
年間	ねんかん	n
支援	しえん	vs
残念	ざんねん	adj-na
決め	きめ	n
白	はく	n
百	ひゃく	
終わり	おわり	n
被害	ひがい	n
試し	ためし	n
語	ご	n
運転	うんてん	vs
選挙	せんきょ	vs
非常	ひじょう	n
面	めん	n
々	のま	
に対する	にたいする	exp
タイプ	タイプ	n
企画	きかく	vs
使い	つかい	n
億	おく	
勉強	べんきょう	vs
報告	ほうこく	vs
彼ら	かれら	pn
星	ほし	n
服	ふく	n
流れ	ながれ	n
移動	いどう	vs
行う	おこなう	v5u
表示	ひょうじ	vs
記録	きろく	n
間違い	まちがい	n
すごく	すごく	adv
スポーツ	スポーツ	n
チェック	チェック	n
全体	ぜんたい	n
変	へん	adj-na
妻	つま	n
嫌い	きらい	adj-na
文字	もじ	n
施設	しせつ	vs
最も	もっとも	adv
楽しい	たのしい	adj-i
秒	びょう	n
笑	わら	exp
能力	のうりょく	n
観	かん	n
訳	わけ	n
誕生	たんじょう	vs
運動	うんどう	vs
配信	はいしん	vs
その他	そのほか	exp
つもり	つもり	n
とりあえず	とりあえず	adv
なかなか	なかなか	adv
一方	いっぽう	n
価値	かち	n
保護	ほご	vs
倍	ばい	n
官	つかさ	n
意識	いしき	vs
感じる	かんじる	v1
木	き	n
権	けん	n
詳細	しょうさい	n
認め	みとめ	n
調べ	しらべ	n
黒	くろ	n
こういう	こういう	
作り	つくり	n
周	しゅう	n
味	あじ	n
失敗	しっぱい	vs
展開	てんかい	vs
山	やま	n
担当	たんとう	vs
提供	ていきょう	vs
時期	じき	n
気分	きぶん	n
求め	もとめ	n
答え	こたえ	n
精神	せいしん	n
組織	そしき	vs
買う	かう	v5u
飲み	のみ	n
高校	こうこう	n
しっかり	しっかり	vs
そのまま	そのまま	adv
それぞれ	それぞれ	n
タイトル	タイトル	n
中心	ちゅうしん	n
交換	こうかん	vs
割	わり	n
原因	げんいん	vs
大人	たいじん	n
嬉しい	うれしい	adj-i
学生	がくしょう	n
安心	あんしん	vs
幸せ	しあわせ	n
投稿	とうこう	vs
歌	うた	n
死	し	n
薬	くすり	n
表現	ひょうげん	vs
解決	かいけつ	vs
運営	うんえい	vs
いろいろ	いろいろ	adj-na
ごめん	ごめん	int
しかも	しかも	conj
そんなに	そんなに	adv
キャラ	キャラ	n
例	れい	n
危険	きけん	n
右	みぎ	n
営業	えいぎょう	vs
当時	とうじ	n
感謝	かんしゃ	vs
料理	りょうり	vs
日本人	にほんじん	n
自然	しぜん	n
きっと	きっと	adv
カメラ	カメラ	n
グループ	グループ	n
セット	セット	vs
ネタ	ねた	n
事実	じじつ	adv
出す	だす	v5s
判断	はんだん	vs
動物	どうぶつ	n
国内	こくない	n
大会	たいかい	n
大好き	だいすき	adj-na
巻	まき	n
師	し	n
想像	そうぞう	vs
春	はる	n
未	ひつじ	n
準備	じゅんび	vs
自動	じどう	n
記憶	きおく	vs
試合	しあい	vs
身	み	n
どっち	どっち	pn
ページ	ページ	n
今度	こんど	n
分かる	わかる	v5r
労働	ろうどう	vs
大きく	おおきく	adv
大切	たいせつ	adj-na
居	い	n
未来	みらい	n
沖縄	おきなわ	n
現実	げんじつ	n
用意	ようい	vs
科学	かがく	n
種	たね	n
結局	けっきょく	adv
美	び	n
親	おや	n
アップ	アップ	vs
ガン	ガン	n
ドラマ	ドラマ	n
上げ	あげ	n
予約	よやく	vs
仲間	なかま	n
位置	いち	vs
作	さく	n
印象	いんしょう	vs
反応	はんのう	vs
少ない	すくない	adj-i
島	しま	n
日本語	にほんご	n
本人	ほんにん	n
番号	ばんごう	n
空	そら	n
綺麗	きれい	adj-na
裏	うら	n
近い	ちかい	adj-i
銀行	ぎんこう	n
長い	ながい	adj-i
いっぱい	いっぱい	n
もらう	もらう	v5u
センター	センター	n
不明	ふめい	adj-na
京都	きょうと	n
出会い	であい	n
参考	さんこう	n
友人	ゆうじん	n
地球	ちきゅう	n
実施	じっし	vs
必ず	かならず	adv
更新	こうしん	vs
皆	みんな	n
購入	こうにゅう	vs
重	じゅう	n
階	かい	n
馬	うま	n
どうぞ	どうぞ	adv
シーン	シーン	n
スーパー	スーパー	n
ン	ン	n
人々	ひとびと	n
卒業	そつぎょう	vs
周り	まわり	n
四	し	
国民	こくみん	n
多	た	n
大統領	だいとうりょう	n
宇宙	うちゅう	n
対策	たいさく	n
少女	しょうじょ	n
携帯	けいたい	vs
時点	じてん	n
村	むら	n
正直	しょうじき	adj-na
皆さん	みなさん	n
真	しん	n
肉	にく	n
かかる	かかる	v5r
どちら	どちら	pn
なんと	なんと	adv
コメント	コメント	vs
トップ	トップ	n
以降	いこう	n
価格	かかく	n
合わせ	あわせ	n
学	がく	n
差	さ	n
弾	だん	ctr
息子	むすこ	n
明らか	あきらか	adj-na
楽	らく	n
止め	とどめ	n
消費	しょうひ	vs
火	か	n
犯罪	はんざい	n
監督	かんとく	vs
素晴らしい	すばらしい	adj-i
経営	けいえい	vs
船	ふね	n
良	りょう	n
読み	よみ	n
負け	まけ	n
通常	つうじょう	n
障害	しょうがい	vs
電車	でんしゃ	n
食べる	たべる	v1
または	または	conj
アイドル	アイドル	n
セックス	セックス	vs
ホテル	ホテル	n
ロシア	ロシア	n
作業	さぎょう	vs
値	あたい	n
国家	こっか	n
多数	たすう	n
役	やく	n
戦い	たたかい	n
疲れ	つかれ	n
祭	まつり	n
素敵	すてき	adj-na
続ける	つづける	v1
聞く	きく	v5k
脳	のう	n
艦	かん	n
行為	こうい	n
途中	とちゅう	n
非	ひ	n
おっぱい	おっぱい	n
たぶん	たぶん	adv
ほんと	ほんと	n
スタッフ	スタッフ	n
ドイツ	ドイツ	n
仕方	しかた	n
入れる	いれる	v1
制度	せいど	n
制限	せいげん	vs
取引	とりひき	vs
国際	こくさい	n
地方	じかた	n
士	し	n
完成	かんせい	vs
少年	しょうねん	n
方向	ほうこう	n
有名	ゆうめい	adj-na
本気	ほんき	n
森	もり	n
生産	せいさん	vs
石	いし	n
自己	じこ	n
ちなみに	ちなみに	conj
よろしく	よろしく	exp
ドル	ドル	n
付き	つき	n
会議	かいぎ	vs
健康	けんこう	n
分かり	わかり	n
勝手	かって	n
北	きた	n
北海道	ほっかいどう	n
半	はん	n
器	き	n
外国	がいこく	n
大量	たいりょう	adj-na
委員	いいん	n
左	ひだり	n
平成	へいせい	n
当然	とうぜん	n
恋	こい	n
旅	たび	vs
特徴	とくちょう	n
選択	せんたく	vs
野球	やきゅう	n
雨	あめ	n
食事	しょくじ	vs
魔法	まほう	n
これら	これら	pn
どういう	どういう	
に関して	にかんして	exp
ソフト	ソフト	adj-na
人物	じんぶつ	n
反対	はんたい	vs
名古屋	なごや	n
客	きゃく	n
専用	せんよう	vs
弁護士	べんごし	n
意見	いけん	vs
成長	せいちょう	vs
指定	してい	vs
採用	さいよう	vs
機関	きかん	n
無駄	むだ	n
発	はつ	n
箱	はこ	n
若い	わかい	adj-i
製	せい	n
買い	かい	n
赤	あか	n
逮捕	たいほ	vs
郡	ぐん	n
髪	かみ	n
わたし	わたし	n
スマホ	スマホ	n
パン	パン	n
ライン	ライン	n
ロック	ロック	n
予想	よそう	vs
今後	こんご	n
伝え	つたえ	n
医療	いりょう	n
南	ナン	n
命	いのち	n
変化	へんか	vs
夫	おっと	n
新聞	しんぶん	n
特定	とくてい	n
男子	だんし	n
編集	へんしゅう	vs
聞き	きき	n
読む	よむ	v5m
賞	しょう	n
通信	つうしん	vs
都	みやこ	n
集め	あつめ	n
さすが	さすが	adv
といった	といった	conj
における	における	exp
ひとつ	ひとつ	
もらい	もらい	n
オリジナル	オリジナル	n
カップ	カップ	n
テスト	テスト	vs
ド	ド	n
五	ご	
制作	せいさく	vs
壁	かべ	n
大きい	おおきい	adj-i
妹	いも	n
席	せき	n
掲載	けいさい	n
新た	あらた	adj-na
条件	じょうけん	n
現場	げんば	n
直接	ちょくせつ	adj-na
福岡	ふくおか	n
耳	みみ	n
観光	かんこう	vs
うまく	うまく	adv
けれど	けれど	conj
クラス	クラス	n
コード	コード	n
ランキング	ランキング	n
レ	レ	n
凄い	すごい	adj-i
応援	おうえん	vs
持ち	もち	n
枠	わく	n
治療	ちりょう	vs
法律	ほうりつ	n
破壊	はかい	vs
種類	しゅるい	n
級	きゅう	n
あたり	あたり	n
いくつ	いくつ	adv
すでに	すでに	adv
それでも	それでも	conj
なさい	なさい	exp
はじめ	はじめ	n
ツアー	ツアー	n
プレイ	プレイ	vs
ホント	ほんとう	n
不安	ふあん	n
事務所	じむしょ	n
使える	つかえる	v1
動き	うごき	n
取り	とり	n
小説	しょうせつ	n
局	きょく	n
州	しゅう	n
年齢	ねんれい	n
投票	とうひょう	vs
旅行	りょこう	vs
機会	きかい	n
活躍	かつやく	n
症	しょう	adj-na
美しい	うつくしい	adj-i
趣味	しゅみ	n
隊	たい	n
離れ	はなれ	n
飲む	のむ	v5m
おかしい	おかしい	adj-i
おはよう	おはよう	int
おめでとう	おめでとう	int
コーヒー	コーヒー	n
テーマ	テーマ	n
トイレ	トイレ	n
ハイ	ハイ	adj-na
プレゼント	プレゼント	n
ユーザー	ユーザー	n
丸	まる	n
代わり	かわり	n
勝利	しょうり	vs
土	つち	n
地震	じしん	n
失礼	しつれい	vs
安定	あんてい	vs
広告	こうこく	vs
早い	はやい	adj-i
武器	ぶき	n
画面	がめん	n
社長	しゃちょう	n
秋	あき	n
秘密	ひみつ	n
胸	むね	n
装置	そうち	vs
複数	ふくすう	n
論	ろん	n
謎	なぞ	n
迎え	むかえ	n
連続	れんぞく	vs
都市	とし	n
馬鹿	ばか	n
おかげ	おかげ	n
やはり	やはり	adv
オレ	オーレ	int
サッカー	サッカー	n
例えば	たとえば	adv
処理	しょり	vs
及び	および	conj
受ける	うける	v1
常に	つねに	adv
株式会社	かぶしきがいしゃ	n
正しい	ただしい	adj-i
満足	まんぞく	vs
生徒	せいと	n
科	か	n
米国	べいこく	n
紙	かみ	n
練習	れんしゅう	vs
費	ひ	n
食	しょく	n
あげる	あげる	v1
いずれ	いずれ	adv
っぽい	っぽい	adj-i
やっぱ	やっぱ	adv
ゆっくり	ゆっくり	vs
ジョン	ジョン	n
スタート	スタート	vs
ママ	ママ	n
メッセージ	メッセージ	n
メディア	メディア	n
メーカー	メーカー	n
主張	しゅちょう	vs
会場	かいじょう	n
会話	かいわ	vs
作戦	さくせん	n
制	せい	n
同様	どうよう	n
団体	だんたい	n
定期	ていき	n
導入	どうにゅう	vs
市場	しじょう	n
弟	おと	n
杯	はい	n
様々	さまざま	adj-na
横	よこ	n
物語	ものがたり	vs
申し訳	もうしわけ	vs
瞬間	しゅんかん	n
罪	つみ	n
電子	でんし	n
電気	でんき	n
いくら	いくら	n
とにかく	とにかく	adv
コース	コース	n
ビル	ビル	n
フランス	フランス	n
ブラック	ブラック	n
公演	こうえん	vs
合	ごう	n
地元	じもと	n
報道	ほうどう	vs
変わる	かわる	v5r
天	てん	n
小さい	ちいさい	adj-i
小さな	ちいさな	
川	かわ	n
市民	しみん	n
帰り	かえり	n
感覚	かんかく	vs
指導	しどう	vs
操作	そうさ	vs
普段	ふだん	n
横浜	よこはま	n
現代	げんだい	n
禁止	きんし	vs
総	そう	n
自体	じたい	n
遊び	あそび	n
集	しゅう	n
首	くび	n
あるいは	あるいは	conj
アクセス	アクセス	vs
サイズ	サイズ	n
スタイル	スタイル	n
バンド	バンド	n
フリー	フリー	adj-na
メイン	メイン	n
体験	たいけん	vs
借り	かり	n
兄	このかみ	n
八	はち	
冬	ふゆ	n
安い	やすい	adj-i
平和	へいわ	adj-na
広島	ひろしま	n
条	じょう	n
機械	きかい	n
殺し	ころし	n
穴	あな	n
舞台	ぶたい	n
設置	せっち	vs
雰囲気	ふんいき	n
頂き	いただき	n
そこで	そこで	conj
そろそろ	そろそろ	adv
なるほど	なるほど	exp
信頼	しんらい	vs
切れ	きれ	n
募集	ぼしゅう	vs
半分	はんぶん	adv
友	とも	n
店舗	てんぽ	n
感情	かんじょう	n
批判	ひはん	vs
既に	すでに	adv
業務	ぎょうむ	n
業界	ぎょうかい	n
無し	なし	n
発言	はつげん	vs
相当	そうとう	vs
相談	そうだん	vs
維持	いじ	vs
表	おもて	n
西	せい	n
要素	ようそ	n
視聴	しちょう	vs
解説	かいせつ	vs
言える	いえる	v1
設計	せっけい	vs
試験	しけん	vs
距離	きょり	n
身体	しんたい	n
雑誌	ざっし	n
青	あお	n
こんなに	こんなに	adv
まったく	まったく	adv
オープン	オープン	vs
クラブ	クラブ	n
スター	スター	n
タイム	タイム	n
リスト	リスト	n
仕様	しよう	n
公園	こうえん	n
努力	どりょく	vs
同時に	どうじに	adv
唯一	ゆいいつ	n
基準	きじゅん	n
始める	はじめる	v1
層	そう	n
得る	える	v1
復活	ふっかつ	vs
性格	せいかく	n
提案	ていあん	vs
最新	さいしん	n
東	あずま	n
桜	さくら	n
検査	けんさ	vs
比べ	くらべ	n
沢山	たくさん	n
確実	かくじつ	adj-na
福島	ふくしま	n
終わる	おわる	v5r
編	へん	n
自ら	みずから	n
製品	せいひん	n
連れ	つれ	vs
および	および	conj
ごめんなさい	ごめんなさい	exp
どんどん	どんどん	adv
アイテム	アイテム	n
カラー	カラー	n
ガス	ガス	n
ボール	ボール	n
レース	レース	n
世代	せだい	n
以来	いらい	n
余裕	よゆう	n
停止	ていし	vs
剣	けん	n
古い	ふるい	adj-i
同士	どうし	n
太	ふと	n
家庭	かてい	n
平均	へいきん	vs
年代	ねんだい	n
強	きょう	n
後ろ	うしろ	n
指	ゆび	n
挑戦	ちょうせん	vs
文	ぶん	n
構造	こうぞう	n
権利	けんり	n
目標	もくひょう	n
知識	ちしき	n
続く	つづく	v5k
逃げ	にげ	n
雪	ゆき	n
いつか	いつか	n
さっき	さっき	n
なれる	なれる	v1
アルバム	アルバム	n
キャラクター	キャラクター	n
キー	キー	n
ファイル	ファイル	vs
ベース	ベース	n
マーク	マーク	n
ラジオ	ラジオ	n
不思議	ふしぎ	adj-na
中央	ちゅうおう	n
主人公	しゅじんこう	n
保存	ほぞん	vs
保険	ほけん	n
優勝	ゆうしょう	vs
助け	たすけ	n
周辺	しゅうへん	n
団	だん	n
土地	とち	n
字	じ	n
実験	じっけん	vs
対	たい	n
建物	たてもの	n
急	きゅう	adj-na
患者	かんじゃ	n
悪	あく	n
愛し	はし	
支配	しはい	vs
規模	きぼ	n
闇	やみ	n
魂	たましい	n
こんにちは	こんにちは	int
しばらく	しばらく	vs
そりゃ	そりゃ	adv
ただし	ただし	conj
アカウント	アカウント	n
エネルギー	エネルギー	n
チャンス	チャンス	n
ミ	ミ	n
リアル	リアル	adj-na
ルール	ルール	n
交通	こうつう	vs
他人	たにん	n
付	づけ	n
低い	ひくい	adj-i
再生	さいせい	vs
博士	はかせ	n
取得	しゅとく	vs
回復	かいふく	vs
姫	ひめ	n
子ども	こども	n
実行	じっこう	vs
引き	ひき	n
恋愛	れんあい	vs
戦闘	せんとう	vs
政策	せいさく	n
様子	ようす	n
次第	しだい	n
殺人	さつじん	n
爆発	ばくはつ	vs
界	かい	n
病気	びょうき	vs
痛い	いたい	adj-i
続き	つづき	n
総合	そうごう	vs
面倒	めんどう	n
類	るい	n
館	やかた	n
お互い	おたがい	n
きれい	きれい	adj-na
どうして	どうして	adv
にくい	にくい	adj-i
まさに	まさに	adv
もらえる	もらえる	v1
やっと	やっと	adv
ケース	ケース	n
ステージ	ステージ	n
バック	バック	n
パンツ	パンツ	n
ビジネス	ビジネス	n
プログラム	プログラム	n
リリース	リリース	vs
休み	やすみ	n
値段	ねだん	n
別に	べつに	adv
取る	とる	v5r
呼ぶ	よぶ	v5b
尻	しり	n
工事	こうじ	vs
工場	こうじょう	n
我慢	がまん	vs
段階	だんかい	n
獣	しし	n
突然	とつぜん	n
美味しい	おいしい	adj-i
血	ち	n
行い	おこない	n
起こし	おこし	n
週	しゅう	n
お話	おはなし	n
それら	それら	pn
ちょうど	ちょうど	adv
つける	つける	v1
まさか	まさか	int
イラスト	イラスト	n
シャツ	シャツ	n
ストーリー	ストーリー	n
ゼロ	ゼロ	n
ダンス	ダンス	vs
バー	バー	n
ベッド	ベッド	n
ラーメン	ラーメン	n
一体	いったい	adv
剤	ざい	n
午後	ごご	n
基地	きち	n
声優	せいゆう	n
女優	じょゆう	n
姉	あね	n
帯	おび	n
扱い	あつかい	vs
支持	しじ	vs
教授	きょうじゅ	n
料	りょう	n
昭和	しょうわ	n
本来	ほんらい	n
残り	のこり	n
注目	ちゅうもく	vs
無事	ぶじ	n
異常	いじょう	n
知る	しる	v5r
要求	ようきゅう	vs
証明	しょうめい	vs
認識	にんしき	vs
集中	しゅうちゅう	vs
魅力	みりょく	n
とともに	とともに	exp
ひどい	ひどい	adj-i
ブロック	ブロック	vs
人達	ひとたち	n
依頼	いらい	vs
兄弟	きょうだい	n
刑事	けいじ	n
園	その	n
完了	かんりょう	vs
実現	じつげん	vs
政権	せいけん	n
是非	ぜひ	adv
更に	さらに	adv
本物	ほんもの	n
案内	あんない	vs
検討	けんとう	vs
構成	こうせい	vs
死亡	しぼう	n
母親	ははおや	n
異なる	ことなる	v5r
空気	くうき	n
立場	たちば	n
納得	なっとく	vs
脚	きゃく	ctr
腕	うで	n
製造	せいぞう	vs
詐欺	さぎ	n
魚	さかな	n
すみません	すみません	exp
エッチ	エッチ	n
エンジン	エンジン	n
デビュー	デビュー	vs
ワン	ワン	
人類	じんるい	n
作成	さくせい	vs
内部	ないぶ	n
到着	とうちゃく	vs
収録	しゅうろく	vs
含む	ふくむ	v5m
固定	こてい	vs
始まる	はじまる	v5r
学園	がくえん	n
守る	まもる	v5r
将来	しょうらい	n
手段	しゅだん	n
技	わざ	n
指摘	してき	vs
授業	じゅぎょう	vs
末	すえ	n
業	ごう	n
楽天	らくてん	n
死に	しに	n
毛	け	n
確保	かくほ	vs
税	ぜい	n
腹	はら	n
詳しく	くわしく	adv
返し	かえし	n
連中	れんちゅう	n
銃	じゅう	n
開け	ひらけ	n
隣	となり	n
集団	しゅうだん	n
鳥	とり	n
それで	それで	conj
まずは	まずは	adv
もしくは	もしくは	conj
クリア	クリア	adj-na
シングル	シングル	n
フル	フル	adj-na
プロジェクト	プロジェクト	n
ロボット	ロボット	n
一覧	いちらん	vs
上手く	うまく	adv
会員	かいいん	n
便	びん	n
便利	べんり	adj-na
信用	しんよう	vs
券	けん	n
地獄	じごく	n
始まり	はじまり	n
恋人	こいびと	n
捜査	そうさ	vs
板	いた	n
歩	ぶ	n
比較	ひかく	vs
派遣	はけん	vs
演奏	えんそう	vs
父親	ちちおや	n
玉	たま	n
病	やまい	n
社員	しゃいん	n
裁判	さいばん	vs
証拠	しょうこ	n
誌	し	n
調子	ちょうし	n
資金	しきん	n
選	せん	n
風呂	ふろ	n
あんな	あんな	
いろんな	いろんな	
と共に	とともに	exp
まるで	まるで	adv
インターネット	インターネット	n
タイ	タイ	n
ダム	ダム	n
パ	パ	n
ビデオ	ビデオ	n
ベスト	ベスト	adj-na
ホ	ホ	n
ボタン	ボタン	n
ミス	ミス	vs
モノ	モノ	n
伝説	でんせつ	n
修正	しゅうせい	vs
分析	ぶんせき	vs
初期	しょき	n
千葉	ちば	n
居る	いる	v1
年度	ねんど	n
強化	きょうか	vs
感想	かんそう	n
感染	かんせん	vs
我々	われわれ	pn
掛け	かけ	n
探す	さがす	v5s
法人	ほうじん	n
深夜	しんや	n
温泉	おんせん	n
熱	ねつ	n
画	かく	n
皆様	みなさま	n
範囲	はんい	n
緑	みどり	n
自信	じしん	vs
自動車	じどうしゃ	n
自殺	じさつ	vs
迷惑	めいわく	n
運	うん	n
道路	どうろ	n
達成	たっせい	vs
関西	かんさい	n
あいつ	あいつ	pn
おいしい	おいしい	adj-i
おすすめ	おすすめ	vs
そもそも	そもそも	n
もう少し	もうすこし	exp
イン	イン	n
キス	キス	vs
タイミング	タイミング	n
ツイート	ツイート	vs
デジタル	デジタル	n
デート	デート	vs
バイト	バイト	vs
パワー	パワー	n
ビール	ビール	n
与える	あたえる	v1
事前	じぜん	n
出身	しゅっしん	n
前回	ぜんかい	n
劇場	げきじょう	n
収入	しゅうにゅう	n
慣れ	なれ	vs
投資	とうし	vs
拡大	かくだい	vs
改善	かいぜん	vs
暮らし	くらし	n
書く	かく	v5k
最低	さいてい	n
歓迎	かんげい	vs
気軽	きがる	adj-na
済み	ずみ	n
現れ	あらわれ	n
目指し	めざし	n
窓	まど	n
約束	やくそく	vs
自転車	じてんしゃ	n
草	くさ	n
落とし	おとし	n
計算	けいさん	vs
訓練	くんれん	vs
資料	しりょう	n
連載	れんさい	vs
進化	しんか	vs
院	いん	n
首相	しゅしょう	n
かける	かける	v1
かつて	かつて	adv
そっち	そっち	pn
ついに	ついに	adv
はっきり	はっきり	adv
まだまだ	まだまだ	adv
イカ	いか	n
イギリス	イギリス	n
オリンピック	オリンピック	n
ブランド	ブランド	n
一切	いっさい	n
七	しち	
不足	ふそく	vs
世紀	せいき	n
久しぶり	ひさしぶり	adj-na
事態	じたい	n
以内	いない	n
何で	なんで	adv
候補	こうほ	n
六	ろく	
原作	げんさく	n
合う	あう	v5u
変える	かえる	v1
好み	ごのみ	adj-na
押し	おし	n
掃除	そうじ	vs
接続	せつぞく	vs
教師	きょうし	n
日常	にちじょう	n
省	しょう	n
確定	かくてい	vs
空間	くうかん	n
立ち	たち	n
筋	すじ	n
職場	しょくば	n
興奮	こうふん	vs
規制	きせい	vs
説	せつ	n
辛い	からい	adj-i
遅れ	おくれ	n
なんとか	なんとか	exp
ひとり	ひとり	n
カバー	カバー	vs
キャンペーン	キャンペーン	n
シーズン	シーズン	n
ストレス	ストレス	n
ドラゴン	ドラゴン	n
パソコン	パソコン	n
ブラ	ブラ	n
ホーム	ホーム	n
ボス	ボス	n
ライト	ライト	adj-na
交渉	こうしょう	vs
住民	じゅうみん	n
再び	ふたたび	adv
噂	うわさ	vs
天使	てんし	n
実	じつ	n
小学校	しょうがっこう	n
展示	てんじ	vs
後半	こうはん	n
所有	しょゆう	vs
抜け	ぬけ	n
搭載	とうさい	vs
新作	しんさく	vs
最悪	さいあく	adj-na
模様	もよう	n
産業	さんぎょう	n
祭り	まつり	n
細胞	さいぼう	n
肌	はだ	n
背景	はいけい	n
行	こう	n
言語	げんご	n
質	しつ	n
近所	きんじょ	n
閲覧	えつらん	vs
あんまり	あんまり	n
おじさん	おじさん	n
むしろ	むしろ	n
オススメ	おすすめ	vs
ゴミ	ごみ	n
トラック	トラック	n
ドン	ドン	n
モード	モード	n
ロ	ロ	n
伝統	でんとう	n
優先	ゆうせん	vs
先輩	せんぱい	n
党	とう	n
処分	しょぶん	vs
分野	ぶんや	n
医師	いし	n
図	ず	n
宗教	しゅうきょう	n
寝る	ねる	v1
巨大	きょだい	adj-na
投げ	なげ	n
最強	さいきょう	n
生命	せいめい	n
男女	おとこおんな	n
示し	しめし	n
緊急	きんきゅう	n
許可	きょか	n
靴	くつ	n
高速	こうそく	adj-na
鬼	おに	n
いける	いける	v1
うまい	うまい	adj-i
うーん	うーん	int
ご覧	ごらん	int
たった	たった	n
どうも	どうも	int
やすく	やすく	adv
テロ	テロ	n
ニューヨーク	ニューヨーク	n
ヒット	ヒット	vs
リスク	リスク	n
ロー	ロー	n
中身	なかみ	n
事情	じじょう	n
交流	こうりゅう	vs
人口	じんこう	n
共	とも	n
利益	りえき	vs
受け入れ	うけいれ	n
地下	ちか	n
大臣	だいじん	n
宣伝	せんでん	vs
小学生	しょうがくせい	n
帰る	かえる	v5r
建設	けんせつ	vs
当たり前	あたりまえ	n
本日	ほんじつ	n
正確	せいかく	adj-na
物質	ぶっしつ	n
獲得	かくとく	vs
痛み	いたみ	n
相	そう	n
記者	きしゃ	n
認定	にんてい	vs
調整	ちょうせい	vs
過ぎる	すぎる	v1
電	いなずま	n
あまりに	あまりに	adv
いきなり	いきなり	adv
お腹	おなか	n
びっくり	びっくり	vs
めっちゃ	めっちゃ	adv
インタビュー	インタビュー	vs
ダイエット	ダイエット	vs
パーティー	パーティー	n
ワロタ	ワロタ	exp
世	よ	n
住宅	じゅうたく	n
優しい	やさしい	adj-i
副	ふく	n
単位	たんい	n
増加	ぞうか	vs
少なくとも	すくなくとも	adv
届け	とどけ	n
建築	けんちく	vs
心理	しんり	n
手術	しゅじゅつ	vs
書籍	しょせき	n
株	かぶ	n
次元	じげん	n
求める	もとめる	v1
深い	ふかい	adj-i
無視	むし	vs
状	じょう	n
生きる	いきる	v1
章	しょう	n
笑顔	えがお	vs
継続	けいぞく	vs
美人	びじん	n
角	かく	n
触れ	ふれ	n
諦め	あきらめ	n
議論	ぎろん	vs
資格	しかく	n
運用	うんよう	vs
邪魔	じゃま	vs
部隊	ぶたい	n
銀	ぎん	n
間違え	まちがえ	n
隠し	かくし	n
額	がく	n
駄目	だめ	adj-na
龍	りゅう	n
エリア	エリア	n
ガ	が	n
コス	コス	n
サポート	サポート	vs
ショー	ショー	n
バランス	バランス	vs
レッド	レッド	adj-na
両方	りょうほう	n
中止	ちゅうし	vs
優秀	ゆうしゅう	adj-na
出版	しゅっぱん	vs
分け	わけ	n
卵	たまご	n
厳しい	きびしい	adj-i
台湾	たいわん	n
和	わ	n
埼玉	さいたま	n
太陽	たいよう	n
府	ふ	n
座	ざ	n
弱い	よわい	adj-i
得意	とくい	n
思い出	おもいで	n
悪魔	あくま	n
新規	しんき	n
核	かく	n
業者	ぎょうしゃ	n
残る	のこる	v5r
演出	えんしゅつ	vs
牛	うし	n
発展	はってん	vs
翻訳	ほんやく	vs
記載	きさい	vs
話す	はなす	v5s
送料	そうりょう	n
速度	そくど	n
あたし	あたし	pn
みなさん	みなさん	n
アジア	アジア	n
カレー	カレー	n
チン	チン	adv
ブルー	ブルー	n
マスター	マスター	vs
マンガ	まんが	n
二つ	ふたつ	
任せ	まかせ	n
何故	なぜ	adv
使い方	つかいかた	n
傾向	けいこう	vs
働く	はたらく	v5k
制御	せいぎょ	vs
前後	ぜんご	n
午前	ごぜん	n
大型	おおがた	n
巨人	きょじん	n
抵抗	ていこう	vs
毎年	まいとし	adv
比	ひ	n
王子	おうじ	n
疑問	ぎもん	n
神奈川	かながわ	n
程	ほど	n
経	けい	n
繰り返し	くりかえし	vs
聞こえ	きこえ	n
自宅	じたく	n
臭い	くさい	adj-i
苦手	にがて	adj-na
選ぶ	えらぶ	v5b
避け	よけ	n
魔	ま	n
鼻	はな	n
に対し	にたいし	exp
やり方	やりかた	n
オンライン	オンライン	n
スト	スト	n
ノー	ノー	int
バイク	バイク	n
バージョン	バージョン	n
ミニ	ミニ	n
リーダー	リーダー	n
体制	たいせい	n
兵器	へいき	n
危機	きき	n
即	そく	adv
妄想	もうそう	vs
安く	やすく	adv
当たり	あたり	n
待ち	まち	n
悲しい	かなしい	adj-i
撮り	どり	n
段	だん	n
注文	ちゅうもん	vs
独自	どくじ	n
生物	せいぶつ	n
産	さん	n
発行	はっこう	vs
監視	かんし	vs
目指す	めざす	v5s
確率	かくりつ	n
神経	しんけい	n
職	しょく	n
診断	しんだん	vs
身長	しんちょう	n
野菜	やさい	n
防衛	ぼうえい	vs
おまえ	おまえ	pn
お母さん	おかあさん	n
きっかけ	きっかけ	n
だらけ	だらけ	n
イタリア	イタリア	n
ケーキ	ケーキ	n
コンビニ	コンビニ	n
スーツ	スーツ	n
ドア	ドア	n
ワイン	ワイン	n
上手	うわて	adj-na
乳	ちち	n
共通	きょうつう	n
具体	ぐたい	n
別れ	わかれ	n
動く	うごく	v5k
台風	たいふう	n
否定	ひてい	vs
回転	かいてん	vs
塩	しお	n
将軍	しょうぐん	n
崩壊	ほうかい	vs
強制	きょうせい	vs
当選	とうせん	vs
感動	かんどう	vs
憲法	けんぽう	n
指示	しじ	vs
教会	きょうかい	n
本格	ほんかく	n
橋	はし	n
歯	し	n
汗	あせ	n
涙	なみだ	n
炎	ほのお	n
特殊	とくしゅ	adj-na
現地	げんち	n
神戸	こうべ	n
美少女	びしょうじょ	n
職員	しょくいん	n
術	じゅつ	n
装備	そうび	vs
負担	ふたん	n
貴方	きほう	n
酷い	ひどい	adj-i
骨	ほね	n
うれしい	うれしい	adj-i
ご飯	ごはん	n
そのもの	そのもの	exp
とっても	とっても	adv
どうしても	どうしても	exp
やばい	やばい	adj-i
オタク	オタク	n
オフィス	オフィス	n
カット	カット	vs
カフェ	カフェ	n
カー	カー	n
クリスマス	クリスマス	n
グッズ	グッズ	n
パターン	パターン	n
一生	いっしょう	n
上司	じょうし	n
今夜	こんや	n
体重	たいじゅう	n
共同	きょうどう	vs
剛	ごう	n
去年	きょねん	n
命令	めいれい	vs
奴隷	どれい	n
床	とこ	n
当日	とうじつ	n
怒り	いかり	n
戦略	せんりゃく	n
案	あん	n
熊本	くまもと	n
理想	りそう	n
甘い	あまい	adj-i
空港	くうこう	n
袋	ふくろ	n
見た目	みため	exp
豚	ぶた	n
違反	いはん	vs
都合	つごう	adv
鍵	かぎ	n
関東	かんとう	n
食品	しょくひん	n
かっこいい	かっこいい	adj-i
それとも	それとも	conj
アリ	あり	n
インド	インド	n
ゲスト	ゲスト	n
ジャンル	ジャンル	n
ダウンロード	ダウンロード	vs
モンスター	モンスター	n
人数	にんずう	n
会う	あう	v5u
匂い	におい	n
協会	きょうかい	n
単純	たんじゅん	adj-na
困難	こんなん	n
垢	あか	n
性能	せいのう	n
拒否	きょひ	vs
新潟	にいがた	n
札幌	さっぽろ	n
独立	どくりつ	vs
理論	りろん	n
真実	しんじつ	n
積極	せっきょく	n
素材	そざい	n
虫	むし	n
見かけ	みかけ	n
解放	かいほう	vs
赤ちゃん	あかちゃん	n
輪	わ	n
適当	てきとう	adj-na
金融	きんゆう	n
鏡	かがみ	n
関心	かんしん	n
サイド	サイド	n
スキル	スキル	n
チャンネル	チャネル	n
ツイッター	ツイッター	n
トン	トン	n
ニュー	ニュー	n
ランク	ランク	vs
ロード	ロード	n
上位	じょうい	n
不可能	ふかのう	adj-na
九	きゅう	
予算	よさん	vs
会長	かいちょう	n
伝	でん	n
作家	さっか	n
保証	ほしょう	vs
備え	そなえ	n
公	こう	n
兵	へい	n
列	れつ	n
匹	ひき	ctr
取材	しゅざい	vs
困る	こまる	v5r
学習	がくしゅう	vs
完璧	かんぺき	adj-na
容疑	ようぎ	n
役割	やくわり	n
後悔	こうかい	vs
挨拶	あいさつ	vs
正義	せいぎ	n
決して	けっして	adv
災害	さいがい	n
真面目	しんめんもく	n
肩	かた	n
衝撃	しょうげき	vs
課題	かだい	n
避難	ひなん	vs
野郎	やろう	n
面白	おもしろ	n
革命	かくめい	n
あらゆる	あらゆる	
おそらく	おそらく	adv
イヤ	イヤ	n
ガチ	がち	adj-na
コピー	コピー	vs
コンテンツ	コンテンツ	n
コーナー	コーナー	n
サイン	サイン	vs
トーク	トーク	n
プレイヤー	プレイヤー	n
ロンドン	ロンドン	n
何とか	なんとか	exp
勤務	きんむ	vs
医	い	n
同意	どうい	vs
向こう	むこう	n
地区	ちく	n
天才	てんさい	n
天気	てんき	n
奴ら	やつら	pn
実況	じっきょう	n
寒い	さむい	adj-i
影	かげ	n
彼氏	かれし	n
恐怖	きょうふ	vs
愛知	あいち	n
整備	せいび	vs
暇	ひま	n
有効	ゆうこう	adj-na
標準	ひょうじゅん	n
決める	きめる	v1
流し	ながし	n
特集	とくしゅう	vs
白い	しろい	adj-i
育て	そだて	n
育成	いくせい	vs
芸術	げいじゅつ	n
解散	かいさん	vs
車両	しゃりょう	n
頼む	たのむ	v5m
驚き	おどろき	n
高校生	こうこうせい	n
ありがと	ありがと	int
アホ	あほ	n
スペシャル	スペシャル	adj-na
スペース	スペース	n
ダメージ	ダメージ	n
ポスト	ポスト	n
マシン	マシン	n
レイ	レイ	n
一時	いちじ	n
一瞬	いっしゅん	n
世の中	よのなか	exp
世界中	せかいじゅう	n
両親	りょうしん	n
今週	こんしゅう	n
働き	はたらき	n
元々	もともと	adv
加工	かこう	vs
参戦	さんせん	vs
反	たん	n
史	し	n
向い	むかい	n
売り	うり	n
妊娠	にんしん	vs
審査	しんさ	vs
山口	やまぐち	n
平	ひら	n
戦う	たたかう	v5u
招待	しょうたい	vs
教室	きょうしつ	n
植物	しょくぶつ	n
殺す	ころす	v5s
殺害	さつがい	vs
毎回	まいかい	n
波	なみ	n
流	りゅう	n
焼き	やき	n
特典	とくてん	n
異	い	n
看護	かんご	vs
義務	ぎむ	n
聖	ひじり	n
職業	しょくぎょう	n
複雑	ふくざつ	adj-na
赤い	あかい	adj-i
起きる	おきる	v1
通	つう	n
運命	うんめい	n
食べ物	たべもの	n
グリーン	グリーン	n
コミック	コミック	n
ショップ	ショップ	n
タグ	タグ	n
トラブル	トラブル	n
バトル	バトル	n
パリ	パリ	n
リア	リア	n
上昇	じょうしょう	vs
不満	ふまん	n
仲	なか	n
保障	ほしょう	vs
入手	にゅうしゅ	vs
分の	ぶんの	exp
列車	れっしゃ	n
勝負	しょうぶ	n
司令	しれい	vs
向かう	むかう	v5u
周囲	しゅうい	n
国会	こっかい	n
基礎	きそ	n
増える	ふえる	v1
売る	うる	v5r
姿勢	しせい	n
宣言	せんげん	vs
山本	やまもと	n
形式	けいしき	n
忙しい	いそがしい	adj-i
思想	しそう	n
描く	えがく	v5k
改正	かいせい	vs
数字	すうじ	n
整理	せいり	vs
方針	ほうしん	n
時計	とけい	n
機器	きき	n
現状	げんじょう	n
発射	はっしゃ	vs
発電	はつでん	vs
組み合わせ	くみあわせ	n
緊張	きんちょう	vs
芸能	げいのう	n
若者	わかもの	n
荷物	にもつ	n
著作	ちょさく	vs
行政	ぎょうせい	n
衣装	いしょう	n
計	けい	n
買い物	かいもの	n
起こる	おこる	v5r
超える	こえる	v1
連	れん	n
進む	すすむ	v5m
進行	しんこう	vs
遅い	おそい	adj-i
遅く	おそく	adv
限界	げんかい	n
静岡	しずおか	n
飯	めし	n
駐車	ちゅうしゃ	vs
お客様	おきゃくさま	n
お気に入り	おきにいり	exp
どうせ	どうせ	adv
もはや	もはや	adv
アナ	アナ	n
コスト	コスト	n
シ	シ	n
ショック	ショック	n
セフレ	セフレ	n
タバコ	たばこ	n
ダウン	ダウン	vs
ネットワーク	ネットワーク	n
パパ	パパ	n
ホール	ホール	n
ボックス	ボックス	n
ヨーロッパ	ヨーロッパ	n
リング	リング	n
一応	いちおう	n
伸び	のび	n
信号	しんごう	vs
傷	きず	n
入力	にゅうりょく	vs
共有	きょうゆう	vs
初心者	しょしんしゃ	n
効率	こうりつ	n
名誉	めいよ	adj-na
向上	こうじょう	vs
喜び	よろこび	n
嵐	あらし	n
差別	さべつ	vs
当て	あて	n
徒歩	とほ	n
恐れ	おそれ	n
手紙	てがみ	n
文章	ぶんしょう	n
日々	ひび	n
明確	めいかく	adj-na
昼	ひる	n
本部	ほんぶ	n
水着	みずぎ	n
永遠	えいえん	n
現象	げんしょう	n
示す	しめす	v5s
神社	じんじゃ	n
結婚式	けっこんしき	n
英	えい	n
血液	けつえき	n
覚悟	かくご	vs
詳しい	くわしい	adj-i
語る	かたる	v5r
辺	へん	n
送る	おくる	v5r
鉄	てつ	n
音声	おんせい	n
いわゆる	いわゆる	
とんでも	とんでも	n
アート	アート	n
コントロール	コントロール	vs
ジャンプ	ジャンプ	vs
スピード	スピード	n
ソロ	ソロ	n
ピン	ピン	n
ピンク	ピンク	n
プラス	プラス	vs
リーグ	リーグ	n
上記	じょうき	n
事務	じむ	n
人形	にんぎょう	n
修理	しゅうり	vs
児童	じどう	n
公共	こうきょう	n
可	か	n
喧嘩	けんか	vs
坂	さか	n
学者	がくしゃ	n
引退	いんたい	vs
当たる	あたる	v5r
成立	せいりつ	vs
推進	すいしん	vs
放置	ほうち	vs
料金	りょうきん	n
旦那	だんな	n
暴力	ぼうりょく	n
有	ゆう	n
民間	みんかん	n
源	みなもと	n
燃料	ねんりょう	n
知り合い	しりあい	n
素人	しろうと	n
統一	とういつ	vs
背中	せなか	n
解消	かいしょう	vs
財布	さいふ	n
速報	そくほう	vs
遺産	いさん	n
配置	はいち	vs
電力	でんりょく	n
とおり	とおり	adv
なんだか	なんだか	adv
ほんとに	ほんとに	adv
わざわざ	わざわざ	adv
わずか	わずか	adj-na
クズ	くず	n
スペイン	スペイン	n
チケット	チケット	n
プール	プール	n
ルート	ルート	n
レビュー	レビュー	vs
ローン	ローン	n
一定	いってい	vs
中学	ちゅうがく	n
乗る	のる	v5r
共に	ともに	adv
再現	さいげん	vs
勝	しょう	n
味方	みかた	n
回収	かいしゅう	vs
回答	かいとう	vs
圧倒的	あっとうてき	adj-na
地図	ちず	n
報酬	ほうしゅう	n
場面	ばめん	n
変わり	かわり	n
変態	へんたい	vs
変換	へんかん	vs
季節	きせつ	n
就職	しゅうしょく	vs
幅	はば	n
平日	へいじつ	adv
応募	おうぼ	vs
態度	たいど	n
戦士	せんし	n
扉	とびら	n
指揮	しき	vs
掲示板	けいじばん	n
改めて	あらためて	adv
正	せい	n
男の子	おとこのこ	exp
直後	ちょくご	n
筋肉	きんにく	n
純	じゅん	adj-na
置く	おく	v5k
美容	びよう	n
腰	こし	n
航空	こうくう	n
製作	せいさく	vs
見事	みごと	adj-na
規則	きそく	n
規定	きてい	vs
設備	せつび	vs
谷	たに	n
起動	きどう	vs
送り	おくり	n
適用	てきよう	vs
選択肢	せんたくし	n
鉄道	てつどう	n
高級	こうきゅう	adj-na
麺	めん	n
お知らせ	おしらせ	vs
お茶	おちゃ	n
せっかく	せっかく	adv
サブ	サブ	n
ドライブ	ドライブ	n
ニーズ	ニーズ	n
ハウス	ハウス	n
ハート	ハート	n
パック	パック	vs
一気に	いっきに	adv
上がる	あがる	v5r
乗り	のり	n
九州	きゅうしゅう	n
人工	じんこう	n
免許	めんきょ	vs
全力	ぜんりょく	n
全身	ぜんしん	n
内閣	ないかく	n
切り	きり	n
初回	しょかい	n
同僚	どうりょう	n
大手	おおて	n
夫婦	ふうふ	n
奥	おく	n
実家	じっか	n
恐ろしい	おそろしい	adj-i
戻る	もどる	v5r
文句	もんく	n
文書	ぶんしょ	n
普及	ふきゅう	vs
来年	らいねん	n
歌詞	かし	n
死ね	しね	int
毒	どく	n
活用	かつよう	vs
犯人	はんにん	n
申請	しんせい	vs
盤	ばん	n
直し	なおし	n
福祉	ふくし	n
笑う	わらう	v5u
策	さく	n
解除	かいじょ	vs
長官	ちょうかん	n
長野	ながの	n
降り	ふり	n
離婚	りこん	vs
食い	くい	n
飽き	あき	n
高齢	こうれい	n
か月	かげつ	ctr
さくら	さくら	n
ようやく	ようやく	adv
ギター	ギター	n
コミュニティ	コミュニティ	n
ピアノ	ピアノ	n
ポケモン	ポケモン	n
メートル	メートル	n
ユニット	ユニット	n
伝える	つたえる	v1
削除	さくじょ	vs
勇気	ゆうき	n
勢い	いきおい	n
参照	さんしょう	vs
合格	ごうかく	vs
同じく	おなじく	vs
回し	まわし	n
多少	たしょう	adv
学ぶ	まなぶ	v5b
宮	みや	n
対処	たいしょ	vs
当初	とうしょ	n
必死	ひっし	adj-na
意思	いし	n
所属	しょぞく	vs
提出	ていしゅつ	vs
深く	ふかく	adv
環	かん	n
短い	みじかい	adj-i
笑い	わらい	n
給料	きゅうりょう	n
老人	ろうじん	n
色んな	いろんな	
落ちる	おちる	v1
表情	ひょうじょう	n
週末	しゅうまつ	adv
関	せき	n
静か	しずか	adj-na
ありがたい	ありがたい	adj-i
つらい	つらい	adj-i
もともと	もともと	adv
アクション	アクション	n
アーティスト	アーティスト	n
デカ	デカ	n
プレミアム	プレミアム	n
ホワイト	ホワイト	adj-na
レス	レス	vs
一言	ひとこと	vs
上げる	あげる	v1
中学生	ちゅうがくせい	n
具合	ぐあい	n
化学	かがく	n
医者	いしゃ	n
受賞	じゅしょう	vs
合計	ごうけい	vs
同人	どうじん	n
呼び	よび	n
外部	がいぶ	n
姉さん	ねえさん	n
定義	ていぎ	vs
左右	さゆう	vs
帝国	ていこく	n
恥ずかしい	はずかしい	adj-i
悩み	なやみ	n
悪化	あっか	vs
意外	いがい	adj-na
抱え	かかえ	n
日記	にっき	n
松	まつ	n
次に	つぎに	conj
正解	せいかい	vs
江戸	えど	n
相互	そうご	n
神様	かみさま	n
絶望	ぜつぼう	vs
芸人	げいにん	n
訪問	ほうもん	vs
走る	はしる	v5r
野	の	n
集合	しゅうごう	vs
願い	ねがい	n
高度	こうど	n
ある程度	あるていど	exp
おやすみ	おやすみ	n
ないし	ないし	conj
やる気	やるき	n
オナニー	オナニー	n
キング	キング	n
チーズ	チーズ	n
ナンバー	ナンバー	n
ノート	ノート	n
ヒーロー	ヒーロー	n
ファッション	ファッション	n
プロフィール	プロフィール	n
ペット	ペット	n
ポケット	ポケット	n
下手	したて	n
仙台	せんだい	n
休日	きゅうじつ	n
充電	じゅうでん	vs
冊	さつ	ctr
出現	しゅつげん	vs
刀	かたな	n
前半	ぜんはん	n
創作	そうさく	vs
大分	だいぶ	adv
奇跡	きせき	n
宮崎	みやざき	n
平気	へいき	n
幼稚園	ようちえん	n
強力	きょうりょく	adj-na
心臓	しんぞう	n
攻略	こうりゃく	vs
新人	しんじん	n
時々	ときどき	adv
有り	あり	n
期限	きげん	n
本体	ほんたい	n
流行	りゅうこう	vs
混乱	こんらん	vs
王国	おうこく	n
糞	くそ	int
縁	えん	n
群	ぐん	n
考え方	かんがえかた	n
自衛隊	じえいたい	n
華	か	n
見せる	みせる	v1
貴重	きちょう	adj-na
費用	ひよう	n
軍事	ぐんじ	n
陣	じん	n
雇用	こよう	vs
項目	こうもく	n
順	じゅん	n
香	きょう	n
あそこ	あそこ	pn
きちんと	きちんと	vs
まとも	まとも	adj-na
イイ	イイ	n
キャリア	キャリア	n
スマート	スマート	adj-na
セ	セ	n
セール	セール	n
ソース	ソース	n
チャレンジ	チャレンジ	vs
ハード	ハード	adj-na
バッグ	バッグ	n
ブック	ブック	n
不要	ふよう	adj-na
仕組み	しくみ	vs
任務	にんむ	n
低下	ていか	vs
住む	すむ	v5m
余計	よけい	adj-na
入学	にゅうがく	vs
出発	しゅっぱつ	vs
制服	せいふく	n
危ない	あぶない	adj-i
原発	げんぱつ	n
受付	うけつけ	n
受験	じゅけん	vs
各種	かくしゅ	n
図書館	としょかん	n
増やし	ふやし	n
嫁	よめ	n
実績	じっせき	n
属性	ぞくせい	n
岡山	おかやま	n
巨乳	きょにゅう	n
思考	しこう	vs
惑星	わくせい	n
把握	はあく	vs
抑え	おさえ	n
方式	ほうしき	n
書類	しょるい	n
概念	がいねん	n
気温	きおん	n
物理	ぶつり	n
現金	げんきん	n
睡眠	すいみん	n
競技	きょうぎ	vs
艦隊	かんたい	n
路線	ろせん	n
酸	さん	n
重い	おもい	adj-i
黒い	くろい	adj-i
そいつ	そいつ	pn
だいぶ	だいぶ	adv
イ	イ	n
イケメン	イケめん	n
ガラス	ガラス	n
ゲー	ゲー	int
コンピュータ	コンピュータ	n
ゴルフ	ゴルフ	n
センス	センス	n
タダ	ただ	n
ドライバー	ドライバー	n
ニコニコ	ニコニコ	vs
バラ	ばら	n
ミサイル	ミサイル	n
ヤバイ	やばい	adj-i
ラブ	ラブ	vs
ルーム	ルーム	n
レストラン	レストラン	n
丁	ちょう	ctr
中継	ちゅうけい	vs
介護	かいご	vs
住所	じゅうしょ	n
依存	いぞん	vs
像	ぞう	n
出来事	できごと	n
勢	せい	n
勧め	すすめ	vs
単に	たんに	adv
回数	かいすう	n
回避	かいひ	vs
天皇	てんのう	n
市長	しちょう	n
広く	ひろく	adv
店員	てんいん	n
弱	じゃく	n
従業	じゅうぎょう	vs
思い出す	おもいだす	v5s
想定	そうてい	vs
懐かしい	なつかしい	adj-i
成果	せいか	n
手法	しゅほう	n
抜き	ぬき	n
披露	ひろう	vs
方々	かたがた	n
早	はや	adv
有料	ゆうりょう	n
極	ごく	adv
楽しめる	たのしめる	v1
民主	みんしゅ	n
氷	こおり	n
油	あぶら	n
活	かつ	n
減少	げんしょう	vs
渡し	わたし	n
無線	むせん	n
犠牲	ぎせい	n
狼	おおかみ	n
研究所	けんきゅうしょ	n
端末	たんまつ	n
脱毛	だつもう	vs
苦労	くろう	vs
請求	せいきゅう	vs
資産	しさん	n
輸入	ゆにゅう	vs
返事	へんじ	vs
送信	そうしん	vs
遠く	とおく	n
部門	ぶもん	n
長期	ちょうき	n
電源	でんげん	n
領域	りょういき	n
騎士	きし	n
いただける	いただける	v1
もう一度	もういちど	exp
コ	こ	ctr
パス	パス	vs
パートナー	パートナー	n
ポール	ポール	n
メモ	メモ	vs
リード	リード	vs
世間	せけん	n
主催	しゅさい	vs
先日	せんじつ	n
勘違い	かんちがい	vs
北朝鮮	きたちょうせん	n
同時	どうじ	n
底	てい	n
延長	えんちょう	vs
復帰	ふっき	vs
承認	しょうにん	vs
振り	ふり	n
散歩	さんぽ	vs
数学	すうがく	n
新幹線	しんかんせん	n
熱い	あつい	adj-i
爆弾	ばくだん	n
狙い	ねらい	n
球	きゅう	n
真剣	しんけん	adj-na
移行	いこう	vs
競争	きょうそう	vs
素直	すなお	adj-na
羽	はね	n
自慢	じまん	vs
訪れ	おとずれ	n
訴訟	そしょう	vs
貢献	こうけん	vs
軸	じく	n
道具	どうぐ	n
遠い	とおい	adj-i
遺伝子	いでんし	n
配布	はいふ	vs
里	さと	n
金属	きんぞく	n
門	もん	n
開く	ひらく	v5k
防止	ぼうし	vs
韓	から	n
飛行	ひこう	n
飛行機	ひこうき	n
鹿児島	かごしま	n
お世話	おせわ	n
こりゃ	こりゃ	int
だいたい	だいたい	n
どっか	どっか	vs
キャスト	キャスト	vs
コンサート	コンサート	n
ゴール	ゴール	vs
ダン	ダン	exp
ツール	ツール	n
パート	パート	n
フィギュア	フィギュア	n
ホームページ	ホームページ	n
マスク	マスク	n
メイク	メイク	vs
メニュー	メニュー	n
ラン	ラン	n
ランド	ランド	n
上がり	あがり	n
了解	りょうかい	vs
予測	よそく	vs
付近	ふきん	n
作者	さくしゃ	n
充実	じゅうじつ	vs
先行	せんこう	vs
児	じ	n
冒険	ぼうけん	vs
冗談	じょうだん	n
出場	しゅつじょう	vs
前提	ぜんてい	n
匿名	とくめい	n
取り上げ	とりあげ	n
告白	こくはく	vs
国立	こくりつ	n
大体	だいたい	n
婦	ふ	n
実装	じっそう	vs
対戦	たいせん	vs
寿司	すし	n
従来	じゅうらい	n
怪我	けが	vs
明治	めいじ	n
材料	ざいりょう	n
棒	ぼう	n
権力	けんりょく	n
機種	きしゅ	n
次回	じかい	n
正規	せいき	n
毎週	まいしゅう	n
比較的	ひかくてき	adv
民族	みんぞく	n
激しい	はげしい	adj-i
珍しい	めずらしい	adj-i
票	ひょう	n
立つ	たつ	v5t
総理	そうり	n
考慮	こうりょ	vs
茶	ちゃ	n
解釈	かいしゃく	vs
証	あかし	n
警備	けいび	vs
辺り	あたり	n
違法	いほう	adj-na
風俗	ふうぞく	n
香り	かおり	n
あんた	あんた	pn
うるさい	うるさい	adj-i
けっこう	けっこう	adj-na
ついてる	ついてる	v1
まくり	まくり	n
もうすぐ	もうすぐ	exp
もっとも	もっとも	conj
オフ	オフ	vs
カッコ	かっこ	vs
クロス	クロス	n
コイン	コイン	n
コマ	コマ	n
コレクション	コレクション	n
ジム	ジム	n
ジャパン	ジャパン	n
テーブル	テーブル	n
ドレス	ドレス	n
ハン	ハン	n
バン	バン	n
パーツ	パーツ	n
メキシコ	メキシコ	n
ロゴ	ロゴ	n
ワールド	ワールド	n
休憩	きゅうけい	vs
作用	さよう	vs
供給	きょうきゅう	vs
俳優	はいゆう	n
公表	こうひょう	vs
判明	はんめい	vs
動作	どうさ	vs
勢力	せいりょく	n
半年	はんとし	n
地上	ちじょう	n
塾	じゅく	n
大半	たいはん	n
大幅	おおはば	adj-na
女王	じょおう	n
対立	たいりつ	vs
市内	しない	n
廃止	はいし	vs
引用	いんよう	vs
待つ	まつ	v5t
息	いき	n
意図	いと	vs
戻り	もどり	n
支え	ささえ	n
晩	ばん	n
暑い	あつい	adj-i
格好	かっこう	n
欄	らん	n
歩く	あるく	v5k
民主党	みんしゅとう	n
洗濯	せんたく	vs
漢字	かんじ	n
田舎	いなか	n
症状	しょうじょう	n
皮	かわ	n
直前	ちょくぜん	n
石川	いしかわ	n
英国	えいこく	n
視点	してん	n
観察	かんさつ	vs
通販	つうはん	vs
閉鎖	へいさ	vs
需要	じゅよう	n
めちゃくちゃ	めちゃくちゃ	adj-na
アウト	アウト	n
イオン	イオン	n
ウイルス	ウイルス	n
サンプル	サンプル	n
スタジオ	スタジオ	n
タクシー	タクシー	n
フォン	フォン	n
ライフ	ライフ	n
一致	いっち	vs
不正	ふせい	n
仲良く	なかよく	adv
優	ゆう	n
出力	しゅつりょく	vs
収集	しゅうしゅう	vs
多様	たよう	adj-na
姉妹	しまい	n
岩	いわ	n
弁当	べんとう	n
形成	けいせい	vs
微妙	びみょう	adj-na
我	われ	pn
才	さい	n
族	ぞく	n
暗殺	あんさつ	vs
朝鮮	ちょうせん	n
楽しむ	たのしむ	v5m
武装	ぶそう	vs
池	いけ	n
済む	すむ	v5m
直	じき	adj-na
眼	まなこ	n
立派	りっぱ	adj-na
競馬	けいば	n
缶	かん	n
脱出	だっしゅつ	vs
自民党	じみんとう	n
舐め	なめ	n
若	わか	n
英雄	えいゆう	n
菜	な	n
衛星	えいせい	n
補助	ほじょ	vs
要	かなめ	n
要請	ようせい	vs
設立	せつりつ	vs
財産	ざいさん	n
連合	れんごう	vs
連邦	れんぽう	n
釣り	つり	n
すいません	すいません	exp
もしか	もしか	adv
アイデア	アイデア	n
オール	オール	n
キリスト	キリスト	n
クリ	クリ	n
クリック	クリック	vs
クール	クール	adj-na
コート	コート	n
セキュリティ	セキュリティ	n
セクシー	セクシー	adj-na
ハメ	ハメ	vs
ブーム	ブーム	vs
マシ	まし	adj-na
マス	マス	n
ラスト	ラスト	n
下げ	さげ	n
不良	ふりょう	n
中古	ちゅうこ	n
乳首	ちくび	n
五輪	ごりん	n
体調	たいちょう	n
先週	せんしゅう	n
兵庫	ひょうご	n
刺激	しげき	vs
創造	そうぞう	vs
化粧	けしょう	vs
吸収	きゅうしゅう	vs
天然	てんねん	n
婚	くながい	n
実質	じっしつ	n
屋根	やね	n
才能	さいのう	n
改革	かいかく	vs
構築	こうちく	vs
正体	しょうたい	n
歩き	あるき	n
港	みなと	n
生まれる	うまれる	v1
相変わらず	あいかわらず	adv
突破	とっぱ	vs
繋がり	つながり	n
若干	じゃっかん	n
訴え	うったえ	n
認知	にんち	vs
貸し	かし	n
通知	つうち	vs
連携	れんけい	vs
関わる	かかわる	v5r
隠れ	かくれ	n
霊	れい	n
お菓子	おかし	n
それだけ	それだけ	adv
どんなに	どんなに	adv
まくる	まくる	v5r
エル	エル	n
オー	オー	n
カップル	カップル	n
ガキ	がき	n
ジャケット	ジャケット	n
タン	タン	n
テニス	テニス	n
ネコ	ねこ	n
パー	パー	n
ファンタジー	ファンタジー	n
ベル	ベル	n
ボディ	ボディー	n
メイド	メイド	n
主人	しゅじん	n
代理	だいり	vs
保管	ほかん	vs
具	ぐ	n
判決	はんけつ	vs
古代	こだい	adj-na
基	き	n
外交	がいこう	n
奈良	なら	n
嬢	じょう	n
思える	おもえる	v1
想い	おもい	n
拡散	かくさん	vs
新品	しんぴん	n
晋	しん	n
東北	とうほく	n
極めて	きわめて	adv
決勝	けっしょう	n
浮気	うわき	vs
温度	おんど	n
現役	げんえき	n
管	かん	n
素	す	n
経過	けいか	vs
統計	とうけい	vs
認める	みとめる	v1
説得	せっとく	vs
講師	こうし	n
軽い	かるい	adj-i
近年	きんねん	n
部下	ぶか	n
部長	ぶちょう	n
重視	じゅうし	vs
金持ち	かねもち	n
頑張れ	がんばれ	int
騒動	そうどう	vs
うどん	うどん	n
すまん	すまん	exp
ついで	ついで	n
ふざけ	ふざけ	n
を通して	をとおして	exp
アル	アル	
キレイ	きれい	adj-na
クーポン	クーポン	n
シート	シート	n
ペン	ペン	n
ホモ	ホモ	n
マッチ	マッチ	n
ミッション	ミッション	n
メガネ	めがね	n
付き合い	つきあい	n
会見	かいけん	vs
体育	たいいく	n
倒れ	たおれ	n
切る	きる	v5r
勝つ	かつ	v5t
又は	または	conj
受信	じゅしん	vs
各地	かくち	n
工作	こうさく	vs
広い	ひろい	adj-i
待機	たいき	vs
必須	ひっす	n
戦後	せんご	n
探偵	たんてい	n
接触	せっしょく	vs
支払い	しはらい	n
攻め	せめ	n
日曜	にちよう	adv
明	めい	n
柄	がら	n
格	かく	n
椅子	いす	n
検証	けんしょう	vs
樹	き	n
正式	せいしき	adj-na
汚い	きたない	adj-i
流石	さすが	adv
爪	つめ	n
猿	さる	n
発揮	はっき	vs
真似	まね	vs
稼ぎ	かせぎ	n
署	しょ	n
翼	つばさ	n
背	せ	n
至る	いたる	v5r
茨城	いばらき	n
表記	ひょうき	vs
表面	ひょうめん	n
課金	かきん	vs
謝罪	しゃざい	vs
輸送	ゆそう	vs
逆転	ぎゃくてん	vs
金額	きんがく	n
鍋	なべ	n
長崎	ながさき	n
階段	かいだん	n
項	こう	n
いかが	いかが	adv
いじめ	いじめ	n
いらっしゃい	いらっしゃい	int
お父さん	おとうさん	n
かかり	かかり	n
それほど	それほど	adv
にかけて	にかけて	exp
ウソ	うそ	n
サークル	サークル	n
スイッチ	スイッチ	vs
ダイヤ	ダイヤ	n
ダブル	ダブル	n
テープ	テープ	n
パフォーマンス	パフォーマンス	n
ラボ	ラボ	n
乙	おつ	adj-na
亀	かめ	n
予告	よこく	vs
人材	じんざい	n
今月	こんげつ	n
体力	たいりょく	n
何処	どこ	pn
兵士	へいし	n
再開	さいかい	vs
冷静	れいせい	n
割引	わりびき	n
劇	げき	n
加	か	n
司法	しほう	n
呼吸	こきゅう	vs
圧力	あつりょく	n
外れ	はずれ	n
妙	みょう	adj-na
実感	じっかん	n
届	とどけ	n
庭	にわ	n
引く	ひく	v5k
成人	せいじん	n
日曜日	にちようび	n
早め	はやめ	n
有る	ある	v5r
来週	らいしゅう	n
消滅	しょうめつ	vs
滞在	たいざい	vs
狩り	かり	n
痛	いた	int
発信	はっしん	vs
矢	や	n
箇所	かしょ	n
紫	むらさき	n
美女	びんじょ	n
膝	ひざ	n
表紙	ひょうし	n
論文	ろんぶん	n
議会	ぎかい	n
起こす	おこす	v5s
退職	たいしょく	vs
通貨	つうか	n
通過	つうか	vs
適切	てきせつ	adj-na
録画	ろくが	vs
陽	よう	n
驚く	おどろく	v5k
こうした	こうした	exp
たとえ	たとえ	n
なんとなく	なんとなく	adv
はるか	はるか	adj-na
アダルト	アダルト	n
ガール	ガール	n
コール	コール	vs
ナイト	ナイト	n
ハッピー	ハッピー	adj-na
ヒロイン	ヒロイン	n
丁寧	ていねい	adj-na
上映	じょうえい	n
上野	こうずけ	n
下着	したぎ	n
京	きょう	n
人事	じんじ	n
侵入	しんにゅう	vs
信仰	しんこう	vs
凄く	すごく	adv
前日	ぜんじつ	n
史上	しじょう	n
合い	あい	n
大学生	だいがくせい	n
実用	じつよう	n
寂しい	さびしい	adj-i
対抗	たいこう	vs
届く	とどく	v5k
岐阜	ぎふ	n
川崎	かわさき	n
常識	じょうしき	n
憧れ	あこがれ	n
扱う	あつかう	v5u
挿入	そうにゅう	vs
損	そん	n
替え	かえ	n
桁	けた	n
楽曲	がっきょく	n
歌う	うたう	v5u
汚れ	けがれ	n
流れる	ながれる	v1
現れる	あらわれる	v1
発達	はったつ	vs
竜	りゅう	n
節	せつ	n
組合	くみあい	n
経由	けいゆ	vs
結論	けつろん	vs
翌日	よくじつ	n
舌	した	n
芸能人	げいのうじん	n
見つける	みつける	v1
誤解	ごかい	vs
豆	まめ	n
資本	しほん	n
逃げる	にげる	v1
通じ	つうじ	n
通る	とおる	v5r
週刊	しゅうかん	n
過程	かてい	n
部品	ぶひん	n
録音	ろくおん	vs
開放	かいほう	vs
雲	くも	n
電波	でんぱ	n
青い	あおい	adj-i
魔女	まじょ	n
どうにか	どうにか	vs
やめる	やめる	v1
アンケート	アンケート	n
オレンジ	オレンジ	n
ギフト	ギフト	n
コーチ	コーチ	vs
シェア	シェア	vs
シャワー	シャワー	n
パッケージ	パッケージ	vs
マイナス	マイナス	vs
レイプ	レイプ	vs
レポート	レポート	vs
ロス	ロス	vs
上手い	うまい	adj-i
主演	しゅえん	vs
主要	しゅよう	adj-na
付属	ふぞく	vs
借金	しゃっきん	vs
偶然	ぐうぜん	n
印刷	いんさつ	vs
土曜日	どようび	n
堂	どう	n
墓	はか	n
変身	へんしん	vs
夕方	ゆうがた	n
夫人	ふじん	n
奥さん	おくさん	n
定め	さだめ	n
宮城	きゅうじょう	n
尊敬	そんけい	vs
形態	けいたい	n
我が	わが	
指名	しめい	vs
方面	ほうめん	n
某	それがし	pn
権限	けんげん	n
毎月	まいつき	adv
汁	しる	n
海賊	かいぞく	n
消す	けす	v5s
演技	えんぎ	vs
無限	むげん	n
理事	りじ	n
異なり	けなり	n
疑い	うたがい	n
眺め	ながめ	n
確信	かくしん	vs
裁判所	さいばんしょ	n
裸	はだか	n
親友	しんゆう	n
該当	がいとう	vs
読者	どくしゃ	n
講座	こうざ	n
資源	しげん	n
賛成	さんせい	vs
跡	あと	n
通し	とおし	n
達し	たっし	n
面接	めんせつ	vs
あっち	あっち	pn
お祝い	おいわい	vs
なくなる	なくなる	v5r
アパート	アパート	n
アピール	アピール	vs
アフリカ	アフリカ	n
エピソード	エピソード	n
ケーブル	ケーブル	n
コア	コア	n
ゴールド	ゴールド	adj-na
シンプル	シンプル	adj-na
ジャック	ジャック	n
チャット	チャット	vs
チョコ	チョコ	n
デブ	デブ	n
デモ	デモ	n
バッテリー	バッテリー	n
パイロット	パイロット	n
ビッグ	ビッグ	adj-na
フレンド	フレンド	n
ボード	ボード	n
マ	マ	exp
マンション	マンション	n
久々	ひさびさ	adj-na
争い	あらそい	n
事項	じこう	n
兄さん	にいさん	n
入院	にゅういん	vs
単なる	たんなる	
印	いん	n
妖怪	ようかい	n
宝	たから	n
尾	お	n
布団	ふとん	n
年金	ねんきん	n
幸い	さいわい	adj-na
弁	べん	n
拠点	きょてん	n
拡張	かくちょう	vs
措置	そち	vs
新しく	あたらしく	adv
未満	みまん	n
死刑	しけい	n
残業	ざんぎょう	vs
殿	しんがり	n
決まり	きまり	n
泉	いずみ	n
由来	ゆらい	vs
相性	あいしょう	n
稼ぐ	かせぐ	v5g
純粋	じゅんすい	adj-na
自治	じち	n
見れる	みれる	v1
観測	かんそく	vs
評判	ひょうばん	n
誘導	ゆうどう	vs
課	か	n
警戒	けいかい	vs
責め	せめ	n
走行	そうこう	vs
返信	へんしん	vs
重ね	かさね	n
集まる	あつまる	v5r
青春	せいしゅん	n
非難	ひなん	vs
風邪	かぜ	n
おっさん	おっさん	n
たまに	たまに	adv
アイス	アイス	n
アップデート	アップデート	vs
アレンジ	アレンジ	vs
インチ	インチ	n
キャンプ	キャンプ	vs
コミュニケーション	コミュニケーション	n
スタンド	スタンド	n
セブン	セブン	n
ビックリ	びっくり	vs
マップ	マップ	n
メリット	メリット	n
不幸	ふこう	n
体操	たいそう	vs
助	すけ	n
医学	いがく	n
原則	げんそく	n
古	ふる	n
合意	ごうい	vs
哲学	てつがく	n
増	ぞう	n
孫	そん	n
容易	ようい	adj-na
寄せ	よせ	n
帽子	ぼうし	n
成分	せいぶん	n
払う	はらう	v5u
排除	はいじょ	vs
改造	かいぞう	vs
政党	せいとう	n
教える	おしえる	v1
書店	しょてん	n
林	はやし	n
流出	りゅうしゅつ	vs
消える	きえる	v1
深刻	しんこく	adj-na
漏れ	もれ	n
癖	くせ	n
真ん中	まんなか	n
秋田	あきた	n
統合	とうごう	vs
薄い	うすい	adj-i
豊か	ゆたか	adj-na
豪華	ごうか	adj-na
通勤	つうきん	vs
通報	つうほう	vs
遊ぶ	あそぶ	v5b
関与	かんよ	vs
電池	でんち	n
いよいよ	いよいよ	adv
きょう	きょう	n
けども	けども	conj
たっぷり	たっぷり	adv
ところで	ところで	conj
どうやら	どうやら	adv
はじめて	はじめて	adv
オーバー	オーバー	n
カール	カール	vs
サーバー	サーバ	n
ショット	ショット	n
スカート	スカート	n
タウン	タウン	n
タレント	タレント	n
ビット	ビット	n
ピザ	ピザ	n
マイル	マイル	n
リン	リン	n
ローマ	ローマ	n
上下	じょうげ	n
下記	かき	n
丼	どんぶり	n
仕掛け	しかけ	n
付ける	つける	v1
判定	はんてい	vs
割合	わりあい	n
加入	かにゅう	vs
喉	のど	n
塗り	ぬり	n
外出	がいしゅつ	vs
容量	ようりょう	n
帰宅	きたく	vs
徐々に	じょじょに	adv
怖	こわ	int
悠	ゆう	
成績	せいせき	n
拘束	こうそく	vs
故障	こしょう	vs
既存	きそん	n
昨年	さくねん	n
朝日	あさひ	n
楽器	がっき	n
毎	ごと	n
湯	ゆ	n
片付け	かたづけ	n
研修	けんしゅう	vs
行方	ゆくえ	n
言い方	いいかた	n
語り	かたり	n
譲渡	じょうと	vs
郵便	ゆうびん	n
重量	じゅうりょう	n
阪神	はんしん	n
除く	のぞく	v5k
風景	ふうけい	n
首都	しゅと	n
いったい	いったい	adv
おもしろい	おもしろい	adj-i
しょうが	しょうが	n
すっかり	すっかり	adv
それなり	それなり	adv
たとえば	たとえば	adv
まずい	まずい	adj-i
もしかして	もしかして	adv
イライラ	いらいら	vs
カン	カン	vs
サン	サン	n
シナリオ	シナリオ	n
タオル	タオル	n
タンク	タンク	n
トラ	トラ	n
トロ	とろ	n
ノリ	のり	n
ヘッド	ヘッド	n
ボーナス	ボーナス	n
マナー	マナー	n
ユダヤ	ユダヤ	n
ラップ	ラップ	vs
ロング	ロング	adj-na
不動産	ふどうさん	n
中華	ちゅうか	n
中間	ちゅうかん	n
事例	じれい	n
今更	いまさら	adv
今朝	けさ	n
個別	こべつ	n
卒	そつ	n
単語	たんご	n
名称	めいしょう	n
執行	しっこう	vs
外科	げか	n
好評	こうひょう	n
学会	がっかい	n
実に	じつに	adv
実力	じつりょく	n
小型	こがた	n
山形	やまがた	n
引き続き	ひきつづき	adv
後で	あとで	adv
忘れる	わすれる	v1
恥	はじ	n
戻し	もどし	n
払い	はらい	n
本社	ほんしゃ	n
根	ね	n
機体	きたい	n
機構	きこう	n
正しく	まさしく	adv
正常	せいじょう	n
正当	せいとう	adj-na
殆ど	ほとんど	n
汚染	おせん	vs
泣き	なき	n
湖	みずうみ	n
溢れ	あふれ	n
目覚め	めざめ	n
知事	ちじ	n
移住	いじゅう	vs
童貞	どうてい	n
網	あみ	n
縦	たて	n
美術	びじゅつ	n
記	き	n
走り	はしり	n
長年	ながねん	n
香港	ホンコン	n
こうして	こうして	conj
こわい	こわい	adj-i
たまたま	たまたま	adv
アドバイス	アドバイス	vs
サー	サー	n
ショート	ショート	adj-na
スープ	スープ	n
ターゲット	ターゲット	n
デッキ	デッキ	n
ハンター	ハンター	n
パイ	パイ	n
パーティ	パーティー	n
フォロー	フォロー	vs
マイク	マイク	n
ランチ	ランチ	n
レシピ	レシピ	n
保守	ほしゅ	vs
共産党	きょうさんとう	n
出席	しゅっせき	vs
分類	ぶんるい	vs
加減	かげん	n
口座	こうざ	n
同盟	どうめい	vs
大戦	たいせん	n
天国	てんごく	n
嫉妬	しっと	vs
寺	てら	n
巻き	まき	n
怪しい	あやしい	adj-i
推測	すいそく	vs
損害	そんがい	vs
時刻	じこく	n
机	つくえ	n
根拠	こんきょ	vs
洋	よう	n
消化	しょうか	vs
無人	むじん	n
班	はん	n
理	り	n
畑	はたけ	n
着用	ちゃくよう	vs
究極	きゅうきょく	n
経緯	いきさつ	n
自治体	じちたい	n
舞	まい	n
見逃し	みのがし	n
越し	ごし	n
農業	のうぎょう	n
返す	かえす	v5s
過ごす	すごす	v5s
配慮	はいりょ	vs
防ぐ	ふせぐ	v5g
震え	ふるえ	n
駅前	えきまえ	n
髪の毛	かみのけ	exp
おばさん	おばさん	n
およそ	およそ	adv
この世	このよ	n
こんばんは	こんばんは	int
ごはん	ごはん	n
せめて	せめて	adv
それなら	それなら	conj
ふたり	ふたり	n
よろしい	よろしい	adj-i
ア	あっ	int
アルコール	アルコール	n
インストール	インストール	vs
キーボード	キーボード	n
ゲイ	ゲイ	n
シン	シン	n
スカイ	スカイ	n
スルー	スルー	vs
セリフ	セリフ	n
セル	セル	n
ソフトウェア	ソフトウェア	n
タワー	タワー	n
ターン	ターン	vs
ディズニー	ディズニー	n
フリ	フリ	n
プラン	プラン	n
プレー	プレイ	vs
ベルト	ベルト	n
ポスター	ポスター	n
マル	まる	n
ミルク	ミルク	n
モバイル	モビール	n
ログイン	ログイン	vs
ヶ	ヶ	ctr
交代	こうたい	vs
信じる	しんじる	v1
個性	こせい	n
分かれ	わかれ	n
勇	ゆう	n
区別	くべつ	vs
反映	はんえい	vs
反発	はんぱつ	vs
吉	きち	n
向き	むき	n
告知	こくち	vs
回り	まわり	n
地位	ちい	n
大人気	だいにんき	n
守り	まもり	n
宝石	ほうせき	n
実践	じっせん	vs
履歴	りれき	n
帳	ちょう	n
復興	ふっこう	vs
恵	え	n
所持	しょじ	vs
手続き	てつづき	vs
推奨	すいしょう	vs
文庫	ぶんこ	n
日時	にちじ	n
栄養	えいよう	n
武	ぶ	n
死体	したい	n
無効	むこう	n
狭い	せまい	adj-i
生放送	なまほうそう	vs
用語	ようご	n
痩せ	やせ	n
看板	かんばん	n
編成	へんせい	vs
肉体	にくたい	n
藤	ふじ	n
虎	とら	n
衝突	しょうとつ	vs
親子	おやこ	n
論理	ろんり	n
転換	てんかん	vs
金曜日	きんようび	n
録	ろく	n
集まり	あつまり	n
青森	あおもり	n
飛ぶ	とぶ	v5b
黒人	こくじん	n
おもちゃ	おもちゃ	n
かわいそう	かわいそう	adj-na
けれども	けれども	conj
さまざま	さまざま	adj-na
そっくり	そっくり	adv
ってか	ってか	conj
アマゾン	アマゾン	n
オーストラリア	オーストラリア	n
カナダ	カナダ	n
カリフォルニア	カリフォルニア	n
ギャル	ギャル	n
ギリシャ	ギリシャ	n
シティ	シティ	n
ジュース	ジュース	n
スクール	スクール	n
タイヤ	タイヤ	n
ヒト	ひと	n
ベトナム	ベトナム	n
ボランティア	ボランティア	vs
マスコミ	マスコミ	n
メモリ	メモリー	n
中世	ちゅうせい	n
也	なり	
予感	よかん	n
何より	なにより	exp
保育	ほいく	vs
入場	にゅうじょう	vs
利	り	n
勿論	もちろん	adv
反省	はんせい	vs
合成	ごうせい	vs
向かい	むかい	n
売上	うりあげ	n
売却	ばいきゃく	vs
宿	やど	n
工	こう	n
広報	こうほう	n
形状	けいじょう	n
快適	かいてき	adj-na
愛する	あいする	vs
手間	てま	n
抗議	こうぎ	vs
揚げ	あげ	n
援助	えんじょ	vs
撤退	てったい	vs
放棄	ほうき	vs
文明	ぶんめい	n
斗	と	n
最適	さいてき	adj-na
朝日新聞	あさひしんぶん	n
欧州	おうしゅう	n
止める	とめる	v1
求人	きゅうじん	vs
留学	りゅうがく	vs
白人	はくじん	n
繰り返す	くりかえす	v5s
習慣	しゅうかん	n
菌	きん	n
衣	ころも	n
解析	かいせき	vs
証言	しょうげん	vs
試み	こころみ	n
詰め	つめ	n
象徴	しょうちょう	vs
踊り	おどり	n
進出	しんしゅつ	vs
過激	かげき	adj-na
違和感	いわかん	n
都内	とない	n
酸素	さんそ	n
高め	たかめ	n
がんばれ	がんばれ	int
こっそり	こっそり	adv
さよなら	さよなら	int
だけど	だけど	conj
でかい	でかい	adj-i
ばあちゃん	ばあちゃん	n
クマ	くま	n
コラボ	コラボ	vs
ジャン	じゃーん	int
スタンプ	スタンプ	n
ソ	ソ	n
チップ	チップ	n
ニ	ニ	n
ハワイ	ハワイ	n
フジ	ふじ	n
フロント	フロント	n
ミラー	ミラー	n
メジャー	メジャー	adj-na
ラ	ラ	n
ライバル	ライバル	n
リズム	リズム	n
レンタル	レンタル	vs
上級	じょうきゅう	n
之	これ	pn
人権	じんけん	n
切り替え	きりかえ	n
割れ	われ	n
創業	そうぎょう	vs
劣化	れっか	vs
北部	ほくぶ	n
取締役	とりしまりやく	n
召喚	しょうかん	vs
問い合わせ	といあわせ	n
地下鉄	ちかてつ	n
塔	とう	n
大した	たいした	
大和	やまと	n
女子高	じょしこう	n
妨害	ぼうがい	vs
宗	しゅう	n
富山	とやま	n
幹部	かんぶ	n
戦車	せんしゃ	n
投入	とうにゅう	vs
指輪	ゆびわ	n
提示	ていじ	vs
早速	さっそく	adv
材	ざい	n
東日本	ひがしにほん	n
株式	かぶしき	n
次々	つぎつぎ	adv
残す	のこす	v5s
測定	そくてい	vs
略	りゃく	n
皿	さら	n
福井	ふくい	n
糸	し	n
細かい	こまかい	adj-i
花火	はなび	n
衛生	えいせい	n
認証	にんしょう	vs
込み	こみ	n
透明	とうめい	adj-na
避ける	さける	v1
開幕	かいまく	vs
顧客	こきゃく	n
いかに	いかに	adv
この間	このあいだ	n
なので	なので	exp
まつり	まつり	n
アルバイト	アルバイト	vs
エース	エース	n
ゲット	ゲット	vs
コンセプト	コンセプト	n
ジュニア	ジュニア	n
スパイ	スパイ	vs
チョコレート	チョコレート	n
トレーニング	トレーニング	vs
ファイナル	ファイナル	n
フィルム	フィルム	n
ワクワク	わくわく	vs
不倫	ふりん	vs
作曲	さっきょく	vs
倉庫	そうこ	n
偽	にせ	n
兆	ちょう	
冷たい	つめたい	adj-i
出産	しゅっさん	vs
刃	やいば	n
分離	ぶんり	vs
博物館	はくぶつかん	n
叩き	たたき	n
国境	こっきょう	n
土日	どにち	n
土曜	どよう	adv
夏休み	なつやすみ	n
居酒屋	いざかや	n
工業	こうぎょう	n
幸福	こうふく	n
性欲	せいよく	n
捨てる	すてる	v1
改	かい	n
新鮮	しんせん	adj-na
明るい	あかるい	adj-i
晴れ	はれ	n
暗い	くらい	adj-i
暴走	ぼうそう	vs
月曜日	げつようび	n
来い	こい	int
東方	とうほう	n
栃木	とちぎ	n
死者	ししゃ	n
生き物	いきもの	n
田	た	n
疑惑	ぎわく	n
発想	はっそう	vs
発明	はつめい	vs
発覚	はっかく	vs
皮膚	ひふ	n
瞳	ひとみ	n
稼働	かどう	vs
突入	とつにゅう	vs
紅	くれない	n
綾	あや	n
群馬	ぐんま	n
聞こえる	きこえる	v1
脂肪	しぼう	n
落とす	おとす	v5s
表明	ひょうめい	vs
被災	ひさい	vs
設け	もうけ	n
調べる	しらべる	v1
豊富	ほうふ	adj-na
量産	りょうさん	vs
金曜	きんよう	n
飛ばし	とばし	n
食う	くう	v5u
香川	かがわ	n
黄色	きいろ	adj-na
おいで	おいで	n
それでは	それでは	exp
ぴったり	ぴったり	vs
オブ	オブ	
カス	かす	n
カラオケ	からオケ	n
ゲート	ゲート	n
ショッピング	ショッピング	vs
ジン	ジン	n
スコア	スコア	n
スポット	スポット	n
ソウル	ソウル	n
トレンド	トレンド	n
ブラジル	ブラジル	n
ブレーキ	ブレーキ	n
ホット	ホット	adj-na
モー	モー	n
ワシントン	ワシントン	n
中学校	ちゅうがっこう	n
中毒	ちゅうどく	vs
入荷	にゅうか	vs
分解	ぶんかい	vs
効く	きく	v5k
動	どう	n
協議	きょうぎ	vs
寄り	より	n
寄付	きふ	vs
岩手	いわて	n
強調	きょうちょう	vs
志	こころざし	n
応用	おうよう	vs
思わず	おもわず	adv
意志	いし	n
戦場	せんじょう	n
戸	と	n
控え	ひかえ	n
描写	びょうしゃ	vs
救急	きゅうきゅう	n
教科書	きょうかしょ	n
案件	あんけん	n
正面	しょうめん	n
永久	えいきゅう	n
法則	ほうそく	n
独特	どくとく	n
療法	りょうほう	n
砂糖	さとう	n
答える	こたえる	v1
美術館	びじゅつかん	n
職人	しょくにん	n
胃	い	n
自覚	じかく	vs
萌え	もえ	n
蓮	はす	n
蘭	らん	n
要因	よういん	n
言い訳	いいわけ	vs
記述	きじゅつ	vs
起こり	おこり	n
軍隊	ぐんたい	n
集める	あつめる	v1
露出	ろしゅつ	vs
順位	じゅんい	n
餌	えさ	n
鶏	にわとり	n
あえて	あえて	adv
あくまで	あくまで	adv
おしゃれ	おしゃれ	adj-na
きつい	きつい	adj-i
そしたら	そしたら	conj
そちら	そちら	pn
それから	それから	exp
ちょい	ちょい	adv
つながり	つながり	n
オーク	オーク	n
ギリギリ	ぎりぎり	adj-na
ジェット	ジェット	n
ダーク	ダーク	adj-na
トランプ	トランプ	n
ペア	ペア	n
ホラー	ホラー	n
ポート	ポート	n
マッサージ	マッサージ	vs
メス	メス	n
ライオン	ライオン	n
中島	なかじま	n
予選	よせん	vs
仮面	かめん	n
会計	かいけい	vs
伴う	ともなう	v5u
係	かかり	n
保持	ほじ	vs
共和	きょうわ	n
初代	しょだい	n
到達	とうたつ	vs
単独	たんどく	n
双子	ふたご	n
反乱	はんらん	vs
和歌山	わかやま	n
唐	とう	n
商業	しょうぎょう	n
増やす	ふやす	v5s
孤独	こどく	n
学び	まなび	n
尚	なお	adv
布	ぬの	n
師匠	ししょう	n
帰れ	かえれ	exp
廃棄	はいき	vs
引っ越し	ひっこし	vs
念	ねん	n
愛情	あいじょう	n
所得	しょとく	n
接近	せっきん	vs
日程	にってい	n
日経	にっけい	n
月曜	げつよう	n
有利	ゆうり	adj-na
欲求	よっきゅう	vs
活性	かっせい	n
海岸	かいがん	n
清水	しみず	n
熟	つくづく	adv
生存	せいぞん	n
生涯	しょうがい	n
用途	ようと	n
癌	がん	n
着る	きる	v1
知的	ちてき	adj-na
砲	ほう	n
祝	はふり	n
脅威	きょうい	vs
襲撃	しゅうげき	vs
見つかる	みつかる	v5r
見解	けんかい	n
親父	おやじ	n
負ける	まける	v1
財政	ざいせい	n
買収	ばいしゅう	vs
輸出	ゆしゅつ	vs
醤油	しょうゆ	n
銀座	ぎんざ	n
集会	しゅうかい	vs
離脱	りだつ	vs
雷	かみなり	n
ほんの	ほんの	
イエス	イエス	n
イラク	イラク	n
カ	か	n
グラス	グラス	n
シフト	シフト	vs
ゾンビ	ゾンビ	n
チェーン	チェーン	n
チキン	チキン	n
テキスト	テキスト	n
テン	テン	n
トマト	トマト	n
トンネル	トンネル	n
ドーム	ドーム	n
パーク	パーク	n
フィールド	フィールド	n
ペース	ペース	n
ポジション	ポジション	n
ポーズ	ポーズ	n
ラス	ラス	n
リアルタイム	リアルタイム	n
リス	リス	n
ロン	ロン	n
一族	いちぞく	n
代行	だいこう	vs
仮	かり	n
佐賀	さが	n
例外	れいがい	n
僕ら	ぼくら	pn
充分	じゅうぶん	adj-na
入社	にゅうしゃ	vs
全面	ぜんめん	n
冷蔵庫	れいぞうこ	n
出典	しゅってん	n
出勤	しゅっきん	vs
取れる	とれる	v1
合体	がったい	vs
商店	しょうてん	n
喜ぶ	よろこぶ	v5b
在	ざい	n
在庫	ざいこ	n
女神	めがみ	n
家電	かでん	n
年収	ねんしゅう	n
広場	ひろば	n
性質	せいしつ	n
愛媛	えひめ	n
戦国	せんごく	n
放射線	ほうしゃせん	n
数値	すうち	n
文学	ぶんがく	n
昼間	ひるま	n
智	ち	n
暗号	あんごう	n
最中	もなか	n
有難う	ありがとう	int
本編	ほんぺん	n
火災	かさい	n
照明	しょうめい	vs
独占	どくせん	vs
目撃	もくげき	vs
稼げる	かせげる	v1
端	はし	n
署名	しょめい	vs
見直し	みなおし	vs
言及	げんきゅう	vs
調教	ちょうきょう	vs
警告	けいこく	vs
警官	けいかん	n
議長	ぎちょう	n
進み	すすみ	n
過剰	かじょう	n
遭遇	そうぐう	vs
選び	えらび	n
頻繁	ひんぱん	adj-na
黄金	おうごん	n
おまけ	おまけ	vs
もしも	もしも	adv
ウェブサイト	ウェブサイト	n
オーナー	オーナー	n
クエスト	クエスト	n
コンビ	コンビ	n
サプリ	サプリ	n
センチ	センチ	n
ソング	ソング	n
トルコ	トルコ	n
パネル	パネル	n
ビーチ	ビーチ	n
フェ	フェ	n
プログラミング	プログラミング	vs
マウス	マウス	n
マラソン	マラソン	n
ライ	ライ	n
レコード	レコード	n
レディ	レディー	n
ローズ	ローズ	n
ワード	ワード	n
一旦	いったん	adv
不能	ふのう	adj-na
予備	よび	n
予防	よぼう	vs
人妻	ひとづま	n
任意	にんい	n
保育園	ほいくえん	n
修行	しゅぎょう	vs
再度	さいど	n
処刑	しょけい	vs
刑務所	けいむしょ	n
削減	さくげん	vs
務め	つとめ	n
回線	かいせん	n
国籍	こくせき	n
地味	じみ	adj-na
大勢	おおぜい	n
官僚	かんりょう	n
実態	じったい	n
寒	かん	n
対決	たいけつ	vs
山下	さんか	n
後輩	こうはい	n
得点	とくてん	vs
徹底	てってい	vs
悩む	なやむ	v5m
慎重	しんちょう	adj-na
懸念	けねん	vs
投手	とうしゅ	n
拳	こぶし	n
操縦	そうじゅう	vs
放射	ほうしゃ	vs
新型	しんがた	n
旗	はた	n
旨	むね	n
本名	ほんみょう	n
本番	ほんばん	n
栄	えい	n
梅	うめ	n
欲	よく	n
水道	すいどう	n
決断	けつだん	vs
液	えき	n
炉	ろ	n
熊	くま	n
癒し	いやし	n
目線	めせん	n
県内	けんない	n
移転	いてん	vs
自主	じしゅ	vs
自社	じしゃ	n
要望	ようぼう	vs
許す	ゆるす	v5s
詩	し	n
講演	こうえん	vs
電動	でんどう	n
頑張り	がんばり	n
飲み物	のみもの	n
飲食	いんしょく	vs
黄	き	n
あんま	あんま	vs
いただく	いただく	v5k
うんこ	うんこ	vs
それにしても	それにしても	exp
ひたすら	ひたすら	adv
オプション	オプション	vs
クイズ	クイズ	n
クラシック	クラシック	n
サラダ	サラダ	n
シャー	シャー	n
タッチ	タッチ	vs
チリ	チリ	n
デザイナー	デザイナー	n
ハ	ハ	n
パスワード	パスワード	n
パッ	パッ	int
パンチ	パンチ	vs
ファースト	ファースト	n
フィリピン	フィリピン	n
フード	フード	n
プロデューサー	プロデューサー	n
マジック	マジック	n
ルー	ルー	n
丘	おか	n
乾燥	かんそう	vs
仏	ほとけ	n
仮想	かそう	vs
兄ちゃん	にいちゃん	n
共感	きょうかん	vs
分間	ふんかん	ctr
動かす	うごかす	v5s
各国	かっこく	n
同社	どうしゃ	n
地点	ちてん	n
奥様	おくさま	n
定着	ていちゃく	vs
当局	とうきょく	n
復讐	ふくしゅう	vs
折れ	おれ	n
月末	げつまつ	n
望む	のぞむ	v5m
東海	とうかい	n
校長	こうちょう	n
桃	もも	n
検出	けんしゅつ	vs
機動	きどう	n
法的	ほうてき	adj-na
済	ずみ	n
満	まん	n
滋賀	しが	n
灯	とう	n
狙う	ねらう	v5u
生理	せいり	n
県民	けんみん	n
税金	ぜいきん	n
糖	とう	n
罠	わな	n
被告	ひこく	n
規格	きかく	n
読書	どくしょ	vs
調理	ちょうり	vs
貰える	もらえる	v1
遠慮	えんりょ	vs
鈴	すず	n
鑑賞	かんしょう	vs
難易	なんい	n
面積	めんせき	n
食料	しょくりょう	n
かわり	かわり	n
たしかに	たしかに	adv
つくる	つくる	v5r
ところが	ところが	conj
なるべく	なるべく	adv
はやく	はやく	adv
まして	まして	exp
エア	エア	n
ガイド	ガイド	vs
キッチン	キッチン	n
ゴム	ゴム	n
ジャー	ジャー	n
スキー	スキー	n
ステーション	ステーション	n
スポンサー	スポンサー	n
トレ	トレ	n
ニキビ	にきび	n
パーカー	パーカー	n
ブース	ブース	n
プライベート	プライベート	adj-na
プロレス	プロレス	n
ポップ	ポップ	vs
メタル	メタル	n
下ろし	おろし	n
不快	ふかい	n
二度と	にどと	adv
井	せい	n
人種	じんしゅ	n
体質	たいしつ	n
何故か	なぜか	adv
倒す	たおす	v5s
側面	そくめん	n
共演	きょうえん	vs
兼	けん	conj
占い	うらない	n
厚生	こうせい	n
呪い	のろい	n
国連	こくれん	n
塗装	とそう	vs
大佐	たいさ	n
大陸	たいりく	n
宅	たく	n
審議	しんぎ	vs
当該	とうがい	n
役員	やくいん	n
性別	せいべつ	n
悲しみ	かなしみ	n
撮る	とる	v5r
本質	ほんしつ	n
柱	はしら	n
根本	ねほん	n
栽培	さいばい	vs
比べる	くらべる	v1
気味	きみ	n
濃い	こい	adj-i
生成	せいせい	vs
発動	はつどう	vs
発音	はつおん	vs
盛り	さかり	n
相続	そうぞく	vs
盾	たて	n
眼鏡	めがね	n
知	ち	n
竹	たけ	n
結成	けっせい	vs
緩和	かんわ	vs
繋がる	つながる	v5r
罰	ばち	n
脇	わき	n
芸	げい	n
若手	わかて	n
虐殺	ぎゃくさつ	vs
観客	かんきゃく	n
解体	かいたい	vs
触れる	ふれる	v1
通う	かよう	v5u
選手権	せんしゅけん	n
開き	ひらき	n
隊長	たいちょう	n
青年	せいねん	n
頭痛	ずつう	n
麻	あさ	n
いいえ	いいえ	int
いえる	いえる	v1
ともかく	ともかく	adv
サウンド	サウンド	n
ジャズ	ジャズ	n
スケジュール	スケジュール	vs
ソ連	ソれん	n
ゾーン	ゾーン	n
ティー	ティー	n
ハーフ	ハーフ	n
バナナ	バナナ	n
フランク	フランク	adj-na
ユニ	ユニ	n
ライター	ライター	n
レーザー	レーザー	n
ワンピース	ワンピース	n
ワーク	ワーク	n
下り	くだり	n
不可	ふか	n
不安定	ふあんてい	adj-na
並ぶ	ならぶ	v5b
乱	らん	n
人格	じんかく	n
傘	かさ	n
処女	しょじょ	n
出口	でぐち	n
出番	でばん	n
分割	ぶんかつ	vs
初日	しょにち	n
加速	かそく	vs
勘弁	かんべん	vs
同期	どうき	n
品質	ひんしつ	n
回路	かいろ	n
土産	みやげ	n
夜中	よなか	n
妖精	ようせい	n
完結	かんけつ	vs
定	じょう	n
屋敷	やしき	n
情熱	じょうねつ	n
押す	おす	v5s
抽選	ちゅうせん	vs
揺れ	ゆれ	n
損失	そんしつ	n
摂取	せっしゅ	vs
暑	しょ	n
朝食	ちょうしょく	n
水素	すいそ	n
決意	けつい	vs
泣く	なく	v5k
泥	どろ	n
満載	まんさい	vs
疾患	しっかん	n
砂	すな	n
移民	いみん	vs
稀	まれ	adj-na
紳士	しんし	n
絶滅	ぜつめつ	vs
自作	じさく	vs
著者	ちょしゃ	n
薬物	やくぶつ	n
虹	にじ	n
装着	そうちゃく	vs
見方	みかた	n
言	げん	n
誇り	ほこり	n
誠	まこと	adv
調	ちょう	n
負傷	ふしょう	vs
賠償	ばいしょう	vs
贅沢	ぜいたく	n
転職	てんしょく	vs
近代	きんだい	n
遺体	いたい	n
重大	じゅうだい	adj-na
隠す	かくす	v5s
雄	お	n
高知	こうち	n
あんなに	あんなに	adv
お礼	おれい	n
お笑い	おわらい	n
ご存知	ごぞんじ	n
すなわち	すなわち	adv
だんだん	だんだん	adv
ますます	ますます	adv
アカ	アカ	n
イラン	イラン	n
ウッド	ウッド	n
カロリー	カロリー	n
クッキー	クッキー	n
ケア	ケア	vs
サイ	サイ	n
シルバー	シルバー	adj-na
スカ	スカ	n
スッキリ	すっきり	vs
ストリート	ストリート	n
ストレート	ストレート	adj-na
ストーン	ストーン	n
テンション	テンション	n
データベース	データベース	n
ハンド	ハンド	n
ファー	ファー	n
フェイス	フェイス	n
フレーム	フレーム	n
ブル	ブル	n
ヘンリー	ヘンリー	n
メガ	メガ	n
モニター	モニター	n
ロケット	ロケット	n
ワイド	ワイド	adj-na
一生懸命	いっしょうけんめい	adj-na
交際	こうさい	vs
付く	つく	v5k
侵略	しんりゃく	vs
内側	うちがわ	n
出品	しゅっぴん	vs
南部	なんぶ	n
原子力	げんしりょく	n
同級生	どうきゅうせい	n
在日	ざいにち	vs
地面	じめん	n
域	いき	n
増し	まし	adj-na
夢中	むちゅう	adj-na
大震災	だいしんさい	n
委託	いたく	vs
実写	じっしゃ	vs
寿命	じゅみょう	n
射精	しゃせい	vs
山梨	やまなし	n
幸	さち	n
幻想	げんそう	n
性的	せいてき	adj-na
手順	てじゅん	n
歌手	かしゅ	n
水分	すいぶん	n
流通	りゅうつう	vs
牛乳	ぎゅうにゅう	n
甲	こう	n
皇帝	こうてい	n
礼	れい	n
福	ふく	n
粒	つぶ	n
興味深い	きょうみぶかい	adj-i
良し	よし	
補給	ほきゅう	vs
覚醒	かくせい	vs
貯金	ちょきん	vs
身分	みぶん	n
軍人	ぐんじん	n
軒	のき	n
迎える	むかえる	v1
速い	はやい	adj-i
配達	はいたつ	vs
針	はり	n
開設	かいせつ	vs
防御	ぼうぎょ	vs
随分	ずいぶん	adv
頑張る	がんばる	v5r
頼り	たより	n
鶴	つる	n
おじいちゃん	おじいちゃん	n
お疲れ様	おつかれさま	exp
そうですね	そうですね	exp
づらい	づらい	adj-i
なんとも	なんとも	adv
もったいない	もったいない	adj-i
アッ	あっ	int
イスラエル	イスラエル	n
ウェイ	ウェー	n
ガード	ガード	vs
キモ	きも	n
ギャグ	ギャグ	n
ジョー	ジョー	n
ドクター	ドクター	n
ドラム	ドラム	n
ナイス	ナイス	adj-na
バル	バル	n
ファミリー	ファミリー	n
プレス	プレス	vs
ヘア	ヘア	n
マネージャー	マネージャー	n
マリ	マリ	n
モチーフ	モチーフ	n
モール	モール	n
レオ	レオ	n
レギュラー	レギュラー	adj-na
レモン	レモン	n
レンズ	レンズ	n
ヵ月	かげつ	ctr
一般人	いっぱんじん	n
世界一	せかいいち	n
主婦	しゅふ	n
乙女	しょうじょ	n
予報	よほう	vs
促進	そくしん	vs
修復	しゅうふく	vs
出会う	であう	v5u
助手	じょしゅ	n
反射	はんしゃ	vs
古く	ふるく	adv
合理	ごうり	n
商	しょう	n
国王	こくおう	n
報	ほう	n
大野	おおの	n
失う	うしなう	v5u
字幕	じまく	n
守	かみ	n
実習	じっしゅう	vs
将棋	しょうぎ	n
少々	しょうしょう	adv
少数	しょうすう	n
崩れ	くずれ	n
幕	まく	n
広がる	ひろがる	v5r
延期	えんき	vs
忍	しのぶ	n
怒る	おこる	v5r
悲劇	ひげき	n
愛用	あいよう	vs
抜ける	ぬける	v1
持ち主	もちぬし	n
放出	ほうしゅつ	vs
故郷	ふるさと	n
救う	すくう	v5u
日付	ひづけ	n
晴	はれ	n
未だに	いまだに	adv
槍	やり	n
欧米	おうべい	n
気持ちいい	きもちいい	adj-i
派手	はで	adj-na
海軍	かいぐん	n
濡れ	ぬれ	n
焼	やき	n
特性	とくせい	n
玄関	げんかん	n
登山	とざん	vs
移植	いしょく	vs
紗	しゃ	n
続編	ぞくへん	n
聴き	きき	n
能	のう	n
脚本	きゃくほん	n
苦しい	くるしい	adj-i
虐待	ぎゃくたい	vs
証券	しょうけん	n
調達	ちょうたつ	vs
追求	ついきゅう	vs
逃れ	のがれ	n
通話	つうわ	vs
連休	れんきゅう	n
進める	すすめる	v1
進歩	しんぽ	vs
遺跡	いせき	n
野生	やせい	vs
関わり	かかわり	n
阻止	そし	vs
雑	ざつ	adj-na
順番	じゅんばん	n
騒ぎ	さわぎ	n
おいおい	おいおい	int
そこそこ	そこそこ	adv
その間	そのあいだ	n
ちがう	ちがう	v5u
もたらす	もたらす	v5s
やがて	やがて	adv
やり取り	やりとり	vs
アナログ	アナログ	adj-na
イスラム	イスラム	n
エレベーター	エレベーター	n
オイル	オイル	n
カ月	かげつ	ctr
キット	キット	n
キャプテン	キャプテン	n
クリーム	クリーム	n
ステップ	ステップ	vs
ズボン	ズボン	n
テレ	テレ	n
ドキドキ	ドキドキ	adv
ドリンク	ドリンク	n
ハロウィン	ハロウィーン	n
バスト	バスト	n
パチンコ	パチンコ	vs
ビッチ	ビッチ	n
フェア	フェア	adj-na
フライ	フライ	n
ブラウン	ブラウン	n
ブリ	ぶり	n
ブルース	ブルース	n
ボー	ボー	n
マック	マック	n
ムービー	ムービー	n
リニューアル	リニューアル	vs
リラックス	リラックス	vs
一種	いっしゅ	adv
三重	さんじゅう	n
並	なみ	n
並み	なみ	n
今や	いまや	adv
休暇	きゅうか	n
保有	ほゆう	vs
偉大	いだい	adj-na
公務員	こうむいん	n
冒頭	ぼうとう	adv
出張	しゅっちょう	vs
勃起	ぼっき	vs
勤め	つとめ	n
協定	きょうてい	vs
原理	げんり	n
取り入れ	とりいれ	n
台詞	せりふ	n
商売	しょうばい	vs
喫煙	きつえん	vs
在住	ざいじゅう	vs
地帯	ちたい	n
堀	ほり	n
店長	てんちょう	n
座席	ざせき	n
徳島	とくしま	n
打つ	うつ	v5t
教員	きょういん	n
晒し	さらし	n
札	ふだ	n
概要	がいよう	n
法案	ほうあん	n
爆撃	ばくげき	vs
甘く	うまく	adv
石油	せきゆ	n
確立	かくりつ	vs
秘書	ひしょ	n
籠	かご	n
紐	ひも	n
絆	きずな	n
羊	ひつじ	n
羨ましい	うらやましい	adj-i
誘惑	ゆうわく	vs
貿易	ぼうえき	vs
辛	かのと	n
陰謀	いんぼう	n
陸上	りくじょう	n
音源	おんげん	n
駆逐	くちく	vs
高等	こうとう	adj-na
鹿	かのしし	n
あわせ	あわせ	n
さっぱり	さっぱり	vs
そこら	そこら	n
やたら	やたら	adv
エンジニア	エンジニア	n
カネ	カネ	n
キャンセル	キャンセル	vs
グラビア	グラビア	n
グレード	グレード	n
サクラ	さくら	n
ストップ	ストップ	vs
デスク	デスク	n
ナイフ	ナイフ	n
ネーム	ネーム	n
ハゲ	はげ	n
バグ	バグ	n
バター	バター	n
フラッシュ	フラッシュ	n
ベイ	ベイ	n
ボケ	ぼけ	n
マット	マット	n
マネー	マネー	n
ラウンド	ラウンド	n
ラッキー	ラッキー	adj-na
リクエスト	リクエスト	vs
ローカル	ローカル	adj-na
ワイ	ワイ	n
ワクチン	ワクチン	n
丁度	ちょうど	adv
乗客	じょうきゃく	n
互いに	たがいに	adv
伝わる	つたわる	v5r
侍	さむらい	n
信	しん	n
公認	こうにん	vs
再会	さいかい	vs
助かる	たすかる	v5r
動機	どうき	n
奇妙	きみょう	adj-na
姉ちゃん	ねえちゃん	n
定番	じょうばん	vs
将	はた	adv
就任	しゅうにん	vs
巣	す	n
己	おのれ	pn
幻	まぼろし	n
後者	こうしゃ	n
戦前	せんぜん	n
手前	てまえ	n
損傷	そんしょう	vs
救助	きゅうじょ	vs
数々	かずかず	n
明け	あけ	n
暮らす	くらす	v5s
本音	ほんね	n
枕	まくら	n
棚	たな	n
機嫌	きげん	n
残	ざん	n
沙	しゃ	
流す	ながす	v5s
清	しん	n
炎上	えんじょう	vs
煙	けむり	n
異性	いせい	n
相撲	すもう	n
祖父	そふ	n
系列	けいれつ	n
育てる	そだてる	v1
自称	じしょう	n
薄	すすき	n
西洋	せいよう	n
豆腐	とうふ	n
車内	しゃない	n
逃亡	とうぼう	vs
遠征	えんせい	vs
雑談	ざつだん	vs
零	れい	n
食堂	しょくどう	n
魔術	まじゅつ	n
あたる	あたる	v5r
こども	こども	n
さいたま	さいたま	n
ちんちん	ちんちん	n
できるだけ	できるだけ	exp
まいり	まいり	n
ゆかり	ゆかり	n
アドレス	アドレス	n
エアコン	エアコン	n
オシャレ	おしゃれ	adj-na
キチガイ	きちがい	n
クイーン	クイーン	n
グルメ	グルメ	n
スイス	スイス	n
チャート	チャート	n
パスタ	パスタ	n
プレート	プレート	n
プロセス	プロセス	n
ボート	ボート	n
マックス	マックス	n
ミュージック	ミュージック	n
ラリー	ラリー	n
世帯	せたい	n
何事	なにごと	n
保健	ほけん	n
兄貴	あにき	n
全般	ぜんぱん	n
全裸	ぜんら	n
出荷	しゅっか	vs
副業	ふくぎょう	n
半端	はんぱ	n
厨	くりや	n
友情	ゆうじょう	n
同行	どうこう	vs
告発	こくはつ	vs
売れる	うれる	v1
売買	ばいばい	vs
女子大	じょしだい	n
婦人	ふじん	n
実在	じつざい	vs
射撃	しゃげき	vs
帝	みかど	n
帰国	きこく	vs
往復	おうふく	vs
徹底的	てっていてき	adj-na
我が家	わがや	exp
抑制	よくせい	vs
改良	かいりょう	vs
数え	かぞえ	n
整形	せいけい	vs
時給	じきゅう	n
暗黒	あんこく	adj-na
服装	ふくそう	n
果て	はて	n
枝	えだ	n
気づく	きづく	v5k
演じる	えんじる	v1
無償	むしょう	n
特許	とっきょ	n
現行	げんこう	n
発送	はっそう	vs
目立つ	めだつ	v5t
着替え	きがえ	vs
神話	しんわ	n
禁	きん	n
粉	こな	n
聖書	せいしょ	n
花粉	かふん	n
融合	ゆうごう	vs
解雇	かいこ	vs
講義	こうぎ	vs
警察官	けいさつかん	n
貴族	きぞく	n
酵素	こうそ	n
階級	かいきゅう	n
静	せい	n
飛	ひ	n
馬場	ばば	n
ずいぶん	ずいぶん	adv
つながる	つながる	v5r
わざと	わざと	adv
アカデミー	アカデミー	n
オランダ	オランダ	n
カジノ	カジノ	n
ギア	ギア	n
クオリティ	クオリティ	n
ジャーナリスト	ジャーナリスト	n
スイーツ	スイーツ	n
スリー	スリー	n
センサー	センサー	n
チャンピオン	チャンピオン	n
パイプ	パイプ	n
ブス	ぶす	n
ホルモン	ホルモン	n
ボブ	ボブ	n
ポチ	ポチ	n
メダル	メダル	n
メン	メン	n
世話	せわ	vs
主体	しゅたい	n
主役	しゅやく	n
主流	しゅりゅう	n
仁	じん	n
光景	こうけい	n
冷凍	れいとう	vs
切れる	きれる	v1
割り	わり	n
勇者	ゆうしゃ	n
名作	めいさく	n
境界	きょうかい	n
変動	へんどう	vs
天井	てんじょう	n
容赦	ようしゃ	vs
尊重	そんちょう	vs
小屋	こや	n
帰還	きかん	vs
幽霊	ゆうれい	n
意	い	n
手数料	てすうりょう	n
抜く	ぬく	v5k
救い	すくい	n
曖昧	あいまい	adj-na
本田	ほんでん	n
条約	じょうやく	n
極端	きょくたん	n
熱心	ねっしん	adj-na
穏やか	おだやか	adj-na
維新	いしん	n
総務	そうむ	n
聴く	きく	v5k
行事	ぎょうじ	n
診療	しんりょう	vs
談	だん	n
起訴	きそ	vs
軽減	けいげん	vs
輝く	かがやく	v5k
遅刻	ちこく	vs
重力	じゅうりょく	n
隊員	たいいん	n
題	だい	n
願望	がんぼう	vs
鳥取	とっとり	n
アレルギー	アレルギー	n
オス	おす	n
ガソリン	ガソリン	n
ガチャ	ガチャ	n
クス	くすのき	n
クビ	くび	n
グレー	グレー	adj-na
グローバル	グローバル	adj-na
コメ	コメ	n
シール	シール	n
タブレット	タブレット	n
ダイヤモンド	ダイヤモンド	n
ディスク	ディスク	n
ピース	ピース	n
ホスト	ホスト	n
ホン	ホン	n
マニア	マニア	n
ライセンス	ライセンス	n
ランダム	ランダム	adj-na
リボン	リボン	n
ループ	ループ	n
レジ	レジ	n
一員	いちいん	n
両手	りょうて	n
乗り換え	のりかえ	vs
仮に	かりに	adv
住人	じゅうにん	n
儀式	ぎしき	n
効	こう	n
原稿	げんこう	n
収穫	しゅうかく	vs
合同	ごうどう	vs
合法	ごうほう	adj-na
合流	ごうりゅう	vs
四国	しこく	n
在籍	ざいせき	vs
子育て	こそだて	vs
密	みつ	adj-na
建	たて	n
弓	ゆみ	n
後日	ごじつ	n
推薦	すいせん	vs
敗	はい	n
敗北	はいぼく	n
永	えいきゅう	n
沖	おき	n
液体	えきたい	n
無罪	むざい	n
物事	ものごと	n
立てる	たてる	v1
立体	りったい	n
笑える	わらえる	v1
経歴	けいれき	n
絵本	えほん	n
親戚	しんせき	n
角度	かくど	n
解禁	かいきん	vs
誇る	ほこる	v5r
貧困	ひんこん	n
賃金	ちんぎん	n
賢い	かしこい	adj-i
軌道	きどう	n
農家	のうか	n
追放	ついほう	vs
還元	かんげん	vs
都会	とかい	n
長時間	ちょうじかん	n
青山	せいざん	n
あちこち	あちこち	adv
お断り	おことわり	n
のんびり	のんびり	vs
まもなく	まもなく	adv
めんどくさい	めんどくさい	adj-i
ウド	うど	n
カウンター	カウンター	n
キック	キック	vs
グラフ	グラフ	n
グランド	グランド	n
シミ	しみ	n
シリア	シリア	n
スケール	スケール	n
トー	トー	n
ドロップ	ドロップ	vs
プロデュース	プロデュース	vs
ベルリン	ベルリン	n
ムダ	むだ	n
ライダー	ライダー	n
ラッシュ	ラッシュ	n
レッスン	レッスン	n
ロリ	ロリ	n
ワシ	わし	n
一見	いっけん	vs
中国人	ちゅうごくじん	n
例え	たとえ	n
倫理	りんり	n
健全	けんぜん	adj-na
厳	げん	adv
収容	しゅうよう	vs
取り付け	とりつけ	n
可哀想	かわいそう	adj-na
合わせる	あわせる	v1
唇	くちびる	n
売り上げ	うりあげ	n
大宮	おおみや	n
大衆	たいしゅう	n
学部	がくぶ	n
宿泊	しゅくはく	vs
小野	おの	n
岸	きし	n
必ずしも	かならずしも	adv
悲惨	ひさん	adj-na
手軽	てがる	adj-na
提携	ていけい	vs
敷地	しきち	n
景色	けしき	n
有名人	ゆうめいじん	n
本店	ほんてん	n
株主	かぶぬし	n
株価	かぶか	n
梨	なし	n
江	こう	n
減	げん	n
演説	えんぜつ	vs
火力	かりょく	n
生じる	しょうじる	v1
用品	ようひん	n
相棒	あいぼう	n
真相	しんそう	n
短期	たんき	n
花嫁	はなよめ	n
蓋	ふた	n
表す	あらわす	v5s
覚える	おぼえる	v1
観点	かんてん	n
訪れる	おとずれる	v1
買取	かいとり	vs
踊る	おどる	v5r
追跡	ついせき	vs
開ける	あける	v1
願う	ねがう	v5u
髪型	かみがた	n
こだわり	こだわり	n
こないだ	こないだ	n
つまらない	つまらない	adj-i
ようこそ	ようこそ	int
エジプト	エジプト	n
カレンダー	カレンダー	n
キャッシュ	キャッシュ	n
キャッチ	キャッチ	vs
コミュ	コミュ	n
コンピューター	コンピュータ	n
サラリーマン	サラリーマン	n
シカゴ	シカゴ	n
テロリスト	テロリスト	n
ト	ト	n
フォード	フォード	n
プリンセス	プリンセス	n
ボイス	ボイス	n
ボン	ボン	n
ポンド	ポンド	n
マリア	マリア	n
ユーロ	ユーロ	n
三つ	みっつ	
上限	じょうげん	n
上陸	じょうりく	vs
代替	だいたい	vs
体型	たいけい	n
余り	あまり	n
便秘	べんぴ	vs
先月	せんげつ	n
分散	ぶんさん	vs
刑	けい	n
半ば	なかば	n
味噌	みそ	n
回る	まわる	v5r
国産	こくさん	n
基づく	もとづく	v5k
堂々	どうどう	adv
婚約	こんやく	vs
寮	りょう	n
年末	ねんまつ	n
幼い	おさない	adj-i
庁	ちょう	n
恐らく	おそらく	adv
打ち上げ	うちあげ	n
推定	すいてい	vs
提督	ていとく	n
暴行	ぼうこう	vs
棟	むね	n
比率	ひりつ	n
洋服	ようふく	n
涼	りょう	n
無断	むだん	n
眠り	ねむり	n
確かめ	たしかめ	n
耐久	たいきゅう	n
足元	あしもと	n
都道府県	とどうふけん	n
金沢	かなざわ	n
鋼	はがね	n
防災	ぼうさい	n
震災	しんさい	n
順調	じゅんちょう	adj-na
飾り	かざり	n
麻薬	まやく	n
黒髪	くろかみ	n
いっしょ	いっしょ	adv
いつの間にか	いつのまにか	adv
お話し	おはなし	n
じっくり	じっくり	adv
そういった	そういった	exp
とある	とある	
どなた	どなた	pn
につき	につき	exp
ひどく	ひどく	adv
よって	よって	conj
アンダー	アンダー	n
イス	イス	n
エビ	えび	n
エラー	エラー	n
エンド	エンド	n
コマンド	コマンド	n
コーン	コーン	n
サル	さる	n
バッジ	バッジ	n
ボーイ	ボーイ	n
ログ	ログ	n
乗車	じょうしゃ	vs
今頃	いまごろ	n
仏教	ぶっきょう	n
令	れい	n
信者	しんじゃ	n
免疫	めんえき	n
典型	てんけい	n
切	せつ	adj-na
原子	げんし	n
受け入れる	うけいれる	v1
国土	こくど	n
外側	そとがわ	n
大地	だいち	n
大学院	だいがくいん	n
大賞	たいしょう	n
幼児	ようじ	n
引き上げ	ひきあげ	n
循環	じゅんかん	vs
手伝い	てつだい	n
振動	しんどう	vs
救出	きゅうしゅつ	vs
新着	しんちゃく	vs
杉	すぎ	n
李	すもも	n
泊	はく	ctr
消防	しょうぼう	vs
滝	たき	n
潜在	せんざい	vs
牙	げ	n
特急	とっきゅう	n
直す	なおす	v5s
知恵	ちえ	n
知能	ちのう	n
短	たん	n
砂漠	さばく	n
祈り	いのり	n
祖母	そぼ	n
絡み	からみ	n
考察	こうさつ	vs
良心	りょうしん	n
芽	め	n
著	ちょ	n
葬儀	そうぎ	n
蔵	ぞう	n
親切	しんせつ	adj-na
賞金	しょうきん	n
贈り物	おくりもの	n
転売	てんばい	vs
運ぶ	はこぶ	v5b
金銭	きんせん	n
銀河	ぎんが	n
難	なん	n
食材	しょくざい	n
高額	こうがく	adj-na
魔王	まおう	n
すばらしい	すばらしい	adj-i
ちまう	ちまう	v5u
やさしい	やさしい	adj-i
やりとり	やりとり	vs
カート	カート	n
クリスタル	クリスタル	n
ステキ	すてき	adj-na
ストア	ストア	n
スペック	スペック	n
ハム	ハム	n
バイ	バイ	adv
ムーン	ムーン	n
メンテナンス	メンテナンス	n
ロマン	ロマン	n
一家	いっか	n
丈	たけ	n
不具合	ふぐあい	n
主導	しゅどう	vs
了承	りょうしょう	vs
伴い	ともない	n
何者	なにもの	n
入り口	いりぐち	n
入門	にゅうもん	vs
公平	こうへい	n
切断	せつだん	vs
前年	ぜんねん	n
加盟	かめい	vs
区域	くいき	n
参り	まいり	n
右手	みぎて	n
否	いいえ	int
固め	かため	n
大使館	たいしかん	n
大抵	たいてい	adj-na
完	かん	exp
尺	しゃく	n
局長	きょくちょう	n
平野	へいや	n
年上	としうえ	n
手元	てもと	adv
承知	しょうち	vs
指し	さし	n
暖かい	あたたかい	adj-i
暴露	ばくろ	vs
業績	ぎょうせき	n
構想	こうそう	vs
歩行	ほこう	vs
水準	すいじゅん	n
泥棒	どろぼう	n
注	ちゅう	vs
活発	かっぱつ	adj-na
減る	へる	v5r
火星	かせい	n
爆笑	ばくしょう	vs
独身	どくしん	n
瓶	びん	n
生き方	いきかた	n
痴漢	ちかん	n
社内	しゃない	n
空き	あき	n
節約	せつやく	vs
紅茶	こうちゃ	n
締め	しめ	n
育ち	そだち	n
苦痛	くつう	adj-na
蛇	へび	n
見学	けんがく	vs
護衛	ごえい	vs
蹴り	けり	n
軍団	ぐんだん	n
酸化	さんか	vs
露	つゆ	n
頂ける	いただける	v1
頻度	ひんど	n
飛び	とび	n
飲料	いんりょう	n
あきらめ	あきらめ	n
こころ	こころ	n
ぜんぜん	ぜんぜん	adv
ただいま	ただいま	int
まわり	まわり	n
アニメーション	アニメーション	n
インパクト	インパクト	n
ウォーター	ウォーター	n
エンディング	エンディング	n
オート	オート	n
カウント	カウント	vs
カツ	カツ	n
クラフト	クラフト	vs
サンタ	サンタ	n
サーバ	サーバ	n
セカンド	セカンド	n
デバイス	デバイス	n
ドラッグ	ドラッグ	n
ナチス	ナチス	n
ネズミ	ねずみ	n
バックアップ	バックアップ	vs
ポルノ	ポルノ	n
マイナー	マイナー	adj-na
マガジン	マガジン	n
マニュアル	マニュアル	n
ミュージカル	ミュージカル	n
ムリ	むり	adj-na
モーニング	モーニング	n
レンジ	レンジ	n
上場	じょうじょう	vs
下がる	さがる	v5r
主題歌	しゅだいか	n
仕上げ	しあげ	n
体内	たいない	n
保安	ほあん	n
個体	こたい	n
個室	こしつ	n
倶楽部	クラブ	n
先進	せんしん	n
冷え	ひえ	n
勧誘	かんゆう	vs
参入	さんにゅう	vs
受け付け	うけつけ	n
受け取り	うけとり	n
古典	こてん	n
叩く	たたく	v5k
回す	まわす	v5s
基盤	きばん	n
墜落	ついらく	vs
夕	ゆう	n
富	とみ	n
居住	きょじゅう	vs
年寄り	としより	n
広がり	ひろがり	n
役立つ	やくだつ	v5t
後方	こうほう	n
微	び	n
心から	こころから	adv
慰安	いあん	vs
戻す	もどす	v5s
支給	しきゅう	vs
斜め	ななめ	n
日本一	にほんいち	n
本能	ほんのう	n
欲望	よくぼう	n
歴代	れきだい	n
沢	さわ	n
注射	ちゅうしゃ	vs
渡す	わたす	v5s
渡る	わたる	v5r
炭酸	たんさん	n
特有	とくゆう	n
白石	しろいし	n
祝日	しゅくじつ	n
経つ	たつ	v5t
統治	とうち	vs
絶賛	ぜっさん	vs
職務	しょくむ	n
肝心	かんじん	adj-na
膜	まく	n
芝居	しばい	n
荒れ	あれ	n
行使	こうし	vs
観戦	かんせん	vs
警報	けいほう	n
貰う	もらう	v5u
辞任	じにん	vs
途端	とたん	n
通学	つうがく	vs
連動	れんどう	vs
鍛え	きたえ	n
長男	ちょうなん	n
闘い	たたかい	n
陰	かげ	n
陸	りく	n
隻	せき	ctr
頂く	いただく	v5k
飢え	うえ	n
餅	もち	n
しかしながら	しかしながら	adv
エントリー	エントリー	vs
キャスター	キャスター	n
グロ	グロ	adj-na
コロナ	コロナ	n
シンガポール	シンガポール	n
スクリーン	スクリーン	n
チンコ	ちんこ	n
テキサス	テキサス	n
トレード	トレード	vs
ヒント	ヒント	n
ピアス	ピアス	n
ピーク	ピーク	n
フォト	フォト	n
フランス語	フランスご	n
プリント	プリント	vs
ベンチ	ベンチ	n
メタ	メタ	adj-na
レア	レア	adj-na
ロケ	ロケ	vs
一貫	いっかん	vs
一連	いちれん	n
中小	ちゅうしょう	n
中日	ちゅうにち	n
似合う	にあう	v5u
作画	さくが	vs
先頭	せんとう	n
共産	きょうさん	n
内緒	ないしょ	n
内蔵	うちくら	n
凍結	とうけつ	vs
処置	しょち	vs
刺し	さし	n
又	また	adv
双方	そうほう	n
右側	みぎがわ	n
司	し	n
喪失	そうしつ	vs
大胆	だいたん	adj-na
寸前	すんぜん	n
島根	しまね	n
工夫	くふう	vs
幾つ	いくつ	adv
庫	くら	n
強烈	きょうれつ	adj-na
必見	ひっけん	n
忍者	にんじゃ	n
悪質	あくしつ	adj-na
戦術	せんじゅつ	n
拉致	らち	vs
支店	してん	n
書き込み	かきこみ	vs
未だ	まだ	adv
来店	らいてん	vs
格闘	かくとう	vs
構え	かまえ	n
標的	ひょうてき	n
正社員	せいしゃいん	n
歯科	しか	n
水曜日	すいようび	n
決まる	きまる	v5r
減らす	へらす	v5s
潜水	せんすい	vs
濃厚	のうこう	adj-na
濃度	のうど	n
火曜日	かようび	n
焼肉	やきにく	n
片方	かたほう	n
狂気	きょうき	n
王様	おうさま	n
申し	もうし	int
矛盾	むじゅん	vs
移籍	いせき	vs
穂	ほ	n
窓口	まどぐち	n
精子	せいし	n
給与	きゅうよ	n
菅	すげ	n
蒼	あお	n
迷い	まよい	n
鑑定	かんてい	vs
除	じょ	n
鯖	さば	n
いちいち	いちいち	n
お昼	おひる	n
お湯	おゆ	n
お陰	おかげ	n
やってくる	やってくる	vk
アップル	アップル	n
アナル	アナル	n
アンテナ	アンテナ	n
ウエスト	ウエスト	n
キラキラ	きらきら	vs
グラフィック	グラフィック	n
サンド	サンド	n
ステーキ	ステーキ	n
ドット	ドット	n
ドメイン	ドメイン	n
ドール	ドール	n
ハンドル	ハンドル	n
ヘ	ヘ	n
ポンプ	ポンプ	n
ラム	ラム	n
ランプ	ランプ	n
リツイート	リツイート	vs
上田	じょうでん	n
不利	ふり	n
不在	ふざい	n
並び	ならび	n
伊	い	n
会談	かいだん	vs
余地	よち	n
侵害	しんがい	vs
区分	くぶん	vs
単体	たんたい	n
友だち	ともだち	n
取扱	とりあつかい	n
叫び	さけび	n
図る	はかる	v5r
声明	しょうみょう	n
変形	へんけい	vs
好意	こうい	n
害	がい	n
尿	にょう	n
弟子	でし	n
役に立つ	やくにたつ	v5t
後継	こうけい	n
復旧	ふっきゅう	vs
怪獣	かいじゅう	n
意義	いぎ	n
抜群	ばつぐん	n
支部	しぶ	n
救済	きゅうさい	vs
数多く	かずおおく	exp
早朝	そうちょう	n
有する	ゆうする	vs
止まる	とまる	v5r
津波	つなみ	n
浜松	はままつ	n
灰	はい	n
熱中	ねっちゅう	vs
症候群	しょうこうぐん	n
知人	ちじん	n
知名度	ちめいど	n
種族	しゅぞく	n
第三者	だいさんしゃ	n
筈	はず	
系統	けいとう	n
絵画	かいが	n
継承	けいしょう	vs
縮小	しゅくしょう	vs
背後	はいご	n
落ち着く	おちつく	v5k
融資	ゆうし	vs
西日本	にしにほん	n
解明	かいめい	vs
言動	げんどう	n
誘拐	ゆうかい	vs
身近	みぢか	adj-na
辻	つじ	n
通路	つうろ	n
連発	れんぱつ	vs
連結	れんけつ	vs
適応	てきおう	vs
野党	やとう	n
開業	かいぎょう	vs
騎乗	きじょう	vs
いやー	いやー	int
うっかり	うっかり	vs
お返し	おかえし	vs
そっと	そっと	adv
つくり	つくり	n
とうとう	とうとう	adv
とくに	とくに	adv
みなみ	みなみ	n
オーダー	オーダー	vs
オーディション	オーディション	n
カエル	かえる	n
カニ	かに	n
カバン	かばん	n
キャップ	キャップ	n
サロン	サロン	n
ザ	ザ	
バラエティ	バラエティ	n
パズル	パズル	n
ビジョン	ビジョン	n
ビタミン	ビタミン	n
ピッタリ	ぴったり	vs
ファ	ファ	n
フレンズ	フレンズ	n
プラスチック	プラスチック	n
ボーカル	ボーカル	n
ユーザ	ユーザー	n
レール	レール	n
ワタ	わた	n
人人	ひとびと	n
介入	かいにゅう	vs
伸びる	のびる	v1
体感	たいかん	vs
入口	いりぐち	n
加える	くわえる	v1
助ける	たすける	v1
塊	かたまり	n
大いに	おおいに	adv
大輔	たいふ	n
天下	てんか	n
太平洋	たいへいよう	n
学科	がっか	n
家事	かじ	n
容器	ようき	n
宿題	しゅくだい	n
巡り	めぐり	n
座り	すわり	n
弦	つる	n
強盗	ごうとう	n
感心	かんしん	vs
技能	ぎのう	n
捕虜	ほりょ	n
支払う	しはらう	v5u
早期	そうき	n
果たして	はたして	adv
民衆	みんしゅう	n
気候	きこう	n
治る	なおる	v5r
浴衣	ゆかた	n
犯行	はんこう	n
発掘	はっくつ	vs
目当て	めあて	n
神秘	しんぴ	n
科目	かもく	n
筆	ふで	n
精度	せいど	n
繊維	せんい	n
菓子	かし	n
裁判官	さいばんかん	n
見かける	みかける	v1
視線	しせん	n
話せる	はなせる	v1
貧	ひん	n
貴様	きさま	pn
辞める	やめる	v1
近隣	きんりん	n
進学	しんがく	vs
遺伝	いでん	vs
部活	ぶかつ	n
閉店	へいてん	vs
関数	かんすう	n
降伏	こうふく	vs
雅	が	n
響き	ひびき	n
顎	あご	n
顔面	がんめん	n
飼い主	かいぬし	n
飼育	しいく	vs
餃子	ギョーザ	n
麻雀	マージャン	n
いったん	いったん	adv
おかえり	おかえり	n
おかしな	おかしな	
おなか	おなか	n
おにぎり	おにぎり	n
にわたって	にわたって	exp
まみれ	まみれ	n
まんま	まんま	n
インドネシア	インドネシア	n
コンテスト	コンテスト	n
スカウト	スカウト	n
ストーカー	ストーカー	n
セッション	セッション	n
セルフ	セルフ	n
ツッコミ	つっこみ	n
ナス	なす	n
ハッキリ	はっきり	adv
ハリウッド	ハリウッド	n
バード	バード	n
フォーム	フォーム	n
ホー	ホー	n
ボルト	ボルト	n
マーケティング	マーケティング	n
上り	のぼり	n
中断	ちゅうだん	vs
互換	ごかん	vs
偉い	えらい	adj-i
偽物	にせもの	n
全滅	ぜんめつ	vs
前作	ぜんさく	n
副作用	ふくさよう	n
卓球	たっきゅう	n
単行	たんこう	vs
反撃	はんげき	vs
収益	しゅうえき	n
同情	どうじょう	vs
同等	どうとう	adj-na
名義	めいぎ	n
嘘つき	うそつき	n
夕食	ゆうしょく	n
外見	がいけん	n
夜間	やかん	n
大使	たいし	n
学年	がくねん	n
学歴	がくれき	n
学院	がくいん	n
対話	たいわ	vs
寿	じゅ	n
工学	こうがく	n
干渉	かんしょう	vs
幹事	かんじ	vs
店頭	てんとう	n
引け	ひけ	n
当事者	とうじしゃ	n
後期	こうき	n
忠実	まめ	adj-na
恐竜	きょうりゅう	n
意向	いこう	n
戦力	せんりょく	n
打	ダース	n
投下	とうか	vs
押さえ	おさえ	n
推し	おし	n
新曲	しんきょく	n
旬	しゅん	n
有機	ゆうき	n
有無	うむ	n
末期	まっき	n
条例	じょうれい	n
来日	らいにち	vs
果たす	はたす	v5s
正月	しょうがつ	n
治安	ちあん	n
渡り	わたり	n
潮	しお	n
爆破	ばくは	vs
相場	そうば	n
相対	そうたい	vs
私立	しりつ	n
結末	けつまつ	n
美味い	うまい	adj-i
義	ぎ	n
脅迫	きょうはく	vs
落下	らっか	vs
葵	あおい	n
装飾	そうしょく	vs
観る	みる	v1
話し合い	はなしあい	vs
誤	ご	n
諸国	しょこく	n
貨物	かもつ	n
賭け	かけ	n
転生	てんせい	vs
転載	てんさい	vs
転送	てんそう	vs
連盟	れんめい	n
重複	ちょうふく	vs
除去	じょきょ	vs
類似	るいじ	vs
骨折	こっせつ	vs
鷹	たか	n
あかり	あかり	n
いい加減	いいかげん	adj-na
いちばん	いちばん	n
ござる	ござる	
それに	それに	conj
だからこそ	だからこそ	exp
どおり	どおり	n
アナウンサー	アナウンサー	n
ウルトラ	ウルトラ	n
エコ	エコ	adj-na
ケータイ	けいたい	vs
コラム	コラム	n
ゴリラ	ゴリラ	n
サマー	サマー	n
サム	サム	n
シャープ	シャープ	adj-na
スタジアム	スタジアム	n
テクニック	テクニック	n
トリ	とり	n
ドラ	ドラ	n
ドリーム	ドリーム	n
ナンパ	なんぱ	n
ニート	ニート	adj-na
ノア	ノア	n
パーセント	パーセント	n
ヒトラー	ヒトラー	n
フルーツ	フルーツ	n
フレーズ	フレーズ	n
ブラウザ	ブラウザ	n
プライバシー	プライバシー	n
ヘリ	ヘリ	n
ボストン	ボストン	n
ラインナップ	ラインアップ	vs
リンゴ	りんご	n
ロープ	ロープ	n
上海	シャンハイ	n
下半身	かはんしん	n
中東	ちゅうとう	n
人前	にんまえ	n
休む	やすむ	v5m
何とも	なんとも	adv
作り方	つくりかた	n
使命	しめい	n
保つ	たもつ	v5t
傑作	けっさく	adj-na
公正	こうせい	n
分裂	ぶんれつ	vs
創	きず	n
同一	どういつ	n
和解	わかい	vs
坊主	ぼうず	n
大正	たいしょう	n
守備	しゅび	vs
容姿	ようし	n
序盤	じょばん	n
店内	てんない	n
引き出し	ひきだし	n
従う	したがう	v5u
恩	おん	n
投げる	なげる	v1
捜索	そうさく	vs
握手	あくしゅ	vs
昨夜	ゆうべ	n
本文	ほんぶん	n
東西	とうざい	n
果実	かじつ	n
格安	かくやす	adj-na
案外	あんがい	adv
次世代	じせだい	n
死後	しご	n
殻	がら	n
気配	けはい	n
浜	はま	n
激怒	げきど	vs
無敵	むてき	n
琴	こと	n
疲労	ひろう	vs
皮肉	ひにく	n
破産	はさん	vs
簡易	かんい	adj-na
細い	ほそい	adj-i
腸	ちょう	n
自動的	じどうてき	adj-na
若く	しく	v5k
行列	ぎょうれつ	vs
見込み	みこみ	n
誤り	あやまり	n
豪	ごう	n
鎌倉	かまくら	n
難し	かたし	
難民	なんみん	n
食欲	しょくよく	n
高価	こうか	adj-na
お嬢様	おじょうさま	n
がたい	がたい	n
がっかり	がっかり	vs
そういや	そういや	exp
アイコ	アイコ	n
アド	アド	n
ウェア	ウェア	n
ウサギ	うさぎ	n
オープニング	オープニング	n
ガンガン	ガンガン	adv
ギャラリー	ギャラリー	n
コツ	こつ	n
コム	コム	n
スレ	スレ	n
ツボ	つぼ	n
テラス	テラス	n
ドキュメンタリー	ドキュメンタリー	n
ハードル	ハードル	n
バブル	バブル	n
バレる	ばれる	v1
パッド	パッド	n
ヒゲ	ひげ	n
ビーム	ビーム	n
プラットフォーム	プラットホーム	n
ボトル	ボトル	n
ポーランド	ポーランド	n
マーケット	マーケット	n
ワンマン	ワンマン	n
一括	いっかつ	vs
一時期	いちじき	n
一環	いっかん	n
上部	じょうぶ	n
主任	しゅにん	n
予言	よげん	vs
他社	たしゃ	n
以後	いご	n
光る	ひかる	v5r
初音	はつね	n
務める	つとめる	v1
厄介	やっかい	adj-na
司会	しかい	vs
呼びかけ	よびかけ	n
善	ぜん	n
執筆	しっぴつ	vs
夫妻	ふさい	n
始末	しまつ	vs
子孫	しそん	n
官房	かんぼう	n
宜しく	よろしく	exp
家具	かぐ	n
富士山	ふじさん	n
工房	こうぼう	n
左手	ひだりて	n
強引	ごういん	adj-na
急速	きゅうそく	adj-na
戦艦	せんかん	n
手作り	てづくり	n
手配	てはい	vs
拾い	ひろい	n
旅館	りょかん	n
時に	ときに	conj
更	こう	n
本屋	ほんや	n
杏	あんず	n
比例	ひれい	vs
泡	あわ	n
流行り	はやり	n
液晶	えきしょう	n
演劇	えんげき	n
火山	かざん	n
点数	てんすう	n
燃焼	ねんしょう	vs
玩具	おもちゃ	n
発症	はっしょう	vs
盛り上がり	もりあがり	n
着く	つく	v5k
税込	ぜいこみ	n
終盤	しゅうばん	n
組む	くむ	v5m
総裁	そうさい	n
臨床	りんしょう	n
臨時	りんじ	n
良好	りょうこう	adj-na
苦しみ	くるしみ	n
規約	きやく	n
親族	しんぞく	n
訂正	ていせい	vs
説教	せっきょう	vs
貰い	もらい	n
赤字	あかじ	n
輝き	かがやき	n
迷う	まよう	v5u
遅延	ちえん	vs
道徳	どうとく	n
鎖	くさり	n
開拓	かいたく	vs
開示	かいじ	vs
関節	かんせつ	n
霧	きり	n
顧問	こもん	n
うさぎ	うさぎ	n
お越し	おこし	n
しばしば	しばしば	adv
たいてい	たいてい	adj-na
たまらない	たまらない	adj-i
におい	におい	n
やり直し	やりなおし	vs
アメリカン	アメリカン	n
エリート	エリート	n
クルーズ	クルーズ	n
サングラス	サングラス	n
ジョーク	ジョーク	n
スウェーデン	スウェーデン	n
タンパク質	タンパクしつ	n
ダッシュ	ダッシュ	vs
チェンジ	チェンジ	vs
テクノロジー	テクノロジー	n
ディスプレイ	ディスプレイ	vs
トラウマ	トラウマ	n
バット	バット	n
バンバン	バンバン	adv
ファイト	ファイト	n
プリン	プリン	n
ベリー	ベリー	adv
メカ	メカ	n
ヤクザ	やくざ	n
リゾート	リゾート	n
レット	レット	n
ロボ	ロボ	n
一斉	いっせい	adv
一流	いちりゅう	n
不法	ふほう	adj-na
人質	ひとじち	n
伊達	だて	n
会合	かいごう	vs
何だか	なんだか	adv
何となく	なんとなく	adv
偽装	ぎそう	vs
出店	でみせ	n
前向き	まえむき	adj-na
品種	ひんしゅ	n
唯	ただ	n
壊す	こわす	v5s
壊滅	かいめつ	vs
大将	たいしょう	n
奪う	うばう	v5u
宇都宮	うつのみや	n
室内	しつない	n
家賃	やちん	n
察し	さっし	n
射	しゃ	n
尻尾	しっぽ	n
左側	ひだりがわ	n
役者	やくしゃ	n
排出	はいしゅつ	vs
掛かる	かかる	v5r
探索	たんさく	vs
撤去	てっきょ	vs
支える	ささえる	v1
日刊	にっかん	n
最速	さいそく	n
果	か	n
植民	しょくみん	vs
気楽	きらく	adj-na
汚	よごれ	n
決済	けっさい	vs
渋滞	じゅうたい	vs
満点	まんてん	n
瀬	せ	n
片手	かたて	n
用事	ようじ	n
番手	ばんて	n
着陸	ちゃくりく	vs
禁煙	きんえん	vs
組み	くみ	n
統制	とうせい	vs
股間	こかん	n
航海	こうかい	vs
落書き	らくがき	vs
蝶	ちょう	n
要するに	ようするに	exp
見通し	みとおし	n
財務	ざいむ	n
身内	みうち	n
車種	しゃしゅ	n
辞書	じしょ	n
逃走	とうそう	vs
適正	てきせい	adj-na
選定	せんてい	vs
金髪	きんぱつ	n
降る	ふる	v5r
革新	かくしん	vs
頼み	たのみ	n
いかん	いかん	exp
お手伝い	おてつだい	n
はじめまして	はじめまして	exp
アク	あく	n
アンド	アンド	conj
エージェント	エージェント	n
カッコイイ	かっこいい	adj-i
ゴースト	ゴースト	n
スケート	スケート	vs
スゴイ	すごい	adj-i
セント	セント	n
タップ	タップ	n
ツイン	ツイン	n
ツリー	ツリー	n
ナチュラル	ナチュラル	adj-na
ハロー	ハロー	n
バラバラ	バラバラ	vs
プレミア	プレミア	n
ヘルメット	ヘルメット	n
マネ	マネ	n
ムカ	ムカッ	exp
リセット	リセット	vs
レート	レート	n
不便	ふべん	n
不審	ふしん	adj-na
両者	りょうしゃ	n
交差点	こうさてん	n
人員	じんいん	n
再建	さいけん	vs
分子	ぶんし	n
前者	ぜんしゃ	n
前進	ぜんしん	vs
半額	はんがく	n
厳選	げんせん	vs
及ぶ	およぶ	v5b
周波数	しゅうはすう	n
四季	しき	n
圧	あつ	n
地雷	じらい	n
大声	おおごえ	n
奉仕	ほうし	vs
守護	しゅご	vs
定価	ていか	n
審判	しんぱん	vs
封印	ふういん	n
導	しるべ	n
左翼	さよく	n
庶民	しょみん	n
従い	したがい	exp
怪物	かいぶつ	n
悪口	わるぐち	vs
悪夢	あくむ	n
抑える	おさえる	v1
拍手	はくしゅ	vs
推理	すいり	vs
改修	かいしゅう	vs
教徒	きょうと	n
日向	ひゅうが	n
最低限	さいていげん	n
有力	ゆうりょく	adj-na
枚数	まいすう	n
格差	かくさ	n
権威	けんい	n
毛穴	けあな	n
油断	ゆだん	vs
洞窟	どうくつ	n
海兵	かいへい	n
浸透	しんとう	vs
湾	わん	n
潜入	せんにゅう	vs
発注	はっちゅう	vs
益	えき	n
祝い	いわい	n
秩序	ちつじょ	n
突撃	とつげき	vs
総額	そうがく	n
自立	じりつ	vs
自衛	じえい	vs
芝	しば	n
要件	ようけん	n
見出し	みだし	n
視覚	しかく	n
評議	ひょうぎ	vs
認可	にんか	vs
誘い	さそい	n
財団	ざいだん	n
軽量	けいりょう	n
通用	つうよう	vs
進路	しんろ	n
遂に	ついに	adv
運行	うんこう	vs
遥か	はるか	adj-na
銭	せん	n
陸軍	りくぐん	n
隅	すみ	n
隙間	すきま	n
青木	あおき	n
靴下	くつした	n
髭	ひげ	n
いたん	いたん	n
いちご	いちご	n
お詫び	おわび	vs
くださる	くださる	v5r
なんだかんだ	なんだかんだ	adv
ほっと	ほっと	vs
ものすごい	ものすごい	adj-i
アラン	アラン	n
イキ	いき	n
エイ	えい	n
オン	オン	vs
ギャップ	ギャップ	n
グローブ	グローブ	n
シュート	シュート	vs
スロット	スロット	n
ナシ	なし	n
ナン	ナン	n
パニック	パニック	n
プライド	プライド	n
ペンギン	ペンギン	n
収め	おさめ	n
取り組み	とりくみ	n
受け取る	うけとる	v5r
合戦	かっせん	vs
同居	どうきょ	vs
吸う	すう	v5u
喋る	しゃべる	v5r
国外	こくがい	n
国語	こくご	n
大雨	おおあめ	n
好む	このむ	v5m
如何	いかん	adv
媒体	ばいたい	n
孤立	こりつ	vs
少佐	しょうさ	n
広め	ひろめ	vs
弱点	じゃくてん	n
張り	はり	n
後退	こうたい	vs
心地	ここち	n
手当	てあて	vs
施行	しこう	vs
日産	にっさん	n
昇進	しょうしん	vs
有能	ゆうのう	adj-na
木曜日	もくようび	n
来場	らいじょう	vs
来月	らいげつ	n
検定	けんてい	vs
欠点	けってん	n
欠陥	けっかん	n
次第に	しだいに	adv
水泳	すいえい	vs
決着	けっちゃく	vs
治	ち	n
洗脳	せんのう	vs
浮上	ふじょう	vs
為替	かわせ	n
焼酎	しょうちゅう	n
爽やか	さわやか	adj-na
現時点	げんじてん	n
理念	りねん	n
画質	がしつ	n
直感	ちょっかん	vs
短縮	たんしゅく	vs
祈る	いのる	v5r
神聖	しんせい	n
立候補	りっこうほ	vs
経路	けいろ	n
結合	けつごう	vs
緑色	みどりいろ	adj-na
衝動	しょうどう	vs
路上	ろじょう	n
返還	へんかん	vs
追う	おう	v5u
速く	はやく	adv
連勝	れんしょう	vs
部位	ぶい	n
隔離	かくり	vs
隙	すき	n
震度	しんど	n
響	ひびき	n
高める	たかめる	v1
魔法使い	まほうつかい	n
えらい	えらい	adj-i
おもう	おもう	v5u
おもしろ	おもしろ	n
すると	すると	conj
ちんぽ	ちんぽ	n
とっくに	とっくに	adv
アプローチ	アプローチ	vs
アーカイブ	アーカイブ	n
インフラ	インフラ	n
ガム	ガム	n
ガル	ガル	n
キャンパス	キャンパス	n
クッソ	くっそ	n
クレジットカード	クレジットカード	n
サイクル	サイクル	n
シミュレーション	シミュレーション	vs
ジェイ	ジェー	n
ダンサー	ダンサー	n
テレビ局	テレビきょく	n
ドリル	ドリル	n
バンク	バンク	n
フォント	フォント	n
フロア	フロア	n
ペーパー	ペーパー	n
ミックス	ミックス	vs
メンズ	メンズ	n
ヤード	ヤード	n
ヨーグルト	ヨーグルト	n
リットル	リットル	n
一目	ひとめ	n
乱れ	みだれ	n
人体	じんたい	n
他者	たしゃ	n
停電	ていでん	vs
先端	せんたん	n
入れ替え	いれかえ	vs
公的	こうてき	adj-na
公衆	こうしゅう	n
冷却	れいきゃく	vs
出かける	でかける	v1
包囲	ほうい	vs
北京	ペキン	n
叔父	おじ	n
各社	かくしゃ	n
図鑑	ずかん	n
圧縮	あっしゅく	vs
外す	はずす	v5s
夢見	ゆめみ	n
太鼓	たいこ	n
失点	しってん	n
女装	じょそう	vs
定める	さだめる	v1
定時	ていじ	n
建造	けんぞう	vs
弁護	べんご	vs
征服	せいふく	vs
従事	じゅうじ	vs
必殺	ひっさつ	n
愚か	おろか	adj-na
投与	とうよ	vs
拷問	ごうもん	vs
推移	すいい	vs
放射能	ほうしゃのう	n
放映	ほうえい	vs
政	まつりごと	n
日焼け	ひやけ	vs
未成年	みせいねん	n
東洋	とうよう	n
染め	そめ	n
欠け	かけ	n
武将	ぶしょう	n
気付く	きづく	v5k
沼	ぬま	n
浮かぶ	うかぶ	v5b
満たす	みたす	v5s
溢れる	あぶれる	v1
火事	かじ	n
爺	じじ	n
物件	ぶっけん	n
甘え	あまえ	n
由	よし	n
監査	かんさ	vs
直径	ちょっけい	n
破綻	はたん	vs
神田	しんでん	n
納税	のうぜい	vs
細菌	さいきん	n
繁殖	はんしょく	vs
習得	しゅうとく	vs
老	ろう	n
聖堂	せいどう	n
良き	よき	n
芋	いも	n
装	そう	n
視野	しや	n
触る	さわる	v5r
諦める	あきらめる	v1
近づく	ちかづく	v5k
迫る	せまる	v5r
退治	たいじ	vs
進展	しんてん	vs
遠	とお	n
遠隔	えんかく	n
野外	やがい	n
金利	きんり	n
開店	かいてん	vs
飛び出し	とびだし	exp
高木	こうぼく	n
あっさり	あっさり	vs
くだらない	くだらない	adj-i
ふさわしい	ふさわしい	adj-i
アリーナ	アリーナ	n
インター	インター	n
エステ	エステ	n
カプセル	カプセル	n
カメラマン	カメラマン	n
シチュエーション	シチュエーション	n
スピーカー	スピーカー	n
セクハラ	セクハラ	n
ティッシュ	ティッシュ	n
ネギ	ねぎ	n
ネックレス	ネックレス	n
パンダ	パンダ	n
ヒル	ヒル	n
ベルギー	ベルギー	n
マイクロ	マイクロ	n
モザイク	モザイク	n
リトル	リトル	adj-na
レーダー	レーダー	n
付き合う	つきあう	v5u
先発	せんぱつ	vs
出血	しゅっけつ	vs
別人	べつじん	n
利点	りてん	n
助言	じょげん	vs
医薬品	いやくひん	n
単発	たんぱつ	n
博	はく	n
原爆	げんばく	n
反論	はんろん	vs
叫ぶ	さけぶ	v5b
名刺	めいし	n
吐く	はく	v5k
呼び出し	よびだし	vs
地上波	ちじょうは	n
堪能	たんのう	adj-na
塗る	ぬる	v5r
外観	がいかん	n
大嫌い	だいきらい	adj-na
威力	いりょく	n
小山	こやま	n
屋上	おくじょう	n
巡る	めぐる	v5r
平等	びょうどう	adj-na
庵	いおり	n
強度	きょうど	n
徳	とく	n
恨み	うらみ	n
持てる	もてる	v1
持続	じぞく	vs
指す	さす	v5s
指令	しれい	vs
捕獲	ほかく	vs
教養	きょうよう	vs
整え	ととのえ	n
施し	ほどこし	n
日光	にっこう	n
望み	のぞみ	n
松山	まつやま	n
柔道	じゅうどう	n
機密	きみつ	n
洗う	あらう	v5u
減り	へり	n
溝	みぞ	n
無茶	むちゃ	adj-na
焦点	しょうてん	n
焼く	やく	v5k
猛	もう	adj-na
直ちに	ただちに	adv
知性	ちせい	n
短期間	たんきかん	n
突き	つき	n
精	せい	n
紀	き	n
給食	きゅうしょく	vs
絵柄	えがら	n
緒	お	n
肝臓	かんぞう	n
肯定	こうてい	vs
落選	らくせん	vs
血管	けっかん	n
補償	ほしょう	vs
議席	ぎせき	n
負荷	ふか	vs
起業	きぎょう	vs
達人	たつじん	n
部署	ぶしょ	vs
酢	す	n
間隔	かんかく	n
電撃	でんげき	n
あかん	あかん	exp
たしか	たしか	adj-na
ちょう	ちょう	ctr
ぬいぐるみ	ぬいぐるみ	n
みかん	みかん	n
アプリケーション	アプリケーション	n
オペラ	オペラ	n
ギャンブル	ギャンブル	n
ゲージ	ゲージ	n
サプライズ	サプライズ	vs
サンフランシスコ	サンフランシスコ	n
セミナー	セミナー	n
ソープ	ソープ	n
タコ	たこ	n
チャージ	チャージ	vs
デザート	デザート	n
パチ	パチ	n
リメイク	リメーク	vs
リース	リース	vs
不十分	ふじゅうぶん	adj-na
作動	さどう	vs
倒産	とうさん	vs
僅か	わずか	adj-na
先祖	せんぞ	n
八王子	はちおうじ	n
出資	しゅっし	vs
単行本	たんこうぼん	n
原料	げんりょう	n
収納	しゅうのう	vs
名無し	ななし	n
哲	てつ	n
商標	しょうひょう	n
回戦	かいせん	n
売春	ばいしゅん	vs
壺	つぼ	n
大尉	たいい	n
大気	たいき	n
大物	おおもの	n
始動	しどう	vs
安価	あんか	adj-na
密か	ひそか	adj-na
小川	おがわ	n
就活	しゅうかつ	n
居場所	いばしょ	n
崩し	くずし	n
市販	しはん	vs
役目	やくめ	n
復元	ふくげん	vs
応答	おうとう	vs
急激	きゅうげき	adj-na
愛人	あいじん	n
戦隊	せんたい	n
手動	しゅどう	n
手帳	てちょう	n
控えめ	ひかえめ	adj-na
昼寝	ひるね	vs
時には	ときには	exp
景気	けいき	n
望	もち	n
柔軟	じゅうなん	adj-na
検察	けんさつ	vs
模型	もけい	n
止まり	とまり	n
残酷	ざんこく	adj-na
民進党	みんしんとう	n
気圧	きあつ	n
気象	きしょう	n
温かい	あたたかい	adj-i
無双	むそう	n
無理やり	むりやり	adv
生地	きじ	n
申告	しんこく	vs
疑う	うたがう	v5u
疲れる	つかれる	v1
皆さま	みなさま	n
眠る	ねむる	v5r
空中	くうちゅう	n
立地	りっち	vs
紛争	ふんそう	vs
肺	はい	n
艦長	かんちょう	n
蕎麦	そば	n
薔薇	ばら	n
補正	ほせい	vs
複合	ふくごう	vs
解	かい	n
諸島	しょとう	n
豪雨	ごうう	n
貝	かい	n
賢	けん	n
起用	きよう	vs
通訳	つうやく	vs
郊外	こうがい	n
郷	きょう	n
都心	としん	n
難い	かたい	adj-i
革	かわ	n
麦	むぎ	n
いらっしゃる	いらっしゃる	v5r
お洒落	おしゃれ	adj-na
さっそく	さっそく	adv
すっきり	すっきり	vs
ふるさと	ふるさと	n
ほんとう	ほんとう	n
ほんま	ほんま	n
アタック	アタック	vs
イレブン	イレブン	n
エルフ	エルフ	n
カラス	からす	n
カワイイ	かわいい	adj-i
ガーデン	ガーデン	n
キーワード	キーワード	n
クリーン	クリーン	adj-na
ケンカ	けんか	vs
コンプレックス	コンプレックス	n
スタンダード	スタンダード	adj-na
タブ	タブ	n
テント	テント	n
バッチリ	バッチリ	adv
ブーツ	ブーツ	n
プリンス	プリンス	n
ポテト	ポテト	n
マザー	マザー	n
マレーシア	マレーシア	n
リック	リック	vs
一人暮らし	ひとりぐらし	n
一周	いっしゅう	vs
三角	さんかく	n
上回る	うわまわる	v5r
上院	じょういん	n
作詞	さくし	vs
併用	へいよう	vs
信念	しんねん	n
個々	ここ	n
偵察	ていさつ	vs
優位	ゆうい	n
克服	こくふく	vs
出入り	でいり	vs
占領	せんりょう	vs
取り戻す	とりもどす	v5s
同性愛	どうせいあい	n
名物	めいぶつ	n
問合せ	といあわせ	n
埋葬	まいそう	vs
報復	ほうふく	vs
増大	ぞうだい	vs
好物	こうぶつ	n
学問	がくもん	vs
客観	きゃっかん	n
密着	みっちゃく	vs
差し	さし	n
当てる	あてる	v1
待遇	たいぐう	vs
思いっきり	おもいっきり	adv
恒例	こうれい	n
悔しい	くやしい	adj-i
情	じょう	n
打撃	だげき	n
抽出	ちゅうしゅつ	vs
担任	たんにん	vs
散々	さんざん	adj-na
数量	すうりょう	n
最期	さいご	n
有害	ゆうがい	adj-na
本家	ほんけ	n
構図	こうず	n
歯医者	はいしゃ	n
水平	すいへい	adj-na
沈黙	ちんもく	vs
法廷	ほうてい	n
流星	りゅうせい	n
温暖	おんだん	adj-na
演習	えんしゅう	vs
潰す	つぶす	v5s
無くなる	なくなる	v5r
球団	きゅうだん	n
直ぐ	すぐ	adv
真夏	まなつ	n
稽古	けいこ	vs
空母	くうぼ	n
筒	つつ	n
篇	へん	n
粒子	りゅうし	n
納豆	なっとう	n
終	つい	n
結ぶ	むすぶ	v5b
肝	きも	n
袖	そで	n
褒美	ほうび	n
評論	ひょうろん	vs
論争	ろんそう	vs
識別	しきべつ	vs
迫力	はくりょく	n
選抜	せんばつ	vs
錠	じょう	n
青空	あおぞら	n
預け	あずけ	n
領土	りょうど	n
風味	ふうみ	n
飛ばす	とばす	v5s
麻酔	ますい	n
あっという間に	あっというまに	exp
いかなる	いかなる	
いまだに	いまだに	adv
おかず	おかず	n
おもい	おもい	adj-i
お家	おうち	n
したがって	したがって	conj
しとる	しとる	v5r
にあたって	にあたって	exp
まじめ	まじめ	adj-na
アナウンス	アナウンス	vs
アンパン	あんパン	n
ウィーン	ウィーン	n
カオス	カオス	n
キャリー	キャリー	n
コンクリート	コンクリート	n
コンサルタント	コンサルタント	n
コント	コント	n
コンパクト	コンパクト	adj-na
ストライク	ストライク	n
セガ	セガ	n
ディナー	ディナー	n
デイリー	デーリー	n
バレエ	バレエ	n
パンク	パンク	vs
ピックアップ	ピックアップ	vs
フィルター	フィルター	n
フェス	フェス	n
フェラ	フェラ	vs
プライム	プライム	n
プレッシャー	プレッシャー	n
ヘタ	へた	adj-na
ホイール	ホイール	n
メンタル	メンタル	adj-na
ラグビー	ラグビー	n
レディース	レディース	n
ロイヤル	ロイヤル	n
下部	かぶ	n
人民	じんみん	n
休め	やすめ	int
創設	そうせつ	vs
北九州	きたきゅうしゅう	n
反し	かえし	n
取り扱い	とりあつかい	n
合唱	がっしょう	vs
商人	しょうにん	n
國	くに	n
墓地	ぼち	n
多め	おおめ	n
失格	しっかく	vs
失業	しつぎょう	vs
妥当	だとう	adj-na
宴会	えんかい	n
対談	たいだん	vs
導く	みちびく	v5k
川口	かこう	n
巡回	じゅんかい	vs
常時	じょうじ	n
常連	じょうれん	n
快感	かいかん	n
悲鳴	ひめい	vs
情勢	じょうせい	n
意欲	いよく	n
我が国	わがくに	exp
断言	だんげん	vs
方言	ほうげん	n
早々	そうそう	n
横断	おうだん	vs
毎朝	まいあさ	n
洗浄	せんじょう	vs
混合	こんごう	vs
爆	ばく	int
狐	きつね	n
狙撃	そげき	vs
珍	ちん	adj-na
甥	おい	n
界隈	かいわい	n
監禁	かんきん	vs
直線	ちょくせん	n
細	ほそ	n
経費	けいひ	n
結び	むすび	n
結晶	けっしょう	vs
置き換え	おきかえ	n
美肌	びはだ	n
群れ	むれ	n
膨大	ぼうだい	adj-na
藍	あい	n
衰退	すいたい	vs
講習	こうしゅう	vs
起	おこり	n
趣旨	しゅし	n
足し	たし	n
返金	へんきん	vs
通す	とおす	v5s
進撃	しんげき	vs
運び	はこび	n
間に合う	まにあう	v5u
間もなく	まもなく	adv
院長	いんちょう	n
除外	じょがい	vs
離れる	はなれる	v1
預金	よきん	vs
食物	しょくもつ	n
香水	こうすい	n
馴染み	なじみ	n
麻痺	まひ	vs
いとこ	いとこ	n
うんざり	うんざり	vs
おしゃべり	おしゃべり	vs
きっちり	きっちり	vs
くさい	くさい	adj-i
しかた	しかた	n
まとめる	まとめる	v1
アルミ	アルミ	n
ウォール	ウォール	n
クセ	くせ	n
クレジット	クレジット	n
クレーム	クレーム	n
グッド	グッド	adj-na
グランプリ	グランプリ	n
コミ	こみ	n
コンタクト	コンタクト	vs
コンボ	コンボ	n
シンボル	シンボル	n
スキン	スキン	n
ステータス	ステータス	n
セレブ	セレブ	n
トレーナー	トレーナー	n
バリエーション	バリエーション	n
パール	パール	n
フォロワー	フォロワー	n
フッ	フッ	int
フック	フック	vs
ブリッジ	ブリッジ	n
ボロボロ	ぼろぼろ	n
モーター	モーター	n
ヤンキー	ヤンキー	n
ヤング	ヤング	n
下がり	さがり	n
下し	くだし	n
下旬	げじゅん	n
中立	ちゅうりつ	n
仮説	かせつ	n
伺い	うかがい	n
住	じゅう	n
体系	たいけい	n
何だ	なんだ	int
債務	さいむ	n
全米	ぜんべい	n
典	てん	n
凛	りん	adv
去る	さる	v5r
吾	われ	pn
周回	しゅうかい	vs
困惑	こんわく	vs
国道	こくどう	n
妥協	だきょう	vs
実物	じつぶつ	n
宮殿	きゅうでん	n
小学	しょうがく	n
小遣い	こづかい	n
幸運	こううん	n
座る	すわる	v5r
心当たり	こころあたり	n
志願	しがん	vs
房	ふさ	n
手袋	てぶくろ	n
抱く	だく	v5k
拒絶	きょぜつ	vs
拳銃	けんじゅう	n
指数	しすう	n
指標	しひょう	n
振興	しんこう	vs
排水	はいすい	vs
揃い	そろい	n
敏感	びんかん	adj-na
敗戦	はいせん	vs
新刊	しんかん	n
昆虫	こんちゅう	n
昼食	ちゅうしょく	n
曜日	ようび	n
月刊	げっかん	n
有罪	ゆうざい	n
機材	きざい	n
毎晩	まいばん	n
決戦	けっせん	vs
河	ホー	n
燃える	もえる	v1
特権	とっけん	n
特設	とくせつ	vs
王女	おうじょ	n
理性	りせい	n
盛	もり	n
直撃	ちょくげき	vs
真田	さなだ	n
管轄	かんかつ	vs
紅白	こうはく	n
累計	るいけい	vs
航空機	こうくうき	n
苦しむ	くるしむ	v5m
茶色	ちゃいろ	n
訴える	うったえる	v1
誘う	さそう	v5u
課長	かちょう	n
象	しょう	n
負	ふ	n
貴女	きじょ	pn
貼る	はる	v5r
質量	しつりょう	n
迅速	じんそく	adj-na
遊戯	ゆうぎ	vs
部員	ぶいん	n
銘柄	めいがら	n
防犯	ぼうはん	n
雌	め	n
領主	りょうしゅ	n
騙し	だまし	n
鳳	ほう	n
黄色い	きいろい	adj-i
あふれ	あふれ	n
おしまい	おしまい	n
かえって	かえって	adv
じゅう	じゅう	n
ひかり	ひかり	n
まんが	まんが	n
アクティブ	アクティブ	adj-na
イエロー	イエロー	adj-na
ウマ	ウマ	n
エール	エール	n
オチ	おち	n
カスタム	カスタム	n
カテゴリ	カテゴリー	n
クライアント	クライアント	n
クラッシュ	クラッシュ	vs
ケイ	ケー	n
コロンビア	コロンビア	n
シェフ	シェフ	n
シールド	シールド	vs
スティック	スティック	n
スライド	スライド	n
セン	セン	n
タカ	たか	n
トランス	トランス	n
ナース	ナース	n
ピンチ	ピンチ	n
フラ	フラ	n
フラグ	フラグ	n
ホームラン	ホームラン	n
ミュージシャン	ミュージシャン	n
メロン	メロン	n
亭	てい	n
仮定	かてい	vs
会館	かいかん	n
儲け	もうけ	n
入試	にゅうし	n
内臓	ないぞう	n
出撃	しゅつげき	vs
判事	はんじ	n
制覇	せいは	vs
動向	どうこう	n
占める	しめる	v1
受注	じゅちゅう	vs
噴火	ふんか	vs
団長	だんちょう	n
大人しく	おとなしく	adv
太もも	ふともも	n
子会社	こがいしゃ	n
存続	そんぞく	vs
実証	じっしょう	vs
射殺	しゃさつ	vs
尋ね	たずね	n
小島	こじま	n
小規模	しょうきぼ	adj-na
引き起こす	ひきおこす	v5s
当地	とうち	n
復刻	ふっこく	vs
志向	しこう	vs
急ぎ	いそぎ	n
慣れる	なれる	v1
手首	てくび	n
故に	ゆえに	conj
暁	あかつき	n
曰く	いわく	n
本土	ほんど	n
樽	たる	n
清掃	せいそう	vs
牧場	ぼくじょう	n
牧師	ぼくし	n
物資	ぶっし	n
独	どく	n
甲斐	かい	n
申し込み	もうしこみ	n
男優	だんゆう	n
真っ赤	まっか	adj-na
真理	しんり	n
破損	はそん	vs
祝福	しゅくふく	vs
総会	そうかい	n
織	おり	n
育児	いくじ	vs
腫瘍	しゅよう	n
臣	やつこ	n
薫	くん	n
西部	せいぶ	n
視界	しかい	n
誠実	せいじつ	adj-na
躊躇	ちゅうちょ	vs
通称	つうしょう	n
通行	つうこう	vs
速攻	そっこう	vs
都知事	とちじ	n
鎧	よろい	n
集結	しゅうけつ	vs
飲める	のめる	v1
飲酒	おんじゅ	n
養成	ようせい	vs
駆使	くし	vs
駒	こま	n
あくまでも	あくまでも	adv
おやすみなさい	おやすみなさい	exp
つまみ	つまみ	n
ともに	ともに	adv
とれる	とれる	v1
なぜなら	なぜなら	conj
めぐり	めぐり	n
ウケ	うけ	n
エリカ	エリカ	n
カイ	カイ	n
カルチャー	カルチャー	n
キノコ	きのこ	n
コラボレーション	コラボレーション	vs
ゴキブリ	ごきぶり	n
サポーター	サポーター	n
スプレー	スプレー	vs
テンポ	テンポ	n
ナビ	ナビ	n
ネクタイ	ネクタイ	n
ノイズ	ノイズ	n
ノウハウ	ノウハウ	n
ノーマル	ノーマル	adj-na
ハロ	ハロー	n
バーガー	バーガー	n
パスポート	パスポート	n
ビジュアル	ビジュアル	adj-na
フォーク	フォーク	n
マリー	マリー	n
ミル	ミル	n
ユニフォーム	ユニフォーム	n
ライフル	ライフル	n
ランナー	ランナー	n
リレー	リレー	vs
ロール	ロール	vs
一色	いっしょく	adj-na
下げる	さげる	v1
休止	きゅうし	vs
体育館	たいいくかん	n
何もかも	なにもかも	exp
余	よ	n
佳	か	adj-na
入国	にゅうこく	vs
入札	にゅうさつ	vs
再発	さいはつ	vs
出世	しゅっせ	vs
北斗	ほくと	n
合宿	がっしゅく	vs
同志	どうし	n
吐き気	はきけ	n
器具	きぐ	n
垂れ	たれ	n
大麻	たいま	n
太い	ふとい	adj-i
嫌がらせ	いやがらせ	n
子宮	しきゅう	n
学期	がっき	n
小売	こうり	vs
展望	てんぼう	vs
巡	じゅん	ctr
市立	しりつ	n
当店	とうてん	n
彫刻	ちょうこく	vs
急遽	きゅうきょ	adv
我ら	われら	pn
押し付け	おしつけ	n
搭乗	とうじょう	vs
敵対	てきたい	vs
断念	だんねん	vs
新築	しんちく	vs
新興	しんこう	n
施工	せこう	vs
杖	つえ	n
架	か	n
栗	くり	n
検事	けんじ	n
楽園	らくえん	n
欠	けつ	n
浄化	じょうか	vs
温	ぬく	n
漢	かん	n
無用	むよう	adj-na
用いる	もちいる	v1
皆無	かいむ	adj-na
盛ん	さかん	adj-na
県警	けんけい	n
細かく	こまかく	adv
羅	うすもの	n
耐性	たいせい	n
英文	えいぶん	n
証人	しょうにん	n
購読	こうどく	vs
越える	こえる	v1
辛く	つらく	adv
退屈	たいくつ	n
選考	せんこう	vs
鉄板	てっぱん	n
錦	にしき	n
開封	かいふう	vs
間接	かんせつ	n
降下	こうか	vs
陛下	へいか	pn
頭部	とうぶ	n
あゆみ	あゆみ	n
きのこ	きのこ	n
ことば	ことば	n
すこし	すこし	adv
ひとみ	ひとみ	n
ふつう	ふつう	n
みなさま	みなさま	n
アイアン	アイアン	n
アシスト	アシスト	vs
オッケー	オッケー	vs
カタログ	カタログ	vs
キャベツ	キャベツ	n
グラム	グラム	n
サバ	さば	n
サメ	さめ	n
シェル	シェル	n
シャンプー	シャンプー	vs
スパイク	スパイク	n
ドライ	ドライ	adj-na
バレー	バレー	n
ビン	びん	n
ファック	ファック	vs
プロモーション	プロモーション	n
ホース	ホース	n
ボクシング	ボクシング	n
マネジメント	マネジメント	n
ルビー	ルビー	n
ワイルド	ワイルド	adj-na
三国志	さんごくし	n
中途半端	ちゅうとはんぱ	adj-na
了	りょう	n
付与	ふよ	vs
但し	ただし	conj
偉	い	adj-na
入居	にゅうきょ	vs
全開	ぜんかい	vs
内定	ないてい	vs
処	どころ	n
制定	せいてい	vs
前方	ぜんぽう	n
北欧	ほくおう	n
合併	がっぺい	vs
名付け	なづけ	n
名曲	めいきょく	n
呪文	じゅもん	n
問い	とい	n
国有	こくゆう	n
坊	ぼう	n
外来	がいらい	n
失踪	しっそう	vs
奨学	しょうがく	n
宅配	たくはい	vs
宇宙船	うちゅうせん	n
寺院	じいん	n
専攻	せんこう	vs
岡	おか	n
崖	がけ	n
市役所	しやくしょ	n
幅広い	はばひろい	adj-i
性癖	せいへき	n
悪意	あくい	n
手持ち	てもち	n
捏造	ねつぞう	vs
撤回	てっかい	vs
擁護	ようご	n
放課後	ほうかご	n
文字通り	もじどおり	n
文法	ぶんぽう	n
日頃	ひごろ	n
明記	めいき	vs
木曜	もくよう	adv
核兵器	かくへいき	n
歩道	ほどう	n
汎用	はんよう	vs
法令	ほうれい	n
消耗	しょうもう	vs
灰色	はいいろ	n
点検	てんけん	vs
煙草	たばこ	n
申し出	もうしで	n
留学生	りゅうがくせい	n
登校	とうこう	vs
知らせ	しらせ	n
秘	ひ	n
続々	ぞくぞく	adv
美味	びみ	n
苦情	くじょう	n
華麗	かれい	adj-na
落ち着き	おちつき	n
著名	ちょめい	adj-na
著書	ちょしょ	n
誓い	ちかい	n
返済	へんさい	vs
通い	かよい	n
連想	れんそう	vs
遂行	すいこう	vs
遅れる	おくれる	v1
遺族	いぞく	n
随時	ずいじ	adv
首脳	しゅのう	n
驚愕	きょうがく	vs
驚異	きょうい	n
あかね	あかね	n
いたずら	いたずら	vs
いっそ	いっそ	adv
うらやましい	うらやましい	adj-i
おしっこ	おしっこ	vs
かんじ	かんじ	n
ふーん	ふーん	int
まっすぐ	まっすぐ	adj-na
みゆき	みゆき	vs
めぐる	めぐる	v5r
りんご	りんご	n
アマ	アマ	n
イルカ	いるか	n
ウィルス	ウイルス	n
エンジェル	エンジェル	n
サビ	サビ	n
サヨナラ	さよなら	int
セーブ	セーブ	vs
タイガー	タイガー	n
チラシ	ちらし	n
チーフ	チーフ	n
ディレクター	ディレクター	n
ドック	ドック	n
ネジ	ねじ	n
ハンマー	ハンマー	n
パレード	パレード	vs
フィンランド	フィンランド	n
フォーラム	フォーラム	n
ブタ	ぶた	n
ブレイク	ブレイク	vs
ベテラン	ベテラン	n
ボリューム	ボリューム	n
マフィア	マフィア	n
メロディ	メロディー	n
ランニング	ランニング	n
一撃	いちげき	vs
中旬	ちゅうじゅん	n
乾杯	かんぱい	int
何と	なんと	adv
借りる	かりる	v1
偏見	へんけん	n
優良	ゆうりょう	adj-na
全長	ぜんちょう	n
全額	ぜんがく	n
共和党	きょうわとう	n
函館	はこだて	n
分ける	わける	v1
制約	せいやく	vs
動員	どういん	vs
北米	ほくべい	n
北陸	ほくりく	n
卓	たく	n
参拝	さんぱい	vs
右翼	うよく	n
名乗る	なのる	v5r
吹奏楽	すいそうがく	n
咲く	さく	v5k
喫茶店	きっさてん	n
増殖	ぞうしょく	vs
失	しつ	n
如く	ごとく	adv
家畜	かちく	n
幼女	ようじょ	n
強姦	ごうかん	vs
彼方	あちら	pn
徴収	ちょうしゅう	vs
志望	しぼう	vs
感度	かんど	n
手書き	てがき	n
拝見	はいけん	vs
振る	ふる	v5r
採取	さいしゅ	vs
新設	しんせつ	vs
暴動	ぼうどう	n
柏	かしわ	n
様式	ようしき	n
水戸	みと	n
海上	かいじょう	n
海洋	かいよう	n
滅亡	めつぼう	vs
焼け	やけ	n
物体	ぶったい	n
独裁	どくさい	vs
理系	りけい	n
申	さる	n
留め	とめ	n
番地	ばんち	n
監修	かんしゅう	vs
直面	ちょくめん	n
破棄	はき	vs
精一杯	せいいっぱい	n
腕時計	うでどけい	n
落語	らくご	n
蓄積	ちくせき	vs
親指	おやゆび	n
財	ざい	n
辞職	じしょく	vs
通じる	つうじる	v1
酷く	ひどく	adv
野獣	やじゅう	n
闘争	とうそう	vs
集計	しゅうけい	vs
雑貨	ざっか	n
頬	ほお	n
高まる	たかまる	v5r
おろし	おろし	n
お祈り	おいのり	vs
みどり	みどり	n
アイディア	アイデア	n
アイルランド	アイルランド	n
インク	インク	n
ウォッチ	ウォッチ	n
エイリアン	エイリアン	n
エサ	えさ	n
キリ	キリ	n
コラ	コラ	n
コーラ	コーラ	n
ゴミ箱	ゴミばこ	n
ストック	ストック	vs
フェチ	フェチ	n
フロリダ	フロリダ	n
プレーヤー	プレイヤー	n
ペニス	ペニス	n
マスコット	マスコット	n
マリン	マリーン	n
ミスター	ミスター	n
ミドル	ミドル	n
ムチ	むち	n
モスクワ	モスクワ	n
リッチ	リッチ	adj-na
レーベル	ラベル	n
ロット	ロット	n
ロビー	ロビー	n
上空	じょうくう	n
不気味	ぶきみ	adj-na
世論	よろん	n
今さら	いまさら	adv
仲介	ちゅうかい	vs
何かと	なにかと	adv
催眠	さいみん	n
冠	かんむり	n
前期	ぜんき	n
劇団	げきだん	n
動揺	どうよう	vs
包丁	ほうちょう	n
反日	はんにち	n
反面	はんめん	adv
同日	どうじつ	n
吸血鬼	きゅうけつき	n
問う	とう	v5u
学術	がくじゅつ	n
密度	みつど	n
小児	しょうに	n
小物	こもの	n
居心地	いごこち	n
張	ちょう	n
役所	やくどころ	n
必然	ひつぜん	n
快楽	かいらく	n
手足	てあし	n
招く	まねく	v5k
支障	ししょう	n
月額	げつがく	n
未知	みち	n
楓	かえで	n
橘	たちばな	n
殴る	なぐる	v5r
毎度	まいど	n
沿岸	えんがん	n
浅い	あさい	adj-i
混雑	こんざつ	vs
無職	むしょく	n
生み出す	うみだす	v5s
産地	さんち	n
盛り上がる	もりあがる	v5r
省略	しょうりゃく	vs
着物	きもの	n
示唆	しさ	vs
私的	してき	adj-na
空軍	くうぐん	n
糖尿	とうにょう	n
続	ぞく	n
線路	せんろ	n
聖地	せいち	n
自爆	じばく	vs
茜	あかね	n
菊	きく	n
計測	けいそく	vs
記号	きごう	n
試す	ためす	v5s
課税	かぜい	vs
転	くるり	adv
農場	のうじょう	n
追及	ついきゅう	vs
選出	せんしゅつ	vs
郵送	ゆうそう	vs
鉱山	こうざん	n
電圧	でんあつ	n
飛鳥	ひちょう	n
駆除	くじょ	vs
騒音	そうおん	n
あだ名	あだな	n
おでん	おでん	n
お出かけ	おでかけ	n
お盆	おぼん	n
しんどい	しんどい	adj-i
すてき	すてき	adj-na
にあたり	にあたり	exp
アルファ	アルファ	n
イマイチ	いまいち	exp
ウクライナ	ウクライナ	n
オーストリア	オーストリア	n
オーディオ	オーディオ	n
オーラ	オーラ	n
カクテル	カクテル	n
カーテン	カーテン	n
ガリ	がり	n
クローバー	クローバー	n
コンドーム	コンドーム	n
コーデ	コーデ	n
ショウ	ショー	n
トライ	トライ	vs
トラベル	トラベル	n
ドーナツ	ドーナツ	n
ヌード	ヌード	n
ハーレム	ハーレム	n
バリ	バリ	n
ヘリコプター	ヘリコプター	n
ベビー	ベビー	n
ポジティブ	ポジティブ	adj-na
マウント	マウント	n
ラック	ラック	n
レズ	レズ	n
レーン	レーン	n
不当	ふとう	adj-na
中部	ちゅうぶ	n
交付	こうふ	vs
仕業	しわざ	n
住居	じゅうきょ	vs
侵攻	しんこう	vs
先制	せんせい	vs
入会	にゅうかい	vs
入浴	にゅうよく	n
全日本	ぜんにほん	n
出動	しゅつどう	vs
分岐	ぶんき	vs
前面	ぜんめん	n
加熱	かねつ	vs
勘	かん	n
医学部	いがくぶ	n
友好	ゆうこう	n
口調	くちょう	n
台本	だいほん	n
名簿	めいぼ	n
執事	しつじ	n
壮大	そうだい	adj-na
大国	たいこく	n
太陽光	たいようこう	n
娯楽	ごらく	vs
安値	やすね	n
封鎖	ふうさ	vs
市町村	しちょうそん	n
帆	ほ	n
幹	から	n
幼少	ようしょう	n
引っ張り	ひっぱり	n
快	かい	n
手口	てぐち	n
手遅れ	ておくれ	n
担う	になう	v5u
振る舞い	ふるまい	n
揺れる	ゆれる	v1
教材	きょうざい	n
断	だん	n
暗	あん	n
暫く	しばらく	vs
果物	くだもの	n
染	そめ	n
柔らかい	やわらかい	adj-i
桐	きり	n
正気	しょうき	n
武蔵	むさし	n
殺到	さっとう	vs
水中	すいちゅう	n
水族館	すいぞくかん	n
決定的	けっていてき	adj-na
注入	ちゅうにゅう	vs
津	つ	n
満員	まんいん	n
満喫	まんきつ	vs
特異	とくい	adj-na
画家	がか	n
白目	しろめ	n
目黒	めぐろ	n
硬い	かたい	adj-i
秀	しゅう	n
絞り	しぼり	vs
締結	ていけつ	vs
育つ	そだつ	v5t
荒	あら	n
薬局	やっきょく	n
蜜	みつ	n
観念	かんねん	n
誠に	まことに	adv
調節	ちょうせつ	vs
負う	おう	v5u
貧しい	まずしい	adj-i
貧乏	びんぼう	adj-na
連鎖	れんさ	vs
遮断	しゃだん	vs
限度	げんど	n
風船	ふうせん	n
ありゃ	ありゃ	int
いまいち	いまいち	exp
こなし	こなし	n
わたる	わたる	v5r
アイコン	アイコン	n
アクセサリー	アクセサリー	n
アフィリエイト	アフィリエイト	n
アルゴリズム	アルゴリズム	n
ウェブ	ウェブ	n
オリーブ	オリーブ	n
キュート	キュート	adj-na
キューバ	キューバ	n
クーラー	クーラー	n
コップ	コップ	n
ゴメン	ごめん	int
ストレッチ	ストレッチ	n
スピーチ	スピーチ	n
タレ	タレ	n
ドキュメント	ドキュメント	n
ネイル	ネイル	n
ノース	ノース	n
ハイライト	ハイライト	n
ハンバーグ	ハンバーグ	n
バーチャル	バーチャル	adj-na
ビート	ビート	n
フィート	フィート	n
フライト	フライト	vs
プロポーズ	プロポーズ	vs
ベーコン	ベーコン	n
リム	リム	n
リュック	リュック	n
レバー	レバー	n
ヶ所	かしょ	n
一味	いちみ	n
一夜	いちや	n
万が一	まんがいち	adv
万能	ばんのう	n
上品	じょうひん	adj-na
与党	よとう	n
互い	たがい	n
任命	にんめい	vs
伝達	でんたつ	vs
体温	たいおん	n
倉	くら	n
備考	びこう	n
共謀	きょうぼう	vs
内科	ないか	n
出生	しゅっしょう	vs
別れる	わかれる	v1
功績	こうせき	n
加害	かがい	vs
加賀	かが	n
労働省	ろうどうしょう	n
卑怯	ひきょう	adj-na
喫茶	きっさ	n
土壌	どじょう	n
増す	ます	v5s
壊れる	こわれる	v1
夜明け	よあけ	n
大根	だいこん	n
大騒ぎ	おおさわぎ	vs
失望	しつぼう	vs
好奇	こうき	n
姪	めい	n
対面	たいめん	vs
屋台	やたい	n
山手	やまて	n
岳	たけ	n
峰	みね	n
川上	かわかみ	n
工程	こうてい	n
年下	としした	n
引越し	ひっこし	vs
強要	きょうよう	vs
当社	とうしゃ	n
御用	ごよう	n
愚痴	ぐち	n
懐	ふところ	n
批評	ひひょう	vs
技法	ぎほう	n
担保	たんぽ	vs
招き	まねき	n
持	じ	n
挑発	ちょうはつ	vs
探検	たんけん	vs
改変	かいへん	vs
敬意	けいい	n
日数	にっすう	n
是	ぜ	n
有用	ゆうよう	adj-na
東南アジア	とうなんアジア	n
架空	かくう	n
栄光	えいこう	n
武士	ぶし	n
気づき	きづき	n
水曜	すいよう	adv
浦	うら	n
消去	しょうきょ	vs
無能	むのう	n
燃費	ねんぴ	n
王道	おうどう	n
畳	じょう	ctr
発散	はっさん	vs
県立	けんりつ	n
礼儀	れいぎ	n
立憲	りっけん	n
競合	きょうごう	vs
筆頭	ひっとう	n
脅し	おどし	n
臓器	ぞうき	n
色彩	しきさい	n
芯	しん	n
蚊	か	n
補佐	ほさ	vs
見舞い	みまい	vs
視力	しりょく	n
覗き	のぞき	n
賛同	さんどう	vs
賞賛	しょうさん	vs
載せる	のせる	v1
近畿	きんき	n
迷子	まいご	n
運動会	うんどうかい	n
過度	かど	adj-na
銅	どう	n
鋭い	するどい	adj-i
電流	でんりゅう	n
鞄	かばん	n
騒ぐ	さわぐ	v5g
あいだ	あいだ	n
あらかじめ	あらかじめ	adv
あらす	あらす	v5s
じっと	じっと	vs
ゆとり	ゆとり	n
アシスタント	アシスタント	n
インスタ	インスタ	n
カンパニー	カンパニー	n
カ国	かこく	ctr
クッション	クッション	n
グレイ	グレー	adj-na
ケガ	けが	vs
ゴールデン	ゴールデン	n
シコ	しこ	n
スキャンダル	スキャンダル	n
タメ	ため	n
チー	チー	
テール	テール	n
デッド	デッド	n
デメリット	デメリット	n
トリック	トリック	n
ニキ	ニキ	n
ネガティブ	ネガティブ	adj-na
フェスティバル	フェスティバル	n
フラン	フラン	n
プラグ	プラグ	n
ベット	ベット	n
ペットボトル	ペットボトル	n
マンコ	マンコ	n
メトロ	メトロ	n
ヨガ	ヨガ	n
リップ	リップ	n
リモコン	リモコン	n
ワールドカップ	ワールドカップ	n
中佐	ちゅうさ	n
伊勢	いせ	n
伯爵	はくしゃく	n
伸ばす	のばす	v5s
公立	こうりつ	n
冷やし	ひやし	n
冷房	れいぼう	vs
勲章	くんしょう	n
半数	はんすう	n
吹き	ふき	n
囚われ	とらわれ	n
国旗	こっき	n
多々	たた	adv
天候	てんこう	n
宣告	せんこく	vs
寄生	きせい	vs
尊	そん	n
尽くす	つくす	v5s
崇拝	すうはい	vs
引き受け	ひきうけ	n
弥	いや	adv
役人	やくにん	n
愛国	あいこく	n
感激	かんげき	vs
手入れ	ていれ	vs
抱える	かかえる	v1
抹茶	まっちゃ	n
有限	ゆうげん	n
標高	ひょうこう	n
火曜	かよう	adv
発狂	はっきょう	vs
縛り	しばり	n
罰金	ばっきん	n
義理	ぎり	n
腐敗	ふはい	vs
腹筋	ふっきん	vs
船長	せんちょう	n
葬式	そうしき	n
衆議院	しゅうぎいん	n
裏側	うらがわ	n
複製	ふくせい	vs
要する	ようする	vs
見せかけ	みせかけ	n
許容	きょよう	vs
警視庁	けいしちょう	n
赤色	あかいろ	n
超絶	ちょうぜつ	vs
造形	ぞうけい	vs
運賃	うんちん	n
過酷	かこく	adj-na
遺言	ゆいごん	vs
酔い	よい	n
非公開	ひこうかい	n
題材	だいざい	n
飾る	かざる	v5r
養子	ようし	n
駆動	くどう	vs
高性能	こうせいのう	n
魔力	まりょく	n
いかにも	いかにも	adv
お迎え	おむかえ	vs
さようなら	さようなら	int
せいぜい	せいぜい	adv
どうにも	どうにも	adv
にわたり	にわたり	exp
めぐみ	めぐみ	n
アクリル	アクリル	n
インフルエンザ	インフルエンザ	n
カム	カム	n
クルー	クルー	n
シャトル	シャトル	n
ジャム	ジャム	n
ゼリー	ゼリー	n
ソード	ソード	n
バレンタイン	バレンタイン	n
パキスタン	パキスタン	n
ビス	ビス	n
フィクション	フィクション	n
フラワー	フラワー	n
ヤギ	やぎ	n
ユニーク	ユニーク	adj-na
ライヴ	ライブ	n
リビング	リビング	n
万全	ばんぜん	n
不自由	ふじゆう	vs
中年	ちゅうねん	n
中盤	ちゅうばん	n
代謝	たいしゃ	n
侮辱	ぶじょく	vs
債権	さいけん	n
出馬	しゅつば	vs
分配	ぶんぱい	vs
別荘	べっそう	n
到来	とうらい	vs
前線	ぜんせん	n
加わる	くわわる	v5r
労	ろう	n
区画	くかく	vs
反抗	はんこう	vs
合間	あいま	n
味わい	あじわい	n
喋り	しゃべり	n
国防	こくぼう	n
埋める	うめる	v1
基金	ききん	n
壁紙	かべがみ	n
多発	たはつ	vs
奏	そう	n
子猫	こねこ	n
定年	ていねん	n
宛	あて	n
実務	じつむ	n
広大	こうだい	adj-na
待ち合わせ	まちあわせ	n
急行	きゅうこう	vs
懐かし	なつかし	n
懲役	ちょうえき	n
戦時	せんじ	n
挑む	いどむ	v5m
挙げる	あげる	v1
接種	せっしゅ	vs
放つ	はなつ	v5t
放火	ほうか	vs
景品	けいひん	n
未遂	みすい	n
束	つか	n
東部	とうぶ	n
柳	やなぎ	n
根性	こんじょう	n
桂	かつら	n
森林	しんりん	n
歌声	うたごえ	n
気の毒	きのどく	adj-na
決算	けっさん	n
洪水	こうずい	n
湿度	しつど	n
炒め	いため	n
生体	せいたい	n
生息	せいそく	vs
生態	せいたい	n
真に	まことに	adv
短編	たんぺん	n
破り	やぶり	n
破れ	やぶれ	n
終始	しゅうし	n
繊細	せんさい	adj-na
股	また	n
脳みそ	のうみそ	n
自力	じりき	n
荘	しょう	n
裏切り	うらぎり	n
触り	さわり	n
資材	しざい	n
起源	きげん	n
途上	とじょう	n
適合	てきごう	vs
長女	ちょうじょ	n
間近	まぢか	adj-na
阿	あ	n
除け	よけ	n
音量	おんりょう	n
順次	じゅんじ	adv
頼る	たよる	v5r
高松	たかまつ	n
お疲れさま	おつかれさま	exp
とっとと	とっとと	adv
はじまり	はじまり	n
まどか	まどか	adj-na
カトリック	カトリック	n
キリン	きりん	n
クジラ	くじら	n
ゴー	ゴー	n
スケベ	すけべ	n
ソファ	ソファ	n
トラップ	トラップ	n
ネオ	ネオ	n
ネック	ネック	n
ハイブリッド	ハイブリッド	n
ハグ	ハグ	vs
ハラ	ハラ	n
バケツ	バケツ	n
パナマ	パナマ	n
ヒップ	ヒップ	n
ヒール	ヒール	n
フー	ふう	int
ブラッド	ブラッド	n
ホームズ	ホームズ	n
ミーティング	ミーティング	n
リハビリ	リハビリ	n
リーク	リーク	vs
ロッカー	ロッカー	n
ワイヤー	ワイヤ	n
不愉快	ふゆかい	adj-na
付加	ふか	vs
任せる	まかせる	v1
優遇	ゆうぐう	vs
兎	うさぎ	n
冷	れい	n
制裁	せいさい	vs
刺身	さしみ	n
原点	げんてん	n
原画	げんが	n
周期	しゅうき	n
唄	うた	n
塁	るい	n
外人	がいじん	n
外食	がいしょく	vs
夜勤	やきん	n
妃	ひ	n
婆	ばば	n
嫌悪	けんお	vs
完売	かんばい	vs
定員	ていいん	n
定食	ていしょく	n
宝物	たからもの	n
小銭	こぜに	n
屋外	おくがい	n
崎	さき	n
干し	ほし	n
店主	てんしゅ	n
庭園	ていえん	n
弾薬	だんやく	n
急増	きゅうぞう	vs
択	たく	ctr
排気	はいき	vs
改札	かいさつ	vs
斧	おの	n
晒す	さらす	v5s
最小	さいしょう	n
木材	もくざい	n
東京ドーム	とうきょうドーム	n
柏木	かしわぎ	n
次男	じなん	n
派生	はせい	vs
派閥	はばつ	n
海域	かいいき	n
清楚	せいそ	adj-na
無言	むごん	n
特撮	とくさつ	vs
特番	とくばん	n
猶予	ゆうよ	vs
獅子	しし	n
王妃	おうひ	n
発作	ほっさ	vs
白色	しろいろ	n
相違	そうい	vs
真夜中	まよなか	n
短時間	たんじかん	n
社交	しゃこう	n
箸	はし	n
組み立て	くみたて	n
給付	きゅうふ	vs
繁栄	はんえい	vs
肘	ひじ	n
自国	じこく	n
致命	ちめい	n
船橋	ふなばし	n
莫大	ばくだい	adj-na
藩	はん	n
血圧	けつあつ	n
解像度	かいぞうど	n
解約	かいやく	vs
討論	とうろん	vs
試作	しさく	vs
返答	へんとう	vs
造り	つくり	n
達する	たっする	vs
長距離	ちょうきょり	n
降臨	こうりん	vs
隠蔽	いんぺい	vs
頂点	ちょうてん	n
高山	こうざん	n
あれこれ	あれこれ	adv
おねがい	おねがい	vs
こだわる	こだわる	v5r
こもり	こもり	vs
ごとく	ごとく	n
さやか	さやか	adj-na
さんま	さんま	n
すっごい	すっごい	adj-i
たいへん	たいへん	adv
っしょ	っしょ	
ひまわり	ひまわり	n
よっぽど	よっぽど	adv
アイ	アイ	n
アラブ	アラブ	n
イタズラ	いたずら	vs
オタ	ヲタ	n
カスタマイズ	カスタマイズ	vs
カリスマ	カリスマ	n
キラー	キラー	n
キープ	キープ	vs
クリエイティブ	クリエーティブ	adj-na
クリニック	クリニック	n
ゲリラ	ゲリラ	n
コンテナ	コンテナ	n
シリアル	シリアル	adj-na
ジャングル	ジャングル	n
スタンス	スタンス	n
スマイル	スマイル	n
タイツ	タイツ	n
デリヘル	デリヘル	n
ニック	ニック	n
ハンバーガー	ハンバーガー	n
ハードウェア	ハードウェア	n
ヒマ	ひま	n
ビザ	ビザ	n
ピラミッド	ピラミッド	n
フォーマット	フォーマット	vs
ポルトガル	ポルトガル	n
マグロ	まぐろ	n
ユーモア	ユーモア	n
ライス	ライス	n
レインボー	レインボー	n
下痢	げり	vs
不可欠	ふかけつ	adj-na
主力	しゅりょく	n
井戸	いど	n
付録	ふろく	n
仲良し	なかよし	n
便乗	びんじょう	vs
信託	しんたく	vs
値下げ	ねさげ	vs
傍	そば	n
傭兵	ようへい	n
処方	しょほう	vs
劇的	げきてき	adj-na
募金	ぼきん	vs
勧告	かんこく	vs
区間	くかん	n
原始	げんし	n
参議院	さんぎいん	n
反響	はんきょう	vs
取	しゅ	n
台所	だいどころ	n
名目	めいもく	n
土下座	どげざ	vs
基調	きちょう	n
増強	ぞうきょう	vs
天神	てんじん	n
嫌う	きらう	v5u
安打	あんだ	vs
家出	いえで	vs
廊下	ろうか	n
弾丸	だんがん	n
恋する	こいする	vs
愛好	あいこう	vs
感性	かんせい	n
戦記	せんき	n
承諾	しょうだく	vs
持ち帰り	もちかえり	n
挙句	あげく	adv
接客	せっきゃく	vs
握り	にぎり	n
支出	ししゅつ	vs
改定	かいてい	vs
数少ない	かずすくない	adj-i
曇り	くもり	n
梱	こり	n
模	かたぎ	n
模索	もさく	vs
殺意	さつい	n
母さん	かあさん	n
母乳	ぼにゅう	n
無理矢理	むりやり	adv
煽り	あおり	n
特技	とくぎ	n
生む	うむ	v5m
産経新聞	さんけいしんぶん	n
用紙	ようし	n
痩せる	やせる	v1
痴女	ちじょ	n
直接的	ちょくせつてき	adj-na
眠い	ねむい	adj-i
矯正	きょうせい	vs
砦	とりで	n
神道	しんとう	n
窃盗	せっとう	vs
築地	ついじ	n
給	きゅう	n
絶妙	ぜつみょう	adj-na
羽根	はね	n
脱走	だっそう	vs
色気	いろけ	n
花見	はなみ	vs
荒らし	あらし	n
補強	ほきょう	vs
西側	にしがわ	n
謝る	あやまる	v5r
酷	こく	adj-na
降りる	おりる	v1
限る	かぎる	v5r
集落	しゅうらく	n
青色	あおいろ	n
面会	めんかい	vs
頂戴	ちょうだい	vs
頭脳	ずのう	n
鬼畜	きちく	n
魔物	まもの	n
魚雷	ぎょらい	n
おくれ	おくれ	n
お呼び	および	vs
さらなる	さらなる	
ただただ	ただただ	adv
なのに	なのに	conj
ふわふわ	ふわふわ	adv
わくわく	わくわく	vs
アメリカ合衆国	アメリカがっしゅうこく	n
ウォーキング	ウォーキング	n
カビ	かび	n
カリ	カリ	n
ガイドライン	ガイドライン	n
クリップ	クリップ	n
クローン	クローン	n
ゲル	ゲル	n
コミケ	コミケ	n
サンドイッチ	サンドイッチ	n
シャッター	シャッター	n
ジャンク	ジャンク	n
スキャン	スキャン	vs
ステッカー	ステッカー	n
スロー	スロー	adj-na
ダル	ダル	n
ニュージーランド	ニュージーランド	n
ネル	ネル	n
バーン	バーン	n
ブレ	ぶれ	n
プラチナ	プラチナ	n
ヘル	ヘル	n
メモリー	メモリー	n
モス	モス	n
モチベーション	モチベーション	n
ラベル	ラベル	n
ワゴン	ワゴン	n
三昧	さんまい	n
下野	げや	vs
不調	ふちょう	adj-na
不適切	ふてきせつ	adj-na
主観	しゅかん	n
云々	うんぬん	exp
交	こう	n
他国	たこく	vs
使い勝手	つかいがって	n
便器	べんき	n
促す	うながす	v5s
円盤	えんばん	n
動脈	どうみゃく	n
即座	そくざ	n
原型	げんけい	n
合衆国	がっしゅうこく	n
同年	どうねん	n
同性	どうせい	n
同然	どうぜん	adj-na
味噌汁	みそしる	n
唐突	とうとつ	adj-na
図書	としょ	n
圧倒	あっとう	vs
増税	ぞうぜい	vs
売り切れ	うりきれ	n
外務省	がいむしょう	n
寄与	きよ	vs
専属	せんぞく	vs
捕まる	つかまる	v5r
換算	かんさん	vs
断る	ことわる	v5r
明白	めいはく	adj-na
暴力団	ぼうりょくだん	n
最多	さいた	n
朱	しゅ	n
椿	つばき	n
模倣	もほう	vs
歌舞伎	かぶき	n
死人	しにん	n
水槽	すいそう	n
無印	むじるし	n
無数	むすう	n
無知	むち	n
王者	おうじゃ	n
理屈	りくつ	n
生誕	せいたん	vs
百貨店	ひゃっかてん	n
直結	ちょっけつ	vs
空腹	くうふく	n
笛	ふえ	n
精霊	せいれい	n
絡む	からむ	v5m
罪悪	ざいあく	n
聴取	ちょうしゅ	vs
肉食	にくしょく	vs
脆弱	ぜいじゃく	adj-na
舟	ふね	n
苦	く	n
製薬	せいやく	n
解任	かいにん	vs
解剖	かいぼう	vs
診察	しんさつ	vs
調和	ちょうわ	vs
諸君	しょくん	n
警部	けいぶ	n
賃貸	ちんたい	vs
贈る	おくる	v5r
越	えつ	n
追悼	ついとう	vs
退学	たいがく	vs
配送	はいそう	vs
錬金術	れんきんじゅつ	n
集約	しゅうやく	n
領	りょう	n
騎手	きしゅ	n
高値	たかね	n
鬱	うつ	n
あおい	あおい	adj-i
あがる	あがる	v5r
あちら	あちら	pn
すっごく	すっごく	adv
ずーっと	ずーっと	adv
ちょうだい	ちょうだい	vs
ついつい	ついつい	adv
とことん	とことん	n
なおし	なおし	n
よっしゃ	よっしゃ	int
われわれ	われわれ	pn
アフガニスタン	アフガニスタン	n
イチゴ	いちご	n
ウイスキー	ウイスキー	n
カテゴリー	カテゴリー	n
カメ	かめ	n
ケチ	ケチ	n
サンキュー	サンキュー	int
シドニー	シドニー	n
セントラル	セントラル	n
ゼミ	ゼミ	n
ソーセージ	ソーセージ	n
ディス	ディス	vs
トリプル	トリプル	n
トータル	トータル	adj-na
バスケ	バスケ	n
パーフェクト	パーフェクト	adj-na
ピカ	ピカ	n
フィリップ	フィリップ	n
ブッシュ	ブッシュ	n
ミステリー	ミステリー	n
ライブラリ	ライブラリー	n
レム	レム	n
上半身	じょうはんしん	n
上流	じょうりゅう	n
中傷	ちゅうしょう	vs
争う	あらそう	v5u
事案	じあん	n
使	し	n
保全	ほぜん	vs
倒れる	たおれる	v1
偽造	ぎぞう	vs
光学	こうがく	n
全域	ぜんいき	n
出展	しゅってん	vs
勝者	しょうしゃ	n
化石	かせき	n
厳格	げんかく	adj-na
吹く	ふく	v5k
哀れ	あわれ	n
団地	だんち	n
士官	しかん	n
学力	がくりょく	n
工芸	こうげい	n
希少	きしょう	adj-na
広範囲	こうはんい	adj-na
引換	ひきかえ	n
忠誠	ちゅうせい	adj-na
性交	せいこう	vs
恩恵	おんけい	n
悪影響	あくえいきょう	n
惜しい	おしい	adj-i
所在	しょざい	vs
所在地	しょざいち	n
振り返る	ふりかえる	v5r
掛ける	かける	v1
搬送	はんそう	vs
操る	あやつる	v5r
改装	かいそう	vs
教訓	きょうくん	vs
書き方	かきかた	n
最先端	さいせんたん	n
最大限	さいだいげん	n
有益	ゆうえき	adj-na
武力	ぶりょく	n
毛布	もうふ	n
気合	きあい	n
水色	すいしょく	n
決議	けつぎ	vs
治す	なおす	v5s
涼しい	すずしい	adj-i
特攻	とっこう	n
珠	たま	n
理不尽	りふじん	adj-na
白黒	しろくろ	n
目玉	めだま	n
破滅	はめつ	vs
禁断	きんだん	vs
続出	ぞくしゅつ	vs
総督	そうとく	vs
自民	じみん	n
英会話	えいかいわ	n
衰え	おとろえ	n
裕福	ゆうふく	adj-na
要員	よういん	n
視察	しさつ	vs
解答	かいとう	vs
記入	きにゅう	vs
課程	かてい	n
賢者	けんじゃ	n
辞典	じてん	n
通算	つうさん	vs
配備	はいび	vs
釈放	しゃくほう	vs
陣営	じんえい	n
難波	なにわ	n
飴	あめ	n
高まり	たかまり	n
くるみ	くるみ	n
てっきり	てっきり	adv
はなし	はなし	n
アイスクリーム	アイスクリーム	n
オブジェクト	オブジェクト	n
カモ	かも	n
キッド	キッド	n
クリエイター	クリエイター	n
コスチューム	コスチューム	n
コル	コル	n
ゴロゴロ	ゴロゴロ	vs
ジョーカー	ジョーカー	n
セーラー	セーラー	n
ソル	ソル	n
ディーラー	ディーラー	n
デフォルト	デフォルト	n
トーナメント	トーナメント	n
トーン	トーン	n
ババア	ばば	n
パッチ	パッチ	vs
ビニール	ビニール	n
フィン	フィン	n
フォルダ	フォルダ	n
ベタ	ベタ	n
ベラ	べら	n
マッチング	マッチング	n
マフラー	マフラー	n
マヤ	マヤ	n
メンテ	メンテ	n
モジュール	モジュール	n
レコーディング	レコーディング	vs
ロサンゼルス	ロサンゼルス	n
上層	じょうそう	n
上達	じょうたつ	vs
両立	りょうりつ	vs
亡命	ぼうめい	vs
人手	ひとで	n
今季	こんき	n
代金	だいきん	n
休業	きゅうぎょう	vs
停車	ていしゃ	vs
公明党	こうめいとう	n
分布	ぶんぷ	vs
初恋	はつこい	n
双	そう	n
口径	こうけい	n
台場	だいば	n
固い	かたい	adj-i
圧迫	あっぱく	vs
地名	ちめい	n
夕飯	ゆうはん	n
外野	がいや	n
妊婦	にんぷ	n
安易	あんい	adj-na
定数	ていすう	n
客室	きゃくしつ	n
屋内	おくない	n
帽	ぼう	n
幕府	ばくふ	n
年中	ねんじゅう	n
恵比寿	えびす	n
愉快	ゆかい	adj-na
手のひら	てのひら	n
打ち合わせ	うちあわせ	vs
持ち出し	もちだし	n
挫折	ざせつ	vs
掲げる	かかげる	v1
握る	にぎる	v5r
支度	したく	vs
救命	きゅうめい	n
斬新	ざんしん	adj-na
昇格	しょうかく	vs
明かし	あかし	n
映る	うつる	v5r
暦	こよみ	n
最短	さいたん	n
月間	げっかん	n
条項	じょうこう	n
概ね	おおむね	adv
次期	じき	n
歓喜	かんき	vs
民事	みんじ	n
気力	きりょく	n
消毒	しょうどく	vs
淫乱	いんらん	adj-na
添付	てんぷ	vs
添加	てんか	vs
清潔	せいけつ	adj-na
滅多	めった	adj-na
漁師	りょうし	n
無力	むりょく	adj-na
狩猟	しゅりょう	vs
球場	きゅうじょう	n
発祥	はっしょう	vs
発足	ほっそく	vs
登る	のぼる	v5r
的確	てきかく	adj-na
眉	まゆ	n
秘訣	ひけつ	n
紙幣	しへい	n
終戦	しゅうせん	n
総統	そうとう	n
老舗	しにせ	n
聞ける	きける	v1
脱退	だったい	vs
薬品	やくひん	n
蟹	かに	n
見分け	みわけ	n
解く	とく	v5k
語彙	ごい	n
超人	ちょうじん	n
近親	きんしん	n
追って	おって	adv
退場	たいじょう	vs
連日	れんじつ	n
運送	うんそう	vs
適度	てきど	adj-na
邪悪	じゃあく	adj-na
部族	ぶぞく	n
配列	はいれつ	vs
集客	しゅうきゃく	vs
雑魚	ざこ	n
飛躍	ひやく	vs
高崎	たかさき	n
齢	れい	n
お嬢さん	おじょうさん	n
しかして	しかして	conj
たばこ	たばこ	n
つなぐ	つなぐ	v5g
はてな	はてな	int
よーし	よーし	int
アーク	アーク	n
アーム	アーム	n
インディアン	インディアン	n
ギャング	ギャング	n
コロコロ	コロコロ	n
シアター	シアター	n
ジェリー	ゼリー	n
スクエア	スクエア	n
スナック	スナック	n
スプーン	スプーン	n
ソックス	ソックス	n
ダサい	ダサい	adj-i
チビ	ちび	n
テイラー	テーラー	n
ドス	ドス	n
ババ	ばば	n
バルセロナ	バルセロナ	n
プライス	プライス	n
マイクロソフト	マイクロソフト	n
ミント	ミント	adj-na
リスナー	リスナー	n
ルパン	ルパン	vs
不全	ふぜん	adj-na
乗り物	のりもの	n
些細	ささい	adj-na
代理人	だいりにん	n
内装	ないそう	vs
処罰	しょばつ	vs
切手	きって	n
刊行	かんこう	vs
助成	じょせい	vs
北西	ほくせい	n
口コミ	くちコミ	n
名所	めいしょ	n
君たち	きみたち	pn
咲い	わらい	n
変異	へんい	vs
好調	こうちょう	adj-na
家系	かけい	n
家計	かけい	n
富豪	ふごう	n
寝室	しんしつ	n
峠	とうげ	n
巫女	みこ	n
幕末	ばくまつ	n
平安	へいあん	n
年末年始	ねんまつねんし	n
弾き	はじき	n
徹夜	てつや	vs
悪役	あくやく	n
意地	いじ	n
戦線	せんせん	n
折り返し	おりかえし	adv
持参	じさん	vs
接する	せっする	vs
援護	えんご	vs
撃つ	うつ	v5t
教団	きょうだん	n
文献	ぶんけん	n
新年	しんねん	n
昨今	さっこん	n
曲げ	まげ	n
本業	ほんぎょう	n
検知	けんち	vs
極め	ぎめ	n
楽勝	らくしょう	vs
海底	かいてい	n
激減	げきげん	vs
爆乳	ばくにゅう	n
申込	もうしこみ	n
発車	はっしゃ	vs
相応	そうおう	vs
突如	とつじょ	adv
等しい	ひとしい	adj-i
精密	せいみつ	adj-na
精液	せいえき	n
聖人	せいじん	n
荒野	こうや	n
著しく	いちじるしく	adv
蜘蛛	くも	n
襲う	おそう	v5u
要は	ようは	adv
調味	ちょうみ	vs
負債	ふさい	n
転落	てんらく	vs
重ねる	かさねる	v1
量子	りょうし	n
金メダル	きんメダル	n
金色	きんいろ	n
金魚	きんぎょ	n
銃撃	じゅうげき	vs
関税	かんぜい	n
阻害	そがい	vs
陽気	ようき	adj-na
隣接	りんせつ	vs
音響	おんきょう	n
願	がん	n
馬力	ばりき	n
高層	こうそう	n
麻衣	あさごろも	n
あふれる	あふれる	v1
いやあ	いやあ	int
かっこ	かっこ	n
これぞ	これぞ	exp
しつこい	しつこい	adj-i
たまる	たまる	v5r
つぶやき	つぶやき	n
ときどき	ときどき	adv
とりわけ	とりわけ	adv
アクセル	アクセル	n
アンドロイド	アンドロイド	n
オッパイ	おっぱい	n
カジュアル	カジュアル	adj-na
キャバクラ	キャバクラ	n
キュー	キュー	n
クラーク	クラーク	n
グラウンド	グラウンド	n
コウ	こう	n
コミックス	コミックス	n
コメディ	コメディー	n
コンクール	コンクール	n
サバイバル	サバイバル	n
サーカス	サーカス	n
シャン	シャン	adj-na
シルエット	シルエット	n
スニーカー	スニーカー	n
チョイス	チョイス	vs
テラ	テラ	n
ナショナル	ナショナル	adj-na
ナチ	ナチ	n
ノルウェー	ノルウェー	n
ハザード	ハザード	n
ハーブ	ハーブ	n
バニラ	バニラ	n
バーベキュー	バーベキュー	n
パワーアップ	パワーアップ	vs
パンケーキ	パンケーキ	n
フレンチ	フレンチ	n
ミラクル	ミラクル	n
ムード	ムード	n
ユース	ユース	n
リソース	リソース	n
主権	しゅけん	n
乾	けん	n
事象	じしょう	n
二宮	にぐう	n
仇	あだ	n
今晩	こんばん	n
仕入れ	しいれ	n
仕立て	したて	n
住まい	すまい	n
修道院	しゅうどういん	n
倍率	ばいりつ	n
免除	めんじょ	vs
割り当て	わりあて	n
勃	ぼつ	n
南米	なんべい	n
却下	きゃっか	vs
反する	はんする	vs
只	ただ	n
同窓会	どうそうかい	n
向ける	むける	v1
咳	せき	n
営利	えいり	n
在宅	ざいたく	vs
地理	ちり	n
地裁	ちさい	n
多大	ただい	adj-na
大金	たいきん	n
宣	せん	n
小松	こまつ	n
小鳥	ことり	n
廃墟	はいきょ	n
当分	とうぶん	adv
成熟	せいじゅく	vs
或いは	あるいは	conj
所詮	しょせん	adv
折	おり	n
持ち込み	もちこみ	n
接待	せったい	vs
改名	かいめい	vs
故意	こい	n
新婚	しんこん	vs
時空	じくう	n
最優秀	さいゆうしゅう	n
木造	もくぞう	n
未定	みてい	n
本数	ほんすう	n
本線	ほんせん	n
梅雨	つゆ	n
極秘	ごくひ	adj-na
楽譜	がくふ	n
死神	しにがみ	n
民営	みんえい	n
水面	すいめん	n
洗い	あらい	n
消失	しょうしつ	vs
混同	こんどう	vs
瀬戸	せと	n
焼きそば	やきそば	n
登記	とうき	vs
移す	うつす	v5s
移る	うつる	v5r
策定	さくてい	vs
終える	おえる	v1
絶頂	ぜっちょう	n
腎臓	じんぞう	n
膣	ちつ	n
艶	つや	n
表彰	ひょうしょう	vs
被る	かぶる	v5r
言い出し	いいだし	n
誤字	ごじ	n
退院	たいいん	vs
遊園	ゆうえん	n
那覇	なは	n
配線	はいせん	vs
鑑	かがみ	n
長生き	ながいき	vs
階層	かいそう	n
響く	ひびく	v5k
顕著	けんちょ	adj-na
骨格	こっかく	n
あした	あした	n
しょっちゅう	しょっちゅう	adv
たいした	たいした	
どういたしまして	どういたしまして	int
なんぞ	なんぞ	exp
まるごと	まるごと	adv
まわし	まわし	n
わたくし	わたくし	pn
アルト	アルト	n
エフェクト	エフェクト	n
オファー	オファー	vs
カウントダウン	カウントダウン	n
カギ	かぎ	n
カルト	カルト	n
カーブ	カーブ	vs
ガッカリ	がっかり	vs
サイバー	サイバー	n
スズキ	すずき	n
スプリング	スプリング	n
チャイナ	チャイナ	n
テック	テック	n
デンマーク	デンマーク	n
ハズレ	はずれ	n
パラダイス	パラダイス	n
ビキニ	ビキニ	n
フン	フン	n
ブドウ	ぶどう	n
ベストセラー	ベストセラー	n
ホップ	ホップ	n
ホームレス	ホームレス	n
マクロ	マクロ	adj-na
ラノベ	ラノベ	n
リサイクル	リサイクル	vs
一線	いっせん	n
上旬	じょうじゅん	n
不自然	ふしぜん	adj-na
両国	りょうこく	n
中高生	ちゅうこうせい	n
五月	さつき	n
保留	ほりゅう	vs
修学旅行	しゅうがくりょこう	n
値上げ	ねあげ	vs
偏差	へんさ	n
凶悪	きょうあく	adj-na
加算	かさん	vs
卒業生	そつぎょうせい	n
南北	なんぼく	n
及ぼす	およぼす	v5s
反動	はんどう	n
取り組む	とりくむ	v5m
台無し	だいなし	adj-na
呂	りょ	n
呉	ご	n
和風	わふう	n
啓発	けいはつ	vs
固有	こゆう	n
地形	ちけい	n
境	さかい	n
大作	たいさく	n
女児	じょじ	n
好感	こうかん	n
宙	ちゅう	n
実体	じったい	n
封筒	ふうとう	n
専念	せんねん	vs
山頂	さんちょう	n
巡査	じゅんさ	n
広げる	ひろげる	v1
座標	ざひょう	n
引き換え	ひきかえ	n
後編	こうへん	n
思いやり	おもいやり	n
想	そう	n
態勢	たいせい	n
所長	しょちょう	n
手続	てつづき	vs
敗れ	やぶれ	n
既婚	きこん	n
日和	ひより	n
旨い	うまい	adj-i
景	けい	n
柿	かき	n
死去	しきょ	vs
法制	ほうせい	n
炭水化物	たんすいかぶつ	n
炭素	たんそ	n
無難	ぶなん	adj-na
熱狂	ねっきょう	vs
牛肉	ぎゅうにく	n
物流	ぶつりゅう	n
猛烈	もうれつ	adj-na
生える	はえる	v1
異例	いれい	n
痕跡	こんせき	n
発現	はつげん	vs
発酵	はっこう	vs
直人	ただびと	n
真っ白	まっしろ	adj-na
真空	しんくう	adj-na
着手	ちゃくしゅ	vs
確かめる	たしかめる	v1
積み重ね	つみかさね	n
答弁	とうべん	vs
籍	せき	n
納め	おさめ	n
脂	やに	n
自発	じはつ	n
苦戦	くせん	vs
蜂	はち	n
補足	ほそく	vs
貫通	かんつう	vs
賞味	しょうみ	vs
車椅子	くるまいす	n
車線	しゃせん	n
近辺	きんぺん	n
追記	ついき	vs
連打	れんだ	vs
道中	どうちゅう	n
配分	はいぶん	vs
釘	くぎ	n
釜	かま	n
長期間	ちょうきかん	n
開花	かいか	vs
陥る	おちいる	v5r
青葉	あおば	n
頁	ページ	n
鳩	はと	n
鳴る	なる	v5r
うなぎ	うなぎ	n
おっしゃる	おっしゃる	v5r
おもてなし	おもてなし	vs
お好み焼き	おこのみやき	n
かばん	かばん	vs
こなす	こなす	v5s
さりげ	さりげ	n
はじめる	はじめる	v1
アクセント	アクセント	n
アフター	アフター	n
アーケード	アーケード	n
ウー	ウー	
エロゲ	エロゲ	n
キャンディ	キャンディ	n
ゲーマー	ゲーマー	n
コック	コック	n
コピペ	コピペ	vs
シニア	シニア	n
セールス	セールス	vs
ターミナル	ターミナル	n
ディズニーランド	ディズニーランド	n
デマ	デマ	n
バス停	バスてい	n
バルブ	バルブ	n
パンチラ	パンチラ	vs
パンフレット	パンフレット	n
ピット	ピット	n
フロー	フロー	n
プラザ	プラザ	n
マヨネーズ	マヨネーズ	n
ミサ	ミサ	n
モンゴル	モンゴル	n
リハーサル	リハーサル	n
リーマン	リーマン	n
一層	いっそう	adv
下品	げひん	adj-na
供述	きょうじゅつ	vs
偽り	いつわり	n
傲慢	ごうまん	adj-na
元祖	がんそ	n
公安	こうあん	n
前編	ぜんぺん	n
半島	はんとう	n
卑猥	ひわい	adj-na
取り消し	とりけし	n
台数	だいすう	n
囚人	しゅうじん	n
団子	だんご	n
地盤	じばん	n
奇	き	adj-na
婚姻	こんいん	vs
宴	うたげ	n
届ける	とどける	v1
巡礼	じゅんれい	vs
弾圧	だんあつ	vs
当面	とうめん	n
憎しみ	にくしみ	n
抽象	ちゅうしょう	vs
探る	さぐる	v5r
探査	たんさ	vs
提言	ていげん	vs
救援	きゅうえん	vs
文化財	ぶんかざい	n
新書	しんしょ	n
日本海	にほんかい	n
明示	めいじ	vs
時速	じそく	n
暴言	ぼうげん	n
最高裁	さいこうさい	n
月収	げっしゅう	n
柵	さく	n
欠席	けっせき	vs
次いで	ついで	adv
正午	しょうご	n
母国	ぼこく	n
没収	ぼっしゅう	vs
漁業	ぎょぎょう	n
独り	ひとり	n
略奪	りゃくだつ	vs
療養	りょうよう	vs
登り	のぼり	n
盛岡	もりおか	n
破る	やぶる	v5r
稲田	いなだ	n
紅葉	こうよう	vs
肛門	こうもん	n
苗字	みょうじ	n
荷	に	n
補充	ほじゅう	vs
見知らぬ	みしらぬ	
試練	しれん	n
読み方	よみかた	n
財務省	ざいむしょう	n
農民	のうみん	n
連帯	れんたい	vs
連行	れんこう	vs
運搬	うんぱん	vs
配合	はいごう	vs
酒場	さかば	n
醜い	みにくい	adj-i
鐘	かね	n
間違える	まちがえる	v1
隼	はやぶさ	n
非公式	ひこうしき	n
高温	こうおん	n
お姫様	おひめさま	n
かぎり	かぎり	n
きゅう	きゅう	adj-na
ことし	ことし	n
さらば	さらば	int
とどめ	とどめ	n
みえる	みえる	v1
アカン	あかん	exp
イジメ	いじめ	n
インテリア	インテリア	n
ウォーク	ウォーク	n
オモチャ	おもちゃ	n
カラフル	カラフル	adj-na
カントリー	カントリー	n
ギルド	ギルド	n
クーデター	クーデター	n
コク	こく	n
ココア	ココア	n
シカ	しか	n
シコシコ	シコシコ	vs
ジャージ	ジャージー	n
スピン	スピン	vs
セーフ	セーフ	n
チャック	チャック	n
テル	テル	n
トースト	トースト	n
ハチ	はち	n
ハッカー	ハッカー	n
ハット	ハット	n
ハブ	ハブ	n
バク	ばく	n
バースデー	バースデー	n
パジャマ	パジャマ	n
ビラ	ビラ	n
ピッチ	ピッチ	n
フライパン	フライパン	n
ペダル	ペダル	n
ペルー	ペルー	n
ユリ	ゆり	n
ラブホ	ラブホ	n
ロビン	ロビン	n
一行	いっこう	n
上着	うわぎ	n
下位	かい	n
中尉	ちゅうい	n
乗組	のりくみ	n
便所	べんじょ	n
先ず	まず	adv
党首	とうしゅ	n
入隊	にゅうたい	vs
公益	こうえき	n
共闘	きょうとう	vs
切符	きっぷ	n
別名	べつめい	n
刻	こく	n
北東	ほくとう	n
十字架	じゅうじか	n
半田	はんだ	n
危惧	きぐ	vs
取り敢えず	とりあえず	adv
合金	ごうきん	n
味付け	あじつけ	vs
呼称	こしょう	vs
命名	めいめい	vs
団結	だんけつ	vs
夜行	やこう	vs
嫁さん	よめさん	n
導き	みちびき	n
展覧	てんらん	vs
山中	さんちゅう	n
差異	さい	n
平凡	へいぼん	adj-na
弊社	へいしゃ	n
忠	ちゅう	n
快速	かいそく	n
悪人	あくにん	n
意味合い	いみあい	n
慢性	まんせい	n
慰め	なぐさめ	n
憂鬱	ゆううつ	n
手助け	てだすけ	vs
教官	きょうかん	n
教科	きょうか	n
教諭	きょうゆ	n
新橋	しんばし	n
早起き	はやおき	vs
易い	やすい	adj-i
星座	せいざ	n
景観	けいかん	n
有志	ゆうし	n
有給	ゆうきゅう	n
朗報	ろうほう	n
本場	ほんば	n
正統	せいとう	adj-na
氏名	しめい	n
洗練	せんれん	vs
浴びる	あびる	v1
渚	なぎさ	n
溜め	ため	n
瀧	たき	n
爽快	そうかい	adj-na
男児	だんじ	n
盗難	とうなん	n
盛大	せいだい	adj-na
社畜	しゃちく	n
祝う	いわう	v5u
神宮	じんぐう	n
福袋	ふくぶくろ	n
空け	うつけ	n
立花	りっか	n
翌年	よくねん	n
若年	じゃくねん	n
苦悩	くのう	vs
衣服	いふく	n
補完	ほかん	vs
要る	いる	v5r
貸切	かしきり	n
速やか	すみやか	adj-na
鉛筆	えんぴつ	n
長寿	ちょうじゅ	n
閣下	かっか	n
限	きり	n
震える	ふるえる	v1
頑丈	がんじょう	adj-na
食糧	しょくりょう	n
首位	しゅい	n
あがり	あがり	n
うつ病	うつびょう	n
からには	からには	exp
してやる	してやる	v5r
そうすると	そうすると	exp
なけりゃ	なけりゃ	int
まさしく	まさしく	adv
みつけ	みつけ	n
みのり	みのり	n
アマチュア	アマチュア	n
アングル	アングル	n
イラストレーター	イラストレーター	n
ウ	う	n
エイト	エイト	n
オリックス	オリックス	n
キューブ	キューブ	n
ゴシック	ゴシック	n
サイコパス	サイコパス	n
スクープ	スクープ	vs
セクション	セクション	n
タッグ	タグ	n
ダラダラ	だらだら	vs
ダンボール	だんボール	n
チューブ	チューブ	n
デパート	デパート	n
トライアル	トライアル	n
ネイティブ	ネイティブ	adj-na
ハッシュ	ハッシュ	n
バディ	ボディー	n
プラント	プラント	n
プレゼン	プレゼン	vs
ヘビ	へび	n
ベクトル	ベクトル	n
ポーチ	ポーチ	n
マイン	マイン	n
メイ	メイ	n
モル	モル	n
ヨシ	あし	n
ロリコン	ロリコン	n
三振	さんしん	vs
不信	ふしん	n
並行	へいこう	vs
丸出し	まるだし	n
人身	じんしん	n
今期	こんき	n
作り出す	つくりだす	v5s
使い捨て	つかいすて	n
供養	くよう	vs
倒さ	さかさ	n
共存	きょうぞん	vs
冷戦	れいせん	n
分泌	ぶんぴつ	vs
利便	りべん	adj-na
制圧	せいあつ	vs
前述	ぜんじゅつ	vs
功	こう	n
北側	きたがわ	n
半導体	はんどうたい	n
厚い	あつい	adj-i
受給	じゅきゅう	vs
口癖	くちぐせ	n
句	く	n
可愛らしい	かわいらしい	adj-i
向き合う	むきあう	v5u
商法	しょうほう	n
嗜好	しこう	vs
坪	つぼ	n
多用	たよう	vs
多額	たがく	n
大都市	だいとし	n
天空	てんくう	n
姦	かん	n
宝くじ	たからくじ	n
寛	かん	n
将校	しょうこう	n
年内	ねんない	n
廉	れん	n
心身	しんしん	n
情けない	なさけない	adj-i
憧れる	あこがれる	v1
抹消	まっしょう	vs
提起	ていき	vs
日系	にっけい	n
星空	ほしぞら	n
暗闇	くらやみ	n
最善	さいぜん	n
有権者	ゆうけんしゃ	n
東証	とうしょう	n
極限	きょくげん	n
横綱	よこづな	n
樹脂	じゅし	n
歌唱	かしょう	vs
歪み	ひずみ	n
残留	ざんりゅう	vs
水上	すいじょう	n
泰	タイ	n
漂う	ただよう	v5u
特製	とくせい	vs
玉ねぎ	たまねぎ	n
理科	りか	n
生き残る	いきのこる	v5r
町内	ちょうない	n
異議	いぎ	n
皇室	こうしつ	n
直行	ちょっこう	vs
相関	そうかん	vs
真っ先	まっさき	n
祖国	そこく	n
続行	ぞっこう	vs
綿	わた	n
縄	なわ	n
耐える	たえる	v1
若き	わかき	n
茹で	ゆで	n
葉っぱ	はっぱ	n
薬剤師	やくざいし	n
虚偽	きょぎ	n
西口	にしぐち	n
要塞	ようさい	n
要領	ようりょう	n
触手	しょくしゅ	n
豚肉	ぶたにく	n
赤ん坊	あかんぼう	n
足首	あしくび	n
車体	しゃたい	n
車輪	しゃりん	n
迷宮	めいきゅう	n
退社	たいしゃ	vs
連敗	れんぱい	vs
邦	くに	n
重症	じゅうしょう	n
金子	きんす	n
防備	ぼうび	vs
陰陽	いんよう	n
雛	ひよこ	n
題名	だいめい	n
飲	いん	n
馬車	ばしゃ	n
高騰	こうとう	vs
鳴き声	なきごえ	vs
いえいえ	いえいえ	n
いくらでも	いくらでも	adv
おとなしく	おとなしく	adv
おなじみ	おなじみ	n
しっくり	しっくり	adv
じゅん	じゅん	n
じわじわ	じわじわ	adv
ほのか	ほのか	adj-na
よほど	よほど	adv
りゅう	りゅう	n
アポ	アポ	n
ウォン	ウォン	n
エッセイ	エッセイ	n
エンターテイメント	エンターテインメント	n
ガールズ	ガールズ	n
キャロル	キャロル	n
クモ	くも	n
クレイ	クレー	n
サクサク	さくさく	vs
サンデー	サンデー	n
シューズ	シューズ	n
ジーン	ジーン	n
スイカ	スイカ	n
スコットランド	スコットランド	n
スムーズ	スムーズ	adj-na
スー	スー	n
タフ	タフ	adj-na
タラ	タラ	n
トリガー	トリガー	n
ニス	ニス	n
ハズ	ハズ	n
ファイター	ファイター	n
フォックス	フォックス	n
フットボール	フットボール	n
ペイ	ペイ	n
ペイント	ペイント	n
ボロ	ぼろ	n
リサーチ	リサーチ	vs
リピート	リピート	vs
レイアウト	レイアウト	vs
ワニ	わに	n
上等	じょうとう	n
並びに	ならびに	conj
丸い	まるい	adj-i
丸く	まるく	adv
乗せる	のせる	v1
乱暴	らんぼう	vs
余分	よぶん	adj-na
併設	へいせつ	vs
入金	にゅうきん	vs
別途	べっと	n
刻印	こくいん	n
力士	りきし	n
労力	ろうりょく	n
動力	どうりょく	n
匠	たくみ	n
南アフリカ	みなみアフリカ	n
反転	はんてん	vs
合え	あえ	n
合コン	ごうコン	vs
吹き替え	ふきかえ	vs
和泉	いずみ	n
国内外	こくないがい	exp
執着	しゅうちゃく	vs
墨	ぼく	n
大山	おおやま	n
奪還	だっかん	vs
妨げ	さまたげ	n
孝	こう	n
季	き	n
孤児	こじ	n
専業	せんぎょう	n
小僧	こぞう	n
島田	しまだ	n
建てる	たてる	v1
強行	きょうこう	vs
弾く	はじく	v5k
律	りつ	n
後世	こうせい	adv
従って	したがって	conj
愛子	いとしご	n
戦死	せんし	vs
擬人	ぎじん	n
敢えて	あえて	adv
数える	かぞえる	v1
文系	ぶんけい	n
新卒	しんそつ	n
旭	あさひ	n
春日	しゅんじつ	n
時折	ときおり	n
暖房	だんぼう	vs
朔	さく	n
東アジア	ひがしアジア	n
柔らか	やわらか	adj-na
梶	かじ	n
死因	しいん	n
水産	すいさん	n
海水	かいすい	n
特価	とっか	n
獲物	えもの	n
率いる	ひきいる	v1
異端	いたん	n
相応しい	ふさわしい	adj-i
眺める	ながめる	v1
石垣	いしがき	n
空手	からて	n
突っ込む	つっこむ	v5m
符	ふ	n
細か	こまか	adj-na
終末	しゅうまつ	n
脈	みゃく	n
艇	てい	n
蒸気	じょうき	n
衆院	しゅういん	n
行進	こうしん	vs
街道	かいどう	n
見本	みほん	n
規範	きはん	n
詩人	しじん	n
語尾	ごび	n
謙虚	けんきょ	adj-na
路面	ろめん	n
述べる	のべる	v1
過ち	あやまち	n
邸	てい	n
長者	ちょうじゃ	n
防水	ぼうすい	vs
騎	き	ctr
魅了	みりょう	n
鮮やか	あざやか	adj-na
黒幕	くろまく	n
おおい	おおい	adj-i
お子さん	おこさん	n
お守り	おもり	vs
こぼれ	こぼれ	n
ごらん	ごらん	int
ため息	ためいき	n
でっかい	でっかい	adj-i
はずれ	はずれ	n
ひかる	ひかる	v5r
みせる	みせる	v1
ゆったり	ゆったり	vs
わるい	わるい	adj-i
アトリエ	アトリエ	n
アドバイザー	アドバイザー	n
アニソン	アニソン	n
イングランド	イングランド	n
オオカミ	おおかみ	n
カセット	カセット	n
カープ	カープ	n
キツネ	きつね	n
サックス	サックス	n
サンシャイン	サンシャイン	n
シャンパン	シャンパン	n
シュール	シュール	adj-na
スタメン	スタメン	n
スチール	スチール	n
ステレオ	ステレオ	n
セーラー服	セーラーふく	n
ゼウス	ゼウス	n
ターボ	ターボ	n
チェス	チェス	n
デルタ	デルタ	n
トス	トス	vs
パブ	パブ	n
ファンクラブ	ファンクラブ	n
フィル	フィル	n
フェリー	フェリー	n
ブサイク	ぶさいく	adj-na
ブラシ	ブラシ	n
モダン	モダン	adj-na
モモ	もも	n
リアクション	リアクション	n
リバー	リバー	n
リリー	リリー	n
レンガ	れんが	n
ロフト	ロフト	n
一角	いっかく	n
交互	こうご	vs
代わる	かわる	v5r
件数	けんすう	n
内面	ないめん	n
出掛け	でがけ	n
分かれる	わかれる	v1
初対面	しょたいめん	n
判別	はんべつ	vs
包	パオ	n
千尋	せんじん	n
南西	なんせい	n
即日	そくじつ	n
即死	そくし	vs
参院	さんいん	n
反則	はんそく	vs
反逆	はんぎゃく	vs
可動	かどう	n
台北	タイペイ	n
各自	かくじ	n
告げる	つげる	v1
因みに	ちなみに	conj
土砂	どしゃ	n
大川	おおかわ	n
子犬	こいぬ	n
学級	がっきゅう	n
学長	がくちょう	n
安保	あんぽ	n
家屋	かおく	n
小さ	ちいさ	n
屁	おなら	n
幻覚	げんかく	n
幼馴染	おさななじみ	n
幾ら	いくら	n
引っ張る	ひっぱる	v5r
得票	とくひょう	vs
懲戒	ちょうかい	vs
成る	なる	v5r
手放し	てばなし	n
打ち切り	うちきり	n
掟	おきて	n
採掘	さいくつ	vs
改訂	かいてい	vs
文科	ぶんか	n
断然	だんぜん	adv
早急	そうきゅう	adj-na
普遍	ふへん	vs
最小限	さいしょうげん	n
本性	ほんしょう	n
気付き	きづき	n
決闘	けっとう	vs
減速	げんそく	vs
炭	すみ	n
烏	からす	n
然	しか	int
狂い	くるい	n
生き残り	いきのこり	n
異動	いどう	vs
県知事	けんちじ	n
石鹸	せっけん	n
祖先	そせん	n
種子	しゅうじ	n
紋	もん	n
純正	じゅんせい	adj-na
紛れ	まぎれ	n
絵師	えし	n
絶叫	ぜっきょう	vs
興行	こうぎょう	vs
苦笑	くしょう	vs
苺	いちご	n
装甲	そうこう	vs
見守る	みまもる	v5r
親方	おやかた	n
諜報	ちょうほう	n
諸々	もろもろ	n
賭博	とばく	vs
赤外線	せきがいせん	n
込む	こむ	v5m
送金	そうきん	vs
過失	かしつ	n
過疎	かそ	n
金庫	きんこ	n
面倒くさい	めんどくさい	adj-i
頂上	ちょうじょう	n
鯨	くじら	n
いまさら	いまさら	adv
ここら	ここら	pn
ぜんぶ	ぜんぶ	n
まったり	まったり	vs
アルゼンチン	アルゼンチン	n
ウルフ	ウルフ	n
エンタープライズ	エンタープライズ	n
オスカー	オスカー	n
オーケストラ	オーケストラ	n
キッズ	キッズ	n
キムチ	キムチ	n
クロック	クロック	n
コントローラー	コントローラー	n
スリ	すり	n
タトゥー	タトゥー	n
チェリー	チェリー	n
ドラフト	ドラフト	n
ハッキング	ハッキング	n
ピーチ	ピーチ	n
フラット	フラット	adj-na
フレア	フレア	n
プロトコル	プロトコル	n
ベア	ベア	n
マウンテン	マウンテン	n
マンハッタン	マンハッタン	n
メカニズム	メカニズム	n
ライナー	ライナー	n
一挙	いっきょ	adv
下落	げらく	vs
不況	ふきょう	n
人殺し	ひとごろし	n
人的	じんてき	adj-na
位置づけ	いちづけ	n
使い分け	つかいわけ	vs
値する	あたいする	vs
備える	そなえる	v1
兵隊	へいたい	n
内心	ないしん	n
再婚	さいこん	vs
写し	うつし	n
出所	しゅっしょ	n
出雲	いずも	n
分断	ぶんだん	vs
列島	れっとう	n
原告	げんこく	n
可決	かけつ	vs
名人	めいじん	n
名字	みょうじ	n
命中	めいちゅう	vs
和菓子	わがし	n
喘ぎ	あえぎ	n
喚起	かんき	vs
堀江	ほりえ	n
売り場	うりば	n
多彩	たさい	adj-na
奮闘	ふんとう	vs
属する	ぞくする	vs
巧み	たくみ	adj-na
帰省	きせい	vs
度々	たびたび	adv
式典	しきてん	n
彦	ひこ	n
役職	やくしょく	n
後部	こうぶ	n
抜粋	ばっすい	vs
指紋	しもん	n
提唱	ていしょう	vs
撃破	げきは	vs
日替わり	ひがわり	n
替わり	かわり	n
最長	さいちょう	n
最高峰	さいこうほう	n
朗読	ろうどく	vs
母子	ぼし	n
沙汰	さた	vs
流入	りゅうにゅう	vs
炊飯	すいはん	vs
爺さん	じいさん	n
珈琲	コーヒー	n
琉球	りゅうきゅう	n
産む	うむ	v5m
男爵	だんしゃく	n
病棟	びょうとう	n
発情	はつじょう	vs
真っ直ぐ	まっすぐ	adj-na
瞑想	めいそう	vs
破	は	n
硬	こう	n
磨き	みがき	n
祈願	きがん	vs
神父	しんぷ	n
種別	しゅべつ	vs
空想	くうそう	vs
端子	たんし	n
筐	かたみ	n
素顔	すがお	n
経理	けいり	n
義父	ぎふ	n
自律	じりつ	n
荒木	あらき	n
蛍光	けいこう	n
親しい	したしい	adj-i
観覧	かんらん	vs
解読	かいどく	vs
討伐	とうばつ	vs
誘致	ゆうち	vs
誤差	ごさ	n
購買	こうばい	vs
辞退	じたい	vs
近頃	ちかごろ	n
逃れる	のがれる	v1
閣僚	かくりょう	n
震源	しんげん	n
食器	しょっき	n
飽きる	あきる	v1
首長	しゅちょう	n
高原	こうげん	n
あいさつ	あいさつ	vs
ありのまま	ありのまま	n
あり方	ありかた	n
いたる	いたる	v5r
いまだ	いまだ	adv
かたち	かたち	n
さほど	さほど	adv
つなぎ	つなぎ	n
なくす	なくす	v5s
ふたつ	ふたつ	vs
アソコ	あそこ	pn
イブ	イブ	n
インテル	インテル	n
エッジ	エッジ	n
オッサン	おっさん	n
カーニバル	カーニバル	n
ガッツリ	がっつり	adv
キャノン	キャノン	n
ゴッド	ゴッド	n
ゴロ	ゴロ	n
サミット	サミット	n
サーチ	サーチ	vs
サード	サード	n
シワ	しわ	n
ジル	ジル	n
スクリプト	スクリプト	n
ズ	ズ	n
ゾウ	ぞう	n
トレーラー	トレーラー	n
ナウ	ナウ	adj-na
ノブ	ノブ	n
バイキング	バイキング	n
バリバリ	ばりばり	adj-na
バンコク	バンコク	n
パチスロ	パチスロ	n
ピエロ	ピエロ	n
ヘッドホン	ヘッドホン	n
ベランダ	ベランダ	n
ホーク	ホーク	n
ボクサー	ボクサー	n
ボーダー	ボーダー	n
マキ	まき	n
メンツ	メンツ	n
モチ	モチ	n
レスリング	レスリング	n
ロマンス	ロマンス	n
下す	くだす	v5s
不祥事	ふしょうじ	n
中枢	ちゅうすう	n
乗員	じょういん	n
代償	だいしょう	n
仮装	かそう	vs
任期	にんき	n
低迷	ていめい	vs
保健所	ほけんじょ	n
傷害	しょうがい	vs
僧	そう	n
光栄	こうえい	n
公言	こうげん	vs
凄まじい	すさまじい	adj-i
凸	でこ	n
判	はん	n
前髪	まえがみ	n
創価学会	そうかがっかい	n
勝率	しょうりつ	n
半径	はんけい	n
半日	はんにち	n
可視	かし	n
司祭	しさい	n
周知	しゅうち	vs
国営	こくえい	n
国政	こくせい	n
土木	どぼく	n
多重	たじゅう	n
大家	たいか	n
天ぷら	てんぷら	n
姓	せい	n
封	ふう	n
嶺	みね	n
巴	ともえ	n
常用	じょうよう	vs
干	ほし	n
平行	へいこう	vs
急性	きゅうせい	n
感触	かんしょく	vs
成り	なり	n
扇風機	せんぷうき	n
投	とう	n
抹殺	まっさつ	vs
持ち込む	もちこむ	v5m
振込	ふりこみ	n
捉える	とらえる	v1
掛	かけ	n
摩擦	まさつ	vs
断片	だんぺん	n
新生	しんせい	vs
日誌	にっし	n
昆布	こんぶ	n
最下位	さいかい	n
最前線	さいぜんせん	n
木製	もくせい	n
本命	ほんめい	n
林檎	りんご	n
段々	だんだん	adv
水晶	すいしょう	n
河川	かせん	n
沿線	えんせん	n
洗剤	せんざい	n
流用	りゅうよう	vs
深海	しんかい	n
満々	まんまん	adj-na
満月	まんげつ	n
点灯	てんとう	vs
無縁	むえん	n
焼き鳥	やきとり	n
片道	かたみち	n
瑞	みず	n
申し立て	もうしたて	n
発砲	はっぽう	vs
白鳥	はくちょう	n
盗聴	とうちょう	vs
着信	ちゃくしん	vs
祥	しょう	n
称賛	しょうさん	vs
移り	うつり	n
移設	いせつ	n
粘着	ねんちゃく	vs
精神病	せいしんびょう	n
細工	さいく	vs
給油	きゅうゆ	vs
繋ぐ	つなぐ	v5g
考案	こうあん	vs
舫	もやい	n
葛藤	つづらふじ	n
表れ	あらわれ	n
覆い	おおい	n
言論	げんろん	n
語学	ごがく	n
豆乳	とうにゅう	n
輩	ともがら	n
農薬	のうやく	n
近郊	きんこう	n
追い出し	おいだし	n
進捗	しんちょく	vs
遣い	つかい	n
醸造	じょうぞう	vs
防護	ぼうご	vs
隣人	りんじん	n
音質	おんしつ	n
駆け	かけ	n
鶏肉	とりにく	n
いつのまにか	いつのまにか	adv
いのち	いのち	n
いやらしい	いやらしい	adj-i
いわば	いわば	adv
えーと	えーと	int
おかし	おかし	n
おこし	おこし	n
かおり	かおり	n
きらい	きらい	adj-na
ご存じ	ごぞんじ	n
ざっくり	ざっくり	vs
すみれ	すみれ	n
ずるい	ずるい	adj-i
そうして	そうして	conj
たより	たより	vs
つくし	つくし	n
まかせ	まかせ	n
アトラクション	アトラクション	n
アラーム	アラーム	n
オーロラ	オーロラ	n
カタカナ	かたかな	n
カップリング	カップリング	n
カーン	カーン	n
キロメートル	キロメートル	n
コーラス	コーラス	n
ゴマ	ごま	n
サンダル	サンダル	n
サーキット	サーキット	n
シオン	しおん	n
シベリア	シベリア	n
スタミナ	スタミナ	n
スリム	スリム	adj-na
セーター	セーター	n
ソシャゲ	ソシャゲ	n
ソーダ	そうだ	n
チャラ	チャラ	n
ナッツ	ナッツ	n
バイバイ	バイバイ	int
バナー	バナー	n
ピュア	ピュア	adj-na
フレッシュ	フレッシュ	adj-na
ブレスレット	ブレスレット	n
プリンタ	プリンタ	n
ベンチャー	ベンチャー	n
ポリス	ポリス	n
ポン	ポン	adv
マインド	マインド	n
メーター	メーター	n
メールアドレス	メールアドレス	n
リフト	リフト	n
リーチ	リーチ	n
不動	ふどう	n
不定期	ふていき	adj-na
並べる	ならべる	v1
中堅	ちゅうけん	n
人魚	にんぎょ	n
仕える	つかえる	v1
体格	たいかく	n
作文	さくぶん	vs
作物	さくぶつ	n
傷つける	きずつける	v1
優勢	ゆうせい	n
切ない	せつない	adj-i
創立	そうりつ	vs
勃発	ぼっぱつ	vs
化け	ばけ	n
北上	ほくじょう	vs
半減	はんげん	vs
南側	みなみがわ	n
南海	なんかい	n
厳重	げんじゅう	adj-na
取り返し	とりかえし	n
同棲	どうせい	vs
名言	めいげん	n
噛む	かむ	v5m
回帰	かいき	vs
土方	どかた	n
大きめ	おおきめ	n
大工	だいく	n
大日本帝国	だいにっぽんていこく	n
官邸	かんてい	n
実名	じつめい	n
容認	ようにん	vs
対人	たいじん	n
心境	しんきょう	n
心得	こころえ	n
心情	しんじょう	n
恵み	めぐみ	n
悲報	ひほう	n
情緒	じょうちょ	n
憎悪	ぞうお	vs
打線	だせん	n
承	しょう	n
接点	せってん	n
掲示	けいじ	vs
支払	しはらい	n
敬	けい	n
明後日	あさって	n
有意義	ゆういぎ	adj-na
服用	ふくよう	vs
本間	ほんま	n
栄誉	えいよ	n
標識	ひょうしき	n
樹木	じゅもく	n
機内	きない	n
歌謡	かよう	n
正に	まさに	adv
民家	みんか	n
気まぐれ	きまぐれ	adj-na
気絶	きぜつ	vs
気象庁	きしょうちょう	n
決心	けっしん	vs
沸騰	ふっとう	vs
治癒	ちゆ	vs
浪	ろう	ctr
物価	ぶっか	n
王座	おうざ	n
留守	るす	vs
異様	いよう	adj-na
監獄	かんごく	n
真っ暗	まっくら	adj-na
破裂	はれつ	vs
磁気	じき	n
管制	かんせい	vs
粋	いき	adj-na
細部	さいぶ	n
縄文	じょうもん	n
肥料	ひりょう	n
肥満	ひまん	vs
背面	はいめん	n
脱ぐ	ぬぐ	v5g
腫れ	はれ	n
落札	らくさつ	vs
親しく	したしく	adv
設ける	もうける	v1
誘発	ゆうはつ	vs
連覇	れんぱ	vs
道場	どうじょう	n
遠距離	えんきょり	n
配属	はいぞく	vs
銭湯	せんとう	n
錯覚	さっかく	vs
長編	ちょうへん	n
降板	こうばん	vs
離陸	りりく	vs
風潮	ふうちょう	n
食い物	くいもの	n
首輪	くびわ	n
いれる	いれる	v1
おしり	おしり	n
たびたび	たびたび	adv
だいじょうぶ	だいじょうぶ	adj-na
つばさ	つばさ	n
なんば	なんば	n
ひさし	ひさし	n
ひっそり	ひっそり	vs
ひとまず	ひとまず	adv
ぶどう	ぶどう	n
もうこ	もうこ	n
もやし	もやし	n
アポロ	アポロ	n
アルファベット	アルファベット	n
アンコール	アンコール	vs
ウィンドウ	ウィンドウ	n
エンブレム	エンブレム	n
オフィシャル	オフィシャル	adj-na
カッター	カッター	n
カルシウム	カルシウム	n
ゲロ	ゲロ	vs
コリン	コリン	n
ショートカット	ショートカット	vs
ダイジェスト	ダイジェスト	vs
チンピラ	チンピラ	n
ツル	つる	n
ナトリウム	ナトリウム	n
ナポレオン	ナポレオン	n
ナレーション	ナレーション	n
ニュアンス	ニュアンス	n
ネーミング	ネーミング	vs
ノベル	ノベル	n
ハマる	はまる	v5r
ハンガリー	ハンガリー	n
パラリンピック	パラリンピック	n
フェニックス	フェニックス	n
ブーメラン	ブーメラン	n
ホビー	ホビー	n
ポンコツ	ポンコツ	n
ミネラル	ミネラル	n
ムラムラ	むらむら	adv
一昨日	おととい	n
中期	ちゅうき	n
串	くし	n
丸見え	まるみえ	n
人柄	ひとがら	adj-na
代用	だいよう	vs
使い道	つかいみち	n
使徒	しと	n
修了	しゅうりょう	vs
値引き	ねびき	vs
傘下	さんか	n
優雅	ゆうが	adj-na
全文	ぜんぶん	n
公募	こうぼ	vs
分担	ぶんたん	vs
刺す	さす	v5s
削り	けずり	n
剣道	けんどう	n
割る	わる	v5r
励まし	はげまし	n
効き	きき	n
協調	きょうちょう	vs
収まる	おさまる	v5r
取り上げる	とりあげる	v1
同調	どうちょう	vs
囲碁	いご	n
国交	こっこう	n
国債	こくさい	n
大げさ	おおげさ	adj-na
大豆	だいず	n
天草	てんぐさ	n
奏者	そうしゃ	n
完走	かんそう	vs
寸	すん	n
小便	しょうべん	vs
尼	あま	n
尽きる	つきる	v1
巧	こう	n
差し上げ	さしあげ	vs
市街地	しがいち	n
引き出す	ひきだす	v5s
後押し	あとおし	vs
心中	しんじゅう	vs
思い込み	おもいこみ	n
抗生	こうせい	n
持ち物	もちもの	n
捕食	ほしょく	vs
撃墜	げきつい	vs
文部	もんぶ	n
新車	しんしゃ	n
旋回	せんかい	vs
日の出	ひので	n
昼飯	ひるめし	n
望ましい	のぞましい	adj-i
枠組み	わくぐみ	n
栓	せん	n
格納	かくのう	vs
歩み	あゆみ	n
毛皮	けがわ	n
気持	きもち	n
気遣い	きづかい	n
沈む	しずむ	v5m
波動	はどう	n
消火	しょうか	vs
渋	しぶ	n
滑り	すべり	n
漏洩	ろうえい	vs
火傷	やけど	vs
猛暑	もうしょ	n
率直	そっちょく	adj-na
甘味	かんみ	n
生前	せいぜん	n
生姜	しょうが	n
発着	はっちゃく	vs
発端	ほったん	n
発進	はっしん	vs
百科	ひゃっか	n
盆	ぼん	n
真っ黒	まっくろ	adj-na
着地	ちゃくち	vs
神楽	かぐら	n
種目	しゅもく	n
空白	くうはく	n
競走	きょうそう	vs
終身	しゅうしん	n
緩やか	ゆるやか	adj-na
缶詰	かんづめ	n
羽目	はめ	n
老け	ふけ	n
自粛	じしゅく	vs
花束	はなたば	n
薬剤	やくざい	n
蘇生	そせい	vs
見直す	みなおす	v5s
谷間	たにま	n
貸す	かす	v5s
賢明	けんめい	adj-na
超越	ちょうえつ	n
足跡	あしあと	n
転倒	てんとう	vs
迫害	はくがい	vs
進入	しんにゅう	vs
音波	おんぱ	n
頑固	がんこ	adj-na
顔出し	かおだし	vs
鮭	さけ	n
鮮明	せんめい	adj-na
いたっ	いたっ	int
ぐるぐる	ぐるぐる	adv
すすめ	すすめ	vs
それなのに	それなのに	conj
たこ焼き	たこやき	n
だまし	だまし	n
つまんない	つまんない	adj-i
ならびに	ならびに	conj
はじまる	はじまる	v5r
ぼんやり	ぼんやり	vs
みなし	みなし	n
アジ	アジ	n
アスリート	アスリート	n
アース	アース	vs
インスタント	インスタント	adj-na
ウケる	うける	v1
ガレージ	ガレージ	n
クック	クック	n
クラウン	クラウン	n
ゲーセン	ゲーセン	n
コケ	こけ	n
コネ	コネ	n
ジェル	ジェル	n
タックル	タックル	vs
ナンバーワン	ナンバーワン	n
ニヤニヤ	ニヤニヤ	vs
ハイテク	ハイテク	adj-na
フィット	フィット	vs
フィニッシュ	フィニッシュ	vs
フェンス	フェンス	n
ブー	ブー	int
マーチ	マーチ	n
メチャクチャ	めちゃくちゃ	adj-na
メンヘラ	メンヘラ	n
ラフ	ラフ	adj-na
リマ	リマ	n
ルーツ	ルーツ	n
ロッド	ロッド	n
ローラー	ローラー	n
ワープ	ワープ	vs
一掃	いっそう	vs
一途	いっと	n
万博	ばんぱく	n
丈夫	じょうぶ	adj-na
上京	じょうきょう	vs
上演	じょうえん	vs
中居	なかい	n
伊豆	いず	n
低温	ていおん	n
何一つ	なにひとつ	adv
係る	かかる	v5r
係数	けいすう	n
俊	しゅん	n
信条	しんじょう	n
僧侶	そうりょ	n
党員	とういん	n
冊子	さっし	n
刺青	しせい	vs
包装	ほうそう	vs
古墳	こふん	n
叶う	かなう	v5u
含み	ふくみ	n
吸引	きゅういん	vs
器用	きよう	adj-na
国宝	こくほう	n
塩分	えんぶん	n
変数	へんすう	n
大概	たいがい	adv
孔	あな	n
寄生虫	きせいちゅう	n
対照	たいしょう	vs
小声	こごえ	n
帰り道	かえりみち	n
平面	へいめん	n
年々	ねんねん	n
年月	としつき	n
強大	きょうだい	adj-na
当てはまる	あてはまる	v5r
後々	あとあと	n
念願	ねんがん	vs
急上昇	きゅうじょうしょう	vs
怪談	かいだん	n
打席	だせき	n
拾う	ひろう	v5u
捧げる	ささげる	v1
文脈	ぶんみゃく	n
新入	しんにゅう	n
施策	しさく	n
昨晩	さくばん	n
時事	じじ	n
暗示	あんじ	vs
曲線	きょくせん	n
書き換え	かきかえ	n
格闘技	かくとうぎ	n
案の定	あんのじょう	exp
極み	きわみ	n
極力	きょくりょく	adv
欠ける	かける	v1
沈め	しずめ	n
法務	ほうむ	n
準決勝	じゅんけっしょう	n
漫才	まんざい	n
犯す	おかす	v5s
狭	せ	n
現職	げんしょく	n
画期的	かっきてき	adj-na
番長	ばんちょう	n
目安	めやす	n
直近	ちょっきん	n
相方	あいかた	n
碧	あお	n
称号	しょうごう	n
税率	ぜいりつ	n
締め切り	しめきり	n
胴	どう	n
脊髄	せきずい	n
脱獄	だつごく	vs
自在	じざい	n
自販機	じはんき	n
萩	はぎ	n
蒸し	むし	n
被爆	ひばく	vs
解る	わかる	v5r
資質	ししつ	n
賛否	さんぴ	n
跳ね	はね	n
軍曹	ぐんそう	n
返品	へんぴん	vs
酔っ払い	よっぱらい	n
重なる	かさなる	v5r
重宝	ちょうほう	adj-na
長所	ちょうしょ	n
隕石	いんせき	n
電磁	でんじ	n
面談	めんだん	vs
預かり	あずかり	n
高圧	こうあつ	n
いわき	いわき	n
おんな	おんな	n
おーい	おーい	int
がんばる	がんばる	v5r
こんにちわ	こんにちわ	int
ご苦労	ごくろう	n
さわやか	さわやか	adj-na
たのしい	たのしい	adj-i
ときめき	ときめき	n
ともだち	ともだち	n
につれ	につれ	exp
のぞみ	のぞみ	n
アーチャー	アーチャー	n
アール	アール	n
ウリ	ウリ	n
エコー	エコー	vs
エラ	えら	n
オメガ	オメガ	n
オールド	オールド	n
コロッケ	コロッケ	n
シチュー	シチュー	n
シリアス	シリアス	adj-na
スクロール	スクロール	vs
スパイス	スパイス	vs
ソフィア	ソフィア	n
タスク	タスク	n
チェコ	チェコ	n
チート	チート	n
トリオ	トリオ	n
トール	トール	n
ニット	ニット	n
ハック	ハック	n
バイブ	バイブ	n
ヒモ	ひも	n
ビーフ	ビーフ	n
ピストン	ピストン	n
プロダクション	プロダクション	n
プロフェッショナル	プロフェッショナル	adj-na
ポット	ポット	n
ポリシー	ポリシー	n
マニアック	マニアック	adj-na
ミリオン	ミリオン	n
モニタ	モニター	n
一同	いちどう	n
中でも	なかでも	exp
丸ごと	まるごと	adv
乗務	じょうむ	vs
仙	せん	n
任	にん	n
伝承	でんしょう	vs
使者	ししゃ	n
例年	れいねん	n
停滞	ていたい	vs
儲かる	もうかる	v5r
光線	こうせん	n
免	めん	n
入賞	にゅうしょう	vs
到底	とうてい	adv
剥奪	はくだつ	vs
包み	つつみ	n
包括	ほうかつ	vs
化合	かごう	vs
医院	いいん	n
南京	ナンキン	n
単価	たんか	n
単身	たんしん	n
占拠	せんきょ	vs
原油	げんゆ	n
名声	めいせい	n
君主	くんしゅ	n
吹雪	ふぶき	n
国々	くにぐに	n
圏内	けんない	n
大津	おおつ	n
専	せん	n
思惑	おもわく	n
悪用	あくよう	vs
打者	だしゃ	n
抱っこ	だっこ	vs
掛かり	かかり	n
探知	たんち	vs
換金	かんきん	vs
政界	せいかい	n
救世主	きゅうせいしゅ	n
新居	しんきょ	n
最寄り	もより	n
有難い	ありがたい	adj-i
本書	ほんしょ	n
村人	むらびと	n
東口	ひがしぐち	n
栄え	はえ	n
業種	ぎょうしゅ	n
気取り	きどり	n
泊まり	とまり	n
注ぐ	そそぐ	v5g
海老	えび	n
海苔	のり	n
滴	しずく	vs
無名	むめい	n
照射	しょうしゃ	vs
熟練	じゅくれん	vs
片付ける	かたづける	v1
片隅	かたすみ	n
特色	とくしょく	n
狩	かり	n
王家	おうけ	n
的中	てきちゅう	vs
皇太子	こうたいし	n
目覚める	めざめる	v1
硬貨	こうか	n
稼動	かどう	vs
立法	りっぽう	vs
築く	きずく	v5k
素手	すで	n
署長	しょちょう	n
聖なる	せいなる	
聖職	せいしょく	n
舞踏	ぶとう	vs
血統	けっとう	n
街頭	がいとう	n
覆う	おおう	v5u
言い分	いいぶん	n
譲り	ゆずり	n
責める	せめる	v1
買い取り	かいとり	vs
踏む	ふむ	v5m
軌跡	きせき	n
追いかける	おいかける	v1
逃避	とうひ	vs
遠慮なく	えんりょなく	adv
部外	ぶがい	n
郷土	きょうど	n
配偶	はいぐう	vs
重度	じゅうど	n
順序	じゅんじょ	n
養殖	ようしょく	vs
魅惑	みわく	vs
いたい	いたい	adj-i
ぎりぎり	ぎりぎり	adv
さておき	さておき	conj
しゃべる	しゃべる	v5r
ふしぎ	ふしぎ	adj-na
めんどい	めんどい	adj-i
イヌ	いぬ	n
カフェイン	カフェイン	n
カブ	カブ	n
クライマックス	クライマックス	n
クレーン	クレーン	n
グリッド	グリッド	n
コイ	コイ	n
サイエンス	サイエンス	n
サクッ	さくっ	adv
サーフィン	サーフィン	n
シティー	シティ	n
スゲー	すげー	int
スタイリスト	スタイリスト	n
ストリーム	ストリーム	n
スリップ	スリップ	vs
チェロ	チェロ	n
チベット	チベット	n
ツキ	つき	n
ティーン	ティーン	n
デラックス	デラックス	adj-na
トップクラス	トップクラス	n
トランク	トランク	n
ノルマ	ノルマ	n
バットマン	バットマン	n
パンパン	ぱんぱん	adv
プリンター	プリンタ	n
ベータ	ベータ	n
メソッド	メソッド	n
レジャー	レジャー	n
レター	レター	n
ワイドショー	ワイドショー	n
一律	いちりつ	n
下さる	くださる	v5r
中略	ちゅうりゃく	vs
乱用	らんよう	vs
乱闘	らんとう	vs
事柄	ことがら	n
個展	こてん	n
倍増	ばいぞう	vs
兄妹	けいまい	n
内野	ないや	n
刃物	はもの	n
初戦	しょせん	n
効力	こうりょく	n
南東	なんとう	n
収支	しゅうし	n
収束	しゅうそく	vs
取り除く	とりのぞく	v5k
受験生	じゅけんせい	n
同感	どうかん	vs
呪	じゅ	n
味覚	みかく	adj-na
四天王	してんのう	n
地中	ちちゅう	n
変装	へんそう	vs
外資	がいし	n
大差	たいさ	n
大砲	たいほう	n
大門	だいもん	n
嫌がる	いやがる	v5r
子守	こもり	vs
実話	じつわ	n
家政	かせい	n
対等	たいとう	n
尋常	じんじょう	adj-na
局面	きょくめん	n
市議会	しぎかい	n
弥生	やよい	n
張る	はる	v5r
強風	きょうふう	n
当方	とうほう	n
待望	たいぼう	vs
後援	こうえん	vs
恐い	こわい	adj-i
惨事	さんじ	n
懸賞	けんしょう	n
成り立つ	なりたつ	v5t
手下	てした	n
手掛け	てかけ	n
指向	しこう	vs
換え	かえ	n
撤廃	てっぱい	vs
支局	しきょく	n
新田	しんでん	n
時代遅れ	じだいおくれ	n
暫定	ざんてい	n
本件	ほんけん	n
朴	ほお	n
杭	くい	n
校舎	こうしゃ	n
極上	ごくじょう	n
欠片	かけら	n
民放	みんぽう	n
気質	きしつ	n
泣ける	なける	v1
洋楽	ようがく	n
滅茶苦茶	めちゃくちゃ	adj-na
滑走	かっそう	vs
牡蠣	かき	n
特大	とくだい	n
牽引	けんいん	vs
王冠	おうかん	n
王朝	おうちょう	n
生意気	なまいき	adj-na
甲府	こうふ	n
番外	ばんがい	n
石炭	せきたん	n
社名	しゃめい	n
童話	どうわ	n
答	こたえ	n
精力	せいりょく	n
絶	ぜつ	n
総集編	そうしゅうへん	n
肖像	しょうぞう	n
膨張	ぼうちょう	vs
藝	げい	n
蛍	ほたる	n
行なう	おこなう	v5u
見当	けんとう	n
見習い	みならい	n
話し方	はなしかた	n
路地	ろじ	n
近づき	ちかづき	n
退去	たいきょ	vs
過半数	かはんすう	n
長文	ちょうぶん	n
開会	かいかい	vs
閣議	かくぎ	n
静止	せいし	vs
あーあ	あーあ	int
いじり	いじり	n
いろは	いろは	n
ううん	ううん	int
かすみ	かすみ	n
こぼし	こぼし	n
しっぽ	しっぽ	n
ちがい	ちがい	n
つよい	つよい	adj-i
なおさら	なおさら	adv
わさび	わさび	n
アイヌ	アイヌ	n
アブ	あぶ	n
イノベーション	イノベーション	n
エロス	エロス	n
オイ	おい	int
カウンセリング	カウンセリング	n
キズ	きず	n
ギミック	ギミック	n
クリーニング	クリーニング	vs
コマーシャル	コマーシャル	n
シグナル	シグナル	n
シャフト	シャフト	n
ジャガイモ	じゃがいも	n
スカーレット	スカーレット	n
ステンレス	ステンレス	n
スパ	スパ	n
タイムリー	タイムリー	adj-na
チャリ	ちゃり	n
ツンデレ	ツンデレ	n
テク	テク	n
トカゲ	とかげ	n
ニンニク	にんにく	n
ノック	ノック	vs
ハガキ	はがき	n
ハムスター	ハムスター	n
パイパン	パイパン	n
パット	パット	vs
パロディ	パロディー	n
パンティ	パンティー	n
ヘビー	ヘビー	adj-na
ペナルティ	ペナルティー	n
マズイ	まずい	adj-i
マメ	まめ	n
ミュージアム	ミュージアム	n
ミート	ミート	vs
メロディー	メロディー	n
モノクロ	モノクロ	n
リーフ	リーフ	n
一式	いっしき	n
上る	のぼる	v5r
下車	げしゃ	vs
中核	ちゅうかく	n
予め	あらかじめ	adv
予知	よち	vs
二酸化炭素	にさんかたんそ	n
交響	こうきょう	vs
人参	にんじん	n
仕込み	しこみ	n
例える	たとえる	v1
価	か	n
俳句	はいく	n
健在	けんざい	adj-na
傷つく	きずつく	v5k
出題	しゅつだい	vs
分別	ふんべつ	vs
判る	わかる	v5r
加担	かたん	vs
台頭	たいとう	vs
同点	どうてん	n
味わう	あじわう	v5u
呼ばわり	よばわり	vs
土台	どだい	n
培養	ばいよう	vs
塀	へい	n
増設	ぞうせつ	vs
変人	へんじん	n
変革	へんかく	vs
夏場	なつば	n
大樹	たいじゅ	n
女房	にょうぼう	n
密接	みっせつ	adj-na
少量	しょうりょう	n
属	ぞく	n
履く	はく	v5k
左派	さは	n
市街	しがい	n
布教	ふきょう	vs
常務	じょうむ	n
径	けい	n
心霊	しんれい	n
思いつき	おもいつき	n
怯え	おびえ	n
恐怖症	きょうふしょう	n
愛しい	いとしい	adj-i
愛称	あいしょう	n
慈善	じぜん	n
慧	え	n
戸籍	こせき	n
手先	てさき	n
指先	ゆびさき	n
指針	ししん	n
接着	せっちゃく	vs
携わる	たずさわる	v5r
撃退	げきたい	vs
支配人	しはいにん	n
文芸	ぶんげい	n
日報	にっぽう	n
暗記	あんき	vs
有線	ゆうせん	n
期日	きじつ	n
未亡人	みぼうじん	n
本州	ほんしゅう	n
本棚	ほんだな	n
格好いい	かっこいい	adj-i
檻	おり	n
歯磨き	はみがき	vs
没	ぼつ	n
浪人	ろうにん	vs
浪費	ろうひ	vs
浸水	しんすい	vs
混入	こんにゅう	vs
混沌	こんとん	n
渓谷	けいこく	n
溶接	ようせつ	vs
激戦	げきせん	vs
火葬	かそう	vs
熱意	ねつい	n
父さん	とうさん	n
生殖	せいしょく	vs
番台	ばんだい	n
目隠し	めかくし	vs
磯	いそ	n
社団	しゃだん	n
神殿	しんでん	n
稲	いね	n
筆者	ひっしゃ	n
粘土	ねんど	n
素晴らしく	すばらしく	adv
終結	しゅうけつ	vs
絵描き	えかき	n
繋ぎ	つなぎ	n
翠	みどり	n
胃腸	いちょう	n
自白	じはく	vs
興	きょう	n
色合い	いろあい	n
芝生	しばふ	n
苗	なえ	n
草原	そうげん	n
要約	ようやく	vs
見返り	みかえり	n
跡地	あとち	n
農園	のうえん	n
邪	よこしま	adj-na
配当	はいとう	vs
配管	はいかん	vs
里親	さとおや	n
静脈	じょうみゃく	n
鞭	むち	n
預言	よげん	vs
〆	しめ	n
お化け	おばけ	n
きらら	きらら	n
しかけ	しかけ	n
ちょっぴり	ちょっぴり	adv
はーい	はーい	int
ほのぼの	ほのぼの	vs
アドベンチャー	アドベンチャー	n
アヒル	あひる	n
エディション	エディション	n
エプロン	エプロン	n
カウンセラー	カウンセラー	n
カンボジア	カンボジア	n
ガチガチ	ガチガチ	adv
クローゼット	クローゼット	n
コミュニティー	コミュニティ	n
コーディネート	コーディネート	vs
サイコロ	さいころ	n
サーモン	サーモン	n
ショタ	ショタ	n
シンガー	シンガー	n
シード	シード	vs
スクショ	スクショ	n
ストレージ	ストレージ	n
スポ	スポ	n
スーツケース	スーツケース	n
ソファー	ソファ	n
ナイン	ナイン	n
ネパール	ネパール	n
バスケットボール	バスケットボール	n
バドミントン	バドミントン	n
パトカー	パトカー	n
ファイア	ファイア	n
ファーム	ファーム	n
プッシュ	プッシュ	vs
ポテンシャル	ポテンシャル	n
マント	マント	n
メリー	メリー	n
モヤモヤ	もやもや	vs
ラウンジ	ラウンジ	n
ラテン語	ラテンご	n
リバウンド	リバウンド	vs
七つ	ななつ	
不器用	ぶきよう	adj-na
両面	りょうめん	n
中隊	ちゅうたい	n
予備校	よびこう	n
二日酔い	ふつかよい	vs
云う	いう	v5u
付着	ふちゃく	vs
会計士	かいけいし	n
何ら	なんら	adv
供	とも	vs
倉敷	くらしき	n
先着	せんちゃく	vs
全盛期	ぜんせいき	n
八幡	はちまん	n
内外	ないがい	n
凶	きょう	n
判例	はんれい	n
前科	ぜんか	n
千里	せんり	n
南極	なんきょく	n
単一	たんいつ	adj-na
単勝	たんしょう	n
取り出す	とりだす	v5s
取り扱う	とりあつかう	v5u
口実	こうじつ	n
因子	いんし	n
因果	いんが	n
園芸	えんげい	n
地道	じみち	adj-na
執拗	しつよう	adj-na
壮絶	そうぜつ	adj-na
奨励	しょうれい	vs
女体	にょたい	n
定額	ていがく	n
客席	きゃくせき	n
宣誓	せんせい	vs
寛容	かんよう	vs
対価	たいか	n
小麦	こむぎ	n
小麦粉	こむぎこ	n
尽力	じんりょく	vs
屍	しかばね	n
工具	こうぐ	n
巧妙	こうみょう	adj-na
布告	ふこく	vs
幼なじみ	おさななじみ	n
府中	ふちゅう	n
引き継ぐ	ひきつぐ	v5g
強み	つよみ	n
弾道	だんどう	n
思い通り	おもいどおり	adj-na
扇	おうぎ	n
投影	とうえい	vs
担い	にない	n
掌	てのひら	n
故人	こじん	n
断り	ことわり	n
方位	ほうい	n
早稲田	わせだ	n
明言	めいげん	vs
書き下ろし	かきおろし	n
朝鮮半島	ちょうせんはんとう	n
本丸	ほんまる	n
東海道	とうかいどう	n
染色	せんしょく	vs
残虐	ざんぎゃく	adj-na
母ちゃん	かあちゃん	n
汚し	よごし	n
済まない	すまない	adj-i
準拠	じゅんきょ	vs
火薬	かやく	n
甲状腺	こうじょうせん	n
留	ルーブル	n
登板	とうばん	vs
真珠	しんじゅ	n
碑	いしぶみ	n
礼拝	れいはい	vs
空襲	くうしゅう	vs
突っ込み	つっこみ	n
競泳	きょうえい	vs
粉末	ふんまつ	n
粉砕	ふんさい	vs
終焉	しゅうえん	n
絶大	ぜつだい	adj-na
総括	そうかつ	vs
翌朝	よくあさ	n
腰痛	ようつう	n
自慰	じい	vs
自業自得	じごうじとく	exp
舎	しゃ	n
若しくは	もしくは	conj
華やか	はなやか	adj-na
虜	とりこ	n
衆	しゅう	n
襟	えり	n
襲来	しゅうらい	vs
見落とし	みおとし	n
赴任	ふにん	vs
身元	みもと	n
部類	ぶるい	n
重点	じゅうてん	n
野望	やぼう	n
鉢	はち	n
閉じる	とじる	v1
開場	かいじょう	vs
防弾	ぼうだん	n
陽子	ようし	n
青少年	せいしょうねん	n
領収	りょうしゅう	vs
飛び降り	とびおり	n
馬券	ばけん	n
高画質	こうがしつ	n
いるか	いるか	n
おもろい	おもろい	adj-i
お似合い	おにあい	n
お宝	おたから	n
ごまかし	ごまかし	n
しゅう	しゅう	n
たかが	たかが	adv
ちっちゃい	ちっちゃい	adj-i
てめえ	てめえ	pn
ねずみ	ねずみ	n
めちゃめちゃ	めちゃめちゃ	adj-na
アウトドア	アウトドア	n
アッパー	アッパー	n
イスラム教	イスラムきょう	n
イーグル	イーグル	n
エスカレーター	エスカレーター	n
オールスター	オールスター	n
ゲン	ゲン	n
サリー	サリー	n
シマ	シマ	n
シャイ	シャイ	adj-na
シューティング	シューティング	n
シーク	シーク	n
スクランブル	スクランブル	vs
スーダン	スーダン	n
セラピスト	セラピスト	n
セレクト	セレクト	vs
ダイレクト	ダイレクト	adj-na
チャーハン	チャーハン	n
ディーゼル	ディーゼル	n
ハリス	はりす	n
バスケット	バスケット	n
バラエティー	バラエティ	n
バージニア	バージニア	n
パーマ	パーマ	n
ビクター	ビクター	n
フリーズ	フリーズ	vs
プロテイン	プロテイン	n
ボンド	ボンド	n
マスメディア	マスメディア	n
ユニバーサル	ユニバーサル	adj-na
ライブハウス	ライブハウス	n
ラッセル	ラッセル	n
レフ	レフ	n
ロマンチック	ロマンチック	adj-na
一帯	いったい	n
不完全	ふかんぜん	adj-na
中原	ちゅうげん	n
乱入	らんにゅう	n
仕草	しぐさ	n
代打	だいだ	n
伝染	でんせん	vs
内戦	ないせん	n
円形	えんけい	n
出費	しゅっぴ	vs
勘定	かんじょう	vs
北山	きたやま	n
匹敵	ひってき	vs
取り込み	とりこみ	n
取締	とりしまり	n
告訴	こくそ	vs
四つ	よっつ	
土俵	どひょう	n
垂直	すいちょく	adj-na
大森	おおもり	n
天狗	てんぐ	n
失恋	しつれん	vs
好き嫌い	すききらい	n
安置	あんち	vs
完備	かんび	vs
対比	たいひ	vs
射程	しゃてい	n
小町	こまち	n
常駐	じょうちゅう	vs
恐縮	きょうしゅく	vs
悪徳	あくとく	adj-na
抑圧	よくあつ	vs
抗争	こうそう	vs
招集	しょうしゅう	vs
持ち合わせ	もちあわせ	n
挙動	きょどう	vs
排泄	はいせつ	vs
控える	ひかえる	v1
掴む	つかむ	v5m
敬語	けいご	n
敷居	しきい	n
斬	ざん	n
断面	だんめん	n
新党	しんとう	n
方程式	ほうていしき	n
昼休み	ひるやすみ	n
暇つぶし	ひまつぶし	vs
更生	こうせい	vs
杜	もり	n
棋士	きし	n
模範	もはん	n
漁	りょう	n
熟成	じゅくせい	vs
物凄い	ものすごい	adj-i
玉子	たまご	n
王位	おうい	n
現物	げんぶつ	n
瓦	グラム	n
略称	りゃくしょう	vs
相姦	そうかん	n
磁石	じしゃく	n
祭典	さいてん	n
私服	しふく	n
私物	しぶつ	n
空爆	くうばく	vs
窮地	きゅうち	n
簡潔	かんけつ	adj-na
紛失	ふんしつ	vs
紫外線	しがいせん	n
義母	ぎぼ	n
耐震	たいしん	n
致死	ちし	n
藻	も	n
被り	かぶり	n
裏面	りめん	n
西海岸	にしかいがん	n
貯蓄	ちょちく	vs
農	のう	n
迷彩	めいさい	n
道のり	みちのり	n
遭難	そうなん	vs
遺物	いぶつ	n
長門	ながと	n
降水	こうすい	n
離島	りとう	n
電灯	でんとう	n
音色	ねいろ	n
食卓	しょくたく	n
食生活	しょくせいかつ	n
養育	よういく	vs
骨盤	こつばん	n
鴨	かも	n
黒木	くろき	n
あずさ	あずさ	n
お仕置き	おしおき	vs
ちゃり	ちゃり	n
ひょっと	ひょっと	vs
ウェディング	ウエディング	n
ウンコ	うんこ	vs
エッグ	エッグ	n
エナジー	エナジー	n
エメラルド	エメラルド	n
オリコン	オリコン	n
オンエア	オンエア	vs
オーブン	オーブン	n
カーペット	カーペット	n
シックス	シックス	n
ジジイ	じじ	n
スリル	スリル	n
ソーラー	ソーラー	n
タイマー	タイマー	n
チュートリアル	チュートリアル	n
ハサミ	はさみ	n
ハードディスク	ハードディスク	n
ビビる	ビビる	v5r
ファミレス	ファミレス	n
フィルタ	フィルター	n
フリーター	フリーター	n
フロンティア	フロンティア	n
ブースター	ブースター	n
レイヤー	レイヤー	n
レポ	レポ	n
ヲタ	ヲタ	n
ヴァンパイア	ヴァンパイア	n
下町	したまち	n
不公平	ふこうへい	n
不可避	ふかひ	adj-na
乏しい	とぼしい	adj-i
乖離	かいり	vs
亡くなる	なくなる	v5r
今時	いまどき	n
低音	ていおん	n
体勢	たいせい	n
元年	がんねん	n
先駆け	さきがけ	vs
刀剣	とうけん	n
利害	りがい	n
化け物	ばけもの	n
単品	たんぴん	n
占い師	うらないし	n
参	しん	n
参画	さんかく	vs
叔母	おば	n
右腕	みぎうで	n
合致	がっち	vs
吊り	つり	n
含める	ふくめる	v1
唱える	となえる	v1
噴射	ふんしゃ	vs
外れる	はずれる	v1
多忙	たぼう	n
大して	たいして	adv
宿命	しゅくめい	n
察	さつ	n
尊厳	そんげん	adj-na
就寝	しゅうしん	vs
市議	しぎ	n
引き継ぎ	ひきつぎ	n
後回し	あとまわし	n
心がけ	こころがけ	n
惨め	みじめ	adj-na
感知	かんち	vs
懇願	こんがん	vs
掌握	しょうあく	vs
探求	たんきゅう	vs
掴み	つかみ	n
損する	そんする	vs
放電	ほうでん	vs
敷	しき	n
日帰り	ひがえり	vs
昼夜	ちゅうや	n
時差	じさ	n
暮れ	くれ	n
最良	さいりょう	n
本心	ほんしん	n
歓声	かんせい	n
沈没	ちんぼつ	vs
潜伏	せんぷく	vs
無所属	むしょぞく	n
無謀	むぼう	adj-na
猪	いのしし	n
生贄	いけにえ	n
発する	はっする	vs
発光	はっこう	vs
発熱	はつねつ	vs
白髪	しらが	n
真摯	しんし	adj-na
知らせる	しらせる	v1
短歌	たんか	n
破片	はへん	n
磨く	みがく	v5k
積む	つむ	v5m
立ち向かう	たちむかう	v5u
竿	さお	n
笑み	えみ	n
算出	さんしゅつ	vs
絵文字	えもじ	n
絶好	ぜっこう	n
職種	しょくしゅ	n
腹部	ふくぶ	n
自重	じちょう	vs
至高	しこう	adj-na
舵	かじ	n
茎	くき	n
見送り	みおくり	n
親衛隊	しんえいたい	n
調停	ちょうてい	vs
豪快	ごうかい	adj-na
財源	ざいげん	n
軍艦	ぐんかん	n
農地	のうち	n
選別	せんべつ	vs
遼	りょう	n
重み	おもみ	n
重傷	じゅうしょう	n
金貨	きんか	n
雀	すずめ	n
雫	しずく	vs
電球	でんきゅう	n
非常識	ひじょうしき	n
頭皮	とうひ	n
食用	しょくよう	n
魔界	まかい	n
鯉	こい	n
あったかい	あったかい	adj-i
おやじ	おやじ	n
お手数	おてすう	n
こたつ	こたつ	n
さかな	さかな	n
むかし	むかし	n
アア	ああ	int
イチャイチャ	イチャイチャ	vs
ウィキペディア	ウィキペディア	n
エアロ	エアロ	n
エロゲー	エロゲ	n
カキ	かき	n
クリーナー	クリーナー	n
グーグル	グーグル	n
ケージ	ケージ	n
コースター	コースター	n
サンクス	サンクス	int
ザック	ザック	n
シュガー	シュガー	n
シュー	しゅー	adv
ジョージア	ジョージア	n
ジーンズ	ジーンズ	n
スパム	スパム	n
スペル	スペル	n
セレクション	セレクション	n
タイル	タイル	n
チャンピオンシップ	チャンピオンシップ	n
ツラ	つら	n
デス	デス	n
デュオ	デュオ	n
ドバイ	ドバイ	n
パトロール	パトロール	vs
フライデー	フライデー	n
ホワイトハウス	ホワイトハウス	n
マッハ	マッハ	n
ランジェリー	ランジェリー	n
リニア	リニア	adj-na
ルーマニア	ルーマニア	n
ワークス	ワークス	n
一人物	いちじんぶつ	n
予告編	よこくへん	n
修道	しゅうどう	n
偉人	いじん	n
働きかけ	はたらきかけ	n
元号	げんごう	n
元帥	げんすい	n
共用	きょうよう	vs
内訳	うちわけ	n
冬季	とうき	n
凶暴	きょうぼう	adj-na
出願	しゅつがん	vs
切り替える	きりかえる	v1
前世	ぜんせ	n
動詞	どうし	n
半袖	はんそで	n
即時	そくじ	n
即興	そっきょう	n
名門	めいもん	n
向く	むく	v5k
和食	わしょく	n
囚	しゅう	n
坂道	さかみち	n
堀川	ほりかわ	n
塚	つか	n
外伝	がいでん	n
夜景	やけい	n
太る	ふとる	v5r
太刀	たち	n
始発	しはつ	n
孵化	ふか	vs
官能	かんのう	n
宛て	あて	n
実戦	じっせん	n
害虫	がいちゅう	n
寸法	すんぽう	n
尾根	おね	n
山岳	さんがく	n
差し替え	さしかえ	vs
帰属	きぞく	vs
幾	いく	n
度胸	どきょう	n
強固	きょうこ	adj-na
強気	つよき	adj-na
彼等	あれら	pn
性行為	せいこうい	n
怪盗	かいとう	n
悪者	わるもの	n
愛着	あいちゃく	vs
慣習	かんしゅう	n
憑依	ひょうい	vs
所要	しょよう	n
提訴	ていそ	vs
日銀	にちぎん	n
曲名	きょくめい	n
服従	ふくじゅう	vs
染み	しみ	n
桑原	くわばら	n
正論	せいろん	n
歯ブラシ	はブラシ	n
残高	ざんだか	n
殿下	でんか	pn
水木	みずき	n
水没	すいぼつ	vs
氾濫	はんらん	vs
汝	うぬ	pn
洞	どう	n
炎症	えんしょう	n
無き	なき	n
熱帯	ねったい	n
生み	うみ	n
目前	もくぜん	n
着実	ちゃくじつ	adj-na
砲撃	ほうげき	vs
素朴	そぼく	adj-na
総数	そうすう	n
緑茶	りょくちゃ	n
老化	ろうか	vs
胎児	たいじ	n
至り	いたり	n
航路	こうろ	n
裏付け	うらづけ	n
製作所	せいさくしょ	n
話しかける	はなしかける	v1
誠意	せいい	n
買い替え	かいかえ	n
賄賂	わいろ	n
質疑	しつぎ	vs
車庫	しゃこ	n
迂回	うかい	vs
返却	へんきゃく	vs
通告	つうこく	vs
遭う	あう	v5u
酒造	しゅぞう	n
銃弾	じゅうだん	n
障壁	しょうへき	n
電線	でんせん	n
電脳	でんのう	n
頂	いただき	n
顔色	かおいろ	n
鳴り	なり	n
あっという間	あっというま	exp
いち早く	いちはやく	adv
かかわる	かかわる	v5r
ささやか	ささやか	adj-na
しあわせ	しあわせ	n
しげる	しげる	v5r
そうね	そうね	exp
それと	それと	conj
たまり	たまり	n
ふれあい	ふれあい	n
まわる	まわる	v5r
アバター	アバター	n
アミノ酸	アミノさん	n
アムステルダム	アムステルダム	n
アンカー	アンカー	n
イベ	イベ	n
インターン	インターン	n
カイロ	カイロ	n
ガイドブック	ガイドブック	n
ギャラ	ギャラ	n
クロム	クロム	n
コツコツ	コツコツ	adv
コロニー	コロニー	n
コンソール	コンソール	n
コントローラ	コントローラー	n
サイレント	サイレント	adj-na
シネマ	シネマ	n
シルク	シルク	n
ジャンボ	ジャンボ	adj-na
ジョギング	ジョギング	n
スイング	スイング	vs
スギ	すぎ	n
ソニック	ソニック	n
ダイビング	ダイビング	vs
テキ	テキ	n
ディーン	ディーン	n
ドジ	ドジ	adj-na
ハエ	はえ	n
ハンカチ	ハンカチ	n
パルス	パルス	n
フレーバー	フレーバー	n
ブツ	ぶつ	n
ブラックホール	ブラックホール	n
ブランチ	ブランチ	n
ブリーフ	ブリーフ	n
ボウ	ボー	n
マイアミ	マイアミ	n
マシーン	マシン	n
ミャンマー	ミャンマー	n
メルマガ	メルマガ	n
モロ	モロ	n
ヨット	ヨット	n
リアリティ	リアリティ	n
リターン	リターン	vs
リベラル	リベラル	adj-na
レシート	レシート	n
レジェンド	レジェンド	n
一刻	いっこく	n
下水	げすい	n
下院	かいん	n
不備	ふび	n
交差	こうさ	vs
仕掛ける	しかける	v1
代々	だいだい	n
似顔絵	にがおえ	n
作中	さくちゅう	n
修羅	しゅら	n
冴え	さえ	n
出来上がり	できあがり	n
出汁	だし	n
出迎え	でむかえ	n
切除	せつじょ	vs
別物	べつもの	n
前例	ぜんれい	n
劣る	おとる	v5r
北方	ほっぽう	n
千秋	せんしゅう	n
南国	なんごく	n
受容	じゅよう	vs
受講	じゅこう	vs
唾	つば	vs
型式	かたしき	n
大河	たいが	n
大破	たいは	vs
威嚇	いかく	vs
学費	がくひ	n
宣戦	せんせん	vs
富裕	ふゆう	n
察知	さっち	vs
小柄	こがら	adj-na
岬	みさき	n
崩れる	くずれる	v1
平穏	へいおん	adj-na
年頃	としごろ	n
度合い	どあい	n
弱体	じゃくたい	adj-na
従兄弟	いとこ	n
徴兵	ちょうへい	vs
思いつく	おもいつく	v5k
恐れる	おそれる	v1
悟り	さとり	n
悪事	あくじ	n
意匠	いしょう	n
愛想	あいそ	n
折れる	おれる	v1
拡充	かくじゅう	vs
採点	さいてん	vs
攻める	せめる	v1
敬遠	けいえん	vs
明かす	あかす	v5s
明る	あかる	v5r
有数	ゆうすう	adj-na
本国	ほんごく	n
東側	ひがしがわ	n
柴	しば	n
水銀	すいぎん	n
法定	ほうてい	n
泳ぐ	およぐ	v5g
洋画	ようが	n
洗礼	せんれい	n
混ぜる	まぜる	v1
減量	げんりょう	vs
澪	みお	n
焦り	あせり	n
狂う	くるう	v5u
王室	おうしつ	n
王族	おうぞく	n
留まる	とまる	v5r
留置	りゅうち	vs
畜生	ちくしょう	n
白紙	はくし	n
目印	めじるし	n
矢印	やじるし	n
私生活	しせいかつ	n
積み上げ	つみあげ	n
自我	じが	n
自演	じえん	vs
葉月	はづき	n
蓄え	たくわえ	n
見つめる	みつめる	v1
覚める	さめる	v1
解り	わかり	n
談話	だんわ	vs
賀	が	n
起因	きいん	vs
転移	てんい	vs
選曲	せんきょく	vs
配給	はいきゅう	vs
野心	やしん	n
錯乱	さくらん	vs
開通	かいつう	vs
開閉	かいへい	vs
防具	ぼうぐ	n
飼う	かう	v5u
鯛	たい	n
鷲	わし	n
黙示録	もくしろく	n
いじる	いじる	v5r
おじいさん	おじいさん	n
お披露目	おひろめ	vs
ぐっすり	ぐっすり	adv
ごとき	ごとき	n
ただちに	ただちに	adv
まくれる	まくれる	v1
アラビア	アラビア	n
アルプス	アルプス	n
エイズ	エイズ	n
キャッ	きゃっ	int
キャー	きゃっ	int
ギガ	ギガ	n
クラゲ	くらげ	n
クラッチ	クラッチ	n
コスメ	コスメ	n
サイボーグ	サイボーグ	n
サスペンス	サスペンス	n
スレッド	スレッド	n
タンス	たんす	n
ダイナマイト	ダイナマイト	n
ディン	ディン	n
トキ	とき	n
トッピング	トッピング	vs
ハンガー	ハンガー	n
バイオリン	バイオリン	n
バタバタ	バタバタ	vs
バレーボール	バレーボール	n
パラメータ	パラメーター	n
ビンゴ	ビンゴ	n
ビーズ	ビーズ	n
ピル	ピル	n
フォース	フォース	n
プログラマー	プログラマー	n
ヘルス	ヘルス	n
ベール	ベール	n
ボウル	ボウル	n
ボコボコ	ボコボコ	adv
マンゴー	マンゴー	n
マーガレット	マーガレット	n
ユニオン	ユニオン	n
ワークショップ	ワークショップ	n
一人称	いちにんしょう	n
下地	したじ	n
中級	ちゅうきゅう	n
人目	ひとめ	n
休養	きゅうよう	vs
低減	ていげん	vs
何やら	なにやら	adv
入所	にゅうしょ	vs
冷凍庫	れいとうこ	n
利き	きき	n
削る	けずる	v5r
勧める	すすめる	v1
危うく	あやうく	adv
厨房	ちゅうぼう	n
古川	ふるかわ	n
右肩	みぎかた	n
叶える	かなえる	v1
各所	かくしょ	n
呼び名	よびな	n
和平	わへい	vs
噴出	ふんしゅつ	vs
埃	ほこり	n
報知	ほうち	vs
外装	がいそう	n
大昔	おおむかし	n
婆ちゃん	ばあちゃん	n
学位	がくい	n
寅	とら	n
就業	しゅうぎょう	vs
屈指	くっし	n
平常	へいじょう	n
広域	こういき	n
忘れ物	わすれもの	n
応える	こたえる	v1
忠告	ちゅうこく	vs
怪	かい	n
愛犬	あいけん	n
手放す	てばなす	v5s
技師	ぎし	n
投球	とうきゅう	vs
掘る	ほる	v5r
敗者	はいしゃ	n
教習所	きょうしゅうじょ	n
散らし	ちらし	n
文字数	もじすう	n
末端	まったん	n
束縛	そくばく	vs
棺	かん	n
欠如	けつじょ	vs
段ボール	だんボール	n
気合い	きあい	n
汚職	おしょく	n
泊まる	とまる	v5r
淡々	たんたん	adv
湿	しつ	n
源泉	げんせん	n
無実	むじつ	n
燃やす	もやす	v5s
片づけ	かたづけ	n
版権	はんけん	n
特例	とくれい	n
特産	とくさん	vs
独り言	ひとりごと	n
琵琶湖	びわこ	n
目の当たり	まのあたり	exp
省庁	しょうちょう	n
確	かく	adv
移送	いそう	vs
稲荷	いなり	n
空っぽ	からっぽ	n
立ち入り	たちいり	vs
精通	せいつう	vs
紋章	もんしょう	n
縁起	えんぎ	n
置き場	おきば	n
罵倒	ばとう	vs
老い	おい	n
考	こう	n
肺炎	はいえん	n
蒸発	じょうはつ	vs
虫歯	むしば	n
蜂蜜	はちみつ	n
親密	しんみつ	adj-na
警護	けいご	vs
貫	かん	n
貯蔵	ちょぞう	vs
車道	しゃどう	n
追っかけ	おっかけ	n
遵守	じゅんしゅ	vs
都度	つど	n
長らく	ながらく	adv
隠れ家	かくれが	n
風習	ふうしゅう	n
餓死	がし	vs
あぶない	あぶない	adj-i
いつの間に	いつのまに	exp
おおよそ	おおよそ	adv
おとな	おとな	n
お子様	おこさま	n
お方	おかた	n
かぼちゃ	かぼちゃ	n
きわめて	きわめて	adv
さつき	さつき	n
しゃべり	しゃべり	n
ちょくちょく	ちょくちょく	adv
に関し	にかんし	exp
やりがい	やりがい	n
アイデンティティ	アイデンティティ	n
アロー	アロー	n
インチキ	インチキ	n
ウォッカ	ウォッカ	n
エアー	エア	n
オフライン	オフライン	n
オムツ	おむつ	n
ガラケー	ガラけい	n
ガリガリ	がりがり	adv
クラスメイト	クラスメイト	n
グル	グル	n
ケ	ヶ	ctr
コイル	コイル	n
コブラ	コブラ	n
サウナ	サウナ	n
サタン	サタン	n
シアトル	シアトル	n
シリコン	シリコン	n
シンクロ	シンクロ	vs
スパーク	スパーク	vs
スラム	スラム	n
セクター	セクター	n
チック	チック	n
チャーム	チャーム	vs
テロップ	テロップ	n
デーモン	デーモン	n
ドーン	ドーン	n
ノミネート	ノミネート	vs
ハプニング	ハプニング	n
バリア	バリア	n
ピッチャー	ピッチャー	n
ピーマン	ピーマン	n
ファインダー	ファインダー	n
ファンド	ファンド	n
フォーカス	フォーカス	vs
フタ	ふた	n
フットサル	フットサル	n
フルート	フルート	n
ヘルプ	ヘルプ	n
ペルソナ	ペルソナ	n
ホールディングス	ホールディングス	n
ホールド	ホールド	n
ボディー	ボディー	n
マダム	マダム	n
モラル	モラル	n
ラグ	ラグ	n
ルック	ルック	n
レコーダー	レコーダー	n
レザー	レザー	n
レタス	レタス	n
ロスト	ロスト	n
一転	いってん	vs
万里	ばんり	n
三郎	さぶろう	n
下水道	げすいどう	n
且つ	かつ	conj
両側	りょうがわ	n
主宰	しゅさい	vs
争奪	そうだつ	vs
亡き	なき	
休息	きゅうそく	vs
元老	げんろう	n
充填	じゅうてん	vs
再編	さいへん	vs
出社	しゅっしゃ	vs
初頭	しょとう	n
創刊	そうかん	vs
双葉	ふたば	n
収監	しゅうかん	vs
取り調べ	とりしらべ	n
合図	あいず	vs
商社	しょうしゃ	n
啓蒙	けいもう	vs
圧勝	あっしょう	vs
境内	けいだい	n
墓場	はかば	n
壮	そう	n
大小	だいしょう	n
天体	てんたい	n
太平洋戦争	たいへいようせんそう	n
奴等	やつら	pn
存じ	ぞんじ	n
尊い	とうとい	adj-i
屈辱	くつじょく	n
山脈	さんみゃく	n
市営	しえい	n
年数	ねんすう	n
引き上げる	ひきあげる	v1
引き渡し	ひきわたし	n
復習	ふくしゅう	vs
心底	しんそこ	n
思い入れ	おもいいれ	vs
性器	せいき	n
懸命	けんめい	adj-na
抗体	こうたい	n
授与	じゅよ	vs
採択	さいたく	vs
控除	こうじょ	vs
揃う	そろう	v5u
揶揄	やゆ	vs
操り	あやつり	n
放浪	ほうろう	vs
文言	もんごん	n
断層	だんそう	n
新米	しんまい	n
最上	さいじょう	adj-na
月給	げっきゅう	n
来世	らいせ	n
検察官	けんさつかん	n
楽観	らっかん	vs
殺戮	さつりく	vs
民法	みんぽう	n
治り	なおり	n
洒落	しゃら	
流動	りゅうどう	vs
海水浴	かいすいよく	n
渦	うず	n
滑らか	なめらか	adj-na
漁船	ぎょせん	n
点滴	てんてき	vs
点火	てんか	vs
無垢	むく	adj-na
焦る	あせる	v5r
照準	しょうじゅん	n
牌	はい	n
生かす	いかす	v5s
生年月日	せいねんがっぴ	n
田んぼ	たんぼ	n
町村	ちょうそん	n
疑念	ぎねん	n
痛む	いたむ	v5m
皆殺し	みなごろし	n
目録	もくろく	n
着色	ちゃくしょく	vs
稿	こう	vs
空調	くうちょう	n
立証	りっしょう	vs
算数	さんすう	n
粗	あら	n
絵かき	えかき	n
聴覚	ちょうかく	n
脱落	だつらく	vs
苦い	にがい	adj-i
薪	まき	n
装填	そうてん	vs
見物	けんぶつ	vs
見逃す	みのがす	v5s
試みる	こころみる	v1
語源	ごげん	n
読み込み	よみこみ	vs
誹謗	ひぼう	vs
貸	かし	n
軽自動車	けいじどうしゃ	n
送り出し	おくりだし	n
過労	かろう	n
避妊	ひにん	vs
配る	くばる	v5r
野蛮	やばん	adj-na
鍛える	きたえる	v1
闘う	たたかう	v5u
雇う	やとう	v5u
顕	けん	n
養護	ようご	vs
骨董	こっとう	n
あたかも	あたかも	adv
かなわ	かなわ	n
がんばり	がんばり	n
ことごとく	ことごとく	adv
こんばんわ	こんばんわ	int
ぜったい	ぜったい	adv
とたん	とたん	n
にんにく	にんにく	n
ややこしい	ややこしい	adj-i
ゆえに	ゆえに	conj
アイロン	アイロン	n
インターナショナル	インターナショナル	adj-na
インフレ	インフレ	n
ウォーカー	ウォーカー	n
エゴ	エゴ	n
カゴ	かご	n
カツオ	かつお	n
ガンプラ	ガンプラ	n
グアム	グアム	n
ケビン	キャビン	n
コウモリ	こうもり	n
ジャガー	ジャガー	n
スポンジ	スポンジ	n
ソビエト	ソビエト	n
ハス	はす	n
ハッチ	ハッチ	n
ヒューマン	ヒューマン	adj-na
ピンク色	ピンクいろ	n
フクロウ	ふくろう	n
ブーン	ブーン	adv
プー	プー	n
ボールペン	ボールペン	n
ポンポン	ポンポン	n
ポーカー	ポーカー	n
マッチョ	マッチョ	n
メドレー	メドレー	n
ライム	ライム	n
ワッフル	ワッフル	n
一向に	いっこうに	adv
一息	ひといき	n
上乗せ	うわのせ	vs
中退	ちゅうたい	vs
乗り込む	のりこむ	v5m
亡霊	ぼうれい	n
交戦	こうせん	vs
代物	しろもの	n
伝授	でんじゅ	vs
何卒	なにとぞ	adv
依然として	いぜんとして	exp
傾斜	けいしゃ	vs
全巻	ぜんかん	n
出走	しゅっそう	vs
劣等	れっとう	adj-na
同名	どうめい	n
哺乳類	ほにゅうるい	n
器官	きかん	n
四球	しきゅう	n
国歌	こっか	n
均衡	きんこう	vs
基板	きばん	n
多量	たりょう	n
大当たり	おおあたり	vs
失調	しっちょう	n
就労	しゅうろう	vs
帝王	ていおう	n
幼	いと	n
弱者	じゃくしゃ	n
彷彿	ほうふつ	vs
従順	じゅうじゅん	adj-na
微生物	びせいぶつ	n
応じる	おうじる	v1
戦犯	せんぱん	n
手抜き	てぬき	vs
折角	せっかく	adv
捕鯨	ほげい	n
改ざん	かいざん	vs
敗退	はいたい	vs
教義	きょうぎ	n
新種	しんしゅ	n
未婚	みこん	n
東亜	とうあ	n
板橋	いたばし	n
洗車	せんしゃ	vs
洲	ひじ	n
消極	しょうきょく	n
滅ぼす	ほろぼす	v5s
濃縮	のうしゅく	vs
無条件	むじょうけん	n
無邪気	むじゃき	adj-na
物足りない	ものたりない	adj-i
獣医	じゅうい	n
産み	うみ	n
疾走	しっそう	vs
痛感	つうかん	vs
盛りだくさん	もりだくさん	adj-na
目覚まし	めざまし	n
県庁	けんちょう	n
知恵袋	ちえぶくろ	n
税制	ぜいせい	n
穀物	こくもつ	n
竜巻	たつまき	n
精製	せいせい	vs
絶好調	ぜっこうちょう	n
綱	つな	n
背筋	せすじ	n
自閉症	じへいしょう	n
船員	せんいん	n
良質	りょうしつ	adj-na
落ち込む	おちこむ	v5m
蘇る	よみがえる	v5r
裁量	さいりょう	vs
見合い	みあい	vs
規律	きりつ	n
賞品	しょうひん	n
返上	へんじょう	vs
部会	ぶかい	n
野良	のら	n
阪	さか	n
陽性	ようせい	n
集積	しゅうせき	vs
電化	でんか	vs
黒字	くろじ	n
いいかげん	いいかげん	adj-na
いとう	いとう	v5u
いまや	いまや	adv
かえる	かえる	v5r
じゃがいも	じゃがいも	n
たどり着く	たどりつく	v5k
でかけ	でかけ	n
ともあれ	ともあれ	adv
もしもし	もしもし	int
アリゾナ	アリゾナ	n
アンプ	アンプ	n
エキス	エキス	n
オカマ	おかま	n
カボチャ	かぼちゃ	n
ギリシア	ギリシャ	n
コンサルティング	コンサルティング	n
コンパス	コンパス	n
サントラ	サントラ	n
スケッチ	スケッチ	vs
ストローク	ストローク	n
スローガン	スローガン	n
スーパーマン	スーパーマン	n
トロフィー	トロフィー	n
バズ	バズ	n
バックス	バックス	n
バッファ	バッファ	n
バラード	バラード	n
パイナップル	パイナップル	n
フラッグ	フラッグ	n
ブラジャー	ブラジャー	n
プラズマ	プラズマ	n
ポップコーン	ポップコーン	n
マイペース	マイペース	n
ヤク	ヤク	n
ユネスコ	ユネスコ	n
リクルート	リクルート	n
リストラ	リストラ	n
リベンジ	リベンジ	vs
リンパ	リンパ	n
レズビアン	レズビアン	n
レベルアップ	レベルアップ	vs
ロースト	ロースト	vs
一大	いちだい	n
万引き	まんびき	vs
上方	かみがた	n
中性	ちゅうせい	n
事後	じご	n
仕事場	しごとば	n
代名詞	だいめいし	n
伯父	おじ	n
候	そろ	
側近	そっきん	n
先代	せんだい	n
先住民	せんじゅうみん	n
公文書	こうぶんしょ	n
公約	こうやく	vs
前夜	ぜんや	n
勝敗	しょうはい	n
包茎	ほうけい	n
千代	ちよ	n
古来	こらい	n
同種	どうしゅ	n
名詞	めいし	n
園児	えんじ	n
土佐	とさ	n
均一	きんいつ	adj-na
城壁	じょうへき	n
堅い	かたい	adj-i
塵	じん	n
外傷	がいしょう	n
夢見る	ゆめみる	v1
大いなる	おおいなる	
子役	こやく	n
密室	みっしつ	n
対峙	たいじ	vs
小隊	しょうたい	n
引き下げ	ひきさげ	n
弾ける	はじける	v1
怪人	かいじん	n
恐る	おそる	
投獄	とうごく	vs
控訴	こうそ	vs
換気	かんき	vs
援軍	えんぐん	n
教え子	おしえご	n
整体	せいたい	n
斡旋	あっせん	vs
是正	ぜせい	vs
書物	しょもつ	n
月頃	つきごろ	n
有望	ゆうぼう	adj-na
柊	ひいらぎ	n
構内	こうない	n
模擬	もぎ	n
歯車	はぐるま	n
没頭	ぼっとう	vs
泥酔	でいすい	vs
洗顔	せんがん	vs
清算	せいさん	vs
満開	まんかい	vs
瀕死	ひんし	n
牡	おす	n
生後	せいご	n
異論	いろん	n
疑似	ぎじ	n
痙攣	けいれん	vs
皇族	こうぞく	n
盗み	ぬすみ	n
盲目	もうもく	n
直送	ちょくそう	vs
相模	さがみ	n
眠気	ねむけ	n
税関	ぜいかん	n
素子	そし	n
結集	けっしゅう	vs
絶景	ぜっけい	n
網羅	もうら	vs
編曲	へんきょく	n
老朽	ろうきゅう	vs
腹立つ	はらだつ	v5t
舐める	なめる	v1
薩摩	さつま	n
裾	すそ	n
親しみ	したしみ	n
観音	かんのん	n
触媒	しょくばい	n
計上	けいじょう	vs
超過	ちょうか	vs
送迎	そうげい	vs
途絶え	とだえ	n
野原	のはら	n
鋼鉄	こうてつ	n
闘士	とうし	n
闘技	とうぎ	n
雄大	ゆうだい	adj-na
電機	でんき	n
電磁波	でんじは	n
風刺	ふうし	vs
高官	こうかん	n
鼻水	はなみず	n
おいら	おいら	n
たけし	たけし	n
たらしい	たらしい	adj-i
ちひろ	ちひろ	n
ちょこちょこ	ちょこちょこ	vs
となり	となり	n
なんてこった	なんてこった	int
ましてや	ましてや	exp
ゆうこ	ゆうこ	n
わいせつ	わいせつ	adj-na
アテネ	アテネ	n
アパレル	アパレル	n
アラスカ	アラスカ	n
アリバイ	アリバイ	n
アーチ	アーチ	n
エイプリルフール	エイプリルフール	n
エクセル	エクセル	n
ガイア	ガイア	n
キャラメル	キャラメル	n
キャンディー	キャンディ	n
クイック	クイック	n
クリスチャン	クリスチャン	n
コメンテーター	コメンテーター	n
コロラド	コロラド	n
スライム	スライム	n
ゼット	ゼット	n
タイムズ	タイムズ	n
ダイヤル	ダイヤル	vs
ダスト	ダスト	n
ダニ	だに	n
チャイルド	チャイルド	n
デタラメ	でたらめ	n
トランスフォーマー	トランスフォーマー	n
ドラマー	ドラマー	n
ネトウヨ	ネトウヨ	n
バージョンアップ	バージョンアップ	vs
バースト	バースト	vs
パケット	パケット	n
パワフル	パワフル	adj-na
ムスリム	ムスリム	n
ヨルダン	ヨルダン	n
リスペクト	リスペクト	n
リプ	リプ	vs
一因	いちいん	n
不謹慎	ふきんしん	adj-na
主題	しゅだい	n
予期	よき	vs
人力	じんりき	n
人脈	じんみゃく	n
仮設	かせつ	n
仲直り	なかなおり	vs
会派	かいは	n
倒壊	とうかい	vs
元素	げんそ	n
入れ替わり	いれかわり	n
全土	ぜんど	n
全編	ぜんぺん	n
公営	こうえい	n
共生	きょうせい	vs
冤罪	えんざい	n
力強い	ちからづよい	adj-i
勝る	まさる	v5r
協同	きょうどう	vs
即効	そっこう	n
受	じゅ	n
号泣	ごうきゅう	vs
同伴	どうはん	vs
含有	がんゆう	vs
商用	しょうよう	n
回想	かいそう	vs
因	いん	n
地中海	ちちゅうかい	n
地球人	ちきゅうじん	n
地蔵	じぞう	n
境遇	きょうぐう	n
外相	がいしょう	n
大口	おおぐち	n
大名	だいみょう	n
大晦日	おおみそか	n
大通り	おおどおり	n
委任	いにん	vs
存分	ぞんぶん	adj-na
封入	ふうにゅう	vs
尋ねる	たずねる	v1
尋問	じんもん	vs
小田	おだ	n
居眠り	いねむり	vs
左上	ひだりうえ	n
常備	じょうび	vs
引き取り	ひきとり	vs
強奪	ごうだつ	vs
意地悪	いじわる	vs
愛す	あいす	v5s
手がける	てがける	v1
手渡し	てわたし	vs
打ち出し	うちだし	n
折り	おり	n
散る	ちる	v5r
整える	ととのえる	v1
断定	だんてい	vs
昔ながら	むかしながら	adv
映え	はえ	n
最古	さいこ	n
最寄り駅	もよりえき	n
根底	こんてい	n
根源	こんげん	n
格子	こうし	n
機長	きちょう	n
母体	ぼたい	n
母校	ぼこう	n
波長	はちょう	n
浴室	よくしつ	n
淵	ふち	n
湧き	わき	n
湾岸	わんがん	n
満州	まんしゅう	n
演算	えんざん	vs
無人島	むじんとう	n
焼却	しょうきゃく	vs
煮込み	にこみ	n
独断	どくだん	vs
琥珀	こはく	n
産物	さんぶつ	n
甲板	かんぱん	n
発火	はっか	vs
白熱	はくねつ	vs
盗む	ぬすむ	v5m
眉毛	まゆげ	n
真顔	まがお	n
神経質	しんけいしつ	adj-na
等級	とうきゅう	n
糧	かて	n
純情	じゅんじょう	n
紫色	むらさきいろ	n
給水	きゅうすい	vs
老後	ろうご	n
聖域	せいいき	n
脱線	だっせん	vs
自家	じか	n
舞う	まう	v5u
荒廃	こうはい	vs
葬	そう	n
表向き	おもてむき	n
裏切る	うらぎる	v5r
補う	おぎなう	v5u
見積もり	みつもり	n
覗く	のぞく	v5k
親権	しんけん	n
貨幣	かへい	n
踏切	ふみきり	n
透過	とうか	vs
連装	れんそう	n
道理	どうり	n
適性	てきせい	n
鉛	なまり	n
霞	かすみ	n
黒子	くろご	n
いわく	いわく	n
かおる	かおる	v5r
かぶる	かぶる	v5r
ざっと	ざっと	adv
しおり	しおり	n
しめる	しめる	v1
それどころか	それどころか	conj
ちっとも	ちっとも	adv
ちょいちょい	ちょいちょい	adv
やれやれ	やれやれ	int
よくも	よくも	adv
イタリアン	イタリアン	n
ウイング	ウイング	n
オハイオ	オハイオ	n
ガタガタ	ガタガタ	vs
ガーディアン	ガーディアン	n
キーホルダー	キーホルダー	n
クシ	くし	n
クラウドファンディング	クラウドファンディング	n
クロウ	クロウ	n
グリル	グリル	n
ケチャップ	ケチャップ	n
ココナッツ	ココナッツ	n
ゴリ	ごり	n
サプリメント	サプリメント	n
シーツ	シーツ	n
スキップ	スキップ	vs
スタイリッシュ	スタイリッシュ	adj-na
ストッキング	ストッキング	n
チャーシュー	チャーシュー	n
ツーリング	ツーリング	vs
デュアル	デュアル	n
トピック	トピック	n
ネルソン	ネルソン	n
ハッピーエンド	ハッピーエンド	n
ハーモニー	ハーモニー	n
パーソナリティ	パーソナリティー	n
ビジネスマン	ビジネスマン	n
ピカピカ	ピカピカ	vs
フライング	フライング	vs
ブルマ	ブルマ	n
ペロペロ	ペロペロ	vs
ホープ	ホープ	n
ホーン	ホーン	n
マナ	マナ	n
モナコ	モナコ	n
ラバー	ラバー	n
ランス	ランス	n
ルックス	ルックス	n
下降	かこう	vs
不可解	ふかかい	adj-na
不細工	ぶさいく	adj-na
不規則	ふきそく	adj-na
中京	ちゅうきょう	n
乗っ取り	のっとり	n
乗船	じょうせん	vs
交尾	こうび	vs
仕切り	しきり	n
作風	さくふう	n
修士	しゅうし	n
僕達	ぼくたち	pn
先手	せんて	n
兵衛	ひょうえ	n
処方箋	しょほうせん	n
凪	なぎ	n
出航	しゅっこう	vs
勇敢	ゆうかん	adj-na
勿体	もったい	n
原文	げんぶん	n
参列	さんれつ	vs
参謀	さんぼう	n
右足	みぎあし	n
同胞	どうほう	n
唐辛子	とうがらし	n
善意	ぜんい	n
嘔吐	おうと	vs
囲い	かこい	n
増量	ぞうりょう	vs
夕日	ゆうひ	n
夜空	よぞら	n
失神	しっしん	vs
奉納	ほうのう	vs
寄る	よる	v5r
少なめ	すくなめ	n
巨額	きょがく	n
引き金	ひきがね	n
強硬	きょうこう	adj-na
当人	とうにん	n
後任	こうにん	n
後遺症	こういしょう	n
徘徊	はいかい	vs
心拍	しんぱく	n
応	おう	n
悪党	あくとう	n
憲兵	けんぺい	n
戦法	せんぽう	n
拍子	ひょうし	n
振替	ふりかえ	n
斜面	しゃめん	n
新入生	しんにゅうせい	n
旺盛	おうせい	adj-na
昇天	しょうてん	vs
梓	あずさ	n
次ぐ	つぐ	v5g
武道	ぶどう	n
泊り	とまり	n
海辺	うみべ	n
淫夢	いんむ	n
深田	ふかだ	n
渡航	とこう	vs
温室	おんしつ	n
湿気	しっけ	n
満塁	まんるい	n
溜まる	たまる	v5r
災い	わざわい	n
無口	むくち	adj-na
無駄遣い	むだづかい	vs
生死	せいし	n
用心	ようじん	vs
痔	じ	n
相まって	あいまって	adv
睡眠薬	すいみんやく	n
瞬時	しゅんじ	n
砂浜	すなはま	n
結束	けっそく	vs
続報	ぞくほう	vs
纏め	まとめ	n
胴体	どうたい	n
脱却	だっきゃく	vs
臆病	おくびょう	adj-na
薦め	すすめ	vs
蛙	かえる	n
褐色	かっしょく	n
言い出す	いいだす	v5s
論点	ろんてん	n
講	こう	n
譲る	ゆずる	v5r
賑やか	にぎやか	adj-na
質感	しつかん	n
軍勢	ぐんぜい	n
転勤	てんきん	vs
農村	のうそん	n
送電	そうでん	vs
途切れ	とぎれ	n
造る	つくる	v5r
連呼	れんこ	vs
過言	かごん	n
部数	ぶすう	n
都民	とみん	n
量販	りょうはん	vs
長老	ちょうろう	n
間抜け	まぬけ	adj-na
難点	なんてん	n
震	しん	n
食パン	しょくパン	n
鳴らす	ならす	v5s
あらためて	あらためて	adv
きゅうり	きゅうり	n
ごちそうさま	ごちそうさま	int
そうなると	そうなると	exp
なでしこ	なでしこ	n
のぼる	のぼる	v5r
はやい	はやい	adj-i
ぶつかり	ぶつかり	n
ぶつかる	ぶつかる	v5r
まだしも	まだしも	adv
めまい	めまい	vs
わかめ	わかめ	n
アイスランド	アイスランド	n
アクア	アクア	n
アッシュ	アッシュ	n
イニング	イニング	n
イヤリング	イヤリング	n
エンジョイ	エンジョイ	vs
オアシス	オアシス	n
オウム	おうむ	n
オールナイト	オールナイト	n
キャッチャー	キャッチャー	n
ジャーナル	ジャーナル	n
ストライキ	ストライキ	vs
ストーブ	ストーブ	n
タケ	たけ	n
タブー	タブー	n
ダイナミック	ダイナミック	adj-na
ダーリン	ダーリン	n
チュー	チュー	
チューリップ	チューリップ	n
トレイ	トレー	n
ニワトリ	にわとり	n
ハマ	はま	n
パブリック	パブリック	adj-na
ビューティー	ビューティー	n
ピクニック	ピクニック	n
フフフ	ふふふ	int
フリーランス	フリーランス	n
プレビュー	プレビュー	n
ホルダー	ホルダー	n
ポーター	ポーター	n
マシュマロ	マシュマロ	n
モットー	モットー	n
モロッコ	モロッコ	n
ランドセル	ランドセル	n
ルーク	ルーク	n
レンタカー	レンタカー	n
一変	いっぺん	vs
下層	かそう	n
不利益	ふりえき	n
両足	りょうそく	n
主食	しゅしょく	n
乗用車	じょうようしゃ	n
乱舞	らんぶ	vs
交番	こうばん	n
仕上がり	しあがり	n
他方	たほう	n
代役	だいやく	n
余儀なく	よぎなく	adv
作法	さほう	n
催し	もよおし	n
公然	こうぜん	n
兵力	へいりょく	n
凱旋	がいせん	vs
出向	しゅっこう	vs
出没	しゅつぼつ	vs
前橋	まえばし	n
剥がれ	はがれ	n
即ち	すなわち	adv
原価	げんか	n
原案	げんあん	n
口内	こうない	n
口論	こうろん	vs
問答	もんどう	vs
国体	こくたい	n
堤防	ていぼう	vs
増幅	ぞうふく	vs
大王	だいおう	n
大神	おおかみ	n
奥義	おうぎ	n
嫌気	いやき	vs
定住	ていじゅう	vs
実業	じつぎょう	n
対局	たいきょく	vs
専務	せんむ	n
履修	りしゅう	vs
崩す	くずす	v5s
左足	ひだりあし	n
底辺	ていへん	n
応急	おうきゅう	n
忠義	ちゅうぎ	adj-na
悪戯	いたずら	vs
愛車	あいしゃ	n
抑止	よくし	vs
挟む	はさむ	v5m
捕まえる	つかまえる	v1
擬似	ぎじ	n
旅人	たびびと	n
春休み	はるやすみ	n
望月	もちづき	n
殿堂	でんどう	n
海鮮	かいせん	n
渋い	しぶい	adj-i
牝	めす	n
特訓	とっくん	vs
現存	げんぞん	vs
番線	ばんせん	n
盛り上げる	もりあげる	v1
眼科	がんか	n
知覚	ちかく	vs
硬化	こうか	vs
窒素	ちっそ	n
笹	ささ	n
篠原	しのはら	n
継ぐ	つぐ	v5g
綾子	りんず	n
緋	あけ	n
義務付け	ぎむづけ	n
胸元	むなもと	n
腎	じん	n
舗装	ほそう	vs
花びら	はなびら	n
若葉	わかば	n
藤本	とうほん	n
血糖	けっとう	n
表題	ひょうだい	n
被曝	ひばく	vs
言い過ぎ	いいすぎ	n
試行	しこう	vs
請負	うけおい	n
謂	いい	n
謝り	あやまり	n
躍進	やくしん	vs
迷路	めいろ	n
送付	そうふ	vs
逃す	のがす	v5s
逆襲	ぎゃくしゅう	vs
進軍	しんぐん	vs
隼人	はやひと	n
露骨	ろこつ	adj-na
頒布	はんぷ	vs
騙す	だます	v5s
鵬	ほう	n
鼻血	はなぢ	n
おっちゃん	おっちゃん	n
おなじ	おなじ	n
おまかせ	おまかせ	vs
お手本	おてほん	n
ぐっと	ぐっと	adv
こまめ	こまめ	adj-na
だからといって	だからといって	conj
だらし	だらし	n
つかむ	つかむ	v5m
はちみつ	はちみつ	n
ひびき	ひびき	n
アニメーター	アニメーター	n
アー	ああ	int
インナー	インナー	n
イースト	イースト	n
ウィーク	ウィーク	n
ウッ	ウッ	int
ウラン	ウラン	n
オカルト	オカルト	n
オペレーター	オペレーター	n
カリウム	カリウム	n
ガッツ	ガッツ	n
グレート	グレート	adj-na
コレクター	コレクター	n
ゴールデンウィーク	ゴールデンウィーク	n
シェルター	シェルター	n
スカーフ	スカーフ	n
スコープ	スコープ	n
ストーム	ストーム	n
スパイラル	スパイラル	n
スピンオフ	スピンオフ	n
スワン	スワン	n
ダイバー	ダイバー	n
ダミー	ダミー	n
ダービー	ダービー	n
ツケ	つけ	n
テーマパーク	テーマパーク	n
ディスコ	ディスコ	n
ドーピング	ドーピング	n
バネ	ばね	n
パウダー	パウダー	n
パレスチナ	パレスチナ	n
ピック	ピック	n
ヘルシー	ヘルシー	adj-na
ホームセンター	ホームセンター	n
ラテン	らてん	n
ラブラブ	ラブラブ	vs
リフレッシュ	リフレッシュ	vs
レジスタンス	レジスタンス	n
ワル	わる	n
一昨年	おととし	n
一派	いっぱ	n
下る	くだる	v5r
中国共産党	ちゅうごくきょうさんとう	n
中絶	ちゅうぜつ	vs
事典	じてん	n
代え	かえ	n
仮名	かめい	n
仲間入り	なかまいり	vs
儀	ぎ	n
兆候	ちょうこう	n
兜	かぶと	n
凶器	きょうき	n
初耳	はつみみ	n
利権	りけん	n
前立腺	ぜんりつせん	n
勝ち越し	かちこし	n
区内	くない	n
参上	さんじょう	vs
只今	しこん	conj
同類	どうるい	n
名づけ	なづけ	n
名乗り	なのり	vs
嗣	し	n
在学	ざいがく	vs
堕落	だらく	vs
堤	つつみ	n
塩素	えんそ	n
夕暮れ	ゆうぐれ	adv
外壁	がいへき	n
多岐	たき	adj-na
大盛り	おおもり	n
太陽系	たいようけい	n
奇襲	きしゅう	vs
実例	じつれい	n
実情	じつじょう	n
寄稿	きこう	vs
密輸	みつゆ	vs
山城	やまじろ	n
左利き	ひだりきき	n
年賀状	ねんがじょう	n
廃人	はいじん	n
引き分け	ひきわけ	n
征	しちょう	n
後進	こうしん	n
必至	ひっし	adj-na
必需	ひつじゅ	n
忍耐	にんたい	vs
急ぐ	いそぐ	v5g
悪霊	あくりょう	n
悶絶	もんぜつ	vs
情報処理	じょうほうしょり	n
感銘	かんめい	vs
慈悲	じひ	n
憎い	にくい	adj-i
戦中	せんちゅう	n
戦慄	せんりつ	vs
手札	てふだ	n
招致	しょうち	vs
摘出	てきしゅつ	vs
斎	とき	n
映り	うつり	n
松原	まつばら	n
梅酒	うめしゅ	n
極度	きょくど	n
楽団	がくだん	n
楽屋	がくや	n
標本	ひょうほん	n
次長	じちょう	n
歩兵	ほへい	n
泳ぎ	およぎ	n
激突	げきとつ	vs
火炎	かえん	n
炸裂	さくれつ	vs
片足	かたあし	n
特捜	とくそう	n
献身	けんしん	vs
町長	ちょうちょう	n
疾風	しっぷう	n
着目	ちゃくもく	vs
祖父母	そふぼ	n
福音	ふくいん	n
禿げ	はげ	n
税務署	ぜいむしょ	n
立案	りつあん	vs
策略	さくりゃく	n
粛清	しゅくせい	vs
精進	しょうじん	vs
紙面	しめん	n
絶えず	たえず	adv
絹	きぬ	n
総称	そうしょう	vs
置き換える	おきかえる	v1
翻弄	ほんろう	vs
脱水	だっすい	vs
腕前	うでまえ	n
腹痛	ふくつう	n
舞い	まい	n
船舶	せんぱく	n
色素	しきそ	n
蔓延	まんえん	vs
藁	わら	n
行き来	ゆきき	vs
製法	せいほう	n
西暦	せいれき	n
見極め	みきわめ	n
覚	さとり	n
誓う	ちかう	v5u
貫く	つらぬく	v5k
貯まる	たまる	v5r
退役	たいえき	vs
透視	とうし	vs
逸脱	いつだつ	vs
運勢	うんせい	n
道端	みちばた	n
陶器	とうき	n
電鉄	でんてつ	n
飛行場	ひこうじょう	n
饅頭	まんじゅう	n
駅伝	えきでん	n
駅員	えきいん	n
あげく	あげく	adv
おんなじ	おんなじ	n
かわし	かわし	n
くだり	くだり	n
ぜひとも	ぜひとも	adv
だらだら	だらだら	vs
つかみ	つかみ	n
つくづく	つくづく	adv
とらわれ	とらわれ	n
なおす	なおす	v5s
なりすまし	なりすまし	n
もっぱら	もっぱら	adv
ろくな	ろくな	
をめぐって	をめぐって	exp
アイリス	アイリス	n
アトム	アトム	n
イヴ	イブ	n
ウィスキー	ウイスキー	n
ギタリスト	ギタリスト	n
クッキング	クッキング	n
クランク	クランク	n
クレイジー	クレージー	adj-na
クレカ	クレカ	n
コンセント	コンセント	n
ゴーグル	ゴーグル	n
シャドー	シャドー	n
シロップ	シロップ	n
シー	シー	n
セラピー	セラピー	n
セルビア	セルビア	n
タイアップ	タイアップ	vs
ダブルス	ダブルス	n
チェックイン	チェックイン	vs
チャリティー	チャリティー	n
トウモロコシ	とうもろこし	n
トゲ	とげ	n
トランペット	トランペット	n
ニンジン	にんじん	n
ハト	はと	n
ハンサム	ハンサム	adj-na
パラレル	パラレル	adj-na
パワハラ	パワハラ	n
ビスケット	ビスケット	n
ピー	ピー	n
フィードバック	フィードバック	vs
ブロード	ブロード	n
プラ	プラ	n
ポジ	ポジ	n
マリファナ	マリファナ	n
モニタリング	モニタリング	n
モンキー	モンキー	n
リコール	リコール	vs
リモート	リモート	n
リンチ	リンチ	vs
レディー	レディー	n
ロジック	ロジック	n
三月	みつき	n
下流	かりゅう	n
不通	ふつう	n
不都合	ふつごう	adj-na
世辞	せじ	n
乳房	ちぶさ	n
亀裂	きれつ	n
今どき	いまどき	n
信州	しんしゅう	n
備蓄	びちく	vs
入団	にゅうだん	vs
全曲	ぜんきょく	n
共犯	きょうはん	n
再販	さいはん	n
出稼ぎ	でかせぎ	vs
分身	ぶんしん	n
刑法	けいほう	n
利子	りし	n
刺繍	ししゅう	vs
区切り	くぎり	n
卑劣	ひれつ	adj-na
危害	きがい	n
卸売	おろしうり	n
去勢	きょせい	vs
収める	おさめる	v1
口紅	くちべに	n
在り方	ありかた	n
変貌	へんぼう	vs
多種	たしゅ	adj-na
大腸	だいちょう	n
大雪	おおゆき	n
失態	しったい	n
学芸	がくげい	n
定評	ていひょう	n
対空	たいくう	n
届出	とどけで	n
帰化	きか	vs
広める	ひろめる	v1
待ち遠しい	まちどおしい	adj-i
待合室	まちあいしつ	n
御前	ごぜん	n
復縁	ふくえん	vs
思い切り	おもいきり	adv
憶測	おくそく	vs
懐疑	かいぎ	vs
或	ある	
所定	しょてい	n
手伝う	てつだう	v5u
手話	しゅわ	n
搾取	さくしゅ	vs
改憲	かいけん	vs
整合	せいごう	vs
時効	じこう	n
書道	しょどう	n
本拠地	ほんきょち	n
査定	さてい	vs
横領	おうりょう	vs
次女	じじょ	n
此処	ここ	pn
残骸	ざんがい	n
毒性	どくせい	n
河内	ハノイ	n
洗面	せんめん	vs
浴場	よくじょう	n
深層	しんそう	n
溶ける	とける	v1
溺れる	おぼれる	v1
漂流	ひょうりゅう	vs
無論	むろん	adv
焦げ	こげ	n
現に	げんに	adv
甚大	じんだい	adj-na
用具	ようぐ	n
留守番	るすばん	vs
白衣	はくい	n
相次ぐ	あいつぐ	v5g
真意	しんい	n
着任	ちゃくにん	vs
禅	ぜん	n
秀逸	しゅういつ	adj-na
移入	いにゅう	vs
税別	ぜいべつ	n
窒息	ちっそく	vs
窯	かま	n
競う	きそう	v5u
精鋭	せいえい	n
納期	のうき	n
絶品	ぜっぴん	n
肩書き	かたがき	n
脅かす	おどかす	v5s
至上	しじょう	n
致命傷	ちめいしょう	n
苑	その	n
英訳	えいやく	vs
茶屋	ちゃや	n
草食	そうしょく	vs
蟻	あり	n
覆面	ふくめん	vs
見立て	みたて	n
視認	しにん	vs
証書	しょうしょ	n
詰	つめ	n
話し合う	はなしあう	v5u
誤認	ごにん	vs
読み上げ	よみあげ	n
譜面	ふめん	n
議	ぎ	n
越前	えちぜん	n
足りる	たりる	v1
車検	しゃけん	n
転向	てんこう	vs
軽蔑	けいべつ	vs
近道	ちかみち	vs
遺骨	いこつ	n
金儲け	かねもうけ	vs
鎮守	ちんじゅ	n
開戦	かいせん	vs
間際	まぎわ	n
集い	つどい	n
雑草	ざっそう	n
飛び込み	とびこみ	n
飽和	ほうわ	vs
馬身	ばしん	n
鱗	うろこ	n
黒板	こくばん	n
鼓動	こどう	vs
あそび	あそび	n
あの世	あのよ	n
いてる	いてる	v1
おわり	おわり	n
お母様	おかあさま	n
かっぱ	かっぱ	n
きのう	きのう	n
こんにゃく	こんにゃく	n
じいさん	じいさん	n
すんなり	すんなり	vs
ちくしょう	ちくしょう	n
やけど	やけど	vs
ゆるい	ゆるい	adj-i
ろくに	ろくに	adv
アミ	アミ	n
アロマ	アロマ	adj-na
インデックス	インデックス	n
ウェイン	ウェイン	vs
オリオン	オリオン	n
カカオ	カカオ	n
カッパ	カッパ	n
ガソリンスタンド	ガソリンスタンド	n
ガラ	ガラ	n
キチ	キチ	n
キモイ	キモイ	adj-i
グリップ	グリップ	n
グルグル	ぐるぐる	adv
サイレン	サイレン	n
シアン	シアン	n
ジャスミン	ジャスミン	n
ジュエル	ジュエル	n
セメント	セメント	n
チョウ	ちょう	n
デコ	デコ	n
ドリフト	ドリフト	n
ナット	ナット	n
ニャン	にゃん	int
ニュージャージー	ニュージャージー	n
ヌルヌル	ヌルヌル	vs
ネトゲ	ネトゲ	n
ノリノリ	のりのり	adj-na
ハイキング	ハイキング	n
ハングル	ハングル	n
バツ	ばつ	n
ヒーター	ヒーター	n
ピアニスト	ピアニスト	n
ピーナッツ	ピーナッツ	n
ファイブ	ファイブ	n
フェーズ	フェーズ	n
ヘイト	ヘイト	n
マスト	マスト	adj-na
マドンナ	マドンナ	n
メモリアル	メモリアル	n
モノマネ	ものまね	vs
一服	いっぷく	vs
一直線	いっちょくせん	n
中型	ちゅうがた	n
中庭	なかにわ	n
丹	に	n
乗馬	じょうば	vs
人道	じんどう	n
何様	なにさま	n
債	さい	n
出逢い	であい	n
切実	せつじつ	adj-na
力学	りきがく	n
卍	まんじ	n
原付	げんつき	n
取り引き	とりひき	vs
取扱い	とりあつかい	n
受理	じゅり	vs
口出し	くちだし	vs
后	きさき	n
品番	ひんばん	n
四月	よつき	n
困窮	こんきゅう	vs
図解	ずかい	vs
園長	えんちょう	n
変遷	へんせん	vs
夏季	かき	n
如月	きさらぎ	n
威	い	n
媚薬	びやく	n
実効	じっこう	n
密集	みっしゅう	vs
屑	くず	n
師団	しだん	n
帯域	たいいき	n
平民	へいみん	n
幾度	いくど	adv
度数	どすう	n
彗星	すいせい	n
心強い	こころづよい	adj-i
愛護	あいご	vs
懇談	こんだん	vs
手掛ける	てがける	v1
折る	おる	v5r
掛け持ち	かけもち	vs
揃える	そろえる	v1
撲滅	ぼくめつ	vs
教皇	きょうこう	n
早くから	はやくから	exp
時限	じげん	n
暴れる	あばれる	v1
有り得	ありう	
末路	まつろ	n
果汁	かじゅう	n
核心	かくしん	n
格段	かくだん	n
殲滅	せんめつ	vs
殺傷	さっしょう	vs
決行	けっこう	vs
浮遊	ふゆう	vs
測る	はかる	v5r
湊	みなと	n
満腹	まんぷく	vs
溜まり	たまり	n
演歌	えんか	n
無害	むがい	adj-na
狸	たぬき	n
理学	りがく	n
環境省	かんきょうしょう	n
生還	せいかん	vs
発令	はつれい	vs
直に	じきに	adv
着ける	つける	v1
石橋	いしばし	n
突出	とっしゅつ	vs
立ち上がる	たちあがる	v5r
笑い声	わらいごえ	n
筋力	きんりょく	n
素質	そしつ	n
終電	しゅうでん	n
総じて	そうじて	adv
美貌	びぼう	n
聖戦	せいせん	n
航行	こうこう	vs
船体	せんたい	n
蒸留	じょうりゅう	vs
行き過ぎ	いきすぎ	n
見どころ	みどころ	n
見所	けんじょ	n
見覚え	みおぼえ	n
訃報	ふほう	n
貞	てい	n
転用	てんよう	vs
迎撃	げいげき	vs
近々	ちかぢか	n
近づける	ちかづける	v1
連隊	れんたい	n
過大	かだい	adj-na
邦楽	ほうがく	n
配色	はいしょく	vs
陸奥	むつ	n
隠れる	かくれる	v1
雇い	やとい	n
音楽家	おんがくか	n
順に	じゅんに	adv
顔立ち	かおだち	n
鳥居	とりい	n
黒色	くろいろ	n
おむつ	おむつ	n
かき氷	かきごおり	n
ご馳走	ごちそう	n
しっとり	しっとり	vs
しゃぶしゃぶ	しゃぶしゃぶ	n
ちょこっと	ちょこっと	adv
つかさ	つかさ	n
つぼみ	つぼみ	n
ぴょん	ぴょん	adv
むずかしい	むずかしい	adj-i
もしや	もしや	adv
アゴ	あご	n
アナリスト	アナリスト	n
アラサー	アラサー	exp
アリア	アリア	n
イニシャル	イニシャル	n
ウナギ	うなぎ	n
エスカレート	エスカレート	vs
エデン	エデン	n
オーシャン	オーシャン	n
カバ	かば	n
カートリッジ	カートリッジ	n
グラ	グラ	n
コロン	コロン	n
コーティング	コーティング	vs
サウジアラビア	サウジアラビア	n
サニー	サニー	n
シェイク	シェーク	vs
シスター	シスター	n
ゾッと	ぞっと	vs
トップページ	トップページ	n
トンボ	トンボ	n
ニックネーム	ニックネーム	n
ニュートン	ニュートン	n
ノミ	のみ	n
バトン	バトン	n
フェルト	フェルト	n
ブレンド	ブレンド	vs
マーカー	マーカー	n
メイキング	メイキング	n
メディカル	メディカル	n
ヤダ	やだ	int
ラマ	ラマ	n
ヴァイオリン	バイオリン	n
一新	いっしん	vs
七夕	たなばた	n
不味い	まずい	adj-i
不穏	ふおん	adj-na
主教	しゅきょう	n
亜鉛	あえん	n
仏像	ぶつぞう	n
付け加え	つけくわえ	n
伝言	つてこと	n
似合い	にあい	n
信心	しんじん	vs
偏り	かたより	n
偽善	ぎぜん	n
先物	さきもの	n
公務	こうむ	n
公道	こうどう	n
兵団	へいだん	n
冷酷	れいこく	adj-na
切腹	せっぷく	vs
剣士	けんし	n
北口	きたぐち	n
反復	はんぷく	vs
口腔	こうこう	n
史実	しじつ	n
各駅	かくえき	n
合える	あえる	v1
呑み	のみ	n
商工	しょうこう	n
四方	しほう	n
因縁	いんねん	n
国鉄	こくてつ	n
地検	ちけん	n
堅	けん	n
変質	へんしつ	vs
外貨	がいか	n
天地	てんち	n
女医	じょい	n
威圧	いあつ	n
嫌味	いやみ	n
小人	しょうにん	n
尚更	なおさら	adv
巷	ちまた	n
巻き込む	まきこむ	v5m
幼虫	ようちゅう	n
弱み	よわみ	n
役場	やくば	n
待ち時間	まちじかん	n
従軍	じゅうぐん	vs
性愛	せいあい	n
息抜き	いきぬき	vs
手柄	てがら	n
捗る	はかどる	v5r
揉め	もめ	n
支社	ししゃ	n
日にち	ひにち	n
日差し	ひざし	n
曲がる	まがる	v5r
書面	しょめん	n
朝方	あさがた	n
本位	ほんい	n
本誌	ほんし	n
柚	ゆず	n
根元	ねもと	n
極東	きょくとう	n
気に入り	きにいり	n
測量	そくりょう	vs
物品	ぶっぴん	n
狂人	きょうじん	n
獄	ごく	n
異変	いへん	n
異物	いぶつ	n
疾病	しっぺい	n
病人	びょうにん	n
確証	かくしょう	n
積	せき	n
突発	とっぱつ	vs
第一歩	だいいっぽ	n
等しく	ひとしく	adv
等身	とうしん	n
簡略	かんりゃく	adj-na
精査	せいさ	vs
系譜	けいふ	n
納品	のうひん	vs
素性	すじょう	n
紺	こん	n
組み合わせる	くみあわせる	v1
総長	そうちょう	n
縄張り	なわばり	n
繁華	はんか	adj-na
自分勝手	じぶんかって	n
至近	しきん	n
茶番	ちゃばん	n
裏切り者	うらぎりもの	n
補修	ほしゅう	vs
褒める	ほめる	v1
親分	おやぶん	n
言いなり	いいなり	n
言い換え	いいかえ	vs
詞	し	n
警部補	けいぶほ	n
足場	あしば	n
蹴る	ける	v5r
身柄	みがら	n
軍服	ぐんぷく	n
軍用	ぐんよう	n
軽視	けいし	vs
轟	とどろ	adv
近接	きんせつ	vs
迫り	せり	n
途方	とほう	n
連立	れんりつ	vs
遺品	いひん	n
遺書	いしょ	n
郵政	ゆうせい	n
鉱物	こうぶつ	n
開演	かいえん	vs
降ろし	おろし	n
陥落	かんらく	vs
面々	めんめん	n
顕微鏡	けんびきょう	n
養う	やしなう	v5u
魚介	ぎょかい	n
鳴く	なく	v5k
麹	こうじ	n
いたく	いたく	vs
おばあさん	おばあさん	n
かいな	かいな	n
くれぐれも	くれぐれも	adv
さゆり	さゆり	n
さんざん	さんざん	adj-na
しみじみ	しみじみ	adv
たぬき	たぬき	n
たわごと	たわごと	n
どうこう	どうこう	vs
なつかしい	なつかしい	adj-i
ぶつける	ぶつける	v1
もってこい	もってこい	exp
やけに	やけに	adv
らっしゃる	らっしゃる	v5r
わんさ	わんさ	adv
ウジ	うじ	n
ウニ	うに	n
エンターテインメント	エンターテインメント	n
オートバイ	オートバイ	n
ガマン	がまん	vs
キーパー	キーパー	n
グラント	グラント	n
ケンタッキー	ケンタッキー	n
サテライト	サテライト	n
シェリー	シェリー	n
シリウス	シリウス	n
タック	タック	n
チャネル	チャネル	n
ディフェンス	ディフェンス	n
トレー	トレー	n
ハニー	ハニー	n
バロン	バロン	n
バント	バント	vs
パーソナル	パーソナル	adj-na
ビクトリア	ビクトリア	n
ピストル	ピストル	n
ピート	ピート	n
ヘイトスピーチ	ヘイトスピーチ	n
ベネズエラ	ベネズエラ	n
モミ	もみ	n
リーダーシップ	リーダーシップ	n
ルーター	ルーター	n
一筋	ひとすじ	n
三宮	さんぐう	n
上質	じょうしつ	adj-na
下駄	げた	n
不運	ふうん	n
世襲	せしゅう	vs
丙	へい	n
交配	こうはい	vs
代弁	だいべん	vs
休める	やすめる	v1
修繕	しゅうぜん	vs
優等生	ゆうとうせい	n
先程	さきほど	n
全集	ぜんしゅう	n
出国	しゅっこく	vs
出陣	しゅつじん	vs
初級	しょきゅう	n
判り	わかり	n
労災	ろうさい	n
勿体ない	もったいない	adj-i
協賛	きょうさん	vs
原住民	げんじゅうみん	n
原材料	げんざいりょう	n
反感	はんかん	n
取り下げ	とりさげ	n
取組	とりくみ	n
受け止める	うけとめる	v1
古き	ふるき	n
吹き出し	ふきだし	n
和訳	わやく	vs
善悪	ぜんあく	n
善良	ぜんりょう	adj-na
固執	こしつ	vs
在来	ざいらい	n
大まか	おおまか	adj-na
大河ドラマ	たいがドラマ	n
定例	ていれい	n
小杉	こすぎ	n
就く	つく	v5k
山内	さんない	n
巻く	まく	v5k
廃車	はいしゃ	n
建国	けんこく	vs
弱虫	よわむし	n
弾き語り	ひきがたり	n
御用達	ごようたし	n
忘年会	ぼうねんかい	n
念頭	ねんとう	n
恩返し	おんがえし	vs
悲観	ひかん	vs
手洗い	てあらい	n
授乳	じゅにゅう	vs
掘削	くっさく	vs
採算	さいさん	n
操	みさお	n
散策	さんさく	vs
斑	むら	n
昔話	むかしばなし	n
望遠鏡	ぼうえんきょう	n
本意	ほんい	n
本舗	ほんぽ	n
条文	じょうぶん	n
栞	しおり	n
格付け	かくづけ	vs
検閲	けんえつ	vs
構える	かまえる	v1
止まれ	とまれ	exp
死傷	ししょう	vs
殺菌	さっきん	vs
法学部	ほうがくぶ	n
法規	ほうき	n
海峡	かいきょう	n
淡い	あわい	adj-i
灯台	とうだい	n
無傷	むきず	n
煽る	あおる	v5r
片思い	かたおもい	n
王将	おうしょう	n
生計	せいけい	n
癒す	いやす	v5s
白米	はくまい	n
看守	かんしゅ	n
禁酒	きんしゅ	vs
粗末	そまつ	adj-na
終点	しゅうてん	n
統括	とうかつ	vs
織り	おり	n
置き去り	おきざり	n
美少年	びしょうねん	n
習い	ならい	n
臨む	のぞむ	v5m
自前	じまえ	n
自画	じが	n
至急	しきゅう	n
著しい	いちじるしい	adj-i
融通	ゆうずう	vs
親御	おやご	n
観賞	かんしょう	vs
許諾	きょだく	vs
谷川	たにがわ	n
貧血	ひんけつ	n
買い上げ	かいあげ	n
通院	つういん	vs
連戦	れんせん	vs
運輸	うんゆ	n
過敏	かびん	adj-na
遠方	えんぽう	n
酔う	よう	v5u
釜山	プサン	n
長続き	ながつづき	vs
降格	こうかく	vs
離	り	n
高揚	こうよう	vs
鼠	ねずみ	n
あたりまえ	あたりまえ	n
いずみ	いずみ	n
お先に	おさきに	adv
きれる	きれる	v1
くだら	くだら	n
ごちゃごちゃ	ごちゃごちゃ	vs
つま先	つまさき	n
のぼり	のぼり	n
むかつく	むかつく	v5k
アテナ	アテーナー	n
アルミニウム	アルミニウム	n
アル中	アルちゅう	n
アンサンブル	アンサンブル	n
イデオロギー	イデオロギー	n
カルマ	カルマ	n
カーボン	カーボン	n
キャスティング	キャスティング	n
キュン	きゅん	adv
ケット	ケット	n
コカイン	コカイン	n
コンパニオン	コンパニオン	n
ゴージャス	ゴージャス	adj-na
サバンナ	サバンナ	n
ジャーナリズム	ジャーナリズム	n
スタック	スタック	n
ステロイド	ステロイド	n
ストロー	ストロー	n
スリーブ	スリーブ	n
ダイアナ	ディアーナ	n
ダーツ	ダーツ	n
チタン	チタン	n
チューナー	チューナー	n
テンプレート	テンプレート	n
デニム	デニム	n
ヌードル	ヌードル	n
ノンケ	ノンケ	n
バッハ	バッハ	n
パイン	パイン	n
パース	パース	n
ビルマ	ビルマ	n
ビートルズ	ビートルズ	n
ブレード	ブレード	n
ブロガー	ブロガー	n
ブロッコリー	ブロコリ	n
ブロー	ブロー	vs
マキシ	マキシ	n
ミキサー	ミキサー	n
ムック	ムック	n
メッシュ	メッシュ	n
ラット	ラット	n
リフォーム	リフォーム	vs
リプライ	リプライ	n
リポート	レポート	vs
レーサー	レーサー	n
ローブ	ローブ	n
一心	いっしん	adv
万一	まんいち	n
三日月	みかづき	n
下手くそ	へたくそ	adj-na
下級	かきゅう	n
不意	ふい	adj-na
不透明	ふとうめい	adj-na
両論	りょうろん	n
並列	へいれつ	vs
並木	なみき	n
中途	ちゅうと	n
乞食	こじき	n
事変	じへん	n
人命	じんめい	n
伐採	ばっさい	vs
位置付け	いちづけ	n
光速	こうそく	n
入部	にゅうぶ	vs
八つ	やっつ	
出先	でさき	n
出掛ける	でかける	v1
前衛	ぜんえい	n
割れる	われる	v1
加護	かご	vs
収縮	しゅうしゅく	vs
受託	じゅたく	vs
口頭	こうとう	n
古参	こさん	n
右折	うせつ	vs
君臨	くんりん	vs
唾液	だえき	n
喘息	ぜんそく	n
嘆き	なげき	n
埋め立て	うめたて	n
安物	やすもの	n
定型	ていけい	n
少尉	しょうい	n
山陽	さんよう	n
川柳	かわやなぎ	n
工法	こうほう	n
市区	しく	n
年配	ねんぱい	n
年長	ねんちょう	n
廃業	はいぎょう	vs
引き受ける	ひきうける	v1
引っ越す	ひっこす	v5s
強者	きょうしゃ	n
後頭部	こうとうぶ	n
御免	ごめん	int
御礼	おれい	n
恋しい	こいしい	adj-i
惣菜	そうざい	n
愛嬌	あいきょう	n
手本	てほん	n
手腕	しゅわん	n
打点	だてん	n
持ち出す	もちだす	v5s
描画	びょうが	vs
撮れる	とれる	v1
散布	さんぷ	vs
易	えき	n
書房	しょぼう	n
有償	ゆうしょう	n
木星	もくせい	n
検診	けんしん	vs
歩む	あゆむ	v5m
淡路	あわじ	n
減額	げんがく	vs
漬物	つけもの	n
潮吹き	しおふき	n
激化	げきか	vs
灼熱	しゃくねつ	n
点滅	てんめつ	vs
片側	かたがわ	n
独創	どくそう	vs
玄米	げんまい	n
現世	げんせい	n
球体	きゅうたい	n
異国	いこく	n
病原	びょうげん	n
目次	もくじ	n
知見	ちけん	vs
砕け	くだけ	n
突く	つく	v5k
突起	とっき	vs
笠	かさ	n
簿記	ぼき	vs
純愛	じゅんあい	n
練り	ねり	n
罰則	ばっそく	n
肉屋	にくや	n
胡椒	こしょう	n
自滅	じめつ	vs
自炊	じすい	vs
良品	りょうひん	n
萎える	なえる	v1
虚	きょ	n
被せ	きせ	n
被弾	ひだん	vs
親近	しんきん	vs
評	ひょう	n
試行錯誤	しこうさくご	vs
誇張	こちょう	vs
議事堂	ぎじどう	n
責務	せきむ	n
貸出	かしだし	vs
資	し	n
軟式	なんしき	n
転校	てんこう	vs
農産物	のうさんぶつ	n
退会	たいかい	vs
退却	たいきゃく	vs
送検	そうけん	vs
逆らう	さからう	v5u
通達	つうたつ	vs
都営	とえい	n
錯誤	さくご	n
長め	ながめ	n
長袖	ながそで	n
附属	ふぞく	vs
靖国神社	やすくにじんじゃ	n
預ける	あずける	v1
頭上	ずじょう	n
頭文字	かしらもじ	n
飲み屋	のみや	n
館内	かんない	n
駆け引き	かけひき	n
黎明	れいめい	n
えらく	えらく	adv
おさえ	おさえ	n
おぼえ	おぼえ	n
おろか	おろか	exp
お買い得	おかいどく	n
きらり	きらり	adv
たどる	たどる	v5r
たんす	たんす	n
ならば	ならば	
はやり	はやり	n
ぱっと	ぱっと	vs
ふざける	ふざける	v1
まぶた	まぶた	n
アベノミクス	アベノミクス	n
イースター	イースター	n
カルテ	カルテ	n
カレッジ	カレッジ	n
キチン	キッチン	n
キャンドル	キャンドル	n
グラブ	グラブ	n
グリー	グリー	n
グロス	グロス	n
コスモ	コスモ	n
コスモス	コスモス	n
ザーメン	ザーメン	n
スターリング	スターリング	n
タチ	タチ	n
タナ	タナ	n
ダウ	ダウ	n
テンプ	テンプ	n
デジ	デジ	n
デフォルメ	デフォルメ	vs
ノエル	ノエル	n
パイオニア	パイオニア	n
パンティー	パンティー	n
ファックス	ファックス	vs
ブランコ	ぶらんこ	n
プラモデル	プラモデル	n
プリ	プリ	n
ホコリ	ほこり	n
ボーリング	ボウリング	vs
マグニチュード	マグニチュード	n
マルタ	マルタ	n
ミイラ	ミイラ	n
ミニチュア	ミニチュア	n
ラッパー	ラッパー	n
ラッピング	ラッピング	vs
リチウム	リチウム	n
万歳	ばんざい	int
下山	げざん	vs
中指	なかゆび	n
久し振り	ひさしぶり	adj-na
乾く	かわく	v5k
京阪	けいはん	n
仔	こ	n
他所	たしょ	n
伏線	ふくせん	n
低速	ていそく	n
保養	ほよう	vs
個数	こすう	n
兆し	きざし	n
先導	せんどう	vs
光沢	こうたく	n
公民館	こうみんかん	n
其の	その	
前代未聞	ぜんだいみもん	n
励み	はげみ	n
南口	みなみぐち	n
取り入れる	とりいれる	v1
同席	どうせき	vs
和牛	わぎゅう	n
営む	いとなむ	v5m
大社	たいしゃ	n
天皇陛下	てんのうへいか	n
契機	けいき	n
寄せる	よせる	v1
密閉	みっぺい	vs
対向	たいこう	vs
山羊	やぎ	n
嶋	しま	n
左下	ひだりした	n
引きずり	ひきずり	n
引ける	ひける	v1
待ち受け	まちうけ	n
志摩	しま	n
悪性	あくしょう	n
愛らしい	あいらしい	adj-i
成就	じょうじゅ	vs
手がかり	てがかり	n
手榴弾	しゅりゅうだん	n
挿絵	さしえ	n
採決	さいけつ	vs
推計	すいけい	vs
敵意	てきい	n
断固	だんこ	adv
於	おいて	conj
明細	めいさい	n
最年少	さいねんしょう	n
本塁打	ほんるいだ	n
本木	もとき	n
根絶	こんぜつ	vs
桶	おけ	n
梱包	こんぽう	vs
欠損	けっそん	vs
武道館	ぶどうかん	n
水位	すいい	n
決	けつ	n
法務省	ほうむしょう	n
注力	ちゅうりょく	vs
洗	せん	n
浄水	じょうすい	n
混在	こんざい	vs
済ませる	すませる	v1
滑る	すべる	v5r
潜り	もぐり	n
炭鉱	たんこう	n
無念	むねん	n
熱烈	ねつれつ	adj-na
爆死	ばくし	vs
特区	とっく	n
現在地	げんざいち	n
生まれつき	うまれつき	adv
疲弊	ひへい	vs
発声	はっせい	vs
白書	はくしょ	n
白雪姫	しらゆきひめ	n
盛況	せいきょう	n
直下	ちょっか	vs
秦	しん	n
稲妻	いなずま	n
立ち読み	たちよみ	vs
組成	そせい	vs
絶縁	ぜつえん	vs
置換	ちかん	vs
美形	びけい	n
肥大	ひだい	vs
胸部	きょうぶ	n
能登	のと	n
自家製	じかせい	n
自尊心	じそんしん	n
花屋	はなや	n
茶碗	ちゃわん	n
荒い	あらい	adj-i
荷重	におも	n
萬	ワン	ctr
薄め	うすめ	n
行き先	いきさき	n
議事	ぎじ	n
躍動	やくどう	vs
近江	おうみ	n
遠出	とおで	vs
遠足	えんそく	vs
部落	ぶらく	n
鍵盤	けんばん	n
開口	かいこう	vs
院内	いんない	n
陰毛	いんもう	n
頻発	ひんぱつ	vs
風力	ふうりょく	n
飛び出す	とびだす	v5s
駄菓子	だがし	n
おおむね	おおむね	adv
かなえ	かなえ	n
くしゃみ	くしゃみ	n
くっきり	くっきり	vs
くるくる	くるくる	vs
ごちそう	ごちそう	n
しぐさ	しぐさ	n
しずく	しずく	vs
じつは	じつは	exp
たいして	たいして	exp
たたき	たたき	n
たった今	たったいま	adv
たのむ	たのむ	v5m
ためし	ためし	n
とどまる	とどまる	v5r
なんにも	なんにも	adv
まくら	まくら	n
まんじゅう	まんじゅう	n
みりん	みりん	n
むっちゃ	むっちゃ	adj-na
めったに	めったに	adv
めでたい	めでたい	adj-i
イタチ	いたち	n
クリティカル	クリティカル	n
クローズ	クローズ	vs
ケリ	けり	n
コンペ	コンペ	n
シンポジウム	シンポジウム	n
ジャスト	ジャスト	adv
ジュエリー	ジュエリー	n
スジ	すじ	n
ゾロ	ゾロ	n
ドスケベ	どすけべ	n
ドロドロ	ドロドロ	adv
ナイジェリア	ナイジェリア	n
ハハハ	ハハハ	int
ハント	ハント	vs
バッティング	バッティング	n
バリアフリー	バリアフリー	n
パレス	パレス	n
フィーバー	フィーバー	vs
フラフラ	ふらふら	vs
ペンダント	ペンダント	n
マーメイド	マーメイド	n
ユナイテッド	ユナイテッド	n
ラオス	ラオス	n
ロバ	ロバ	n
一文	いちぶん	n
下ろす	おろす	v5s
不振	ふしん	n
乳酸菌	にゅうさんきん	n
事故死	じこし	vs
人造	じんぞう	n
今宵	こよい	n
仰る	おっしゃる	v5r
体現	たいげん	vs
何時	いつ	pn
余りに	あまりに	adv
余る	あまる	v5r
信濃	しなの	n
党内	とうない	n
公害	こうがい	n
兼用	けんよう	vs
内陸	ないりく	n
切り札	きりふだ	n
別居	べっきょ	vs
刻み	きざみ	n
前もって	まえもって	adv
割高	わりだか	adj-na
創出	そうしゅつ	vs
北極	ほっきょく	n
升	ます	n
厚み	あつみ	n
原動力	げんどうりょく	n
取り込む	とりこむ	v5m
受領	じゅりょう	vs
可憐	かれん	adj-na
同好	どうこう	n
喜劇	きげき	n
圧巻	あっかん	n
地方自治体	ちほうじちたい	n
地表	ちひょう	n
塗料	とりょう	n
境地	きょうち	n
声援	せいえん	vs
売店	ばいてん	n
大々的	だいだいてき	adj-na
大石	たいせき	n
大祭	たいさい	n
天秤	てんびん	n
娼婦	しょうふ	n
安芸	あき	n
家中	うちじゅう	n
寄り道	よりみち	vs
平ら	たいら	adj-na
弊害	へいがい	n
強豪	きょうごう	n
当の	とうの	
忌	き	n
怒涛	どとう	n
悪名	あくめい	n
抜擢	ばってき	vs
拭き	ふき	n
振り付け	ふりつけ	vs
撤収	てっしゅう	vs
攻防	こうぼう	n
旨味	うまみ	n
早苗	さなえ	n
晴れる	はれる	v1
暗黙	あんもく	n
暴落	ぼうらく	vs
有り難い	ありがたい	adj-i
有様	ありさま	n
朝飯	あさめし	n
木々	きぎ	n
材質	ざいしつ	n
来客	らいきゃく	n
梁	やな	n
検挙	けんきょ	vs
様子見	ようすみ	vs
様相	ようそう	n
欲情	よくじょう	vs
毀損	きそん	vs
比喩	ひゆ	n
水彩	すいさい	n
注釈	ちゅうしゃく	vs
活力	かつりょく	n
活気	かっき	n
浜辺	はまべ	n
消息	しょうそく	n
深める	ふかめる	v1
清浄	せいじょう	adj-na
滑稽	こっけい	adj-na
激励	げきれい	vs
無茶苦茶	むちゃくちゃ	adj-na
牧	まき	n
牧野	ぼくや	n
牽制	けんせい	vs
産卵	さんらん	vs
疑わしい	うたがわしい	adj-i
登壇	とうだん	vs
白血病	はっけつびょう	n
直視	ちょくし	vs
真下	ました	n
秋月	しゅうげつ	n
究明	きゅうめい	vs
窮屈	きゅうくつ	adj-na
竜王	りゅうおう	n
節目	ふしめ	n
範疇	はんちゅう	n
緩め	ゆるめ	n
繰り広げる	くりひろげる	v1
背番号	せばんごう	n
膳	ぜん	n
自室	じしつ	n
自虐	じぎゃく	n
苦言	くげん	n
萩原	はぎはら	n
葛	くず	n
虚無	きょむ	n
見返し	みかえし	n
解ける	とける	v1
調書	ちょうしょ	n
赤旗	あかはた	n
起点	きてん	n
趣	おもむき	n
趣向	しゅこう	n
返	へん	n
追い詰める	おいつめる	v1
退位	たいい	vs
逃げ出す	にげだす	v5s
運河	うんが	n
里子	さとご	n
重心	じゅうしん	n
金賞	きんしょう	n
風速	ふうそく	n
飢餓	きが	n
いってん	いってん	vs
うける	うける	v1
うわさ	うわさ	vs
お寺	おてら	n
お決まり	おきまり	n
くびれ	くびれ	n
しずか	しずか	adj-na
じいちゃん	じいちゃん	n
すれ違い	すれちがい	n
すれ違う	すれちがう	v5u
せんべい	せんべい	n
つかい	つかい	n
つらく	つらく	adv
なんぼ	なんぼ	adv
ひよこ	ひよこ	n
ふんわり	ふんわり	adv
ぼちぼち	ぼちぼち	adv
アボカド	アボカド	n
アメフト	アメフト	n
イモ	いも	n
インコ	いんこ	n
インスタグラム	インスタグラム	n
カンザス	カンザス	n
キュウリ	きゅうり	n
クンニ	クンニ	n
ゲ	ゲッ	int
スターター	スターター	n
タヌキ	たぬき	n
ダイス	ダイス	n
ダクト	ダクト	n
ドラッグストア	ドラッグストア	n
ハイボール	ハイボール	n
ヒューズ	ヒューズ	n
フォワード	フォワード	n
ブラザー	ブラザー	n
プロトタイプ	プロトタイプ	n
プロパガンダ	プロパガンダ	n
ヘッダー	ヘッダー	n
マトリックス	マトリックス	n
モカ	モカ	n
モデリング	モデリング	n
ユタ	ユタ	n
リハビリテーション	リハビリテーション	n
リブ	リブ	n
リーディング	リーディング	n
リール	リール	n
ルース	ルース	n
レスポンス	レスポンス	vs
ロケーション	ロケーション	n
一口	ひとくち	n
一月	ひとつき	n
三陸	さんりく	n
下回る	したまわる	v5r
不妊	ふにん	n
中高	ちゅうこう	n
中高年	ちゅうこうねん	n
丸め	まるめ	n
乗り越える	のりこえる	v1
人情	にんじょう	n
人文	じんぶん	n
伝道	でんどう	vs
余命	よめい	n
余談	よだん	n
余韻	よいん	n
作為	さくい	vs
便宜	べんぎ	n
全う	まっとう	adj-na
公爵	こうしゃく	n
共済	きょうさい	n
分かち	わかち	n
副官	ふくかん	n
勲	いさお	n
千歳	せんねん	n
収拾	しゅうしゅう	vs
取り決め	とりきめ	n
取り立て	とりたて	n
古着	ふるぎ	n
同い年	おないどし	n
否認	ひにん	vs
呼び出す	よびだす	v5s
図面	ずめん	n
地質	ちしつ	n
均等	きんとう	n
垂らし	たらし	n
大判	おおばん	n
大相撲	おおずもう	n
大空	おおぞら	n
安静	あんせい	n
寝坊	ねぼう	vs
小中学生	しょうちゅうがくせい	n
小惑星	しょうわくせい	n
小道具	こどうぐ	n
少子	しょうし	n
少子化	しょうしか	vs
差分	さぶん	n
巳	み	n
帖	じょう	n
常温	じょうおん	n
座布団	ざぶとん	n
建つ	たつ	v5t
彼女ら	かのじょら	pn
必勝	ひっしょう	n
忍び	しのび	n
怪奇	かいき	adj-na
悪し	あし	
情け	なさけ	n
戯	あじゃら	n
手頃	てごろ	adj-na
折りたたみ	おりたたみ	n
押し出し	おしだし	n
押収	おうしゅう	vs
持ち歩く	もちあるく	v5k
掛け声	かけごえ	vs
搾り	しぼり	vs
文面	ぶんめん	n
新春	しんしゅん	n
日の丸	ひのまる	n
日給	にっきゅう	n
旭日	きょくじつ	n
明かり	あかり	n
替える	かえる	v1
最愛	さいあい	n
月日	つきひ	n
朝ドラ	あさドラ	n
此	こん	pn
武者	むしゃ	n
死角	しかく	n
気まま	きまま	adj-na
汽車	きしゃ	n
活字	かつじ	n
流体	りゅうたい	n
流血	りゅうけつ	vs
溶岩	ようがん	n
潜む	ひそむ	v5m
無法	むほう	n
爬虫類	はちゅうるい	n
献血	けんけつ	vs
生クリーム	なまクリーム	n
直球	ちょっきゅう	n
直進	ちょくしん	vs
眼球	がんきゅう	n
硫黄	いおう	n
祖	そ	n
神さま	かみさま	n
立ち上がり	たちあがり	n
紀元前	きげんぜん	n
納入	のうにゅう	vs
結社	けっしゃ	n
線量	せんりょう	n
締切	しめきり	n
美学	びがく	n
群衆	ぐんしゅう	n
背負う	せおう	v5u
色白	いろじろ	adj-na
英単語	えいたんご	n
落胆	らくたん	vs
衣類	いるい	n
裏返し	うらがえし	n
裸足	はだし	n
覇	は	n
詰まり	つまり	adv
論破	ろんぱ	vs
財閥	ざいばつ	n
貧乏人	びんぼうにん	n
貯める	ためる	v1
賛美	さんび	vs
起床	きしょう	vs
身動き	みうごき	vs
迷走	めいそう	vs
酸味	さんみ	n
鎌	かま	n
間に合い	まにあい	n
防ぎ	ふせぎ	n
集う	つどう	v5u
集大成	しゅうたいせい	vs
離党	りとう	vs
難病	なんびょう	n
難聴	なんちょう	n
難関	なんかん	n
青梅	あおうめ	n
面影	おもかげ	n
高卒	こうそつ	n
おける	おける	exp
お供	おとも	vs
お正月	おしょうがつ	n
かしこ	かしこ	exp
かぶり	かぶり	n
きっぷ	きっぷ	n
こんど	こんど	n
だるま	だるま	n
つなげる	つなげる	v1
ねだり	ねだり	n
はしご	はしご	n
めざまし	めざまし	n
アスファルト	アスファルト	n
エクササイズ	エクササイズ	n
カツラ	かつら	n
ガラガラ	ガラガラ	adv
ゲームセンター	ゲームセンター	n
コンゴ	コンゴ	n
ゴシップ	ゴシップ	n
サイコ	サイコ	n
ストリップ	ストリップ	n
スヌーピー	スヌーピー	n
スライダー	スライダー	n
スーパースター	スーパースター	n
ズーム	ズーム	n
ターミネーター	ターミネータ	n
ダントツ	だんトツ	n
チノ	チノ	n
チョット	ちょっと	adv
トイレットペーパー	トイレットペーパー	n
トラクター	トラクター	n
ドッキリ	ドッキリ	vs
ネバダ	ネバダ	n
ハチミツ	はちみつ	n
バタフライ	バタフライ	n
バッチ	バッチ	n
バルコニー	バルコニー	n
パルコ	パルコ	n
パレット	パレット	n
パーキング	パーキング	n
ヒョウ	ひょう	n
ビルド	ビルド	n
フェロモン	フェロモン	n
フュージョン	フュージョン	n
フランチャイズ	フランチャイズ	n
ブルーベリー	ブルーベリー	n
プロフ	プロフ	n
プロファイル	プロファイル	n
ボア	ボア	n
ポテチ	ポテチ	n
マツ	まつ	n
マネキン	マネキン	n
メアド	メアド	n
メッセ	メッセ	n
リラ	リラ	n
一文字	ひともじ	n
三角形	さんかくけい	n
上官	じょうかん	n
下宿	げしゅく	vs
下方	かほう	n
交信	こうしん	vs
付随	ふずい	vs
住職	じゅうしょく	vs
体裁	ていさい	n
依然	いぜん	adv
俗	ぞく	n
値上がり	ねあがり	n
優待	ゆうたい	vs
全勝	ぜんしょう	vs
公判	こうはん	n
共鳴	きょうめい	vs
円滑	えんかつ	adj-na
凝縮	ぎょうしゅく	vs
出だし	でだし	n
切り捨て	きりすて	n
刑罰	けいばつ	n
助っ人	すけっと	n
効能	こうのう	n
半月	はんげつ	n
卸	おろし	n
原産	げんさん	n
取り付ける	とりつける	v1
取り外し	とりはずし	n
右派	うは	n
同年代	どうねんだい	n
呪術	じゅじゅつ	n
命じる	めいじる	v1
品物	しなもの	n
問屋	とんや	n
在る	ある	v5r
基幹	きかん	n
天文学	てんもんがく	n
宅地	たくち	n
安堵	あんど	vs
寝不足	ねぶそく	adj-na
届け出	とどけで	n
常設	じょうせつ	vs
平方メートル	へいほうメートル	n
府警	ふけい	n
延べ	のべ	n
強敵	きょうてき	n
後続	こうぞく	vs
快く	こころよく	adv
快挙	かいきょ	n
悔い	くい	n
振付	ふりつけ	vs
支	し	n
支那	しな	n
文体	ぶんたい	n
斬る	きる	v5r
明治維新	めいじいしん	n
最上階	さいじょうかい	n
松江	まつえ	n
校内	こうない	n
極める	きわめる	v1
水質	すいしつ	n
浣腸	かんちょう	vs
港湾	こうわん	n
無くす	なくす	v5s
無礼	ぶれい	n
煙突	えんとつ	n
熱血	ねっけつ	n
物産	ぶっさん	n
物販	ぶっぱん	n
独学	どくがく	vs
献金	けんきん	vs
環状	かんじょう	n
生育	せいいく	vs
用法	ようほう	n
病状	びょうじょう	n
発案	はつあん	vs
皇后	こうごう	n
皐月	さつき	n
真冬	まふゆ	n
眼差し	まなざし	n
短所	たんしょ	n
研磨	けんま	vs
税務	ぜいむ	n
立て直し	たてなおし	n
米ドル	べいドル	n
精算	せいさん	vs
糾弾	きゅうだん	vs
素早い	すばやい	adj-i
緊縛	きんばく	vs
腐る	くさる	v5r
腐食	ふしょく	vs
薬用	やくよう	n
蛾	が	n
裏腹	うらはら	adj-na
親愛	しんあい	n
言い回し	いいまわし	n
試算	しさん	vs
試聴	しちょう	vs
誤魔化し	ごまかし	n
諭吉	ゆきち	n
賭ける	かける	v1
身代わり	みがわり	n
車掌	しゃしょう	n
転居	てんきょ	vs
輪郭	りんかく	n
辛口	からくち	n
野良猫	のらねこ	n
金星	きんぼし	n
鉄拳	てっけん	n
鍛冶	かじ	n
鎮圧	ちんあつ	vs
閉塞	へいそく	vs
難解	なんかい	adj-na
電報	でんぽう	n
電極	でんきょく	n
霜	しも	n
非常勤	ひじょうきん	n
非道	ひどう	adj-na
音痴	おんち	n
音頭	おんど	n
食費	しょくひ	n
魔神	まじん	n
あいにく	あいにく	adj-na
おしい	おしい	adj-i
お喋り	おしゃべり	vs
お早う	おはよう	int
かなしい	かなしい	adj-i
かろうじて	かろうじて	adv
ごきげんよう	ごきげんよう	int
じじい	じじい	n
なんせ	なんせ	adv
はいり	はいり	vs
ほうれん草	ほうれんそう	n
まこと	まこと	adv
もどき	もどき	n
アドリブ	アドリブ	n
アプデ	アプデ	n
イノシシ	いのしし	n
ウンザリ	うんざり	vs
カウ	カウ	n
カーディガン	カーディガン	n
キリスト教徒	キリストきょうと	n
クォーター	クォーター	n
クローズアップ	クローズアップ	vs
コンテ	コンテ	n
コンディション	コンディション	n
ゴア	ゴア	n
サファイア	サファイア	n
サボテン	さぼてん	n
ジャッジ	ジャッジ	vs
スタンバイ	スタンバイ	vs
スチーム	スチーム	n
ステルス	ステルス	n
スパン	スパン	n
セダン	セダン	n
セッティング	セッティング	vs
テナント	テナント	n
デュエット	デュエット	vs
デリケート	デリケート	adj-na
デリバリー	デリバリー	n
バイパス	バイパス	vs
バズーカ	バズーカ	n
バール	バール	n
ビリ	ビリ	n
ビンビン	ビンビン	adv
ピンポン	ピンポン	n
フィッシャー	フィッシャー	n
フェミニスト	フェミニスト	n
ベーシック	ベーシック	adj-na
ボウリング	ボウリング	vs
ルンバ	ルンバ	n
ローテーション	ローテーション	n
ローマ字	ローマじ	n
ワカメ	わかめ	n
ワックス	ワックス	n
一気	いっき	n
両替	りょうがえ	vs
乗り換える	のりかえる	v1
仰天	ぎょうてん	vs
伝導	でんどう	vs
傍ら	かたわら	n
冥福	めいふく	n
凧	たこ	n
分量	ぶんりょう	vs
別冊	べっさつ	n
利く	きく	v5k
動き出す	うごきだす	v5s
包帯	ほうたい	vs
区民	くみん	n
医薬	いやく	n
千鳥	ちどり	n
占	うら	n
即刻	そっこく	n
及	および	conj
受け継ぐ	うけつぐ	v5g
口元	くちもと	n
同化	どうか	vs
名残	なごり	n
和服	わふく	n
品目	ひんもく	n
国技	こくぎ	n
大奥	おおおく	n
大福	だいふく	n
宜しい	よろしい	adj-i
寧	むしろ	adv
対外	たいがい	n
床下	ゆかした	n
廻り	めぐり	n
引っかかる	ひっかかる	v5r
彩色	さいしき	vs
性感	せいかん	n
性病	せいびょう	n
恐喝	きょうかつ	vs
想い出	おもいで	n
打率	だりつ	n
搬入	はんにゅう	vs
旅立ち	たびだち	vs
旗艦	きかん	n
日に日に	ひにひに	adv
晩餐	ばんさん	n
晴天	せいてん	n
書記	しょき	n
書評	しょひょう	vs
月光	げっこう	n
月面	げつめん	n
有識者	ゆうしきしゃ	n
本校	ほんこう	n
欅	けやき	n
永続	えいぞく	vs
浮き	うき	n
浮く	うく	v5k
深呼吸	しんこきゅう	vs
漏らす	もらす	v5s
灰皿	はいざら	n
照らす	てらす	v5s
現像	げんぞう	vs
生きがい	いきがい	n
男前	おとこまえ	n
異種	いしゅ	adj-na
直通	ちょくつう	vs
研修生	けんしゅうせい	n
破局	はきょく	n
硬式	こうしき	n
筆記	ひっき	vs
粥	かゆ	n
糖分	とうぶん	n
絨毯	じゅうたん	n
緩い	ゆるい	adj-i
縞	しま	n
織物	おりもの	n
翁	おう	n
船内	せんない	n
芽生え	めばえ	n
茄子	なす	n
草案	そうあん	n
蝉	せみ	n
被験者	ひけんしゃ	n
袴	はかま	n
西欧	せいおう	n
親和	しんわ	vs
読み書き	よみかき	n
譜	ふ	n
貸し出し	かしだし	vs
踏襲	とうしゅう	vs
車いす	くるまいす	n
転校生	てんこうせい	n
転覆	てんぷく	vs
載る	のる	v5r
逆さ	さかさ	n
造船	ぞうせん	vs
遺憾	いかん	adj-na
酵母	こうぼ	n
金城	きんじょう	n
錦織	にしきおり	n
長身	ちょうしん	n
風情	ふぜい	n
食中毒	しょくちゅうどく	n
高貴	こうき	adj-na
鮫	さめ	n
あさひ	あさひ	n
あらわれ	あらわれ	n
うらやま	うらやま	n
えーっと	えーっと	int
おかあさん	おかあさん	n
かなた	かなた	pn
かゆい	かゆい	adj-i
こだま	こだま	vs
さっと	さっと	adv
さらし	さらし	n
ちなみ	ちなみ	n
つづく	つづく	v5k
めざし	めざし	n
アワード	アワード	n
インストラクター	インストラクター	n
エックス	エックス	n
エルサレム	エルサレム	n
オレゴン	オレゴン	n
カリキュラム	カリキュラム	n
ガールフレンド	ガールフレンド	n
クオリティー	クオリティ	n
シナモン	シナモン	n
シャム	シャム	n
ショコラ	ショコラ	n
シンク	シンク	vs
ジュール	ジュール	n
ジョブ	ジョブ	n
スイート	スイート	adj-na
ストライプ	ストライプ	n
ストリーミング	ストリーミング	n
ストロベリー	ストロベリー	n
スナイパー	スナイパー	n
スリッパ	スリッパ	n
セキュリティー	セキュリティ	n
ソール	ソール	n
タマネギ	たまねぎ	n
ダジャレ	だじゃれ	n
トレース	トレース	vs
ナカ	ナカ	n
ニッコリ	にっこり	vs
バーコード	バーコード	n
ビクビク	ビクビク	vs
フィラデルフィア	フィラデルフィア	n
フォルム	フォルム	n
フグ	ふぐ	n
フフ	ふふふ	int
ブルガリア	ブルガリア	n
プロット	プロット	n
ペッパー	ペッパー	n
ホラ	ほら	n
ボラ	ボラ	n
ボンボン	ボンボン	n
ポイ	ポイ	n
ミカン	みかん	n
ミシン	ミシン	n
ミュージックビデオ	ミュージックビデオ	n
リサイタル	リサイタル	n
レポーター	リポーター	n
ロックバンド	ロックバンド	n
ロリータ	ロリータ	n
ワイヤレス	ワイヤレス	n
一石二鳥	いっせきにちょう	exp
不死	ふし	n
与	むた	n
中流	ちゅうりゅう	n
享受	きょうじゅ	vs
仙人	せんにん	n
会費	かいひ	n
伴奏	ばんそう	vs
信奉	しんぽう	vs
先ほど	さきほど	n
先取り	さきどり	vs
先送り	さきおくり	vs
先駆	せんく	vs
免責	めんせき	vs
入り込む	はいりこむ	v5m
公職	こうしょく	n
具現	ぐげん	vs
冷やす	ひやす	v5s
分厚い	ぶあつい	adj-i
初出	しょしゅつ	vs
前年度	ぜんねんど	adv
創る	つくる	v5r
北緯	ほくい	n
十字軍	じゅうじぐん	n
南方	なんぽう	n
厳禁	げんきん	vs
取り替え	とりかえ	n
受診	じゅしん	vs
召集	しょうしゅう	vs
史料	しりょう	n
回生	かいせい	vs
在留	ざいりゅう	vs
壷	つぼ	n
夜叉	やしゃ	n
大関	おおぜき	n
安らか	やすらか	adj-na
完封	かんぷう	vs
定か	さだか	adj-na
実技	じつぎ	n
寒冷	かんれい	n
射出	しゃしゅつ	vs
小児科	しょうにか	n
山奥	やまおく	n
巌	いわお	n
左折	させつ	vs
師範	しはん	adj-na
平原	へいげん	n
幻影	げんえい	n
幾何	きか	n
廉価	れんか	n
建て替え	たてかえ	vs
弘前	ひろさき	n
彼岸	ひがん	n
従者	じゅうしゃ	n
想起	そうき	n
慰霊	いれい	n
折り合い	おりあい	n
拭く	ふく	v5k
振る舞う	ふるまう	v5u
捕手	ほしゅ	n
捻出	ねんしゅつ	vs
揚げ物	あげもの	n
摘発	てきはつ	vs
放流	ほうりゅう	vs
敏	びん	adj-na
文房具	ぶんぼうぐ	n
斬首	ざんしゅ	vs
早乙女	さおとめ	n
時報	じほう	n
朝刊	ちょうかん	n
未明	みめい	n
末尾	まつび	n
枯渇	こかつ	vs
梅干し	うめぼし	n
横行	おうこう	vs
段差	だんさ	n
河原	かわら	n
油圧	ゆあつ	n
流儀	りゅうぎ	n
減税	げんぜい	vs
災難	さいなん	n
点在	てんざい	vs
烏丸	うがん	n
燕	つばめ	n
特選	とくせん	vs
生まれ変わり	うまれかわり	n
画策	かくさく	vs
画素	がそ	n
発泡	はっぽう	vs
百姓	ひゃくしょう	vs
着々	ちゃくちゃく	adv
着衣	ちゃくい	n
神輿	みこし	n
秘話	ひわ	n
空席	くうせき	n
細分	さいぶん	vs
組長	くみちょう	n
絵図	えず	n
続投	ぞくとう	vs
聞き取り	ききとり	n
聴衆	ちょうしゅう	n
脂肪酸	しぼうさん	n
臨場	りんじょう	vs
良識	りょうしき	n
蒙	もう	n
街角	まちかど	n
見栄え	みえ	n
誓約	せいやく	vs
買い手	かいて	n
身の回り	みのまわり	exp
軽率	けいそつ	adj-na
追い込む	おいこむ	v5m
退避	たいひ	vs
造語	ぞうご	vs
遊具	ゆうぐ	n
適格	てきかく	n
都議会	とぎかい	n
重たい	おもたい	adj-i
重なり	かさなり	n
金山	きんざん	n
金玉	きんたま	n
鈍感	どんかん	adj-na
鎮痛	ちんつう	n
電卓	でんたく	n
電柱	でんちゅう	n
面識	めんしき	n
頑	かたくな	adj-na
飛び込む	とびこむ	v5m
髄	ずい	n
高所	こうしょ	n
高裁	こうさい	n
鳥肌	とりはだ	n
黙る	だまる	v5r
あこがれ	あこがれ	n
ありとあらゆる	ありとあらゆる	exp
か国	かこく	ctr
けしからん	けしからん	exp
ご無沙汰	ごぶさた	vs
さとう	さとう	n
しのぶ	しのぶ	n
すぐさま	すぐさま	adv
たかい	たかい	adj-i
たちまち	たちまち	adv
つづき	つづき	n
なかよし	なかよし	n
まつげ	まつげ	n
みなす	みなす	v5s
むくみ	むくみ	n
むちゃくちゃ	むちゃくちゃ	adj-na
もろもろ	もろもろ	n
やかん	やかん	n
アシ	アシ	vs
アンソロジー	アンソロジー	n
アーモンド	アーモンド	n
イヤー	イヤ	n
インターフェース	インタフェース	n
ウーマン	ウーマン	n
エクスプレス	エクスプレス	n
カミングアウト	カミングアウト	vs
クソワロタ	クソワロタ	exp
グダグダ	グダグダ	adj-na
コットン	コットン	n
コンプ	コンプ	vs
サイクリング	サイクリング	n
サンゴ	さんご	n
ジュリー	ジュリー	n
ジューシー	ジューシー	adj-na
スタンフォード	スタンフォード	n
スライス	スライス	vs
チッ	チェ	int
チャイム	チャイム	n
トルク	トルク	n
ナプキン	ナプキン	n
ニー	ニー	n
ハイウェイ	ハイウエー	n
ハイスクール	ハイスクール	n
ハイビジョン	ハイビジョン	n
バイブル	バイブル	n
バレル	バレル	n
ブルゾン	ブルゾン	n
ペルシャ	ペルシャ	n
ホリデー	ホリデー	n
ポータル	ポータル	n
ポーラ	ポーラー	n
マサチューセッツ	マサチューセッツ	n
ミシガン	ミシガン	n
モスク	モスク	n
ライフスタイル	ライフスタイル	n
リビア	リビア	n
レトルト	レトルト	n
レプリカ	レプリカ	n
ローター	ローター	n
ワイワイ	ワイワイ	adv
一体化	いったいか	vs
一等	いっとう	n
一足	ひとあし	n
下敷き	したじき	n
不意打ち	ふいうち	n
世にも	よにも	adv
中元	ちゅうげん	n
丹波	たんば	n
企て	くわだて	n
信憑	しんぴょう	vs
傷跡	きずあと	n
傾き	かたむき	n
初年度	しょねんど	n
利己	りこ	n
前列	ぜんれつ	n
前身	ぜんしん	n
効き目	ききめ	n
勤める	つとめる	v1
化物	ばけもの	n
千秋楽	せんしゅうらく	n
南蛮	なんばん	n
卜	ぼく	n
占有	せんゆう	vs
取り締まり	とりしまり	n
受動	じゅどう	n
台車	だいしゃ	n
司教	しきょう	n
命がけ	いのちがけ	n
嘆く	なげく	v5k
噴水	ふんすい	n
図形	ずけい	n
埠頭	ふとう	n
変速	へんそく	vs
天文	てんもん	n
失速	しっそく	vs
婆さん	ばあさん	n
宿舎	しゅくしゃ	n
専任	せんにん	vs
専門医	せんもんい	n
小豆	あずき	n
局所	きょくしょ	n
左腕	さわん	n
巨匠	きょしょう	n
差し入れ	さしいれ	vs
巻頭	かんとう	n
年越し	としこし	vs
座敷	ざしき	n
強靭	きょうじん	adj-na
弾頭	だんとう	n
後ほど	のちほど	adv
御飯	おまんま	n
懺悔	さんげ	vs
手当て	てあて	vs
払拭	ふっしょく	vs
改築	かいちく	vs
断絶	だんぜつ	n
日課	にっか	n
早見	はやみ	n
昇華	しょうか	vs
明瞭	めいりょう	adj-na
晩年	ばんねん	n
未練	みれん	n
村長	そんちょう	n
来訪	らいほう	vs
柚子	ゆず	n
根幹	こんかん	n
橙	だいだい	n
死す	しす	
殺虫	さっちゅう	vs
永住	えいじゅう	vs
汗だく	あせだく	exp
波紋	はもん	n
消しゴム	けしゴム	n
深み	ふかみ	n
温存	おんぞん	vs
照会	しょうかい	vs
父ちゃん	とうちゃん	n
生き生き	いきいき	vs
生身	なまみ	n
産婦人科	さんふじんか	n
疎通	そつう	vs
県議	けんぎ	n
真性	しんせい	n
矢先	やさき	n
短大	たんだい	n
短気	たんき	n
示談	じだん	vs
種付け	たねつけ	vs
空洞	くうどう	n
競売	きょうばい	vs
細身	ほそみ	n
絞る	しぼる	v5r
繁盛	はんじょう	vs
繋げる	つなげる	v1
美男	びなん	n
習う	ならう	v5u
肩こり	かたこり	n
背骨	せぼね	n
脂質	ししつ	n
腑	ふ	n
自費	じひ	n
萎縮	いしゅく	vs
裏表	うらおもて	n
製菓	せいか	n
覇権	はけん	n
試着	しちゃく	vs
話者	わしゃ	n
議題	ぎだい	n
赤ワイン	あかワイン	n
足音	あしおと	n
跳び	とび	n
軒並み	のきなみ	n
農林	のうりん	n
込める	こめる	v1
邦画	ほうが	n
都立	とりつ	n
銀色	ぎんいろ	n
陰茎	いんけい	n
陶芸	とうげい	n
隣り	となり	n
頭蓋骨	ずがいこつ	n
頼もしい	たのもしい	adj-i
食後	しょくご	n
駐在	ちゅうざい	vs
駐留	ちゅうりゅう	vs
高台	たかだい	n
鰻	うなぎ	n
麒麟	きりん	n
麓	ふもと	n
あいまい	あいまい	adj-na
あんこ	あんこ	n
お釣り	おつり	n
かぶれ	かぶれ	n
さみしい	さみしい	adj-i
しだい	しだい	n
しょうゆ	しょうゆ	n
だるい	だるい	adj-i
ちらほら	ちらほら	adv
どっぷり	どっぷり	adj-na
ねじれ	ねじれ	n
もやもや	もやもや	vs
アザラシ	あざらし	n
アタリ	アタリ	n
アライグマ	あらいぐま	n
イコール	イコール	adj-na
インスピレーション	インスピレーション	n
インディー	インディー	n
ウンチ	うんち	vs
エキスパート	エキスパート	n
カリカリ	カリカリ	vs
カンニング	カンニング	vs
キャンバス	キャンバス	n
クトゥルフ	クトゥルフ	n
コアラ	コアラ	n
コンス	こうし	n
コールド	コールド	n
シーザー	カエサル	n
ジンジャー	ジンジャー	n
スクラップ	スクラップ	vs
スポーツカー	スポーツカー	n
セレモニー	セレモニー	n
ソフトボール	ソフトボール	n
ダート	ダート	n
チームメイト	チームメート	n
デフレ	デフレ	n
トウ	トー	n
ノット	ノット	n
ノンフィクション	ノンフィクション	n
ハリケーン	ハリケーン	n
バウンド	バウンド	vs
バンパー	バンパー	n
バーツ	バーツ	n
ヒレ	ヒレ	n
ピクセル	ピクセル	n
ヘラクレス	ハーキュリーズ	n
ポニーテール	ポニーテール	n
マイニング	マイニング	n
マジメ	まじめ	adj-na
ミクロ	ミクロ	adj-na
ミリタリー	ミリタリー	n
メッセンジャー	メッセンジャー	n
ラベンダー	ラベンダー	n
リタイア	リタイア	vs
リッター	リッター	n
レッツ	レッツ	exp
ワラ	わら	n
一揆	いっき	n
一昔	ひとむかし	n
三越	さんえつ	n
上書き	うわがき	vs
予	よ	pn
仕打ち	しうち	n
他界	たかい	n
休戦	きゅうせん	vs
佐渡	さど	n
修業	しゅうぎょう	vs
偏	へん	n
健闘	けんとう	vs
偽名	ぎめい	n
傀儡	かいらい	n
先入観	せんにゅうかん	n
出前	でまえ	vs
出土	しゅつど	vs
分譲	ぶんじょう	vs
刹那	せつな	n
同月	どうげつ	n
同業	どうぎょう	n
名産	めいさん	n
和式	わしき	n
咎め	とがめ	n
善人	ぜんにん	n
喜ばしい	よろこばしい	adj-i
固める	かためる	v1
国分寺	こくぶんじ	n
地価	ちか	n
坊さん	ぼうさん	n
執念	しゅうねん	n
壇	だん	n
売り物	うりもの	n
大船	おおぶね	n
妨げる	さまたげる	v1
媒介	ばいかい	vs
子持ち	こもち	n
子連れ	こづれ	n
安楽	あんらく	n
安泰	あんたい	adj-na
実機	じっき	n
実演	じつえん	vs
容	かたち	n
対岸	たいがん	n
対称	たいしょう	n
小室	こむろ	n
山々	やまやま	n
巻き添え	まきぞえ	n
年明け	としあけ	n
店名	てんめい	n
彷徨	ほうこう	vs
必修	ひっしゅう	n
思う存分	おもうぞんぶん	exp
怠惰	たいだ	adj-na
悪天候	あくてんこう	n
愚	ぐ	n
戦績	せんせき	n
戸惑い	とまどい	vs
戸惑う	とまどう	v5u
所為	しょい	n
扇動	せんどう	vs
折り紙	おりがみ	n
押しつけ	おしつけ	n
押し付ける	おしつける	v1
拍車	はくしゃ	n
採集	さいしゅう	vs
携行	けいこう	vs
撃沈	げきちん	n
教祖	きょうそ	n
教職員	きょうしょくいん	n
敬老	けいろう	n
料亭	りょうてい	n
早口	はやくち	n
末裔	まつえい	n
本題	ほんだい	n
栄養素	えいようそ	n
根強い	ねづよい	adj-i
桃色	ももいろ	n
母性	ぼせい	n
気まずい	きまずい	adj-i
水源	すいげん	n
洞察	どうさつ	vs
温める	あたためる	v1
溶かす	とかす	v5s
溺愛	できあい	vs
漁獲	ぎょかく	vs
照れ	てれ	n
片っ端	かたっぱし	n
生まれ変わる	うまれかわる	v5r
症例	しょうれい	n
真偽	しんぎ	n
眩しい	まぶしい	adj-i
社外	しゃがい	n
積雪	せきせつ	n
空き家	あきや	n
童	わらべ	n
羽毛	うもう	n
肌荒れ	はだあれ	vs
肩書	かたがき	n
腫	しゅ	n
自由民主党	じゆうみんしゅとう	n
臭う	におう	v5u
舞台裏	ぶたいうら	n
舞踊	ぶよう	n
苦難	くなん	n
荒れる	あれる	v1
菩薩	ぼさつ	n
葡萄	ぶどう	n
葦	あし	n
行儀	ぎょうぎ	n
衣裳	いしょう	n
見出す	みいだす	v5s
見分ける	みわける	v1
訛り	なまり	n
語句	ごく	n
読み取る	よみとる	v5r
警視	けいし	n
起爆	きばく	vs
躾	しつけ	n
軍部	ぐんぶ	n
輩出	はいしゅつ	vs
退任	たいにん	vs
逃げ場	にげば	n
通商	つうしょう	vs
野放し	のばなし	n
錠剤	じょうざい	n
長持ち	ながもち	vs
隣国	りんごく	n
首謀	しゅぼう	n
黄昏	たそがれ	n
あからさま	あからさま	adj-na
おかえりなさい	おかえりなさい	int
かくれんぼ	かくれんぼ	n
かけがえ	かけがえ	n
かさん	かさん	vs
しばし	しばし	adv
なあに	なあに	pn
にんじん	にんじん	n
ねえさん	ねえさん	n
はさん	はさん	n
ばいいん	ばいいん	vs
ほったらかし	ほったらかし	n
もみじ	もみじ	vs
やり直す	やりなおす	v5s
やわらか	やわらか	adj-na
われる	われる	v1
を以て	をもって	adv
アニメイト	アニメイト	n
ウエディング	ウエディング	n
オマージュ	オマージュ	n
オーケー	オッケー	vs
クリーチャー	クリーチャー	n
コーディネーター	コーディネーター	n
ゴリ押し	ゴリおし	vs
ゴールデンタイム	ゴールデンタイム	n
サトシ	サトシ	n
スクーター	スクーター	n
スマホゲー	スマホゲー	n
スマホゲーム	スマホゲーム	n
ダイニング	ダイニング	n
テキーラ	テキーラ	n
テクニカル	テクニカル	adj-na
デッサン	デッサン	vs
ハンデ	ハンデ	n
バルーン	バルーン	n
パラシュート	パラシュート	n
ファシスト	ファシスト	n
フワフワ	ふわふわ	adv
プログラマ	プログラマー	n
プロセッサ	プロセッサー	n
プンプン	プンプン	vs
ポピュラー	ポピュラー	adj-na
ポロ	ポロ	n
ポータブル	ポータブル	adj-na
マヌケ	まぬけ	adj-na
マヨ	マヨ	n
ミセス	ミセス	n
メロ	メロ	n
ラブストーリー	ラブストーリー	n
リプレイ	リプレイ	vs
リムジン	リムジン	n
一品	いっぴん	n
一眼	いちがん	n
一端	いったん	n
下段	げだん	n
不滅	ふめつ	adj-na
不発	ふはつ	n
丸々	まるまる	vs
乳児	にゅうじ	n
人差し指	ひとさしゆび	n
人見知り	ひとみしり	vs
仕	し	n
仕分け	しわけ	vs
付け根	つけね	n
会報	かいほう	n
供与	きょうよ	vs
保釈	ほしゃく	vs
光年	こうねん	n
入園	にゅうえん	vs
兵役	へいえき	n
処遇	しょぐう	vs
出頭	しゅっとう	vs
分隊	ぶんたい	n
創始	そうし	vs
加速度	かそくど	n
勾留	こうりゅう	vs
同義	どうぎ	n
売り出し	うりだし	n
売場	うりば	n
大笑い	おおわらい	vs
大袈裟	おおげさ	adj-na
失脚	しっきゃく	vs
女将	おかみ	n
寒気	さむけ	n
寝起き	ねおき	vs
小指	こゆび	n
常々	つねづね	adv
年次	ねんじ	n
強欲	ごうよく	adj-na
心構え	こころがまえ	vs
悲しむ	かなしむ	v5m
想う	おもう	v5u
愕然	がくぜん	adv
成形	せいけい	vs
所々	ところどころ	n
打球	だきゅう	n
打開	だかい	vs
拘置	こうち	vs
持ち上げる	もちあげる	v1
排他	はいた	n
探り	さぐり	n
攻勢	こうせい	n
散見	さんけん	vs
新旧	しんきゅう	n
方角	ほうがく	n
施す	ほどこす	v5s
早漏	そうろう	n
最早	もはや	adv
有明	ありあけ	n
本尊	ほんぞん	n
杏子	あんず	n
東欧	とうおう	n
林道	りんどう	n
桜花	おうか	n
棄権	きけん	vs
毒素	どくそ	n
気持ち良い	きもちよい	adj-i
流行る	はやる	v5r
淫ら	みだら	adj-na
漆黒	しっこく	n
漢方	かんぽう	n
濡れる	ぬれる	v1
灯り	あかり	n
焼き肉	やきにく	n
父母	ふぼ	n
片目	かため	n
独り占め	ひとりじめ	vs
献上	けんじょう	vs
王宮	おうきゅう	n
現す	あらわす	v5s
画集	がしゅう	n
留意	りゅうい	vs
病的	びょうてき	adj-na
白金	はっきん	n
皆んな	みんな	n
盗賊	とうぞく	n
石器	せっき	n
硫酸	りゅうさん	n
硬直	こうちょく	vs
社民党	しゃみんとう	n
禁忌	きんき	vs
秘境	ひきょう	n
立て続け	たてつづけ	n
童顔	どうがん	n
端っこ	はしっこ	n
端的	たんてき	adj-na
結びつける	むすびつける	v1
網膜	もうまく	n
総勢	そうぜい	n
聖霊	せいれい	n
背徳	はいとく	n
脱税	だつぜい	vs
自由自在	じゆうじざい	adj-na
虐め	いじめ	n
蛇口	じゃぐち	n
見てくれ	みてくれ	n
見殺し	みごろし	n
計り	はかり	n
謹慎	きんしん	n
財界	ざいかい	n
販売元	はんばいもと	n
貪欲	どんよく	adj-na
貸与	たいよ	vs
足す	たす	v5s
身代金	みのしろきん	n
迫真	はくしん	n
追随	ついずい	vs
週休	しゅうきゅう	n
酒屋	さかや	n
重役	じゅうやく	n
鍛錬	たんれん	vs
阿波	あわ	n
鞘	さや	n
風評	ふうひょう	n
駐屯	ちゅうとん	vs
高架	こうか	n
高熱	こうねつ	n
あきらめる	あきらめる	v1
いじめる	いじめる	v1
いつしか	いつしか	adv
うらら	うらら	adj-na
おこなう	おこなう	v5u
お年玉	おとしだま	n
かつら	かつら	n
くらべ	くらべ	n
ことわざ	ことわざ	n
さらさら	さらさら	adv
しんじ	しんじ	n
すばる	すばる	n
ちゃあ	ちゃあ	exp
のぞき	のぞき	n
はまる	はまる	v5r
まぶし	まぶし	n
めざす	めざす	v5s
わが国	わがくに	exp
アルツハイマー	アルツハイマー	n
アルメニア	アルメニア	n
ウィル	ウイル	n
エーテル	エーテル	n
オックスフォード	オックスフォード	n
オブジェ	オブジェ	n
オムライス	オムライス	n
カブトムシ	かぶとむし	n
カーソル	カーソル	n
ゲノム	ゲノム	n
サンディエゴ	サンディエゴ	n
サーブ	サーブ	vs
シャドウ	シャドー	n
スクワット	スクワット	n
ソケット	ソケット	n
ダダ	ダダ	n
トースター	トースター	n
ニラ	にら	n
バックグラウンド	バックグラウンド	n
バングラデシュ	バングラデシュ	n
パノラマ	パノラマ	n
ピント	ピント	n
フレンドリー	フレンドリー	adj-na
ブラックリスト	ブラックリスト	n
プラハ	プラハ	n
ホッケー	ホッケー	n
マカオ	マカオ	n
マグカップ	マグカップ	n
ムカデ	むかで	n
メッキ	めっき	vs
メビウス	メビウス	n
ラケット	ラケット	n
ランタン	ランタン	n
レスラー	レスラー	n
一部分	いちぶぶん	n
上段	じょうだん	n
不問	ふもん	n
両端	りょうたん	n
中道	ちゅうどう	n
主席	しゅせき	n
乗り切る	のりきる	v5r
争点	そうてん	n
交易	こうえき	vs
人為	じんい	n
仕返し	しかえし	vs
令嬢	れいじょう	n
会期	かいき	n
使用人	しようにん	n
侵食	しんしょく	vs
停戦	ていせん	vs
備品	びひん	n
元凶	げんきょう	n
先々	さきざき	n
光一	ぴかいち	n
公示	こうじ	vs
内包	ないほう	vs
刷新	さっしん	vs
刺さる	ささる	v5r
勇士	ゆうし	n
反戦	はんせん	n
取り分	とりぶん	n
取り巻く	とりまく	v5k
受精	じゅせい	vs
嗅覚	きゅうかく	n
囲む	かこむ	v5m
園内	えんない	n
土器	どき	n
土星	どせい	n
壁面	へきめん	n
夕刊	ゆうかん	n
大人しい	おとなしい	adj-i
大垣	おおがき	n
委ねる	ゆだねる	v1
子分	こぶん	n
学業	がくぎょう	n
実録	じつろく	n
宮地	みやち	n
密告	みっこく	vs
寧ろ	むしろ	adv
射手	いて	n
居間	いま	n
州立	しゅうりつ	n
差し出す	さしだす	v5s
座談	ざだん	vs
座長	ざちょう	n
形跡	けいせき	n
復職	ふくしょく	vs
心肺	しんぱい	n
悪気	あっき	n
悪行	あくぎょう	n
慰謝	いしゃ	vs
手取り	てとり	n
打倒	だとう	vs
持病	じびょう	n
指南	しなん	vs
推論	すいろん	vs
提灯	ちょうちん	n
操業	そうぎょう	vs
散	ばら	n
散らす	ちらす	v5s
数式	すうしき	n
文豪	ぶんごう	n
断食	だんじき	vs
更衣	こうい	vs
有人	ゆうじん	n
服役	ふくえき	vs
東海岸	ひがしかいがん	n
極悪	ごくあく	adj-na
楼	ろう	n
歌姫	うたひめ	n
歳月	さいげつ	n
死骸	しがい	n
水害	すいがい	n
没落	ぼつらく	vs
無慈悲	むじひ	adj-na
物騒	ぶっそう	adj-na
狩る	かる	v5r
狭間	はざま	n
生々しい	なまなましい	adj-i
異形	いぎょう	n
皇子	おうじ	n
看病	かんびょう	vs
石けん	せっけん	n
禁物	きんもつ	n
秘宝	ひほう	n
簡素	かんそ	adj-na
米倉	こめぐら	n
粘膜	ねんまく	n
縛る	しばる	v5r
聖母	せいぼ	n
膨れ	ふくれ	n
自負	じふ	vs
血筋	ちすじ	n
要点	ようてん	n
親会社	おやがいしゃ	n
触発	しょくはつ	vs
言うまでもなく	いうまでもなく	exp
訪日	ほうにち	vs
試	し	n
詰め合わせ	つめあわせ	n
近衛	このえ	n
追い出す	おいだす	v5s
追突	ついとつ	vs
送還	そうかん	vs
違憲	いけん	n
銚子	ちょうし	n
関ヶ原	せきがはら	n
隠密	おんみつ	adj-na
靖国	せいこく	n
風土	ふうど	n
食らう	くらう	v5u
餌食	えじき	n
魁	さきがけ	vs
おとなしい	おとなしい	adj-i
おみやげ	おみやげ	n
お札	おさつ	n
きつね	きつね	n
ごくごく	ごくごく	adv
ただ今	ただいま	int
てんかん	てんかん	n
でっち上げ	でっちあげ	n
ひょっとしたら	ひょっとしたら	exp
べつに	べつに	adv
もとより	もとより	adv
アンティーク	アンティーク	n
インフル	インフル	n
ウキウキ	うきうき	vs
ウロウロ	うろうろ	adv
オジサン	おじさん	n
クラッカー	クラッカー	n
グミ	グミ	n
ゴルファー	ゴルファー	n
サポ	サポ	n
サンプリング	サンプリング	vs
ジレンマ	ジレンマ	n
ステラ	ステラ	n
スペシャリスト	スペシャリスト	n
スーパーマーケット	スーパーマーケット	n
ソフトクリーム	ソフトクリーム	n
ソマリア	ソマリア	n
チンパンジー	チンパンジー	n
ツナ	ツナ	n
ドライヤー	ドライヤー	n
ハラハラ	ハラハラ	vs
ハローワーク	ハローワーク	n
バイヤー	バイヤー	n
バッシング	バッシング	vs
パラパラ	パラパラ	n
ファシズム	ファシズム	n
フェアリー	フェアリー	n
フェラチオ	フェラチオ	n
ブイ	ブイ	n
ブロンズ	ブロンズ	n
ポロリ	ポロリ	adv
マクド	マクド	n
マリーナ	マリーナ	n
マーリン	マーリン	n
ミニゲーム	ミニゲーム	n
ミミズ	みみず	n
モノレール	モノレール	n
ラブレター	ラブレター	n
ラヴ	ラブ	vs
レパートリー	レパートリー	n
ロウ	ろう	n
ンゴ	ンゴ	exp
不向き	ふむき	adj-na
不評	ふひょう	n
丸太	まるた	n
人様	ひとさま	n
伴	とも	vs
体液	たいえき	n
併合	へいごう	vs
備後	びんご	n
儲ける	もうける	v1
先人	せんじん	n
其	し	pn
冷える	ひえる	v1
初夏	しょか	n
区長	くちょう	n
半身	はんしん	n
卓越	たくえつ	vs
即位	そくい	vs
受刑	じゅけい	vs
同市	どうし	n
吟味	ぎんみ	vs
品薄	しなうす	adj-na
国務	こくむ	n
圏外	けんがい	n
在り	あり	n
城主	じょうしゅ	n
塗れ	まみれ	n
増減	ぞうげん	vs
外道	げどう	n
大吉	だいきち	n
大雑把	おおざっぱ	adj-na
太古	たいこ	adv
家臣	かしん	n
山道	やまみち	n
岩盤	がんばん	n
差額	さがく	n
平坦	へいたん	adj-na
弁明	べんめい	vs
弓道	きゅうどう	n
微笑	びしょう	vs
恐	こわ	int
情景	じょうけい	n
懲罰	ちょうばつ	vs
手芸	しゅげい	n
抵触	ていしょく	vs
接戦	せっせん	vs
数多	あまた	n
新装	しんそう	vs
施術	しじゅつ	vs
日陰	ひかげ	n
時雨	しぐれ	n
暖か	あたたか	adj-na
本島	ほんとう	n
桟橋	さんばし	n
梗塞	こうそく	vs
極右	きょくう	n
櫻	さくら	n
水深	すいしん	n
水路	すいろ	n
決め手	きめて	n
波及	はきゅう	vs
波形	なみがた	n
流布	るふ	vs
海人	あま	n
消防署	しょうぼうしょ	n
滅びる	ほろびる	v1
潮流	ちょうりゅう	n
狂信	きょうしん	vs
留まり	どまり	n
異色	いしょく	n
登用	とうよう	vs
相殺	そうさい	vs
真っ最中	まっさいちゅう	n
秘匿	ひとく	vs
第一人者	だいいちにんしゃ	n
紀行	きこう	n
純一	じゅんいつ	adj-na
終日	しゅうじつ	n
総研	そうけん	n
罪人	ざいにん	n
美化	びか	vs
腺	せん	n
色紙	いろがみ	n
芳香	ほうこう	n
衰弱	すいじゃく	vs
被写体	ひしゃたい	n
裁き	さばき	n
装い	よそおい	n
試食	ししょく	vs
誇らしい	ほこらしい	adj-i
貧弱	ひんじゃく	adj-na
販促	はんそく	n
贈呈	ぞうてい	vs
車載	しゃさい	n
軽度	けいど	n
軽快	けいかい	adj-na
辰	たつ	n
近日	きんじつ	n
近況	きんきょう	n
追い込み	おいこみ	n
連射	れんしゃ	vs
逸話	いつわ	n
達者	たっしゃ	adj-na
邸宅	ていたく	n
金銀	きんぎん	n
鉄腕	てつわん	n
銅像	どうぞう	n
長居	ながい	vs
陳	ちん	n
陵	みささぎ	n
離職	りしょく	vs
音速	おんそく	n
香料	こうりょう	n
鵜呑み	うのみ	n
うっすら	うっすら	adv
かれこれ	かれこれ	adv
ぐちゃぐちゃ	ぐちゃぐちゃ	vs
すき焼き	すきやき	n
てっぺん	てっぺん	n
はがき	はがき	n
ばれる	ばれる	v1
ふっくら	ふっくら	adv
ぶらぶら	ぶらぶら	vs
ぼーっと	ぼーっと	vs
まちがい	まちがい	n
もうけ	もうけ	n
よりによって	よりによって	exp
イェイ	イェイ	int
イリノイ	イリノイ	n
エリス	エリス	n
エレキ	エレキ	n
エレメント	エレメント	n
オカズ	おかず	n
カンカン	カンカン	adj-na
キッカケ	きっかけ	n
キッス	キス	vs
キャピタル	キャピタル	n
クロスオーバー	クロスオーバー	vs
コラーゲン	コラーゲン	n
コンパイル	コンパイル	vs
サウンドトラック	サウンドトラック	n
ジェンダー	ジェンダー	n
ジャマイカ	ジャマイカ	n
ジョイント	ジョイント	vs
スノーボード	スノーボード	vs
スピリチュアル	スピリチュアル	adj-na
スペア	スペア	n
スポットライト	スポットライト	n
タッチパネル	タッチパネル	n
チョーク	チョーク	n
チルドレン	チルドレン	n
トレイン	トレイン	n
ドッキング	ドッキング	vs
ナショナリズム	ナショナリズム	n
ナンセンス	ナンセンス	adj-na
ノード	ノード	n
バレンタインデー	バレンタインデー	n
バンカー	バンカー	n
バーナー	バーナー	n
パイズリ	パイずり	vs
ピカソ	ピカソ	n
ブレス	ブレス	vs
ブローチ	ブローチ	n
プラモ	プラモデル	n
ベージュ	ベージュ	n
マゾ	マゾ	n
ユー	ユー	pn
ランドリー	ランドリー	n
ルーフ	ルーフ	n
レイン	レーン	n
レッテル	レッテル	n
レフト	レフト	n
ワンコ	ワンこ	n
ワースト	ワースト	n
ヶ国	かこく	ctr
万事	ばんじ	n
下心	したごころ	n
不毛	ふもう	n
中継ぎ	なかつぎ	vs
主治医	しゅじい	n
乞う	こう	v5u
乱歩	らんぽ	n
今年度	こんねんど	n
伊賀	いが	n
会食	かいしょく	vs
便座	べんざ	n
倉本	くらもと	n
偉業	いぎょう	n
傷口	きずぐち	n
優越	ゆうえつ	vs
内政	ないせい	n
剛力	ごうりき	adj-na
労組	ろうそ	n
勤労	きんろう	vs
卯月	うづき	n
古今	ここん	n
合言葉	あいことば	n
呼び掛け	よびかけ	n
哀愁	あいしゅう	n
型番	かたばん	n
埋蔵	まいぞう	vs
堅実	けんじつ	adj-na
報い	むくい	n
墓石	ぼせき	n
増進	ぞうしん	vs
士気	しき	n
大さじ	おおさじ	n
大文字	おおもじ	n
奏でる	かなでる	v1
奪取	だっしゅ	vs
宅急便	たっきゅうびん	n
室温	しつおん	n
室町	むろまち	n
寝台	しんだい	n
審理	しんり	vs
山間	さんかん	n
巻き込み	まきこみ	n
庁舎	ちょうしゃ	n
強迫	きょうはく	vs
後手	ごて	n
悪循環	あくじゅんかん	n
悪臭	あくしゅう	n
成仏	じょうぶつ	vs
抗菌	こうきん	adj-na
拠出	きょしゅつ	vs
政令	せいれい	n
敬礼	けいれい	vs
既成	きせい	n
旧作	きゅうさく	n
昏睡	こんすい	vs
最上級	さいじょうきゅう	n
木戸	きど	n
本山	ほんざん	n
東邦	とうほう	n
枝豆	えだまめ	n
染める	そめる	v1
柔	やわ	adj-na
棘	おどろ	adj-na
欧	おう	n
正門	せいもん	n
死滅	しめつ	vs
水筒	すいとう	n
汚す	よごす	v5s
沈着	ちんちゃく	vs
混じり	まじり	n
清純	せいじゅん	adj-na
温水	おんすい	n
満了	まんりょう	vs
潰れる	つぶれる	v1
焼ける	やける	v1
熟語	じゅくご	n
狩人	かりゅうど	n
申し分	もうしぶん	vs
町中	まちなか	n
留年	りゅうねん	vs
病理	びょうり	n
瘤	こぶ	n
盗塁	とうるい	vs
県道	けんどう	n
短パン	たんパン	n
祭壇	さいだん	n
程遠い	ほどとおい	adj-i
税理士	ぜいりし	n
突進	とっしん	vs
線香	せんこう	n
義兄	ぎけい	n
習性	しゅうせい	n
英霊	えいれい	n
落とし穴	おとしあな	n
蕾	つぼみ	n
裁縫	さいほう	vs
要り	いり	n
覆す	くつがえす	v5s
見極める	みきわめる	v1
解凍	かいとう	vs
言うまでもない	いうまでもない	adj-i
訪ねる	たずねる	v1
設営	せつえい	vs
試写	ししゃ	vs
語録	ごろく	n
説く	とく	v5k
読解	どっかい	vs
論外	ろんがい	adj-na
論議	ろんぎ	vs
貝殻	かいがら	n
買い出し	かいだし	n
費やす	ついやす	v5s
転がし	ころがし	n
辛抱	しんぼう	vs
農作物	のうさくぶつ	n
通帳	つうちょう	n
運休	うんきゅう	vs
遠回り	とおまわり	n
遺棄	いき	vs
里山	さとやま	n
重奏	じゅうそう	vs
長き	ながき	n
陳列	ちんれつ	vs
隆盛	りゅうせい	n
霊感	れいかん	n
露呈	ろてい	vs
頭髪	とうはつ	n
飼料	しりょう	n
駅弁	えきべん	n
麻布	あさぬの	n
いびき	いびき	n
うってつけ	うってつけ	n
えげつない	えげつない	adj-i
おおさか	おおさか	n
おっとり	おっとり	vs
くさく	くさく	vs
こぞって	こぞって	adv
さらい	さらい	n
さわり	さわり	n
しのぎ	しのぎ	n
それでいて	それでいて	conj
ちらっと	ちらっと	adv
はたして	はたして	adv
はやる	はやる	v5r
ぷよぷよ	ぷよぷよ	n
まるまる	まるまる	vs
みっともない	みっともない	adj-i
アニキ	あにき	n
アーキテクチャ	アーキテクチャ	n
インフォメーション	インフォメーション	n
エコノミー	エコノミー	n
キャッチフレーズ	キャッチフレーズ	n
コショウ	こしょう	n
コミカル	コミカル	adj-na
コレステロール	コレステロール	n
コードネーム	コードネーム	n
サファリ	サファリ	n
シナ	しな	n
シリンダー	シリンダー	n
スティール	スチール	n
セシウム	セシウム	n
ソリ	そり	n
チューニング	チューニング	vs
テレパシー	テレパシー	n
デイジー	デイジー	n
ドライバ	ドライバー	n
ネオン	ネオン	n
ハァハァ	はあはあ	vs
ヒナ	ひな	n
ビリヤード	ビリヤード	n
フィナーレ	フィナル	n
ブラインド	ブラインド	n
ブランク	ブランク	n
プロダクト	プロダクト	n
ヘイ	ヘイ	int
ベンツ	ベンツ	n
ペラペラ	ペラペラ	adv
ホイホイ	ほいほい	vs
ボンネット	ボンネット	n
ポエム	ポエム	n
ポップス	ポップス	n
ポーク	ポーク	n
ポータルサイト	ポータルサイト	n
マドリード	マドリード	n
ミシシッピ	ミシシッピ	n
モフモフ	もふもふ	vs
モブ	モブ	n
モーツァルト	モーツァルト	n
ヨーク	ヨーク	n
ライトニング	ライトニング	n
レバノン	レバノン	n
ワンセグ	ワンセグ	n
ヴォーカル	ボーカル	n
上半期	かみはんき	n
上告	じょうこく	vs
主将	しゅしょう	n
仮眠	かみん	vs
修羅場	しゅらば	n
傍観	ぼうかん	vs
八月	はちがつ	n
共同通信	きょうどうつうしん	n
凌駕	りょうが	vs
前倒し	まえだおし	vs
包む	つつむ	v5m
原題	げんだい	n
受取	うけとり	n
台座	だいざ	n
否決	ひけつ	vs
吸入	きゅうにゅう	vs
呉服	ごふく	n
呑む	のむ	v5m
品位	ひんい	n
問題児	もんだいじ	n
囮	おとり	n
地主	じぬし	n
垂れ流し	たれながし	vs
境目	さかいめ	n
墓参り	はかまいり	vs
増額	ぞうがく	vs
壁画	へきが	n
売れ筋	うれすじ	n
大気圏	たいきけん	n
奇遇	きぐう	adj-na
好転	こうてん	vs
子息	しそく	n
孫娘	まごむすめ	n
宗派	しゅうは	n
定休	ていきゅう	n
宮廷	きゅうてい	n
就学	しゅうがく	vs
差し押さえ	さしおさえ	n
幼稚	ようち	n
建前	たてまえ	n
建立	こんりゅう	vs
当番	とうばん	n
後味	あとあじ	n
心地よい	ここちよい	adj-i
思慮	しりょ	vs
恒	つね	n
憎む	にくむ	v5m
憤慨	ふんがい	vs
打破	だは	vs
援交	えんこう	n
損壊	そんかい	vs
擦り	こすり	n
支柱	しちゅう	n
敢行	かんこう	vs
斉	せい	n
斜	はす	n
旋律	せんりつ	n
日没	にちぼつ	n
昇る	のぼる	v5r
明太子	めんたいこ	n
暴風	ぼうふう	n
書き込む	かきこむ	v5m
桑田	そうでん	n
梯子	はしご	n
楽々	らくらく	adv
止む	やむ	v5m
正宗	まさむね	n
民俗	みんぞく	n
民生	みんせい	n
水田	すいでん	n
汚れる	よごれる	v1
河童	かっぱ	n
法学	ほうがく	n
深度	しんど	n
添削	てんさく	vs
渾身	こんしん	n
満席	まんせき	n
漆	うるし	n
無表情	むひょうじょう	n
熟睡	じゅくすい	vs
版画	はんが	n
特注	とくちゅう	vs
特筆	とくひつ	vs
猛者	もさ	n
率先	そっせん	vs
異質	いしつ	adj-na
疫病	えきびょう	n
白菜	はくさい	n
目視	もくし	vs
直営	ちょくえい	vs
直筆	ちょくひつ	vs
相反	そうはん	vs
短絡	たんらく	vs
社説	しゃせつ	n
穢れ	けがれ	n
競輪	けいりん	n
純度	じゅんど	n
縫い	ぬい	n
縮	しゅく	n
脊椎	せきつい	n
脱衣	だつい	vs
膀胱	ぼうこう	n
至福	しふく	n
茶髪	ちゃぱつ	n
落差	らくさ	n
藪	やぶ	n
行程	こうてい	n
観衆	かんしゅう	n
詰める	つめる	v1
護る	まもる	v5r
財宝	ざいほう	n
身勝手	みがって	adj-na
辺境	へんきょう	n
辿る	たどる	v5r
近海	きんかい	n
追従	ついじゅう	vs
透析	とうせき	vs
通気	つうき	n
酸性	さんせい	n
鉄砲	てっぽう	n
鎖骨	さこつ	n
閃光	せんこう	n
間柄	あいだがら	n
間違う	まちがう	v5u
阿修羅	あしゅら	n
雨天	うてん	n
雪山	ゆきやま	n
領地	りょうち	n
香辛料	こうしんりょう	n
高み	たかみ	n
麦茶	むぎちゃ	n
いまどき	いまどき	n
おばけ	おばけ	n
おめでたい	おめでたい	n
かする	かする	v5r
かわら	かわら	n
きらきら	きらきら	vs
くすり	くすり	n
けんか	けんか	vs
さして	さして	n
しょうもない	しょうもない	adj-i
つとめ	つとめ	n
とろける	とろける	v1
どんぐり	どんぐり	n
ぬるぬる	ぬるぬる	vs
はたらく	はたらく	v5k
ひきこもり	ひきこもり	n
ひそか	ひそか	adj-na
ひと月	ひとつき	n
もうし	もうし	n
ゆるゆる	ゆるゆる	adj-na
わんわん	わんわん	adv
アクシデント	アクシデント	n
アルカリ	アルカリ	n
アワー	アワー	n
インスリン	インスリン	n
エタノール	エタノール	n
カミソリ	かみそり	n
カレーライス	カレーライス	n
カンファレンス	コンファレンス	n
カーネル	カーネル	n
クララ	くらら	n
グルジア	グルジア	n
グレープフルーツ	グレープフルーツ	n
ケニア	ケニア	n
コープ	コープ	n
ゴーヤ	ゴーヤ	n
サドル	サドル	n
サンタクロース	サンタクロース	n
シャット	シャット	n
シャレ	しゃれ	n
シンガーソングライター	シンガーソングライター	n
スズメ	すずめ	n
スタン	スタン	n
ストライカー	ストライカー	n
スピリット	スピリット	n
スムージー	スムージー	n
ソリューション	ソリューション	n
タービン	タービン	n
チャペル	チャペル	n
トロイ	トロイ	n
トートバッグ	トートバッグ	n
ハイエンド	ハイエンド	n
ハイツ	ハイツ	n
ハイヒール	ハイヒール	n
バイアス	バイアス	n
ファイナンス	ファイナンス	n
フリル	フリル	n
フルタイム	フルタイム	n
ブツブツ	ぶつぶつ	n
ブロンド	ブロンド	n
ホンマ	ほんま	n
ボトム	ボトム	n
ミズーリ	ミズーリ	n
メルヘン	メルヘン	n
モテモテ	もてもて	adj-na
リスニング	リスニング	n
レゲエ	レゲエ	n
ロム	ロム	n
ワルツ	ワルツ	n
下らない	くだらない	adj-i
予習	よしゅう	vs
予見	よけん	vs
五つ	いつつ	
伸縮	しんしゅく	vs
傾ける	かたむける	v1
儀礼	ぎれい	n
優美	ゆうび	adj-na
公明	こうめい	n
公用	こうよう	n
兵長	へいちょう	n
兼任	けんにん	vs
再来	さいらい	vs
写り	うつり	n
凝固	ぎょうこ	vs
出家	しゅっけ	vs
出自	しゅつじ	n
力量	りきりょう	n
加筆	かひつ	vs
動的	どうてき	adj-na
十字	じゅうじ	n
印鑑	いんかん	n
危うい	あやうい	adj-i
叫び声	さけびごえ	n
可変	かへん	adj-na
同国	どうこく	n
呼びかける	よびかける	v1
品切れ	しなぎれ	n
国税	こくぜい	n
土手	どて	n
外務	がいむ	n
多角	たかく	n
夜食	やしょく	n
大仏	だいぶつ	n
大腿	だいたい	n
大隊	だいたい	n
妻子	さいし	n
安っぽい	やすっぽい	adj-i
定理	ていり	n
履行	りこう	vs
帳簿	ちょうぼ	n
幹線	かんせん	n
延命	えんめい	vs
弄り	いじり	n
張本人	ちょうほんにん	n
微小	びしょう	adj-na
怪しげ	あやしげ	adj-na
恋心	こいごころ	n
恥じ	はじ	n
惨敗	ざんぱい	vs
戯言	たわごと	n
手出し	てだし	vs
手荷物	てにもつ	n
手錠	てじょう	n
披露宴	ひろうえん	n
持論	じろん	n
捕捉	ほそく	vs
掛け合い	かけあい	n
教習	きょうしゅう	vs
新選	しんせん	vs
日本円	にほんえん	n
星雲	せいうん	n
曲がり	まがり	n
替え玉	かえだま	n
未然	みぜん	n
本館	ほんかん	n
某所	ぼうしょ	n
栃	とちのき	n
梅毒	ばいどく	n
楠	くすのき	n
模写	もしゃ	vs
欠落	けつらく	vs
正真正銘	しょうしんしょうめい	n
気長	きなが	adj-na
氷河	ひょうが	n
洋式	ようしき	n
淑女	しゅくじょ	n
火花	ひばな	n
爆音	ばくおん	n
産休	さんきゅう	n
畜産	ちくさん	n
目玉焼き	めだまやき	n
直訳	ちょくやく	vs
砂利	じゃり	n
福利	ふくり	n
秘伝	ひでん	n
積載	せきさい	vs
粘	ねば	n
綴り	つづり	n
締め付け	しめつけ	n
美徳	びとく	n
脳波	のうは	n
腐り	くさり	n
膨らみ	ふくらみ	n
膨らむ	ふくらむ	v5m
自意識	じいしき	n
芹	せり	n
茶道	さどう	n
落ち込み	おちこみ	n
虚構	きょこう	n
血縁	けつえん	n
衣料	いりょう	n
覇者	はしゃ	n
計量	けいりょう	vs
詫び	わび	n
誤報	ごほう	vs
調合	ちょうごう	vs
議決	ぎけつ	vs
譲歩	じょうほ	vs
贔屓	ひいき	vs
赤松	あかまつ	n
超新星	ちょうしんせい	n
輪廻	りんね	n
追尾	ついび	vs
通行止め	つうこうどめ	exp
還暦	かんれき	n
醍醐味	だいごみ	n
釈明	しゃくめい	vs
錆び	さび	n
閉会	へいかい	vs
随所	ずいしょ	n
露天風呂	ろてんぶろ	n
鞍	くら	n
頭取	とうどり	n
頭頂	とうちょう	n
額面	がくめん	n
風水	ふうすい	n
食道	しょくどう	n
鴉	からす	n
あえる	あえる	v1
くらし	くらし	n
さいき	さいき	n
さんぽ	さんぽ	vs
たすけ	たすけ	n
つづける	つづける	v1
なにやら	なにやら	adv
のれん	のれん	n
ぴょんぴょん	ぴょんぴょん	adv
ふたなり	ふたなり	n
まとまり	まとまり	n
まな板	まないた	n
みさき	みさき	n
やまと	やまと	n
アウトレット	アウトレット	n
アジト	アジト	n
アトラス	アトラス	n
イスタンブール	イスタンブール	n
イズム	イズム	n
ウィザード	ウィザード	n
ウィッグ	ウィッグ	n
ウェスト	ウエスト	n
エレベータ	エレベーター	n
オナホ	オナホ	n
キャラデザ	キャラデザ	n
キャラバン	キャラバン	n
コタツ	こたつ	n
コンプリート	コンプリート	adj-na
ゴーゴー	ゴーゴー	n
サイダー	サイダー	n
サスペンション	サスペンション	n
シビア	シビア	adj-na
スカル	スカル	n
スゲェ	すげー	int
トレーディング	トレーディング	n
ドミノ	ドミノ	n
ドレッシング	ドレッシング	n
ナイル	ナイル	n
ハコ	はこ	n
ハープ	ハープ	n
バチカン	バチカン	n
バッタ	ばった	n
バーゲン	バーゲン	n
パフェ	パフェ	n
ヒーリング	ヒーリング	n
ビショップ	ビショップ	n
プルトニウム	プルトニウム	n
ヘッドライト	ヘッドライト	n
ベースボール	ベースボール	n
ペスト	ペスト	n
マグネット	マグネット	n
ヤシ	やし	n
ユーチューブ	ユーチューブ	n
ライブラリー	ライブラリー	n
リポーター	リポーター	n
ルーキー	ルーキー	n
レスキュー	レスキュー	n
ロマンティック	ロマンチック	adj-na
ロードショー	ロードショー	n
ヴェール	ベール	n
一過	いっか	vs
下請け	したうけ	vs
交友	こうゆう	n
人並み	ひとなみ	n
今にも	いまにも	adv
仲裁	ちゅうさい	vs
休職	きゅうしょく	vs
何だかんだ	なんだかんだ	adv
余剰	よじょう	n
偏向	へんこう	vs
冬場	ふゆば	n
出塁	しゅつるい	vs
初動	しょどう	n
初演	しょえん	vs
力不足	ちからぶそく	n
募る	つのる	v5r
勤勉	きんべん	adj-na
即金	そっきん	n
各位	かくい	n
和子	わこ	n
喝采	かっさい	vs
喪	も	n
営み	いとなみ	n
四半期	しはんき	n
国税庁	こくぜいちょう	n
夕焼け	ゆうやけ	n
大前	おおまえ	n
大坂	おおさか	n
大本営	だいほんえい	n
天敵	てんてき	n
奇抜	きばつ	adj-na
好ましい	このましい	adj-i
媚び	こび	n
守護神	しゅごじん	n
安らぎ	やすらぎ	n
寄贈	きぞう	vs
導師	どうし	n
小中学校	しょうちゅうがっこう	n
少額	しょうがく	n
山川	さんせん	n
巣窟	そうくつ	n
平方	へいほう	n
床屋	とこや	n
後発	こうはつ	vs
微粒子	びりゅうし	n
徴用	ちょうよう	vs
快晴	かいせい	n
急落	きゅうらく	vs
悩ましい	なやましい	adj-i
感受性	かんじゅせい	n
感電	かんでん	vs
成り立ち	なりたち	n
成年	せいねん	n
戒め	いましめ	n
所以	ゆえん	n
扶養	ふよう	vs
持ち帰る	もちかえる	v5r
挙式	きょしき	vs
振り回す	ふりまわす	v5s
振り込み	ふりこみ	n
授賞	じゅしょう	vs
排斥	はいせき	vs
接合	せつごう	vs
散乱	さんらん	vs
新参	しんざん	n
新生児	しんせいじ	n
方策	ほうさく	n
暴徒	ぼうと	n
書体	しょたい	n
月下	げっか	n
本郷	ほんごう	n
本領	ほんりょう	n
東名	とうめい	n
栄養士	えいようし	n
根気	こんき	n
業態	ぎょうたい	n
槽	そう	n
次官	じかん	n
武術	ぶじゅつ	n
河川敷	かせんじき	n
浴槽	よくそう	n
潤滑	じゅんかつ	n
無性に	むしょうに	adv
煮物	にもの	n
熱量	ねつりょう	n
牢	ろう	n
甘み	あまみ	n
申し込む	もうしこむ	v5m
画廊	がろう	n
痺れ	しびれ	n
白馬	はくば	n
監察	かんさつ	vs
神風	かみかぜ	n
秒速	びょうそく	n
称する	しょうする	vs
穴場	あなば	n
童子	どうじ	n
紙袋	かみぶくろ	n
素数	そすう	n
累積	るいせき	vs
羊毛	ようもう	n
老婆	ろうば	n
肋骨	あばらぼね	n
脇役	わきやく	n
至極	しごく	adv
苔	こけ	n
若松	わかまつ	n
螺旋	らせん	n
見世物	みせもの	n
訓	くん	n
詐称	さしょう	vs
誤魔化す	ごまかす	v5s
買い換え	かいかえ	n
赤子	せきし	n
赤毛	あかげ	n
軟骨	なんこつ	n
送り込む	おくりこむ	v5m
逸材	いつざい	n
適	たまたま	adv
重機	じゅうき	n
鉄鋼	てっこう	n
銅メダル	どうメダル	n
開校	かいこう	vs
雑音	ざつおん	n
非情	ひじょう	adj-na
頸	くび	n
高専	こうせん	n
あのー	あのー	int
あやめ	あやめ	n
ありあり	ありあり	adv
おなら	おなら	n
かかと	かかと	n
かまぼこ	かまぼこ	n
かんな	かんな	n
くくり	くくり	n
げんき	げんき	adj-na
こうじ	こうじ	n
とてつもない	とてつもない	adj-i
にっこり	にっこり	vs
ひとつひとつ	ひとつひとつ	adv
ひととき	ひととき	n
ふわっと	ふわっと	vs
まとい	まとい	n
めがね	めがね	n
アダプタ	アダプター	n
アニマル	アニマル	n
アラフォー	アラフォー	exp
インテリ	インテリ	n
ウェット	ウェット	adj-na
オリエント	オリエント	n
カヌー	カヌー	n
カノン	カノン	n
クラック	クラック	n
クロアチア	クロアチア	n
グラフィックス	グラフィックス	n
ケープ	ケープ	n
サク	さく	n
サリン	サリン	n
サンマ	さんま	n
ジワジワ	ジワジワ	adv
スティング	スティング	n
ストイック	ストイック	adj-na
スラッシュ	スラッシュ	vs
セーフティ	セーフティー	n
ダシ	だし	n
ダメダメ	だめだめ	adj-na
ヅラ	づら	n
テクスチャ	テクスチャ	n
トライアングル	トライアングル	n
ナギ	なぎ	n
ナマズ	なまず	n
ニッチ	ニッチ	n
ノロ	ノロ	n
ハイジャック	ハイジャック	vs
ハシゴ	はしご	n
ハンコ	はんこ	n
フェザー	フェザー	n
フランクフルト	フランクフルト	n
フルネーム	フルネーム	n
ブランデー	ブランデー	n
プラネタリウム	プラネタリウム	n
プルプル	ぷるぷる	vs
プロバイダ	プロバイダー	n
ベビーカー	ベビーカー	n
ホロコースト	ホロコースト	n
マンチェスター	マンチェスター	n
ミツバチ	みつばち	n
ミュンヘン	ミュンヘン	n
ヤンデレ	ヤンデレ	n
ラッパ	らっぱ	n
リミックス	リミックス	vs
レック	レック	n
レンチ	レンチ	n
ワット	ワット	n
不変	ふへん	adj-na
不服	ふふく	n
二次会	にじかい	n
人道的	じんどうてき	adj-na
人選	じんせん	vs
仰向け	あおむけ	n
何気なく	なにげなく	exp
公聴	こうちょう	vs
内海	うちうみ	n
再燃	さいねん	vs
冬眠	とうみん	vs
利口	りこう	adj-na
剃る	そる	v5r
前兆	ぜんちょう	n
助長	じょちょう	vs
区役所	くやくしょ	n
台帳	だいちょう	n
各人	かくじん	n
命題	めいだい	n
和尚	おしょう	n
嘲笑	ちょうしょう	vs
固体	こたい	n
坊や	ぼうや	n
埋まる	うまる	v5r
壽	ことぶき	n
大木	たいぼく	n
天津	あまつ	n
失明	しつめい	vs
奇形	きけい	n
姑	しゅうとめ	n
宿る	やどる	v5r
専売	せんばい	vs
広まる	ひろまる	v5r
庄	しょう	n
序	じょ	n
弓矢	ゆみや	n
得する	とくする	vs
恒常	こうじょう	n
愛読	あいどく	vs
態	たい	n
慶応	けいおう	n
手引き	てびき	vs
投降	とうこう	vs
拒む	こばむ	v5m
振るう	ふるう	v5u
推察	すいさつ	vs
損なう	そこなう	v5u
改める	あらためる	v1
政務	せいむ	n
断熱	だんねつ	vs
新調	しんちょう	vs
旅立つ	たびだつ	v5t
明快	めいかい	adj-na
最寄駅	もよりえき	n
東経	とうけい	n
染まる	そまる	v5r
校則	こうそく	n
植え付け	うえつけ	n
気筒	きとう	n
決壊	けっかい	vs
活かす	いかす	v5s
浮き彫り	うきぼり	n
消防車	しょうぼうしゃ	n
湧く	わく	v5k
溶解	ようかい	vs
滞納	たいのう	vs
漁港	ぎょこう	n
漏れる	もれる	v1
灯油	とうゆ	n
用地	ようち	n
用心棒	ようじんぼう	n
申し入れ	もうしいれ	n
病室	びょうしつ	n
盆踊り	ぼんおどり	n
県議会	けんぎかい	n
着替える	きがえる	v1
突然変異	とつぜんへんい	vs
窓際	まどぎわ	n
組み換え	くみかえ	vs
組み込み	くみこみ	vs
老害	ろうがい	n
考古学	こうこがく	n
耕作	こうさく	vs
肝炎	かんえん	n
育毛	いくもう	vs
脳神経	のうしんけい	n
興味津々	きょうみしんしん	n
苦境	くきょう	n
薬学	やくがく	n
蛋白	たんぱく	n
裏山	うらやま	n
補填	ほてん	vs
見越し	みこし	n
警察庁	けいさつちょう	n
越後	えちご	n
逆手	ぎゃくて	n
通行人	つうこうにん	n
進言	しんげん	vs
運航	うんこう	vs
過多	かた	n
選び方	えらびかた	n
邪神	じゃしん	n
酒飲み	さけのみ	n
釘付け	くぎづけ	vs
開館	かいかん	vs
雑学	ざつがく	n
離す	はなす	v5s
音符	おんぷ	n
駆け込み	かけこみ	n
騎馬	きば	n
高低	こうてい	vs
鳳凰	ほうおう	n
あずき	あずき	n
あたたかい	あたたかい	adj-i
おでこ	おでこ	n
おのれ	おのれ	pn
お尋ね	おたずね	vs
ごまかす	ごまかす	v5s
さくらんぼ	さくらんぼ	n
しつけ	しつけ	n
しゅん	しゅん	n
そうしたら	そうしたら	conj
ちまちま	ちまちま	adv
とっさ	とっさ	n
とんこつ	とんこつ	n
どん底	どんぞこ	n
なまる	なまる	v5r
ふとした	ふとした	
まんまと	まんまと	adv
アイランド	アイランド	n
アフガン	アフガン	n
エンジニアリング	エンジニアリング	n
オワタ	オワタ	exp
カワウソ	かわうそ	n
ガイ	ガイ	n
キャビン	キャビン	n
クジ	くじ	n
クソゲー	くそゲー	n
クラスタ	クラスター	n
クリーク	クリーク	n
コンビネーション	コンビネーション	n
コンポーネント	コンポーネント	n
ゴブリン	ゴブリン	n
サムネ	サムネ	n
スランプ	スランプ	n
セールスマン	セールスマン	n
タキシード	タキシード	n
タピオカ	タピオカ	n
チャド	チャド	n
チームワーク	チームワーク	n
ディビジョン	ディビジョン	n
デジカメ	デジカメ	n
デュエル	デュエル	n
ドラマチック	ドラマチック	adj-na
ドリブル	ドリブル	vs
ドロー	ドロー	n
ニッケル	ニッケル	n
ハイレベル	ハイレベル	adj-na
ファイバー	ファイバー	n
ブラウス	ブラウス	n
プリズム	プリズム	n
プロレスラー	プロレスラー	n
ベタベタ	ベタベタ	vs
ペル	ペル	n
マグマ	マグマ	n
マンモス	マンモス	n
ミット	ミット	n
メダリスト	メダリスト	n
モグラ	もぐら	n
ラムネ	ラムネ	n
ルージュ	ルージュ	n
ロコ	ロコ	n
ロックンロール	ロックンロール	n
三十路	みそじ	n
不参加	ふさんか	n
不明瞭	ふめいりょう	adj-na
乗り場	のりば	n
乱数	らんすう	n
乳製品	にゅうせいひん	n
二分	にぶん	vs
仕上げる	しあげる	v1
伝送	でんそう	vs
使い物	つかいもの	n
傍聴	ぼうちょう	vs
儒教	じゅきょう	n
入れ替わる	いれかわる	v5r
全貌	ぜんぼう	n
出直し	でなおし	vs
切開	せっかい	vs
刻む	きざむ	v5m
助力	じょりょく	vs
勅語	ちょくご	n
協奏曲	きょうそうきょく	n
同姓	どうせい	n
吹っ飛ぶ	ふっとぶ	v5b
地元民	じもとみん	n
変容	へんよう	vs
外注	がいちゅう	vs
大字	だいじ	n
大目	おおめ	n
始業	しぎょう	vs
宇	う	ctr
官庁	かんちょう	n
家内	かない	n
小さめ	ちいさめ	n
局員	きょくいん	n
山積み	やまづみ	vs
山里	やまざと	n
工学部	こうがくぶ	n
差し支え	さしつかえ	n
市警	しけい	n
帰路	きろ	n
干支	えと	n
引っ掛け	ひっかけ	n
後見人	こうけんにん	n
御殿	ごてん	n
御社	おんしゃ	n
復	また	adv
微笑ましい	ほほえましい	adj-i
思い当たる	おもいあたる	v5r
戦友	せんゆう	n
手羽	てば	n
打ち込み	うちこみ	n
技量	ぎりょう	n
押しかけ	おしかけ	n
教区	きょうく	n
旧友	きゅうゆう	n
明晰	めいせき	adj-na
暴発	ぼうはつ	vs
書き出し	かきだし	n
書斎	しょさい	n
有事	ゆうじ	n
朋	とも	n
末っ子	すえっこ	n
本職	ほんしょく	n
柴犬	しばいぬ	n
根っこ	ねっこ	n
極小	きょくしょう	adj-na
正方形	せいほうけい	n
毒ガス	どくガス	n
沿う	そう	v5u
波乱	はらん	n
洋食	ようしょく	n
浪漫	ろうまん	n
淘汰	とうた	vs
混む	こむ	v5m
清々しい	すがすがしい	adj-i
無二	むに	n
煩悩	ぼんのう	n
瑠璃	るり	n
瓦礫	がれき	n
盆栽	ぼんさい	n
真上	まうえ	n
着席	ちゃくせき	vs
睾丸	こうがん	n
確執	かくしつ	vs
租税	そぜい	n
終止符	しゅうしふ	n
緻密	ちみつ	adj-na
肌色	はだいろ	n
腹の中	はらのなか	n
花園	はなぞの	n
茶飯事	さはんじ	n
落	おち	n
見合う	みあう	v5u
親日	しんにち	n
読了	どくりょう	vs
象牙	ぞうげ	n
赤面	せきめん	vs
輸血	ゆけつ	vs
農協	のうきょう	n
退化	たいか	vs
過小	かしょう	adj-na
長々	ながなが	adv
長方形	ちょうほうけい	n
陵辱	りょうじょく	vs
飛車	ひしゃ	n
飛騨	ひだ	n
骨髄	こつずい	n
鳴門	なると	n
あける	あける	v1
おととい	おととい	n
お辞儀	おじぎ	vs
そのうえ	そのうえ	conj
ちょっかい	ちょっかい	n
というのも	というのも	exp
ひいては	ひいては	adv
ひぐらし	ひぐらし	n
ひねり	ひねり	n
ぺろぺろ	ぺろぺろ	vs
やよい	やよい	n
やんちゃ	やんちゃ	adj-na
アーマー	アーマー	n
イエメン	イエメン	n
イルミネーション	イルミネーション	n
インターハイ	インターハイ	n
インパルス	インパルス	n
イージス	イージス	n
ウイグル	ういぐる	n
エキサイト	エキサイト	vs
エキストラ	エクストラ	n
エクスタシー	エクスタシー	n
オッズ	オッズ	n
オペレーション	オペレーション	n
クルクル	くるくる	vs
クロニクル	クロニクル	n
コカ・コーラ	コカコーラ	n
コネクタ	コネクター	n
コンロ	こんろ	n
サウジ	サウジ	n
シングルス	シングルス	n
ジェスチャー	ジェスチャー	n
ジュピター	ジュピター	n
タテ	たて	n
ダイブ	ダイブ	vs
チェア	チェア	n
トロッコ	トロッコ	n
トロント	トロント	n
ナビゲーター	ナビゲーター	n
ニュータイプ	ニュータイプ	n
ハンティング	ハンティング	n
バチ	パジ	n
バンザイ	ばんざい	int
ピチピチ	ぴちぴち	vs
ファイアー	ファイア	n
フェスタ	フェスタ	n
フェミニズム	フェミニズム	n
ブライダル	ブライダル	n
ホタル	ほたる	n
ボイコット	ボイコット	vs
ポップアップ	ポップアップ	n
マグナム	マグナム	n
マグネシウム	マグネシウム	n
マスタード	マスタード	n
マットレス	マットレス	n
ミネソタ	ミネソタ	n
ルイジアナ	ルイジアナ	n
レーズン	レーズン	n
ロース	ロース	n
一読	いちどく	vs
上越	じょうえつ	n
下校	げこう	vs
主語	しゅご	n
休校	きゅうこう	vs
体毛	たいもう	n
体臭	たいしゅう	n
光源	こうげん	n
入籍	にゅうせき	vs
再選	さいせん	vs
凄腕	すごうで	n
切り口	きりくち	n
初歩	しょほ	n
初詣	はつもうで	n
別姓	べっせい	n
利息	りそく	n
劣悪	れつあく	adj-na
努める	つとめる	v1
医大	いだい	n
卯	う	n
古本	ふるほん	n
右目	みぎめ	n
司馬	しば	n
名取	なとり	n
味見	あじみ	vs
和人	わじん	n
固まる	かたまる	v5r
大義	たいぎ	n
大蛇	だいじゃ	n
失禁	しっきん	vs
安売り	やすうり	vs
定量	ていりょう	n
実体験	じったいけん	n
山小屋	やまごや	n
川端	かわばた	n
年俸	ねんぽう	n
序列	じょれつ	n
延び	のび	n
微細	びさい	adj-na
微量	びりょう	n
忘却	ぼうきゃく	vs
意気込み	いきごみ	n
感慨深い	かんがいぶかい	adj-i
所存	しょぞん	n
手品	てじな	n
手形	てがた	n
投棄	とうき	vs
拘り	こだわり	n
換装	かんそう	vs
文学部	ぶんがくぶ	n
新婦	しんぷ	n
新郎	しんろう	n
昇給	しょうきゅう	vs
明るみ	あかるみ	n
明朝	みんちょう	n
時価	じか	n
有毒	ゆうどく	adj-na
期限切れ	きげんぎれ	n
校正	こうせい	vs
格別	かくべつ	n
梨花	りか	n
植木	うえき	n
楽章	がくしょう	n
歌劇	かげき	n
殴り合い	なぐりあい	n
毒舌	どくぜつ	n
比重	ひじゅう	n
水蒸気	すいじょうき	n
氷室	こおりむろ	n
汚物	おぶつ	n
泣かせ	なかせ	n
洋菓子	ようがし	n
津軽	つがる	n
流産	りゅうざん	vs
海面	かいめん	n
深まる	ふかまる	v5r
温もり	ぬくもり	n
火口	かこう	n
熟知	じゅくち	vs
熱気	ねっき	n
熱湯	ねっとう	n
牡馬	ぼば	n
猛獣	もうじゅう	n
生ビール	なまビール	n
田畑	たはた	n
甲羅	こうら	n
番人	ばんにん	n
痛快	つうかい	adj-na
発刊	はっかん	vs
皇居	こうきょ	n
皮切り	かわきり	n
社会党	しゃかいとう	n
空き地	あきち	n
空振り	からぶり	vs
範	はん	n
結界	けっかい	n
編入	へんにゅう	vs
羞恥	しゅうち	n
義弟	ぎてい	n
耳元	みみもと	n
脱糞	だっぷん	vs
茶の間	ちゃのま	n
見なし	みなし	n
見合わせ	みあわせ	n
見抜く	みぬく	v5k
読み取り	よみとり	vs
賜物	たまもの	n
踏み出す	ふみだす	v5s
軍師	ぐんし	n
返礼	へんれい	vs
追い越し	おいこし	n
道筋	みちすじ	n
道連れ	みちづれ	n
遡る	さかのぼる	v5r
適量	てきりょう	n
野鳥	やちょう	n
鉄骨	てっこつ	n
銃殺	じゅうさつ	vs
開運	かいうん	n
陥没	かんぼつ	vs
陰性	いんせい	adj-na
険しい	けわしい	adj-i
隔て	へだて	n
雑種	ざっしゅ	n
雪だるま	ゆきだるま	n
静寂	せいじゃく	n
非常時	ひじょうじ	n
韻	いん	n
願い事	ねがいごと	n
鮎	あゆ	n
あたい	あたい	n
うろうろ	うろうろ	adv
お薦め	おすすめ	vs
かれる	かれる	v1
くたばれ	くたばれ	exp
さぞかし	さぞかし	adv
すっと	すっと	vs
すっぴん	すっぴん	n
たたい	たたい	n
つぶやく	つぶやく	v5k
なんど	なんど	n
にわか	にわか	adj-na
はさみ	はさみ	n
ほんのり	ほんのり	vs
ぼかし	ぼかし	n
またもや	またもや	adv
まわす	まわす	v5s
むき出し	むきだし	adj-na
やむを得ない	やむをえない	adj-i
アイオワ	アイオワ	n
インスタンス	インスタンス	n
ウメ	うめ	n
エスパー	エスパー	n
エディタ	エディター	n
オフパコ	オフパコ	n
オースティン	オースチン	n
オーブ	オーブ	n
カタール	カタール	n
クエ	くえ	n
クルーザー	クルーザー	n
グアテマラ	グアテマラ	n
コンプライアンス	コンプライアンス	n
スナップ	スナップ	n
ソナタ	ソナタ	n
ソーシャルメディア	ソーシャルメディア	n
タンゴ	タンゴ	n
ダチョウ	だちょう	n
チェーンソー	チェーンソー	n
チョップ	チョップ	n
チワワ	チワワ	n
トランクス	トランクス	n
トロール	トロール	n
ドタバタ	ドタバタ	vs
ノックアウト	ノックアウト	vs
ハラスメント	ハラスメント	n
ハワイアン	ハワイアン	n
バジル	バジル	n
ビーバー	ビーバー	n
ファッションショー	ファッションショー	n
フルボッコ	フルボッコ	vs
ボイラー	ボイラー	n
マニラ	マニラ	n
ミッドナイト	ミッドナイト	n
ムース	ムース	n
ヨコ	よこ	n
ラテ	ラテ	n
ワンピ	ワンピ	n
一理	いちり	n
一軍	いちぐん	n
下田	げでん	n
両用	りょうよう	vs
乱射	らんしゃ	vs
人びと	ひとびと	n
何時も	いつも	adv
係長	かかりちょう	n
催促	さいそく	vs
債券	さいけん	n
入れ替える	いれかえる	v1
全権	ぜんけん	n
内輪	うちわ	n
分化	ぶんか	vs
切れ味	きれあじ	n
前任	ぜんにん	n
化す	かす	v5s
化身	けしん	vs
古書	こしょ	n
問いかけ	といかけ	n
喰らう	くらう	v5u
増援	ぞうえん	vs
壊死	えし	vs
大勝	たいしょう	vs
大学院生	だいがくいんせい	n
大罪	だいざい	n
奇行	きこう	n
宮内庁	くないちょう	n
寛大	かんだい	adj-na
寝言	ねごと	n
小国	しょうこく	n
尿道	にょうどう	n
左目	ひだりめ	n
巨根	きょこん	n
常人	じょうじん	n
平地	ひらち	n
庇護	ひご	vs
引き締め	ひきしめ	n
弾力	だんりょく	n
往来	おうらい	vs
後ろ向き	うしろむき	adj-na
後尾	こうび	n
後述	こうじゅつ	vs
恥知らず	はじしらず	adj-na
恨む	うらむ	v5m
恰好	かっこう	n
悪ふざけ	わるふざけ	vs
慣例	かんれい	n
憂い	うれい	n
懐中	かいちゅう	vs
懸け	かけ	n
成す	なす	v5s
所蔵	しょぞう	vs
手描き	てがき	n
払い下げ	はらいさげ	n
抜け道	ぬけみち	n
押さえる	おさえる	v1
拮抗	きっこう	vs
持ち運び	もちはこび	n
推す	おす	v5s
敵視	てきし	vs
断じて	だんじて	adv
新月	しんげつ	n
新鋭	しんえい	adj-na
明智	めいち	n
書き直し	かきなおし	n
最大手	さいおおて	n
月々	つきづき	n
本庁	ほんちょう	n
桑	くわ	n
棒読み	ぼうよみ	vs
楕円	だえん	n
極まりない	きわまりない	adj-i
欠く	かく	v5k
歌合戦	うたがっせん	n
正座	しょうざ	n
歯茎	はぐき	n
段取り	だんどり	vs
段落	だんらく	n
殿様	とのさま	n
気さく	きさく	adj-na
気球	ききゅう	n
水圧	すいあつ	n
氷結	ひょうけつ	vs
求婚	きゅうこん	vs
注意報	ちゅういほう	n
流れ星	ながれぼし	n
浮世絵	うきよえ	n
潔白	けっぱく	n
激痛	げきつう	n
無期	むき	n
無気力	むきりょく	n
牝馬	ひんば	n
物置	ものおき	n
田所	たどころ	n
留める	とどめる	v1
目処	めど	n
省エネ	しょうエネ	n
知れる	しれる	v1
碁	ご	n
秒読み	びょうよみ	n
税収	ぜいしゅう	n
穴埋め	あなうめ	vs
突き出し	つきだし	n
競艇	きょうてい	n
筒井	つつい	n
管弦楽	かんげんがく	n
粉々	こなごな	adj-na
紬	つむぎ	n
結びつく	むすびつく	v5k
結核	けっかく	n
統率	とうそつ	vs
絶する	ぜっする	vs
肴	さかな	n
脳卒中	のうそっちゅう	n
腱	けん	n
花道	はなみち	n
製剤	せいざい	n
見切り	みきり	n
覚醒剤	かくせいざい	n
詰まる	つまる	v5r
質屋	しちや	n
赤十字	せきじゅうじ	n
追撃	ついげき	vs
送り出す	おくりだす	v5s
逆戻り	ぎゃくもどり	vs
配下	はいか	n
酷使	こくし	vs
鈍い	にぶい	adj-i
銃器	じゅうき	n
鎮座	ちんざ	vs
開票	かいひょう	vs
阿呆	あほ	n
陶	すえ	n
雅人	がじん	n
非合法	ひごうほう	adj-na
順応	じゅんのう	vs
領海	りょうかい	n
餡	あん	n
館長	かんちょう	n
あさり	あさり	n
おこる	おこる	v5r
おまわりさん	おまわりさん	n
がまん	がまん	vs
こすり	こすり	n
しかる	しかる	v5r
せっせと	せっせと	adv
たくましい	たくましい	adj-i
たてる	たてる	v1
たんぱく質	タンパクしつ	n
ちぎり	ちぎり	n
てんこ盛り	てんこもり	n
ところどころ	ところどころ	n
なぎさ	なぎさ	n
なさる	なさる	v5r
ふりかけ	ふりかけ	n
ぶち込む	ぶちこむ	v5m
まとめ買い	まとめがい	vs
もぐもぐ	もぐもぐ	vs
アビ	あび	n
イスラーム	イスラム	n
インディーズ	インディーズ	n
エストニア	エストニア	n
カンガルー	カンガルー	n
キャン	キャン	adv
クルミ	くるみ	n
クレープ	クレープ	n
グラデーション	グラデーション	n
ケイン	ケイン	n
コントラスト	コントラスト	n
コーポレーション	コーポレーション	n
サラサラ	さらさら	adv
シートベルト	シートベルト	vs
ジャスティス	ジャスティス	n
ジョイ	ジョイ	n
ジンバブエ	ジンバブエ	n
スクウェア	スクウェア	n
スケボー	スケボー	n
ストール	ストール	n
スプリント	スプリント	n
スモール	スモール	n
ソムリエ	ソムリエ	n
ダイアリー	ダイアリー	n
チャレンジャー	チャレンジャー	n
チラチラ	ちらちら	vs
トナカイ	となかい	n
ドナー	ドナー	n
ニューメキシコ	ニューメキシコ	n
バスター	バスター	n
バルク	バルク	n
バルト	バルト	n
パイル	パイル	n
パッション	パッション	n
パートナーシップ	パートナーシップ	n
ファンキー	ファンキー	adj-na
フカ	ふか	n
フラップ	フラップ	n
ヘクタール	ヘクタール	n
ペンキ	ペンキ	n
ホットドッグ	ホットドッグ	n
ボイル	ボイル	vs
ボルドー	ボルドー	n
マジシャン	マジシャン	n
ムーブメント	ムーブメント	n
メリークリスマス	メリークリスマス	int
メリーランド	メリーランド	n
ライトアップ	ライトアップ	vs
ヴァンガード	ヴァンガード	vs
一躍	いちやく	vs
上戸	じょうご	n
下見	したみ	vs
不一致	ふいっち	n
丸み	まるみ	n
乳幼児	にゅうようじ	n
亡者	もうじゃ	n
交わす	かわす	v5s
交替	こうたい	vs
休場	きゅうじょう	vs
信用金庫	しんようきんこ	n
修造	しゅうぞう	vs
健やか	すこやか	adj-na
元来	がんらい	adv
八雲	やくも	n
共働き	ともばたらき	vs
円満	えんまん	adj-na
冷徹	れいてつ	adj-na
切り上げ	きりあげ	n
切替	きりかえ	n
別格	べっかく	n
勾配	こうばい	n
単調	たんちょう	adj-na
即席	そくせき	n
厳守	げんしゅ	vs
受け身	うけみ	n
古事記	こじき	n
名高い	なだかい	adj-i
向日葵	ひまわり	n
味の素	あじのもと	n
商事	しょうじ	n
商談	しょうだん	vs
啓示	けいじ	vs
囁き	ささやき	n
四角い	しかくい	adj-i
埋め込み	うめこみ	n
場外	じょうがい	n
変化球	へんかきゅう	n
夕陽	ゆうひ	n
夜戦	やせん	n
如き	ごとき	n
婿	むこ	n
安否	あんぴ	n
完敗	かんぱい	n
宝庫	ほうこ	n
対する	たいする	vs
対馬	たいま	n
小路	こうじ	n
川田	かわた	n
巡洋艦	じゅんようかん	n
希薄	きはく	adj-na
干物	ひもの	n
広まり	ひろまり	n
弐	に	
引き合い	ひきあい	n
引き返し	ひきかえし	n
御覧	ごらん	int
恥辱	ちじょく	n
打ち込む	うちこむ	v5m
承継	しょうけい	vs
担ぎ	かつぎ	n
据え置き	すえおき	n
放し	はなし	n
敬称	けいしょう	n
新薬	しんやく	n
旋風	せんぷう	n
既知	きち	n
暖	だん	n
更迭	こうてつ	vs
書簡	しょかん	n
月見	つきみ	n
有意	ゆうい	adj-na
期末	きまつ	n
木の実	このみ	n
札束	さつたば	n
来季	らいき	n
果敢	かかん	adj-na
枢機卿	すうききょう	n
毒物	どくぶつ	n
毛髪	もうはつ	n
水温	すいおん	n
汐	しお	n
治験	ちけん	n
法師	ほうし	n
注視	ちゅうし	vs
湯船	ゆぶね	n
湿地	しっち	n
滝川	たきがわ	n
漂白	ひょうはく	vs
演目	えんもく	n
無地	むじ	n
爆薬	ばくやく	n
牡丹	ぼたん	n
物議	ぶつぎ	n
猟	りょう	n
申込み	もうしこみ	n
男装	だんそう	vs
痛風	つうふう	n
発育	はついく	vs
益々	ますます	adv
目先	めさき	n
真っ当	まっとう	adj-na
真犯人	しんはんにん	n
着弾	ちゃくだん	vs
破格	はかく	n
磁場	じば	n
礎	いしずえ	n
禍	まが	n
空く	すく	v5k
算	さん	n
精巧	せいこう	adj-na
素晴らしき	すばらしき	n
細々	ほそぼそ	adv
終り	おわり	n
組立	くみたて	n
綿密	めんみつ	adj-na
締める	しめる	v1
罪状	ざいじょう	n
美麗	びれい	adj-na
脱力	だつりょく	vs
自営業	じえいぎょう	n
自明	じめい	adj-na
苦しめる	くるしめる	v1
落雷	らくらい	n
血清	けっせい	n
行き着く	ゆきつく	v5k
裏方	うらかた	n
見張り	みはり	n
託す	たくす	v5s
貧民	ひんみん	n
賢人	けんじん	n
赴く	おもむく	v5k
踏み出し	ふみだし	n
身辺	しんぺん	n
転身	てんしん	vs
追いつく	おいつく	v5k
逃げ道	にげみち	n
逆流	ぎゃくりゅう	vs
酷評	こくひょう	vs
重厚	じゅうこう	adj-na
鉄筋	てっきん	n
鉱石	こうせき	n
銀貨	ぎんか	n
閉める	しめる	v1
開講	かいこう	vs
降雨	こうう	n
陪審	ばいしん	n
隠岐	おき	n
集金	しゅうきん	vs
雨水	あまみず	n
駐輪場	ちゅうりんじょう	n
魚類	ぎょるい	n
かかえ	かかえ	n
かすか	かすか	adj-na
こずえ	こずえ	n
しるし	しるし	n
ずさん	ずさん	adj-na
そそる	そそる	v5r
ちょん	ちょん	adv
つるつる	つるつる	vs
ばったり	ばったり	adv
むやみ	むやみ	adj-na
やかましい	やかましい	adj-i
わかば	わかば	n
アウェイ	アウェイ	n
アコースティック	アコースティック	n
アジアン	アジアン	n
アトピー	アトピー	n
エスプレッソ	エスプレッソ	n
オウム真理教	オウムしんりきょう	n
オムレツ	オムレツ	n
オンデマンド	オンデマンド	n
カラコン	カラコン	n
カリブ海	カリブかい	n
カルテット	カルテット	n
ザップ	ザップ	n
ジャンケン	じゃんけん	vs
ジュネーブ	ジュネーブ	n
スキャナー	スキャナー	n
スパッツ	スパッツ	n
タロット	タロット	n
タンカー	タンカー	n
チュニジア	チュニジア	n
ティ	ティー	n
ハング	ハング	vs
バカンス	バカンス	n
バクテリア	バクテリア	n
バリュー	バリュー	n
バージン	バージン	n
ビジター	ビジター	n
ファクトリー	ファクトリー	n
プロペラ	プロペラ	n
ヘアスタイル	ヘアスタイル	n
ヘブライ	ヘブライ	n
ペイン	ペイン	n
ペースト	ペースト	vs
ポケ	ポケ	n
マイルド	マイルド	adj-na
モータースポーツ	モータースポーツ	n
ヤッター	やった	int
ラブホテル	ラブホテル	n
ラード	ラード	n
ロッジ	ロッジ	n
ロト	ロット	n
ロータリー	ロータリー	n
ワイシャツ	ワイシャツ	n
一報	いっぽう	vs
一段	いちだん	adv
三味線	しゃみせん	n
上腕	じょうわん	n
下僕	げぼく	n
不条理	ふじょうり	adj-na
不眠	ふみん	n
二の腕	にのうで	n
人名	じんめい	n
仏壇	ぶつだん	n
伊予	いよ	n
伝記	でんき	n
位相	いそう	n
体外	たいがい	n
何れ	いずれ	adv
余程	よほど	adv
使いこなす	つかいこなす	v5s
信徒	しんと	n
修練	しゅうれん	vs
値打ち	ねうち	n
偶像	ぐうぞう	n
元旦	がんたん	n
全校	ぜんこう	n
八千代	やちよ	n
公民	こうみん	n
公社	こうしゃ	n
再演	さいえん	vs
再起	さいき	vs
冒涜	ぼうとく	vs
加味	かみ	vs
南シナ海	みなみシナかい	n
原口	げんこう	n
収まり	おさまり	n
取り合い	とりあい	n
合掌	がっしょう	vs
同乗	どうじょう	vs
同族	どうぞく	n
告示	こくじ	vs
呪縛	じゅばく	vs
固形	こけい	n
国益	こくえき	n
塩化	えんか	n
塩水	しおみず	n
変色	へんしょく	vs
夏期	かき	n
夢想	むそう	vs
大卒	だいそつ	n
大方	おおかた	n
奥底	おくそこ	n
子女	しじょ	n
室長	しつちょう	n
家宅	かたく	n
屋根裏	やねうら	n
峯	みね	n
年始	ねんし	n
弱気	よわき	adj-na
強める	つよめる	v1
当り	あたり	n
形容	けいよう	vs
彩る	いろどる	v5r
往年	おうねん	n
待ち伏せ	まちぶせ	vs
微塵	みじん	n
思い浮かべる	おもいうかべる	v1
愚か者	おろかもの	n
成り行き	なりゆき	n
戦地	せんち	n
手作業	てさぎょう	n
手記	しゅき	vs
打診	だしん	vs
抜け出す	ぬけだす	v5s
振り分け	ふりわけ	n
挽回	ばんかい	vs
接吻	せっぷん	vs
揉む	もむ	v5m
放尿	ほうにょう	vs
敬愛	けいあい	vs
文中	ぶんちゅう	n
文庫本	ぶんこぼん	n
新聞紙	しんぶんし	n
日照	にっしょう	n
昇降	しょうこう	vs
暗躍	あんやく	vs
曇	くもり	n
未払い	みはらい	n
格納庫	かくのうこ	n
概略	がいりゃく	n
権益	けんえき	n
横取り	よこどり	vs
正す	ただす	v5s
死闘	しとう	vs
気性	きしょう	n
海中	かいちゅう	n
混浴	こんよく	vs
減点	げんてん	vs
溺死	できし	vs
漣	さざなみ	n
激増	げきぞう	vs
灘	なだ	n
無敗	むはい	n
燐	りん	n
牢獄	ろうごく	n
特売	とくばい	vs
特攻隊	とっこうたい	n
猥褻	わいせつ	adj-na
産後	さんご	n
男子校	だんしこう	n
町民	ちょうみん	n
疎遠	そえん	n
癒着	ゆちゃく	vs
発券	はっけん	vs
目薬	めぐすり	n
直る	なおる	v5r
真正面	ましょうめん	n
睦月	むつき	n
瞬く	またたく	v5k
硝子	ガラス	n
神木	しんぼく	n
空虚	くうきょ	n
立ち回り	たちまわり	n
符号	ふごう	n
粘り	ねばり	n
納付	のうふ	vs
素振り	そぶり	n
綺	き	n
総計	そうけい	vs
義姉	ぎし	n
考古	こうこ	n
能動	のうどう	n
脱皮	だっぴ	vs
腿	もも	n
船団	せんだん	n
苦笑い	にがわらい	vs
英明	えいめい	adj-na
萌える	もえる	v1
薄毛	うすげ	n
血小板	けっしょうばん	n
装う	よそおう	v5u
裏付ける	うらづける	v1
要人	ようじん	n
見せつける	みせつける	v1
見送る	みおくる	v5r
護送	ごそう	vs
讃岐	さぬき	n
足る	たる	v5r
軍備	ぐんび	n
辛辣	しんらつ	adj-na
近距離	きんきょり	n
逆行	ぎゃっこう	vs
通りすがり	とおりすがり	n
通年	つうねん	n
逝く	いく	v5k-s
連投	れんとう	vs
遊び場	あそびば	n
選任	せんにん	vs
邦人	ほうじん	n
野中	のなか	n
銀河系	ぎんがけい	n
除雪	じょせつ	vs
随一	ずいいち	n
隠滅	いんめつ	vs
難題	なんだい	n
青柳	あおやぎ	n
領事館	りょうじかん	n
顔つき	かおつき	n
顔見知り	かおみしり	n
風貌	ふうぼう	n
首席	しゅせき	n
高音	こうおん	n
鴻	ひしくい	n
あきらか	あきらか	adj-na
いっか	いっか	n
かなう	かなう	v5u
かもめ	かもめ	n
かわいらしい	かわいらしい	adj-i
こけし	こけし	n
さながら	さながら	adv
しかり	しかり	int
しぼり	しぼり	vs
そぐわない	そぐわない	adj-i
ぞっと	ぞっと	vs
たわわ	たわわ	adj-na
ちゃんこ	ちゃんこ	n
つかえ	つかえ	n
ながい	ながい	adj-i
ねっとり	ねっとり	vs
ひんやり	ひんやり	vs
ふたたび	ふたたび	adv
ふだん	ふだん	n
まぐろ	まぐろ	n
まつ毛	まつげ	n
みちる	みちる	v1
やすみ	やすみ	n
わが家	わがや	exp
アタッチメント	アタッチメント	n
アンバー	アンバー	n
インスト	インスト	n
インドア	インドア	n
イージー	イージー	adj-na
ウィンド	ウインド	n
ウィークリー	ウィークリー	n
ウェールズ	ウェールズ	n
オンス	オンス	n
カステラ	カステラ	n
カチューシャ	カチューシャ	n
カースト	カースト	n
ガーター	ガーター	n
グルーヴ	グルーヴ	n
ザリガニ	ざりがに	n
シス	シス	n
ジプシー	ジプシー	n
ステアリング	ステアリング	n
ステマ	ステマ	n
スレンダー	スレンダー	adj-na
セオリー	セオリー	n
ソート	ソート	vs
ダマ	ダマ	n
ダレ	ダレ	n
チェッカー	チェッカー	n
チーター	チーター	n
テンプル	テンプル	n
トビ	とび	n
トリビア	トリビア	n
ナルシスト	ナルシシスト	n
パシフィック	パシフィック	n
パラオ	パラオ	n
ピリピリ	ピリピリ	vs
ブリーチ	ブリーチ	n
ブローカー	ブローカー	n
プレイボーイ	プレイボーイ	n
ホログラム	ホログラム	n
ポートレート	ポートレート	n
マスターズ	マスターズ	n
ミー	ミー	n
ユートピア	ユートピア	n
ラクダ	らくだ	n
ルームメイト	ルームメイト	n
ヴィジュアル	ビジュアル	adj-na
不死身	ふじみ	adj-na
中共	ちゅうきょう	n
乗り気	のりき	n
事由	じゆう	n
二月	ふたつき	n
交わる	まじわる	v5r
係員	かかりいん	n
保身	ほしん	n
全焼	ぜんしょう	vs
冬休み	ふゆやすみ	n
凡人	ぼんじん	n
初任	しょにん	n
別件	べっけん	n
刺	とげ	n
剥離	はくり	vs
創世	そうせい	n
励む	はげむ	v5m
即売	そくばい	vs
友愛	ゆうあい	n
受け渡し	うけわたし	n
口先	くちさき	n
古巣	ふるす	n
合作	がっさく	vs
名手	めいしゅ	n
名札	なふだ	n
吟醸	ぎんじょう	n
和製	わせい	n
唖然	あぜん	adv
売り込み	うりこみ	n
大理石	だいりせき	n
存命	ぞんめい	vs
完治	かんち	vs
客船	きゃくせん	n
宰相	さいしょう	n
寝ぼけ	ねぼけ	n
寝袋	ねぶくろ	n
山菜	さんさい	n
山賊	さんぞく	n
平壌	ピョンヤン	n
廃盤	はいばん	n
引き揚げ	ひきあげ	n
心療内科	しんりょうないか	n
忌避	きひ	vs
恩赦	おんしゃ	n
憤り	いきどおり	n
戦勝	せんしょう	vs
所見	しょけん	n
手打ち	てうち	n
抵当	ていとう	n
括り	くくり	n
擁立	ようりつ	vs
改心	かいしん	vs
改竄	かいざん	vs
数珠	じゅず	n
文具	ぶんぐ	n
新撰	しんせん	vs
日月	じつげつ	n
旧来	きゅうらい	n
春季	しゅんき	n
時短	じたん	n
曲調	きょくちょう	n
替え歌	かえうた	n
服飾	ふくしょく	n
木場	きば	n
木馬	もくば	n
格言	かくげん	n
横丁	よこちょう	n
残党	ざんとう	n
気がかり	きがかり	n
氣	き	n
泥沼	どろぬま	n
流域	りゅういき	n
海原	うなばら	n
海藻	かいそう	n
演者	えんじゃ	n
無色	むしょく	n
片想い	かたおもい	n
狡猾	こうかつ	adj-na
現われ	あらわれ	n
男らしい	おとこらしい	adj-i
白木	しらき	n
目元	めもと	n
相手方	あいてかた	n
短距離	たんきょり	n
砲火	ほうか	n
神官	しんかん	n
節分	せつぶん	n
納める	おさめる	v1
純真	じゅんしん	adj-na
細心	さいしん	adj-na
経団連	けいだんれん	n
結託	けったく	vs
緊迫	きんぱく	vs
縁組	えんぐみ	vs
繰り出す	くりだす	v5s
群がる	むらがる	v5r
翌月	よくげつ	n
耐熱	たいねつ	n
聖水	せいすい	n
臨界	りんかい	n
花弁	はなびら	n
若菜	わかな	n
藩主	はんしゅ	n
行きつけ	いきつけ	n
訴追	そつい	vs
護身	ごしん	n
豹	ひょう	n
豹変	ひょうへん	vs
起立	きりつ	vs
足止め	あしどめ	vs
車輌	しゃりょう	n
追い風	おいかぜ	n
退散	たいさん	vs
重き	おもき	n
銘	めい	n
鍼灸	しんきゅう	n
開園	かいえん	vs
面子	メンツ	n
音程	おんてい	n
頓挫	とんざ	vs
風紀	ふうき	n
食肉	しょくにく	n
黙認	もくにん	vs
あさって	あさって	n
あやしい	あやしい	adj-i
おとうさん	おとうさん	n
お花畑	おはなばたけ	n
かならず	かならず	adv
ことに	ことに	adv
ごぼう	ごぼう	n
せんせい	せんせい	n
たのしみ	たのしみ	adj-na
たんぽぽ	たんぽぽ	n
ちょろい	ちょろい	adj-i
つぶす	つぶす	v5s
つるん	つるん	adv
ひつじ	ひつじ	n
ふふふ	ふふふ	int
ふわり	ふわり	adv
まがい	まがい	n
やむなく	やむなく	adv
ろくでなし	ろくでなし	n
アザ	あざ	n
アドバンテージ	アドバンテージ	n
アフタヌーン	アフターヌーン	n
アラ	あら	n
ウォシュレット	ウォシュレット	n
ウール	ウール	n
エステル	エステル	n
オフィシャルサイト	オフィシャルサイト	n
カイト	カイト	n
カラット	カラット	n
カーナビ	カーナビ	n
ガセ	がせ	n
ガチャガチャ	ガチャガチャ	vs
ガバガバ	ガバガバ	n
キル	キル	n
クッパ	クッパ	n
サプライ	サプライ	n
サンダー	サンダー	n
ザコ	ざこ	n
シバ	シヴァ	n
シルクロード	シルクロード	n
ジェット機	ジェットき	n
スリランカ	スリランカ	n
タイガース	タイガース	n
タモ	タモ	n
ツァー	ツァーリ	n
テイクアウト	テイクアウト	n
テコ	てこ	n
テックス	テックス	n
ディレクトリ	ディレクトリ	n
トラフィック	トラフィック	n
ネガ	ネガ	n
ノズル	ノズル	n
バイザー	バイザー	n
バッター	バッター	n
バド	バド	n
バロック	バロック	n
バーテンダー	バーテンダー	n
パステル	パステル	n
フェンダー	フェンダー	n
フリップ	フリップ	n
ブリキ	ブリキ	n
ベクター	ベクター	n
ベジタリアン	ベジタリアン	n
ベラルーシ	ベラルーシ	n
ベンダー	ベンダー	n
ベーシスト	ベーシスト	n
マイノリティ	マイノリティー	n
マウンド	マウンド	n
マスカラ	マスカラ	n
マニキュア	マニキュア	n
モチベ	モチベ	n
モニュメント	モニュメント	n
モンブラン	モンブラン	n
リスボン	リスボン	n
ローリング	ローリング	vs
一段落	いちだんらく	vs
三男	さんなん	n
不憫	ふびん	adj-na
不景気	ふけいき	n
主軸	しゅじく	n
人混み	ひとごみ	n
休眠	きゅうみん	vs
体長	たいちょう	n
作製	さくせい	vs
併記	へいき	vs
使い手	つかいて	n
僅差	きんさ	n
入江	いりえ	n
八百長	やおちょう	vs
共催	きょうさい	vs
冷める	さめる	v1
凌辱	りょうじょく	vs
分娩	ぶんべん	vs
初版	しょはん	n
労働党	ろうどうとう	n
口笛	くちぶえ	n
司書	ししょ	n
和室	わしつ	n
団塊	だんかい	n
国策	こくさく	n
地層	ちそう	n
変わり目	かわりめ	n
大成	たいせい	vs
奉公	ほうこう	vs
奔放	ほんぽう	adj-na
実地	じっち	n
宿敵	しゅくてき	n
尺度	しゃくど	n
帰郷	ききょう	vs
常任	じょうにん	vs
幕開け	まくあけ	n
年初	ねんしょ	n
引き寄せる	ひきよせる	v1
怠慢	たいまん	n
惨劇	さんげき	n
戯れ	たわむれ	n
扇子	せんす	n
投薬	とうやく	vs
拙者	せっしゃ	pn
採血	さいけつ	vs
教職	きょうしょく	n
敷き	しき	n
文集	ぶんしゅう	n
旅団	りょだん	n
映える	はえる	v1
昴	すばる	n
景勝	けいしょう	n
曲げる	まげる	v1
月夜	つきよ	n
有り難う	ありがとう	int
木綿	もめん	n
本堂	ほんどう	n
棄却	ききゃく	vs
棺桶	かんおけ	n
極楽	ごくらく	n
標榜	ひょうぼう	vs
模試	もし	n
欲張り	よくばり	n
正装	せいそう	vs
毎秒	まいびょう	n
毒殺	どくさつ	vs
水冷	すいれい	n
水辺	みずべ	n
済州	チェジュ	n
瀬戸内海	せとないかい	n
照合	しょうごう	vs
爆裂	ばくれつ	vs
物言い	ものいい	n
狗	いぬ	n
猟奇	りょうき	n
琢磨	たくま	vs
生き抜く	いきぬく	v5k
留保	りゅうほ	vs
発芽	はつが	vs
真っ青	まっさお	adj-na
着こなし	きこなし	n
着工	ちゃっこう	vs
着火	ちゃっか	vs
知り合う	しりあう	v5u
祈祷	きとう	vs
祝儀	しゅうぎ	n
税込み	ぜいこみ	n
管内	かんない	n
純潔	じゅんけつ	adj-na
組み立てる	くみたてる	v1
組合せ	くみあわせ	n
経典	きょうてん	n
結石	けっせき	n
絶版	ぜっぱん	n
線維	せんい	n
緩衝	かんしょう	n
羊羹	ようかん	n
美食	びしょく	n
老若男女	ろうにゃくなんにょ	n
臨海	りんかい	n
行き場	ゆきば	n
街宣	がいせん	vs
裁く	さばく	v5k
見苦しい	みぐるしい	adj-i
規程	きてい	n
言い伝え	いいつたえ	n
言説	げんせつ	vs
輪姦	りんかん	vs
退団	たいだん	vs
逆境	ぎゃっきょう	n
金具	かなぐ	n
釣る	つる	v5r
銀メダル	ぎんメダル	n
錆	さび	n
闘病	とうびょう	vs
除名	じょめい	vs
陳腐	ちんぷ	adj-na
陽炎	かげろう	n
難航	なんこう	vs
面前	めんぜん	n
風車	ふうしゃ	n
飛来	ひらい	vs
鬱陶しい	うっとうしい	adj-i
鳥類	ちょうるい	n
あつい	あつい	adj-i
おごり	おごり	n
おとぎ話	おとぎばなし	n
お巡りさん	おまわりさん	n
お手上げ	おてあげ	n
これこれ	これこれ	n
こんち	こんち	vs
しいたけ	しいたけ	n
すんません	すんません	exp
たべる	たべる	v1
ちっと	ちっと	adv
なんら	なんら	adv
はみ出し	はみだし	n
めった	めった	adj-na
ようじ	ようじ	n
わきまえ	わきまえ	n
アダルトビデオ	アダルトビデオ	n
アンモニア	アンモニア	n
イクラ	イクラ	n
イット	イット	n
イワシ	いわし	n
インスパイア	インスパイアー	vs
ウェーブ	ウエーブ	vs
エビデンス	エビデンス	n
オリエンタル	オリエンタル	adj-na
オルガン	オルガン	n
カジ	かじ	n
カプチーノ	カプチーノ	n
カルテル	カルテル	n
ガーネット	ガーネット	n
ギャラクシー	ギャラクシー	n
クラリネット	クラリネット	n
クレー	クレー	n
ケミカル	ケミカル	n
ケラ	けら	n
ケルベロス	ケルベロス	n
コンスタント	コンスタント	adj-na
ゴタゴタ	ゴタゴタ	vs
サイクロン	サイクロン	n
サンバ	サンバ	n
スクリュー	スクリュー	n
スネーク	スネーク	n
スマッシュ	スマッシュ	vs
スミレ	すみれ	n
ズバリ	ずばり	adv
センチメートル	センチメートル	n
ゾクゾク	ぞくぞく	vs
チャーミング	チャーミング	adj-na
ツーショット	ツーショット	n
ディスカッション	ディスカッション	vs
トップス	トップス	n
ドラム缶	ドラムかん	n
ノーカット	ノーカット	n
バックナンバー	バックナンバー	n
バンクーバー	バンクーバー	n
パイプライン	パイプライン	n
ビクトリー	ビクトリー	n
フェイク	フェイク	vs
フォー	フォー	n
ブラームス	ブラームス	n
ブレザー	ブレザー	n
プランナー	プランナー	n
ベター	ベター	adj-na
ベートーヴェン	ベートーヴェン	n
ボーイフレンド	ボーイフレンド	n
ポン酢	ポンず	n
マーブル	マーブル	n
ムキムキ	ムキムキ	adj-na
ラバ	ラバ	n
ルビ	ルビー	n
一滴	いってき	n
上向き	うわむき	n
不定	ふじょう	adj-na
不眠症	ふみんしょう	n
不確か	ふたしか	adj-na
久しい	ひさしい	adj-i
付き添い	つきそい	n
体位	たいい	n
体積	たいせき	n
何気ない	なにげない	adj-i
余生	よせい	n
例文	れいぶん	n
侵犯	しんぱん	vs
俯瞰	ふかん	vs
傍受	ぼうじゅ	vs
優れる	すぐれる	v1
刈	かり	n
刷り	すり	n
前払い	まえばらい	vs
副長	ふくちょう	n
労務	ろうむ	n
動植物	どうしょくぶつ	n
反り	そり	n
史跡	しせき	n
合併症	がっぺいしょう	n
哀しい	かなしい	adj-i
商会	しょうかい	n
四角	しかく	adj-na
図式	ずしき	n
国務省	こくむしょう	n
国名	こくめい	n
報道陣	ほうどうじん	n
変性	へんせい	vs
大御所	おおごしょ	n
奔走	ほんそう	vs
妖艶	ようえん	adj-na
婚礼	こんれい	n
孤高	ここう	n
学区	がっく	n
定規	じょうぎ	n
定説	ていせつ	n
害悪	がいあく	n
家業	かぎょう	n
小切手	こぎって	n
巻末	かんまつ	n
平仮名	ひらがな	n
幾分	いくぶん	adv
度重なる	たびかさなる	v5r
強まる	つよまる	v5r
形見	かたみ	n
後ろ姿	うしろすがた	n
応戦	おうせん	vs
念仏	ねんぶつ	vs
怯える	おびえる	v1
恒星	こうせい	n
手すり	てすり	n
批准	ひじゅん	vs
拍	はく	n
拘留	こうりゅう	vs
探し出す	さがしだす	v5s
散髪	さんぱつ	vs
旅客	りょかく	n
昼過ぎ	ひるすぎ	n
曙	あけぼの	n
極意	ごくい	n
樹立	じゅりつ	vs
歯止め	はどめ	n
残忍	ざんにん	adj-na
気品	きひん	n
求む	もとむ	
添える	そえる	v1
潔癖	けっぺき	adj-na
無音	むおん	n
燈	とう	n
班長	はんちょう	n
球技	きゅうぎ	n
由緒	ゆいしょ	n
番付	ばんづけ	n
着せる	きせる	v1
神宮寺	じんぐうじ	n
竣工	しゅんこう	vs
節電	せつでん	vs
紅蓮	ぐれん	n
総体	そうたい	n
胸糞	むなくそ	n
膿	うみ	n
船上	せんじょう	n
苦味	にがみ	n
荷台	にだい	n
蒲	がま	n
行軍	こうぐん	vs
見識	けんしき	n
親善	しんぜん	n
観劇	かんげき	vs
讃	さん	n
賑わい	にぎわい	n
退陣	たいじん	vs
部室	ぶしつ	n
酔っぱらい	よっぱらい	n
隈	くま	n
隠居	いんきょ	vs
電話機	でんわき	n
顧み	かえりみ	n
風化	ふうか	vs
飛翔	ひしょう	vs
魔境	まきょう	n
黛	まゆずみ	n
あんず	あんず	n
おとめ	おとめ	n
おんぶ	おんぶ	vs
お墨付き	おすみつき	n
かわる	かわる	v5r
くじら	くじら	n
ごま油	ごまあぶら	n
じろう	じろう	n
ちゃっかり	ちゃっかり	vs
っちゅう	っちゅう	conj
つきあい	つきあい	n
つねに	つねに	adv
とまら	とまら	n
なつき	なつき	n
ひがし	ひがし	n
まさき	まさき	n
みるみる	みるみる	adv
もつれ	もつれ	n
アドレナリン	アドレナリン	n
ウインド	ウインド	n
カウボーイ	カウボーイ	n
クレーター	クレーター	n
グロテスク	グロテスク	adj-na
コミット	コミット	vs
コロシアム	コロシアム	n
コンビニエンスストア	コンビニエンスストア	n
サボり	サボり	n
サムネイル	サムネイル	n
シャボン	シャボン	n
ショパン	ショパン	n
ジンクス	ジンクス	n
セロリ	セロリ	n
タール	タール	n
チューリッヒ	チューリッヒ	n
ツバメ	つばめ	n
ティアラ	ティアラ	n
ニコチン	ニコチン	n
パケ	パケ	n
ビュッ	ビュッ	adv
フィンガー	フィンガー	n
フィーチャー	フィーチャー	vs
フェイズ	フェーズ	n
フォーチュン	フォーチュン	n
ブザー	ブザー	n
プレゼンテーション	プレゼンテーション	vs
ホッパー	ホッパー	n
ホヤ	ほや	n
マカロニ	マカロニ	n
マネージメント	マネジメント	n
マロン	マロン	n
ミステリ	ミステリー	n
ミリメートル	ミリメートル	n
モンク	モンク	n
ラブソング	ラブソング	n
ローマ帝国	ローマていこく	n
一役	いちやく	n
一節	いっせつ	n
上述	じょうじゅつ	vs
不潔	ふけつ	adj-na
不知火	しらぬい	n
中和	ちゅうわ	vs
今夏	こんか	n
仮称	かしょう	vs
企む	たくらむ	v5m
伊吹	いぶき	n
体罰	たいばつ	n
余震	よしん	n
俵	たわら	n
倭	わ	n
光合成	こうごうせい	n
全品	ぜんぴん	n
全容	ぜんよう	n
再考	さいこう	vs
凍る	こおる	v5r
凝視	ぎょうし	vs
列挙	れっきょ	vs
前歯	まえば	n
劣勢	れっせい	n
北海	ほっかい	n
叔父さん	おじさん	n
取り巻き	とりまき	n
受かる	うかる	v5r
口数	くちかず	n
口臭	こうしゅう	n
合気道	あいきどう	n
吐き出す	はきだす	v5s
君が代	きみがよ	n
命日	めいにち	n
嗚呼	ああ	int
団員	だんいん	n
国公立	こっこうりつ	n
垣	かき	n
売れ行き	うれゆき	n
奉行	ぶぎょう	n
威厳	いげん	n
学名	がくめい	n
実刑	じっけい	n
宣教師	せんきょうし	n
宵	よい	n
家柄	いえがら	n
小判	こばん	n
山地	さんち	n
山陰	やまかげ	n
差す	さす	v5s
広義	こうぎ	n
強打	きょうだ	vs
形容詞	けいようし	n
彫り	ほり	n
後始末	あとしまつ	vs
後戻り	あともどり	vs
微笑み	ほほえみ	n
念入り	ねんいり	adj-na
恩人	おんじん	n
恩師	おんし	n
意気投合	いきとうごう	vs
憤怒	ふんぬ	vs
手ぶら	てぶら	n
投機	とうき	n
持ち味	もちあじ	n
摂政	せっしょう	n
撒く	まく	v5k
擬態	ぎたい	n
数カ月	すうかげつ	n
敵国	てきこく	n
旅先	たびさき	n
旧式	きゅうしき	adj-na
時間切れ	じかんぎれ	n
木工	もっこう	n
束ね	たばね	n
東上	とうじょう	vs
林業	りんぎょう	n
校庭	こうてい	n
標	ひょう	n
歪	いびつ	adj-na
残存	ざんそん	vs
民兵	みんぺい	n
民謡	みんよう	n
漢文	かんぶん	n
潜る	くぐる	v5r
濃密	のうみつ	adj-na
特派	とくは	vs
生き延びる	いきのびる	v1
生まれながら	うまれながら	n
申し上げる	もうしあげる	v1
町並み	まちなみ	n
白浜	しらはま	n
短剣	たんけん	n
祝賀	しゅくが	vs
秋季	しゅうき	n
空売り	からうり	vs
節税	せつぜい	vs
純白	じゅんぱく	adj-na
総帥	そうすい	n
罹患	りかん	vs
聖火	せいか	n
聡明	そうめい	adj-na
肉眼	にくがん	n
脳裏	のうり	n
自首	じしゅ	vs
茉莉	まつり	n
荻	おぎ	n
落ち度	おちど	n
血まみれ	ちまみれ	n
見掛け	みかけ	n
覚ます	さます	v5s
親類	しんるい	n
詠	えい	n
課す	かす	v5s
諮問	しもん	vs
豪邸	ごうてい	n
蹂躙	じゅうりん	vs
転写	てんしゃ	vs
軽傷	けいしょう	n
迷信	めいしん	vs
送別	そうべつ	vs
采配	さいはい	n
釣	つり	n
銃口	じゅうこう	n
長髪	ちょうはつ	n
関東大震災	かんとうだいしんさい	n
防音	ぼうおん	vs
雨上がり	あめあがり	n
靭帯	じんたい	n
飛散	ひさん	vs
香菜	シャンツァイ	n
駅舎	えきしゃ	n
高嶺	たかね	n
鮮度	せんど	n
黄泉	こうせん	n
あたら	あたら	adv
いふく	いふく	vs
おもに	おもに	adv
かなめ	かなめ	n
がっちり	がっちり	vs
くるり	くるり	adv
ささやき	ささやき	n
たんか	たんか	n
ふらっと	ふらっと	adv
めくり	めくり	n
わいわい	わいわい	adv
アヘン	あへん	n
ウェルカム	ウェルカム	n
カモメ	かもめ	n
カヤ	かや	n
ガー	ガー	n
キノ	キノ	n
グラタン	グラタン	n
サブカル	サブカル	n
サーフ	サーフ	n
シチュ	シチュ	n
ショッキング	ショッキング	adj-na
ジャージー	ジャージー	n
ジュー	ジュー	n
ジープ	ジープ	n
スクラム	スクラム	n
タルト	タルト	n
タンブラー	タンブラー	n
テナー	テナー	n
テリア	テリア	n
ディスカウント	ディスカウント	vs
ディスカバリー	ディスカバリー	n
トロンボーン	トロンボーン	n
ドワーフ	ドワーフ	n
ナイロン	ナイロン	n
ナッシュ	ナッシュ	int
ネイビー	ネイビー	n
バカバカしい	ばかばかしい	adj-i
パプリカ	パプリカ	n
ファクター	ファクター	n
ファルコン	ファルコン	n
ファール	ファウル	vs
フィジカル	フィジカル	adj-na
ブレーク	ブレイク	vs
ブーイング	ブーイング	vs
ブータン	ブータン	n
プラットホーム	プラットホーム	n
ヘリウム	ヘリウム	n
ホステス	ホステス	n
ボンベ	ボンベ	n
マニフェスト	マニフェスト	n
マーキング	マーキング	vs
ミスト	ミスト	n
リミット	リミット	n
レビ	レビ	n
レントゲン	レントゲン	n
ロンド	ロンド	n
ヴァン	バン	n
一人ひとり	ひとりひとり	adv
一部始終	いちぶしじゅう	n
三河	みかわ	n
不慣れ	ふなれ	adj-na
不詳	ふしょう	adj-na
丘陵	きゅうりょう	n
主君	しゅくん	n
主砲	しゅほう	n
九月	くがつ	n
乱れる	みだれる	v1
乾電池	かんでんち	n
人一倍	ひといちばい	adv
作り話	つくりばなし	n
保温	ほおん	vs
光子	こうし	n
入れ墨	いれずみ	vs
共著	きょうちょ	n
写る	うつる	v5r
冷蔵	れいぞう	vs
切り替わる	きりかわる	v5r
刺客	しかく	n
前輪	ぜんりん	n
加水	かすい	vs
反共	はんきょう	n
史観	しかん	n
向上心	こうじょうしん	n
呆れる	あきれる	v1
和紙	わし	n
和装	わそう	n
国防省	こくぼうしょう	n
土砂崩れ	どしゃくずれ	n
城下町	じょうかまち	n
場違い	ばちがい	exp
塩味	しおあじ	n
増員	ぞういん	vs
売り手	うりて	n
外界	がいかい	n
失効	しっこう	vs
奥行き	おくゆき	n
女流	じょりゅう	n
好機	こうき	n
嫌疑	けんぎ	n
孤島	ことう	n
宋	そう	n
官公庁	かんこうちょう	n
密会	みっかい	vs
尋	ひろ	n
屈強	くっきょう	adj-na
屈服	くっぷく	vs
山林	さんりん	n
山荘	さんそう	n
崇高	すうこう	adj-na
左肩	ひだりかた	n
平年	へいねん	adv
広範	こうはん	adj-na
引数	ひきすう	n
弾劾	だんがい	vs
徒	かち	n
心筋梗塞	しんきんこうそく	n
恐慌	きょうこう	vs
恥じらい	はじらい	n
悲願	ひがん	n
悶え	もだえ	n
情事	じょうじ	n
愛国心	あいこくしん	n
我が身	わがみ	n
戒	かい	n
折り畳み	おりたたみ	n
拝借	はいしゃく	vs
旅客機	りょかくき	n
映す	うつす	v5s
春風	はるかぜ	n
時として	ときとして	adv
暴君	ぼうくん	n
暴挙	ぼうきょ	n
水域	すいいき	n
浸る	ひたる	v5r
深淵	しんえん	n
混血	こんけつ	vs
激辛	げきから	n
激闘	げきとう	vs
甘酒	あまざけ	n
生い立ち	おいたち	n
生理学	せいりがく	n
生粋	きっすい	n
田園	でんえん	n
病む	やむ	v5m
箔	はく	n
箱庭	はこにわ	n
納車	のうしゃ	vs
紙芝居	かみしばい	n
組曲	くみきょく	n
絵の具	えのぐ	n
線引き	せんびき	vs
置物	おきもの	n
聴こえる	きこえる	v1
股関節	こかんせつ	n
腐れ	くされ	n
葉巻	はまき	n
蝶々	ちょうちょう	n
行ない	おこない	n
行先	いきさき	n
裁定	さいてい	vs
補習	ほしゅう	vs
西方	せいほう	n
見せ場	みせば	n
見栄	みえ	n
調査官	ちょうさかん	n
諒	りょう	n
負け犬	まけいぬ	n
貸付	かしつけ	vs
足取り	あしどり	n
軍国	ぐんこく	n
軍需	ぐんじゅ	n
輝かしい	かがやかしい	adj-i
遷移	せんい	vs
都城	とじょう	n
都庁	とちょう	n
酢酸	さくさん	n
酪農	らくのう	n
野性	やせい	n
野手	やしゅ	n
鉄人	てつじん	n
鎮静	ちんせい	vs
難問	なんもん	vs
顛末	てんまつ	n
飛び交う	とびかう	v5u
飼い犬	かいいぬ	n
高砂	たかさご	n
あいこ	あいこ	n
あてる	あてる	v1
うろ覚え	うろおぼえ	n
からくり	からくり	n
こわく	こわく	vs
しびれ	しびれ	n
すさまじい	すさまじい	adj-i
そらす	そらす	v5s
つくす	つくす	v5s
なめる	なめる	v1
ならい	ならい	n
ばあさん	ばあさん	n
ひとこと	ひとこと	vs
ほこり	ほこり	n
みなと	みなと	n
ろうそく	ろうそく	n
アダプター	アダプター	n
アハハ	あはは	int
アミューズメント	アミューズメント	n
アラバマ	アラバマ	n
アルカディア	アルカディア	n
アルバ	アルバー	n
アルパカ	アルパカ	n
イングリッシュ	イングリッシュ	n
インサイド	インサイド	n
ウェイトレス	ウェイトレス	n
エチオピア	エチオピア	n
エレクトロニクス	エレクトロニクス	n
オクラ	オクラ	n
オリジナリティ	オリジナリティー	n
カチカチ	カチカチ	adv
カップラーメン	カップラーメン	n
カマキリ	かまきり	n
カメレオン	カメレオン	n
ガイダンス	ガイダンス	n
キリシタン	キリシタン	n
クローム	クロム	n
グイグイ	ぐいぐい	vs
グラドル	グラドル	n
ケルト	ケルト	n
コソコソ	こそこそ	vs
コバルト	コバルト	n
コンドル	コンドル	n
サガ	サガ	n
シヴァ	シヴァ	n
ジオラマ	ジオラマ	n
スカイライン	スカイライン	n
スケルトン	スケルトン	n
スパゲッティ	スパゲティ	n
スピッツ	スピッツ	n
スペクトル	スペクトル	n
ダルマ	だるま	n
ダンディ	ダンディ	n
ダンプ	ダンプ	vs
チャリティ	チャリティー	n
チャーター	チャーター	vs
チョン	チョン	n
ツメ	ツメ	n
トリミング	トリミング	vs
ノートン	ノートン	n
ビースト	ビースト	n
ピッコロ	ピッコロ	n
フルサイズ	フルサイズ	n
ブラブラ	ぶらぶら	vs
プレイリスト	プレイリスト	n
プードル	プードル	n
ヘルニア	ヘルニア	n
ベイビー	ベビー	n
ペニー	ペニー	n
ボツ	ボツ	n
ポテトチップス	ポテトチップス	n
ポリゴン	ポリゴン	n
マダガスカル	マダガスカル	n
モンタナ	モンタナ	n
ラズベリー	ラズベリー	n
ルピー	ルピー	n
レガシー	レガシー	n
レクリエーション	レクリエーション	n
ワサビ	わさび	n
一丸	いちがん	n
一人っ子	ひとりっこ	n
一塁	いちるい	n
一概に	いちがいに	adv
万端	ばんたん	n
不吉	ふきつ	adj-na
不遇	ふぐう	n
事務次官	じむじかん	n
人相	にんそう	n
作り上げる	つくりあげる	v1
使い分ける	つかいわける	v1
信任	しんにん	vs
傑	けつ	ctr
内気	うちき	adj-na
冷水	れいすい	n
出来上がる	できあがる	v5r
切に	せつに	adv
初心	しょしん	adj-na
前夜祭	ぜんやさい	n
前置き	まえおき	vs
助産	じょさん	n
北方領土	ほっぽうりょうど	n
半々	はんはん	n
卓上	たくじょう	n
原本	げんぽん	n
厩舎	きゅうしゃ	n
取りやめ	とりやめ	n
古河	ふるかわ	n
各部	かくぶ	n
同氏	どうし	n
吸着	きゅうちゃく	vs
吹き飛ばす	ふきとばす	v5s
嘆願	たんがん	vs
国防総省	こくぼうそうしょう	n
夜遊び	よあそび	vs
大前提	だいぜんてい	n
大海	たいかい	n
大金持ち	おおがねもち	n
失墜	しっつい	vs
姫君	ひめぎみ	n
学内	がくない	n
定形	ていけい	n
家紋	かもん	n
宿屋	やどや	n
寝床	ねどこ	n
小銃	しょうじゅう	n
就き	つき	exp
尾行	びこう	vs
屈折	くっせつ	vs
峡谷	きょうこく	n
左遷	させん	vs
差し止め	さしとめ	n
師事	しじ	vs
従属	じゅうぞく	vs
悦	えつ	n
悪しき	あしき	n
悪女	あくじょ	n
戦果	せんか	n
扶桑	ふそう	n
抜本	ばっぽん	n
探究	たんきゅう	vs
改悪	かいあく	vs
改行	かいぎょう	vs
攻守	こうしゅ	n
数多い	かずおおい	adj-i
文化庁	ぶんかちょう	n
断つ	たつ	v5t
既刊	きかん	n
明神	みょうじん	n
明美	めいび	adj-na
暇人	ひまじん	n
暗証	あんしょう	n
書式	しょしき	n
朧	おぼろ	adj-na
木の下	このもと	exp
末永く	すえながく	adv
果樹	かじゅ	n
根こそぎ	ねこそぎ	adv
桁違い	けたちがい	adj-na
植える	うえる	v1
極道	ごくどう	adj-na
次点	じてん	n
欺瞞	ぎまん	vs
母上	ははうえ	n
母音	ぼいん	n
毛根	もうこん	n
海戦	かいせん	n
海浜	かいひん	n
渓	たに	n
温厚	おんこう	adj-na
源流	げんりゅう	n
焔	ほのお	n
無休	むきゅう	n
燻製	くんせい	n
猫背	ねこぜ	n
珊瑚	さんご	n
現実味	げんじつみ	n
異名	いみょう	n
白身	しろみ	n
監	げん	n
砲塔	ほうとう	n
秘書官	ひしょかん	n
積立	つみたて	n
穏健	おんけん	adj-na
童謡	どうよう	n
第一線	だいいっせん	n
筋合い	すじあい	n
組み込む	くみこむ	v5m
経口	けいこう	n
総力	そうりょく	n
美濃	みの	n
義援金	ぎえんきん	n
翡翠	かわせみ	n
育休	いくきゅう	n
腋	わき	n
自由党	じゆうとう	n
自認	じにん	vs
菜園	さいえん	n
街路	がいろ	n
表皮	ひょうひ	n
裏話	うらばなし	n
覇王	はおう	n
見ず知らず	みずしらず	n
見せしめ	みせしめ	n
見もの	みもの	n
見上げる	みあげる	v1
見地	けんち	n
誇示	こじ	vs
謳歌	おうか	vs
貢	こう	n
踵	かかと	n
辰巳	たつみ	n
返り討ち	かえりうち	n
逃がす	にがす	v5s
通り抜け	とおりぬけ	n
通夜	つや	n
逝去	せいきょ	vs
進級	しんきゅう	vs
違約	いやく	vs
遠近	えんきん	n
重んじる	おもんじる	v1
金太郎	きんたろう	n
銀杏	いちょう	n
鑑識	かんしき	vs
防空	ぼうくう	n
除隊	じょたい	vs
雑用	ざつよう	n
電解	でんかい	vs
霊長	れいちょう	n
鞠	まり	n
預かる	あずかる	v5r
風花	かざばな	n
飲み込む	のみこむ	v5m
高地	こうち	n
あたらしい	あたらしい	adj-i
いっそう	いっそう	adv
うっとり	うっとり	vs
おかみ	おかみ	n
おさめ	おさめ	n
お預け	おあずけ	n
かない	かない	n
ぎゅっと	ぎゅっと	vs
くっつく	くっつく	v5k
この上ない	このうえない	exp
こもる	こもる	v5r
こよなく	こよなく	adv
さらす	さらす	v5s
しゃがん	しゃがん	n
でたらめ	でたらめ	n
どんぶり	どんぶり	n
なつい	なつい	adj-i
のせる	のせる	v1
のっけ	のっけ	n
まずまず	まずまず	n
みずから	みずから	n
めでたし	めでたし	exp
イリュージョン	イリュージョン	n
オルゴール	オルゴール	n
キャット	キャット	n
キャビネット	キャビネット	n
ギフ	ジフ	n
クエン	くえん	n
クルド	クルド	n
コミカライズ	コミカライズ	vs
コメディアン	コメディアン	n
ゴリゴリ	ゴリゴリ	adv
サケ	さけ	n
サツマイモ	さつまいも	n
サンライズ	サンライズ	n
ショウガ	しょうが	n
ジャイロ	ジャイロ	n
ジンギスカン	ジンギスかん	n
スコッチ	スコッチ	n
スズメバチ	スズメばち	n
ズブズブ	ズブズブ	adv
センサ	センサー	n
センチュリー	センチュリー	n
ソナー	ソナー	n
タペストリー	タペストリー	n
タリン	タリン	n
テメー	てめえ	pn
ディープ	ディープ	n
デューク	デューク	n
トピックス	トピックス	n
トリップ	トリップ	vs
トリートメント	トリートメント	vs
ドカン	ドカン	adv
ドタキャン	ドタキャン	vs
ハイレゾ	ハイレゾ	n
バイナリ	バイナリ	n
パクチー	パクチー	n
パセリ	パセリ	n
パドル	パドル	n
パンサー	パンサー	n
パーソナリティー	パーソナリティー	n
ヒアリング	ヒアリング	n
ビデオカメラ	ビデオカメラ	n
ビュー	ビュー	n
フォーミュラ	フォーミュラ	n
ヘロイン	ヘロイン	n
ベレー	ベレー	n
ボット	ボット	n
マグ	マグ	n
マッピング	マッピング	n
マルチプレイ	マルチプレイ	n
リトアニア	リトアニア	n
リハ	リハ	n
レックス	レックス	n
ヵ所	かしょ	n
一目瞭然	いちもくりょうぜん	adj-na
万年筆	まんねんひつ	n
三塁	さんるい	n
不仲	ふなか	n
両日	りょうじつ	n
中南米	ちゅうなんべい	n
主として	しゅとして	exp
主旨	しゅし	n
互角	ごかく	n
何でもかんでも	なんでもかんでも	adv
侯	こう	n
偏頭痛	へんずつう	n
先行き	さきゆき	n
免税	めんぜい	vs
入室	にゅうしつ	vs
全線	ぜんせん	n
兼ね合い	かねあい	vs
内職	ないしょく	vs
切り落とし	きりおとし	n
初旬	しょじゅん	adv
制する	せいする	vs
加勢	かせい	vs
勝訴	しょうそ	vs
半熟	はんじゅく	n
厂	がんだれ	n
受け皿	うけざら	n
可否	かひ	n
周波	しゅうは	n
品格	ひんかく	n
哨戒	しょうかい	vs
国力	こくりょく	n
坊ちゃん	ぼっちゃん	n
増水	ぞうすい	vs
大志	たいし	n
天馬	てんば	n
太刀打ち	たちうち	vs
失策	しっさく	vs
奇蹟	きせき	n
女好き	おんなずき	n
封じ込め	ふうじこめ	n
封建	ほうけん	vs
小春	こはる	n
山村	さんそん	n
年来	ねんらい	n
広東	カントン	n
庶子	しょし	n
引渡し	ひきわたし	n
強襲	きょうしゅう	vs
得策	とくさく	adj-na
応対	おうたい	vs
悪評	あくひょう	n
感化	かんか	vs
慌てる	あわてる	v1
手製	てせい	n
押し上げ	おしあげ	n
摂津	せっつ	n
放水	ほうすい	vs
救難	きゅうなん	n
敬虔	けいけん	adj-na
整列	せいれつ	vs
昇り	のぼり	n
明け方	あけがた	n
未開	みかい	n
核ミサイル	かくミサイル	n
横暴	おうぼう	adj-na
段位	だんい	n
気流	きりゅう	n
水力	すいりょく	n
氷山	ひょうざん	n
法王	ほうおう	n
洋風	ようふう	n
消灯	しょうとう	vs
淫語	いんご	n
溶融	ようゆう	adj-na
炊く	たく	v5k
熟し	こなし	n
熱愛	ねつあい	vs
猛毒	もうどく	n
疎開	そかい	vs
病名	びょうめい	n
病床	びょうしょう	n
白血球	はっけっきゅう	n
省令	しょうれい	n
神格	しんかく	n
称える	たたえる	v1
税法	ぜいほう	n
種々	しゅじゅ	n
算定	さんてい	vs
米兵	べいへい	n
素行	そこう	n
細長い	ほそながい	adj-i
羞恥心	しゅうちしん	n
耳鳴り	みみなり	n
脅す	おどす	v5s
自伝	じでん	n
自習	じしゅう	vs
至って	いたって	adv
花瓶	かびん	n
草木	くさき	n
華奢	きゃしゃ	adj-na
血行	けっこう	n
言わば	いわば	adv
討議	とうぎ	vs
試乗	しじょう	vs
謝礼	しゃれい	vs
赤道	せきどう	n
軟弱	なんじゃく	adj-na
転々	てんてん	vs
軽食	けいしょく	n
辛うじて	かろうじて	adv
近世	きんせい	n
遅らせる	おくらせる	v1
遊歩道	ゆうほどう	n
邦題	ほうだい	n
都議	とぎ	n
釈迦	しゃか	n
野次	やじ	n
金塊	きんかい	n
金欠	きんけつ	n
鉄血	てっけつ	n
長引く	ながびく	v5k
長靴	ながぐつ	n
雑多	ざった	adj-na
雪国	ゆきぐに	n
青龍	せいりょう	n
非売品	ひばいひん	n
頭数	あたまかず	n
風向き	かざむき	n
風物詩	ふうぶつし	n
騎兵	きへい	n
高血圧	こうけつあつ	n
魔道	まどう	n
鮮魚	せんぎょ	n
鼻毛	はなげ	n
あらし	あらし	n
いちど	いちど	n
うちわ	うちわ	n
お先	おさき	n
お構い	おかまい	n
かるた	かるた	n
きもの	きもの	n
どきどき	どきどき	adv
なめらか	なめらか	adj-na
はよう	はよう	n
ひょう	ひょう	n
ふとん	ふとん	n
もてなし	もてなし	vs
やわらかい	やわらかい	adj-i
アコーディオン	アコーディオン	n
アラート	アラート	n
エクアドル	エクアドル	n
オペ	オペ	vs
カムバック	カムバック	vs
カラム	カラム	n
カーネーション	カーネーション	n
ガイジ	ガイジ	n
ガーナ	ガーナ	n
キウイ	キウイ	n
キャンピング	キャンピング	n
グロリア	グロリア	n
ケンブリッジ	ケンブリッジ	n
コルク	コルク	n
コンチネンタル	コンチネンタル	n
コーディング	コーディング	vs
サック	サック	n
サーベル	サーベル	n
シェパード	シェパード	n
シロアリ	しろあり	n
スタイリング	スタイリング	n
スピリッツ	スピリッツ	n
スプラッシュ	スプラッシュ	n
ダビング	ダビング	vs
チャイ	チャイ	n
テスラ	テスラ	n
テトリス	テトリス	n
トート	トート	n
ネクスト	ネクスト	n
ハッスル	ハッスル	vs
バケット	バケツ	n
バトラー	バトラー	n
バレリーナ	バレリーナ	n
パフ	パフ	n
ヒステリー	ヒステリー	n
ビー	ビー	n
ファスナー	ファスナー	n
ファンク	ファンク	n
フィード	フィード	n
フットワーク	フットワーク	n
フロート	フロート	n
ブレーン	ブレーン	n
プロセッサー	プロセッサー	n
ヘラ	へら	n
ペガサス	ペガサス	n
ホタテ	ほたて	n
ホノルル	ホノルル	n
ポッド	ポッド	n
マザーズ	マザーズ	n
マルク	マルク	n
マンホール	マンホール	n
メルトダウン	メルトダウン	n
ラッチ	ラッチ	vs
ラビ	ラビ	n
ルーズ	ルーズ	adj-na
ロータス	ロータス	n
ワイプ	ワイプ	n
ヴィンテージ	ヴィンテージ	n
一室	いっしつ	n
一軒家	いっけんや	n
下限	かげん	n
不適合	ふてきごう	n
両目	りょうめ	n
両社	りょうしゃ	n
中等	ちゅうとう	n
主成分	しゅせいぶん	n
乗換	のりかえ	vs
乱す	みだす	v5s
仕向け	しむけ	n
付け替え	つけかえ	n
令状	れいじょう	n
伊勢神宮	いせじんぐう	n
会得	えとく	vs
低空	ていくう	n
住処	すみか	n
偶	ぐう	n
入植	にゅうしょく	vs
六つ	むっつ	
六月	ろくがつ	n
切り出し	きりだし	n
列伝	れつでん	n
別世界	べっせかい	n
剥がす	はがす	v5s
加湿	かしつ	vs
勝ち負け	かちまけ	n
半角	はんかく	n
南下	なんか	vs
博覧	はくらん	n
危なく	あぶなく	adv
友子	ともこ	n
取手	とって	n
古本屋	ふるほんや	n
司る	つかさどる	v5r
名指し	なざし	vs
吾妻	あずま	n
喰う	くう	v5u
地熱	ちねつ	n
執務	しつむ	vs
声帯	せいたい	n
夕べ	ゆうべ	n
家来	けらい	n
寝返り	ねがえり	vs
屏風	びょうぶ	n
山登り	やまのぼり	n
島国	しまぐに	n
市政	しせい	n
常習	じょうしゅう	vs
平時	へいじ	n
平衡	へいこう	vs
建材	けんざい	n
弁論	べんろん	vs
当主	とうしゅ	n
彩り	いろどり	n
従姉妹	いとこ	n
恒久	こうきゅう	n
戴冠	たいかん	vs
手加減	てかげん	n
捧ぐ	ささぐ	v5g
摂る	とる	v5r
摘み	つまみ	n
放牧	ほうぼく	vs
教委	きょうい	n
新任	しんにん	n
新天地	しんてんち	n
暮	くれ	n
欠場	けつじょう	vs
歌い手	うたいて	n
死守	ししゅ	vs
民意	みんい	n
注意深く	ちゅういぶかく	adv
洛	らく	n
流暢	りゅうちょう	adj-na
浮浪	ふろう	vs
海賊版	かいぞくばん	n
淋しい	さびしい	adj-i
添い寝	そいね	vs
渕	ふち	n
潰瘍	かいよう	n
激動	げきどう	vs
激情	げきじょう	n
濤	なみ	n
為す	なす	v5s
無形	むけい	n
熱望	ねつぼう	vs
爆走	ばくそう	vs
牢屋	ろうや	n
甲冑	かっちゅう	n
疎い	うとい	adj-i
発色	はっしょく	vs
白骨	はっこつ	n
県境	けんざかい	n
真っ向	まっこう	n
真木	まき	n
真紅	しんく	n
短調	たんちょう	n
禄	ろく	n
空前	くうぜん	n
管区	かんく	n
緯度	いど	n
習い事	ならいごと	n
胡散臭い	うさんくさい	adj-i
脆い	もろい	adj-i
自給	じきゅう	vs
若返り	わかがえり	vs
茸	きのこ	n
菜の花	なのはな	exp
薄っぺら	うすっぺら	adj-na
見下す	みくだす	v5s
見付け	みつけ	n
言い換える	いいかえる	v1
設問	せつもん	vs
豊作	ほうさく	n
踊り子	おどりこ	n
踏み台	ふみだい	n
遂げる	とげる	v1
遮蔽	しゃへい	vs
配役	はいやく	n
重罪	じゅうざい	n
鈍	どん	adj-na
鉄分	てつぶん	n
長調	ちょうちょう	n
陳述	ちんじゅつ	vs
非対称	ひたいしょう	n
面倒臭い	めんどくさい	adj-i
音信	おんしん	n
音読	おんどく	vs
麺類	めんるい	n
いかんせん	いかんせん	exp
いっこ	いっこ	n
いにしえ	いにしえ	n
いのり	いのり	n
からん	からん	n
かれん	かれん	adj-na
こする	こする	vs
こたえ	こたえ	n
ごろごろ	ごろごろ	vs
さむい	さむい	adj-i
しみる	しみる	v1
すかさず	すかさず	adv
すすき	すすき	n
とうに	とうに	adv
とろろ	とろろ	n
どことなく	どことなく	adv
どっと	どっと	adv
なにしろ	なにしろ	adv
ばらまく	ばらまく	v5k
ひより	ひより	n
びしょ濡れ	びしょぬれ	n
ぶっこ	ぶっこ	vs
まっとう	まっとう	adj-na
むすび	むすび	n
めずらしい	めずらしい	adj-i
やくざ	やくざ	n
やらかす	やらかす	v5s
アグレッシブ	アグレッシブ	adj-na
アスキー	アスキー	n
エアバッグ	エアバッグ	n
エッセンス	エッセンス	n
エネ	エネ	n
オクラホマ	オクラホマ	n
オセロ	オセロ	n
オムニバス	オムニバス	n
オーガニック	オーガニック	adj-na
キジ	きじ	n
キックオフ	キックオフ	n
クラクラ	クラクラ	vs
クレヨン	クレヨン	n
クローズド	クローズド	n
コスタリカ	コスタリカ	n
コネクト	コネクト	vs
サマータイム	サマータイム	n
ショーケース	ショーケース	n
シーケンス	シークェンス	n
ジャンパー	ジャンパー	n
スキャナ	スキャナー	n
スラング	スラング	n
セグメント	セグメント	n
ソー	ソー	ctr
タイト	タイト	adj-na
タンポポ	たんぽぽ	n
チーク	チーク	n
ツイスト	ツイスト	n
ツバキ	つばき	n
デベロッパー	デベロッパー	n
トレイル	トレイル	n
トレーダー	トレーダー	n
ニカラグア	ニカラグア	n
バッサリ	ばっさり	adv
フリック	フリック	vs
プランニング	プランニング	n
プリプリ	プリプリ	vs
ベガ	ベガ	n
ポチッ	ポチッ	adv
ポッポ	ぽっぽ	vs
マギ	マギ	n
マネージャ	マネージャー	n
メカニック	メカニック	adj-na
モリモリ	もりもり	adv
モルモット	モルモット	n
ライフワーク	ライフワーク	n
リリカル	リリカル	adj-na
ルータ	ルーター	n
レクチャー	レクチャー	vs
ローマン	ロマン	n
ワルキューレ	ワルキューレ	n
万物	ばんぶつ	n
三脚	さんきゃく	n
下っ端	したっぱ	n
不平等	ふびょうどう	n
主従	しゅうじゅう	n
二刀流	にとうりゅう	n
仁義	じんぎ	n
伯	はく	n
停車駅	ていしゃえき	n
億劫	おっくう	adj-na
元通り	もとどおり	adj-na
充満	じゅうまん	vs
入れ歯	いれば	n
入山	にゅうざん	vs
凜	りん	adv
出入り口	でいりぐち	n
切れ目	きれめ	n
前哨	ぜんしょう	n
剥き出し	むきだし	adj-na
卒論	そつろん	n
印紙	いんし	n
古臭い	ふるくさい	adj-i
古都	こと	n
合算	がっさん	vs
同数	どうすう	n
君子	くんし	n
吹き抜け	ふきぬけ	n
呟き	つぶやき	n
和らげる	やわらげる	v1
善行	ぜんこう	n
国際線	こくさいせん	n
埋没	まいぼつ	vs
外周	がいしゅう	n
多数決	たすうけつ	n
大場	おおば	n
大敗	たいはい	vs
好い	よい	adj-i
好都合	こうつごう	adj-na
官民	かんみん	n
実り	みのり	n
客層	きゃくそう	n
家主	やぬし	n
寄り添う	よりそう	v5u
専制	せんせい	vs
小文字	こもじ	n
屠殺	とさつ	vs
山野	さんや	n
島民	とうみん	n
川原	かわら	n
工科	こうか	n
幼馴染み	おさななじみ	n
弾幕	だんまく	n
往々	おうおう	adv
思いがけない	おもいがけない	adj-i
急所	きゅうしょ	n
恣意	しい	n
息切れ	いきぎれ	vs
意訳	いやく	vs
憲章	けんしょう	n
払い戻し	はらいもどし	vs
挙げ句	あげく	adv
採る	とる	v5r
敗訴	はいそ	vs
春雨	しゅんう	n
暴く	あばく	v5k
書庫	しょこ	n
最年長	さいねんちょう	n
朝廷	ちょうてい	n
朝陽	ちょうよう	n
本道	ほんどう	n
材木	ざいもく	n
来館	らいかん	vs
模様替え	もようがえ	vs
欲する	ほっする	vs
歯磨き粉	はみがきこ	n
気に入る	きにいる	v5r
気配り	きくばり	vs
水玉	みずたま	n
求職	きゅうしょく	vs
汚名	おめい	n
江上	こうじょう	n
沈静	ちんせい	adj-na
沸く	わく	v5k
泣き虫	なきむし	n
派兵	はへい	vs
海馬	かいば	n
清らか	きよらか	adj-na
清和	せいわ	n
清涼	せいりょう	adj-na
溶液	ようえき	n
激務	げきむ	n
灸	きゅう	n
炎天下	えんてんか	n
煮る	にる	v1
熱唱	ねっしょう	vs
父上	ちちうえ	n
特命	とくめい	n
用水	ようすい	n
異教徒	いきょうと	n
疎外	そがい	vs
盲点	もうてん	n
真心	まごころ	n
短め	みじかめ	n
硬派	こうは	n
確約	かくやく	vs
禁書	きんしょ	n
私学	しがく	n
窪	くぼ	n
競演	きょうえん	vs
紛らわしい	まぎらわしい	adj-i
経年	けいねん	n
経済学部	けいざいがくぶ	n
絵馬	えま	n
総動員	そうどういん	vs
縫合	ほうごう	vs
繁忙	はんぼう	adj-na
美意識	びいしき	n
脳死	のうし	n
自決	じけつ	vs
自警	じけい	vs
色っぽい	いろっぽい	adj-i
艸	くさ	n
苗木	なえぎ	n
若狭	わかさ	n
蔵書	ぞうしょ	n
薬草	やくそう	n
見渡し	みわたし	n
親睦	しんぼく	vs
読み切り	よみきり	n
読み物	よみもの	n
課外	かがい	n
警鐘	けいしょう	n
貴金属	ききんぞく	n
買物	かいもの	n
赤信号	あかしんごう	n
車中	しゃちゅう	n
軟膏	なんこう	n
転入	てんにゅう	vs
転機	てんき	n
農耕	のうこう	n
通風	つうふう	vs
酋長	しゅうちょう	n
陳情	ちんじょう	vs
陸地	りくち	n
雪崩	なだれ	n
音域	おんいき	n
頭巾	ずきん	n
飯店	はんてん	n
骸骨	がいこつ	n
あつめ	あつめ	n
いっち	いっち	vs
うたう	うたう	v5u
うふふ	うふふ	int
うんと	うんと	adv
お上	おかみ	n
かんぱ	かんぱ	n
なごや	なごや	n
はかる	はかる	v5r
アイドリング	アイドリング	n
インタフェース	インタフェース	n
インプット	インプット	vs
ウクレレ	ウクレレ	n
エレガント	エレガント	adj-na
オンパレード	オンパレード	n
カリー	カレー	n
キャプチャ	キャプチャ	n
ギロチン	ギロチン	n
クルス	クルス	n
グー	グー	adj-na
コテージ	コテージ	n
コンタクトレンズ	コンタクトレンズ	n
サザエ	さざえ	n
シャッフル	シャッフル	vs
ジャカルタ	ジャカルタ	n
ジャネット	ジャネット	n
ジャパニーズ	ジャパニーズ	n
ステークス	ステークス	n
スロープ	スロープ	n
セ・リーグ	セリーグ	n
セージ	セージ	n
タイピング	タイピング	n
ダイアモンド	ダイヤモンド	n
ツルツル	つるつる	vs
トレント	トレント	vs
ニトロ	ニトロ	n
ハイチ	ハイチ	n
ヒマラヤ	ヒマラヤ	n
ファストフード	ファストフード	n
フィジー	フィジー	n
プエルトリコ	プエルトリコ	n
ヘルスケア	ヘルスケア	n
ホルン	ホルン	n
リキュール	リキュール	n
ログアウト	ログアウト	vs
中卒	ちゅうそつ	n
主犯	しゅはん	n
人外	じんがい	n
余興	よきょう	n
佛	ほとけ	n
便り	たより	vs
傾倒	けいとう	vs
免れる	まぬがれる	v1
党派	とうは	n
入念	にゅうねん	adj-na
冗長	じょうちょう	adj-na
労使	ろうし	n
即決	そっけつ	vs
卵焼き	たまごやき	n
参道	さんどう	n
取りあえず	とりあえず	adv
口説き	くどき	vs
古風	こふう	adj-na
右端	みぎはし	n
司法省	しほうしょう	n
吐息	といき	n
呼び捨て	よびすて	n
回廊	かいろう	n
囲み	かこみ	n
堕ちる	おちる	v1
塞ぐ	ふさぐ	v5g
墓穴	ぼけつ	n
増築	ぞうちく	vs
大忙し	おおいそがし	n
大群	たいぐん	n
天下り	あまくだり	vs
天災	てんさい	n
天童	てんどう	n
奈落	ならく	n
実弾	じつだん	n
害する	がいする	vs
宿主	しゅくしゅ	n
崩落	ほうらく	vs
底上げ	そこあげ	vs
弾性	だんせい	n
性教育	せいきょういく	n
恫喝	どうかつ	vs
感傷	かんしょう	n
手中	しゅちゅう	n
手探り	てさぐり	vs
手際	てぎわ	n
抱擁	ほうよう	vs
招聘	しょうへい	vs
捕らえる	とらえる	v1
捻挫	ねんざ	vs
握力	あくりょく	n
散財	さんざい	vs
旧約	きゅうやく	n
明星	みょうじょう	n
春夏秋冬	しゅんかしゅうとう	n
昼前	ひるまえ	n
曹長	そうちょう	n
横顔	よこがお	n
機運	きうん	n
母語	ぼご	n
決死	けっし	n
河口	かこう	n
泌尿器	ひにょうき	n
済ます	すます	v5s
濫用	らんよう	vs
煩い	うるさい	adj-i
熱々	あつあつ	n
特段	とくだん	n
特長	とくちょう	n
猟師	りょうし	n
生業	なりわい	n
盤面	ばんめん	n
目下	めした	n
目障り	めざわり	adj-na
直々	じきじき	adv
真正	しんせい	adj-na
短期大学	たんきだいがく	n
砲弾	ほうだん	n
神学	しんがく	n
秋刀魚	さんま	n
突き進む	つきすすむ	v5m
立て直す	たてなおす	v5s
筧	かけひ	n
箒	ほうき	vs
給仕	きゅうじ	vs
継ぎ	つぎ	n
縦断	じゅうだん	vs
罪深い	つみぶかい	adj-i
職歴	しょくれき	n
肉じゃが	にくじゃが	n
胞子	ほうし	n
脱臼	だっきゅう	vs
膵臓	すいぞう	n
自腹	じばら	n
自賛	じさん	vs
街灯	がいとう	n
被ばく	ひばく	vs
装甲車	そうこうしゃ	n
裏口	うらぐち	n
見なす	みなす	v5s
覚せい	かくせい	vs
計器	けいき	n
試運転	しうんてん	vs
識	しき	n
贈与	ぞうよ	vs
転ぶ	ころぶ	v5b
転嫁	てんか	vs
辞	じ	n
退く	しりぞく	v5k
退出	たいしゅつ	vs
過熱	かねつ	vs
道楽	どうらく	n
道義	どうぎ	n
適宜	てきぎ	adj-na
還付	かんぷ	vs
邪道	じゃどう	n
鋳造	ちゅうぞう	vs
閉館	へいかん	vs
防寒	ぼうかん	n
防火	ぼうか	vs
雑巾	ぞうきん	n
雷撃	らいげき	vs
静電気	せいでんき	n
非核	ひかく	n
養生	ようじょう	vs
香ばしい	こうばしい	adj-i
駅名	えきめい	n
騒がしい	さわがしい	adj-i
あおり	あおり	n
おぞましい	おぞましい	adj-i
おっきい	おっきい	adj-i
おもし	おもし	n
お人好し	おひとよし	n
お通し	おとおし	n
くわしく	くわしく	adv
こぶし	こぶし	n
さかい	さかい	n
さては	さては	conj
しっか	しっか	vs
しなやか	しなやか	adj-na
しれっと	しれっと	vs
ずれる	ずれる	v1
せっかち	せっかち	adj-na
それどころ	それどころ	exp
つきもの	つきもの	n
とやかく	とやかく	adv
なじみ	なじみ	n
にいさん	にいさん	n
にっぽん	にっぽん	n
はっぴ	はっぴ	n
ふたば	ふたば	n
まっしぐら	まっしぐら	adv
もてる	もてる	v1
もりもり	もりもり	adv
らくらく	らくらく	adv
インセンティブ	インセンティブ	n
ウハウハ	ウハウハ	vs
カサカサ	カサカサ	vs
カスタード	カスタード	n
カルビ	カルビ	n
ギンギン	ギンギン	adv
クウェート	クウェート	n
グリス	グリース	n
コンソメ	コンソメ	n
コンデンサ	コンデンサ	n
サブタイトル	サブタイトル	n
サボ	サボ	n
シメ	シメ	n
シュレッダー	シュレッダー	n
セットアップ	セットアップ	vs
タク	タク	n
チクチク	チクチク	vs
ツー	ツー	n
デフォ	デフォ	n
デンバー	デンバー	n
トランポリン	トランポリン	n
ドキッと	ドキッと	vs
ドム	ドム	n
ドリアン	ドリアン	n
ニヤリ	ニヤリ	adv
ハッカ	ハッカ	n
バッテリ	バッテリー	n
パフォーマー	パフォーマー	n
ヒッピー	ヒッピー	n
ピクルス	ピクルス	n
フェノール	フェノール	n
ベビーシッター	ベビーシッター	n
ボイン	ボイン	n
ボーン	ボーン	n
マイコン	マイコン	n
マスタ	マスター	vs
メルボルン	メルボルン	n
リキッド	リキッド	n
リフレ	リフレ	n
ルネサンス	ルネサンス	n
レイク	レーク	n
レボリューション	レボリューション	n
一団	いちだん	n
一声	いっせい	n
一対一	いちたいいち	n
不平	ふへい	n
不覚	ふかく	n
不誠実	ふせいじつ	adj-na
不買	ふばい	n
主たる	しゅたる	
久しく	ひさしく	adv
乗り継ぎ	のりつぎ	n
二股	ふたまた	n
付け方	つけかた	n
余暇	よか	n
停職	ていしょく	n
優劣	ゆうれつ	n
充てる	あてる	v1
全席	ぜんせき	n
公証	こうしょう	n
円周	えんしゅう	n
出港	しゅっこう	vs
利根	りこん	adj-na
制止	せいし	vs
剣術	けんじゅつ	n
取り柄	とりえ	n
召し	めし	n
可燃	かねん	n
同定	どうてい	vs
吸血	きゅうけつ	n
和え	あえ	n
四肢	しし	n
回顧	かいこ	vs
固有名詞	こゆうめいし	n
圓	えん	n
垂	しで	n
場内	じょうない	n
売国奴	ばいこくど	n
多方面	たほうめん	adj-na
天上	てんじょう	vs
太子	たいし	n
太字	ふとじ	n
子安	こやす	n
学士	がくし	n
密売	みつばい	vs
審問	しんもん	vs
小節	しょうせつ	n
島々	しまじま	n
常習犯	じょうしゅうはん	n
年老い	としおい	n
引っかかり	ひっかかり	n
得体	えたい	n
志す	こころざす	v5s
急襲	きゅうしゅう	vs
手っ取り早い	てっとりばやい	adj-i
手直し	てなおし	vs
手立て	てだて	n
抄	しょう	n
投じる	とうじる	v1
抜刀	ばっとう	vs
捕らわれ	とらわれ	n
捨離	しゃり	n
教わる	おそわる	v5r
教頭	きょうとう	n
散弾	さんだん	n
文様	もんよう	n
曲芸	きょくげい	n
本望	ほんもう	adj-na
東雲	しののめ	n
枯れる	かれる	v1
機銃	きじゅう	n
死語	しご	n
残像	ざんぞう	n
水量	すいりょう	n
氷河期	ひょうがき	n
永田町	ながたちょう	n
油脂	ゆし	n
淫行	いんこう	n
清美	せいび	adj-na
渡米	とべい	vs
滅ぶ	ほろぶ	v5b
潤い	うるおい	n
濃いめ	こいめ	n
無残	むざん	adj-na
球児	きゅうじ	n
病変	びょうへん	n
痒い	かゆい	adj-i
痛手	いたで	n
白子	しらこ	n
盟友	めいゆう	n
直列	ちょくれつ	n
禁制	きんせい	vs
等価	とうか	n
等分	とうぶん	vs
繭	まゆ	n
肉まん	にくまん	n
胃袋	いぶくろ	n
胆	きも	n
能率	のうりつ	n
脱帽	だつぼう	vs
脱法	だっぽう	vs
腹腔	ふっこう	n
自家用車	じかようしゃ	n
自生	じせい	vs
致し方	いたしかた	n
花壇	かだん	n
芸名	げいめい	n
芸者	げいしゃ	n
芸風	げいふう	n
英字	えいじ	n
荷造り	にづくり	vs
裾野	すその	n
要旨	ようし	n
見捨てる	みすてる	v1
調剤	ちょうざい	vs
談合	だんごう	vs
談義	だんぎ	n
論じる	ろんじる	v1
買い占め	かいしめ	n
赤身	あかみ	n
赤軍	せきぐん	n
転がる	ころがる	v5r
辞令	じれい	n
辟易	へきえき	vs
辱め	はずかしめ	n
進学校	しんがくこう	n
逸品	いっぴん	n
遊び心	あそびごころ	n
部材	ぶざい	n
配達員	はいたついん	n
酒類	しゅるい	n
酷似	こくじ	vs
量的	りょうてき	adj-na
長屋	ながや	n
除草	じょそう	vs
陶磁器	とうじき	n
隅っこ	すみっこ	n
隠語	いんご	n
難儀	なんぎ	vs
餓鬼	がき	n
駆けつける	かけつける	v1
駆ける	かける	v1
高次	こうじ	n
高瀬	たかせ	n
魏	ぎ	n
魔性	ましょう	n
あとがき	あとがき	n
あらあら	あらあら	adv
いささか	いささか	adv
かかわり	かかわり	n
きたす	きたす	v5s
こってり	こってり	vs
じゅうぶん	じゅうぶん	adj-na
たくみ	たくみ	n
ちいさな	ちいさな	
つぐみ	つぐみ	n
とらえる	とらえる	v1
にぎやか	にぎやか	adj-na
ばらばら	ばらばら	vs
ひき逃げ	ひきにげ	vs
ひと言	ひとこと	vs
ふらふら	ふらふら	vs
ほとり	ほとり	n
ぼろぼろ	ぼろぼろ	n
まことに	まことに	adv
アクメ	アクメ	n
アドバンス	アドバンス	n
アフロ	アフロ	n
アラー	アラー	n
ウィング	ウイング	n
ウシ	うし	n
エスコート	エスコート	vs
オラクル	オラクル	n
カシ	かし	n
カモフラージュ	カモフラージュ	vs
キモオタ	キモヲタ	n
キャッチボール	キャッチボール	vs
キャッツ	キャッツ	n
クチコミ	くちコミ	n
クーペ	クーペ	n
ケシ	けし	n
コサック	コサック	n
コペンハーゲン	コペンハーゲン	n
シャチ	しゃち	n
シャリ	しゃり	n
シューター	シューター	n
ショーツ	ショーツ	n
ジャブ	ジャブ	n
ジョイフル	ジョイフル	n
スキーム	スキーム	n
スクラッチ	スクラッチ	vs
スズ	すず	n
スペード	スペード	n
セラミック	セラミック	n
ダリア	ダリア	n
ティア	ティア	n
トルネード	トルネード	n
ナップ	ナップ	n
ノヴァ	ノヴァ	n
ハイスペック	ハイスペック	n
バイアグラ	バイアグラ	n
バスターミナル	バスターミナル	n
バンドル	バンドル	vs
パオ	パオ	n
パラドックス	パラドックス	n
パンプキン	パンプキン	n
ヒストリー	ヒストリー	n
ヒ素	ひそ	n
フッ素	フッそ	n
フリンジ	フリンジ	n
フローラ	フローラ	n
ブダペスト	ブダペスト	n
ブルゴーニュ	ブルゴーニュ	n
ブンブン	ぶんぶん	adv
プロテスタント	プロテスタント	n
ヘソ	へそ	n
ポプラ	ポプラ	n
マスキング	マスキング	n
マルチメディア	マルチメディア	n
ミノ	ミノ	n
ミュータント	ミュータント	n
ミュート	ミュート	n
ミーハー	ミーハー	n
ユニバース	ユニバース	n
ユーラシア	ユーラシア	n
ラメ	ラメ	n
レイア	レア	adj-na
レンダリング	レンダリング	n
ローダー	ローダ	n
中洲	なかす	n
乱立	らんりつ	vs
予兆	よちょう	n
修得	しゅうとく	vs
入選	にゅうせん	vs
全店	ぜんてん	n
公人	こうじん	n
内紛	ないふん	n
円卓	えんたく	n
円筒	えんとう	n
冠水	かんすい	vs
出回る	でまわる	v5r
初号	しょごう	n
創建	そうけん	vs
功労	こうろう	n
半生	はんしょう	n
占星術	せんせいじゅつ	n
卵子	らんし	n
取り消す	とりけす	v5s
取消	とりけし	n
吊る	つる	v5r
同室	どうしつ	n
名家	めいか	n
名将	めいしょう	n
吠える	ほえる	v1
垂水	たるみ	n
増産	ぞうさん	vs
増長	ぞうちょう	vs
壕	ごう	n
夕立	ゆうだち	n
夢幻	むげん	n
大洋	たいよう	n
天理	てんり	n
学徒	がくと	n
安眠	あんみん	vs
小石	こいし	n
山寺	やまでら	n
山椒	さんしょう	n
市外	しがい	n
席巻	せっけん	vs
座礁	ざしょう	vs
式場	しきじょう	n
引き取る	ひきとる	v5r
強いる	しいる	v1
往生	おうじょう	vs
御三家	ごさんけ	n
御嶽	うたき	n
御曹司	おんぞうし	n
快勝	かいしょう	vs
怖がる	こわがる	v5r
怠け者	なまけもの	n
急進	きゅうしん	vs
恍惚	こうこつ	n
愛でる	めでる	v1
成型	せいけい	vs
持久	じきゅう	vs
揉め事	もめごと	n
提	ひさげ	n
擬音	ぎおん	n
政経	せいけい	n
整数	せいすう	n
新兵	しんぺい	n
新報	しんぽう	n
日傘	ひがさ	n
春秋	しゅんじゅう	n
晩酌	ばんしゃく	vs
未読	みどく	n
枢	くるる	n
構文	こうぶん	n
歴任	れきにん	vs
比べ物	くらべもの	n
水軍	すいぐん	n
決めつける	きめつける	v1
法要	ほうよう	n
海運	かいうん	n
災厄	さいやく	n
無心	むしん	adj-na
無性	むせい	n
煎	せん	n
煎餅	せんべい	n
爆誕	ばくたん	vs
物欲	ぶつよく	n
物的	ぶってき	adj-na
盗人	ぬすびと	n
目論見	もくろみ	n
相乗	そうじょう	vs
真価	しんか	n
禁じる	きんじる	v1
突風	とっぷう	n
筑後	ちくご	n
箇条	かじょう	n
絶倫	ぜつりん	n
緑地	りょくち	n
縦長	たてなが	adj-na
罷免	ひめん	vs
羅針盤	らしんばん	n
耳かき	みみかき	n
聖者	せいじゃ	n
脱字	だつじ	n
腹立たしい	はらだたしい	adj-i
艦載	かんさい	vs
落ちこぼれ	おちこぼれ	n
見聞き	みきき	vs
言い張る	いいはる	v5r
話し相手	はなしあいて	n
誤植	ごしょく	n
謀略	ぼうりゃく	n
貞操	ていそう	n
貫禄	かんろく	n
買取り	かいとり	vs
足下	そっか	n
返り	かえり	n
追憶	ついおく	vs
通例	つうれい	n
遍	へん	ctr
部局	ぶきょく	n
針金	はりがね	n
際立つ	きわだつ	v5t
障子	しょうじ	n
霊媒	れいばい	n
音沙汰	おとさた	n
順子	シュンツ	n
風格	ふうかく	n
颯爽	さっそう	adv
首筋	くびすじ	n
首領	しゅりょう	n
鬱病	うつびょう	n
あざとい	あざとい	adj-i
あれれ	あれれ	int
うなじ	うなじ	n
おじゃま	おじゃま	vs
きたない	きたない	adj-i
きっぱり	きっぱり	vs
くやしい	くやしい	adj-i
ごっそり	ごっそり	adv
しこり	しこり	n
しんどく	しんどく	n
じゃが	じゃが	n
ぜいたく	ぜいたく	n
とんぼ	とんぼ	n
どこぞ	どこぞ	exp
ぬるい	ぬるい	adj-i
ままならない	ままならない	adj-i
よけい	よけい	adj-na
アウトプット	アウトプット	vs
アクロバット	アクロバット	n
アフレコ	アフレコ	n
アロエ	アロエ	n
エキサイティング	エキサイティング	adj-na
オゾン	オゾン	n
カセットテープ	カセットテープ	n
ガイル	ガイル	n
ガーゼ	ガーゼ	n
コックピット	コックピット	n
コンシューマ	コンシューマー	n
ゴーレム	ゴーレム	n
サソリ	さそり	n
サントス	サントス	n
ジェネリック	ジェネリック	n
ジッパー	ジッパー	n
スペ	スペ	n
スルメ	するめ	n
スロットル	スロットル	n
スロバキア	スロバキア	n
セロ	チェロ	n
ゼネコン	ゼネコン	n
ソーマ	ソーマ	n
テディベア	テディーベア	n
ディルド	ディルド	n
デモンストレーション	デモンストレーション	n
デリ	デリ	n
トラフ	トラフ	n
ナメクジ	なめくじ	n
ネイチャー	ネイチャー	n
ネブラスカ	ネブラスカ	n
ノベルティ	ノベルティ	n
パシャ	パシャ	n
パーキンソン	パーキンソン	n
パージ	パージ	vs
パープル	パープル	n
ビルディング	ビルディング	n
ブナ	ブナ	n
ブラックボックス	ブラックボックス	n
プレジデント	プレジデント	n
プロローグ	プロローグ	n
ボーイッシュ	ボーイッシュ	adj-na
ポインタ	ポインタ	n
ポリマー	ポリマー	n
マンボウ	まんぼう	n
ムーンライト	ムーンライト	n
メロメロ	メロメロ	adj-na
ライティング	ライティング	n
リテラシー	リテラシー	n
ロップ	ロップ	n
不信任	ふしんにん	n
不老不死	ふろうふし	n
乳がん	にゅうがん	n
亭主	ていしゅ	n
今世紀	こんせいき	n
企み	たくらみ	n
伍長	ごちょう	n
休館	きゅうかん	vs
伝播	でんぱ	vs
余白	よはく	n
係り	かかり	n
停泊	ていはく	vs
先天	せんてん	n
入館	にゅうかん	vs
六道	ろくどう	n
内地	ないち	n
再三	さいさん	adv
几帳面	きちょうめん	adj-na
出方	でかた	n
利上げ	りあげ	vs
刺殺	しさつ	vs
前記	ぜんき	n
動き回る	うごきまわる	v5r
厄	やく	n
原産地	げんさんち	n
吹替	ふきかえ	vs
固まり	かたまり	n
地殻	ちかく	n
坂東	ばんどう	n
堆積	たいせき	vs
大黒	だいこく	n
天罰	てんばつ	n
奇声	きせい	n
奥歯	おくば	n
奥深い	おくふかい	adj-i
姐	あね	n
姓名	せいめい	n
学童	がくどう	n
安住	あんじゅう	vs
寒天	かんてん	n
少年院	しょうねんいん	n
工期	こうき	n
微分	びぶん	vs
心意気	こころいき	n
心掛け	こころがけ	n
思案	しあん	vs
意気	いき	n
感嘆	かんたん	vs
慰める	なぐさめる	v1
揺るがす	ゆるがす	v5s
敷く	しく	v5k
新地	しんち	n
新手	あらて	n
新陳代謝	しんちんたいしゃ	vs
旅費	りょひ	n
旧暦	きゅうれき	n
早退	そうたい	vs
有価	ゆうか	n
枢軸	すうじく	n
検問	けんもん	vs
榊	さかき	n
横切る	よこぎる	v5r
横向き	よこむき	n
武家	ぶけ	n
池沼	ちしょう	n
決別	けつべつ	vs
沙羅	しゃら	n
淡水	たんすい	n
満面	まんめん	n
漁り	あさり	n
火山灰	かざんばい	n
照り	てり	n
照れる	てれる	v1
特報	とくほう	vs
獄中	ごくちゅう	n
瑕疵	かし	n
盲	めくら	n
直営店	ちょくえいてん	n
直売	ちょくばい	vs
瞬き	まばたき	vs
礼装	れいそう	vs
神器	じんぎ	n
私鉄	してつ	n
秘蔵	ひぞう	vs
立ち寄る	たちよる	v5r
純金	じゅんきん	n
紺色	こんいろ	n
絶え間	たえま	n
綿棒	めんぼう	n
肩幅	かたはば	n
背伸び	せのび	vs
腕力	わんりょく	n
色分け	いろわけ	vs
茶色い	ちゃいろい	adj-i
菜食	さいしょく	vs
落し	おとし	n
虚しく	むなしく	adv
蟲	むし	n
血栓	けっせん	n
裸体	らたい	n
要項	ようこう	n
見本市	みほんいち	n
親交	しんこう	n
触	そく	n
訳す	やくす	v5s
誘導体	ゆうどうたい	n
読み手	よみて	n
読み解く	よみとく	v5k
調印	ちょういん	vs
諸説	しょせつ	n
貶める	おとしめる	v1
質素	しっそ	adj-na
軽微	けいび	adj-na
辻褄	つじつま	n
退廃	たいはい	vs
過信	かしん	vs
適時	てきじ	n
邂逅	かいこう	vs
郭	くるわ	n
醤	ひしお	n
重体	じゅうたい	n
重労働	じゅうろうどう	n
重鎮	じゅうちん	n
鎖国	さこく	vs
長城	ちょうじょう	n
陰口	かげぐち	n
雷雨	らいう	n
電信	でんしん	n
食い止める	くいとめる	v1
鳥獣	ちょうじゅう	n
鳴子	なるこ	n
うまみ	うまみ	n
おおく	おおく	n
おそらくは	おそらくは	exp
かねる	かねる	v1
からかう	からかう	v5u
くつろぎ	くつろぎ	n
ぐったり	ぐったり	vs
すずめ	すずめ	n
たたく	たたく	v5k
ちっぽけ	ちっぽけ	adj-na
つつい	つつい	n
とっく	とっく	n
とびきり	とびきり	n
ひらめき	ひらめき	n
ふむふむ	ふむふむ	exp
まゆみ	まゆみ	n
よこす	よこす	v5s
アイビー	アイビー	n
アメコミ	アメコミ	n
アメーバ	アメーバ	n
アルカイダ	アルカイダ	n
イレギュラー	イレギュラー	adj-na
インタラクティブ	インタラクティブ	adj-na
ウィスコンシン	ウィスコンシン	n
ウインドウ	ウィンドウ	n
ウロコ	うろこ	n
オラオラ	オラオラ	vs
カヤック	カヤック	vs
カリン	かりん	n
キャパ	キャパ	n
ギブアップ	ギブアップ	vs
クラスメート	クラスメイト	n
クリアー	クリア	adj-na
コックス	コックス	n
コテ	コテ	n
サクセス	サクセス	n
ショールーム	ショールーム	n
シンクタンク	シンクタンク	n
スる	する	v5r
スカスカ	スカスカ	adj-na
ストッパー	ストッパー	n
スワイプ	スワイプ	vs
ソーシャル	ソーシャル	n
チア	チア	n
デウス	デウス	n
ナイター	ナイター	n
ナイチンゲール	ナイチンゲール	n
ニードル	ニードル	n
ハンディ	ハンディー	adj-na
フット	フット	n
ブッダ	ぶっだ	n
ブーケ	ブーケ	n
プレーオフ	プレーオフ	n
プロテクター	プロテクター	n
ヘルパー	ヘルパー	n
ベロ	ベロ	n
ベーカリー	ベーカリー	n
ホットケーキ	ホットケーキ	n
ホンジュラス	ホンジェラス	n
ポイ捨て	ポイすて	n
マジレス	マジレス	vs
マッシュルーム	マッシュルーム	n
マンネリ	マンネリ	n
ミニスカート	ミニスカート	n
ミニマム	ミニマム	adj-na
ムンバイ	ムンバイ	n
メシア	メシア	n
モップ	モップ	n
モーメント	モーメント	n
ヤケ	やけ	n
ユーチューバー	ユーチューバー	n
ラストシーン	ラストシーン	n
リバイバル	リバイバル	vs
リバース	リバース	vs
レギュレーション	レギュレーション	n
一安心	ひとあんしん	vs
七月	しちがつ	n
下りる	おりる	v1
不時着	ふじちゃく	vs
不死鳥	ふしちょう	n
中華人民共和国	ちゅうかじんみんきょうわこく	n
乗り入れ	のりいれ	n
人付き合い	ひとづきあい	n
人望	じんぼう	n
伯母	おば	n
住み込み	すみこみ	n
入り込み	いりごみ	n
公私	こうし	n
再興	さいこう	vs
凍死	とうし	vs
凝り	しこり	n
凸凹	でこぼこ	vs
分数	ぶんすう	n
分科	ぶんか	n
励ます	はげます	v5s
化ける	ばける	v1
半裸	はんら	n
印字	いんじ	vs
参観	さんかん	vs
友軍	ゆうぐん	n
収蔵	しゅうぞう	vs
取調	とりしらべ	n
古文	こぶん	n
名画	めいが	n
名著	めいちょ	n
和歌	わか	n
喚問	かんもん	vs
国内線	こくないせん	n
国軍	こくぐん	n
坑道	こうどう	n
垣根	かきね	n
売れっ子	うれっこ	n
売国	ばいこく	n
外回り	そとまわり	n
大動脈	だいどうみゃく	n
大帝	たいてい	n
大筋	おおすじ	n
大腸菌	だいちょうきん	n
女学院	じょがくいん	n
如何なる	いかなる	
孔子	こうし	n
宗主	そうしゅ	n
容積	ようせき	n
寺社	じしゃ	n
小雨	こさめ	n
崖っぷち	がけっぷち	n
左端	ひだりはし	n
常勤	じょうきん	vs
年会	ねんかい	n
年表	ねんぴょう	n
幻滅	げんめつ	vs
廃絶	はいぜつ	vs
弱小	じゃくしょう	adj-na
張り紙	はりがみ	n
役柄	やくがら	n
御所	ごしょ	n
心不全	しんふぜん	n
心遣い	こころづかい	vs
必	ひつ	n
急死	きゅうし	vs
惨状	さんじょう	n
手始め	てはじめ	n
投げつける	なげつける	v1
抜け毛	ぬけげ	n
揚げる	あげる	v1
撲殺	ぼくさつ	vs
救護	きゅうご	vs
旧姓	きゅうせい	n
暴風雨	ぼうふうう	n
曲目	きょくもく	n
本稿	ほんこう	n
机上	きじょう	n
来年度	らいねんど	n
松川	まつかわ	n
標語	ひょうご	n
横目	よこめ	vs
正々堂々	せいせいどうどう	n
残暑	ざんしょ	n
殺伐	さつばつ	adv
毛色	けいろ	n
気兼ね	きがね	vs
気概	きがい	n
気象台	きしょうだい	n
油絵	あぶらえ	n
浪速	なにわ	n
海沿い	うみぞい	n
清め	きよめ	n
火器	かき	n
炭火	すみび	n
点字	てんじ	n
煉獄	れんごく	n
熱源	ねつげん	n
爆風	ばくふう	n
片面	かためん	n
物心	ものごころ	n
特記	とっき	vs
狙い撃ち	ねらいうち	vs
献立	こんだて	n
理容	りよう	n
甘える	あまえる	v1
用水路	ようすいろ	n
申す	もうす	v5s
病死	びょうし	vs
痛烈	つうれつ	adj-na
発効	はっこう	vs
登頂	とうちょう	vs
直観	ちょっかん	vs
真中	まなか	n
神事	しんじ	n
筋肉質	きんにくしつ	adj-na
篠	しの	n
粘液	ねんえき	n
絶句	ぜっく	vs
編み物	あみもの	n
美的	びてき	adj-na
胡蝶	こちょう	n
自信満々	じしんまんまん	adj-na
自制	じせい	vs
舌打ち	したうち	vs
艦船	かんせん	n
花王	かおう	n
花言葉	はなことば	n
苦行	くぎょう	vs
茨	いばら	n
蔦	つた	n
薄型	うすがた	n
薄着	うすぎ	vs
衛兵	えいへい	n
解毒	げどく	vs
詠唱	えいしょう	vs
論説	ろんせつ	n
謙遜	けんそん	vs
豪州	ごうしゅう	n
責	せき	n
辞表	じひょう	n
過密	かみつ	adj-na
都政	とせい	n
酒蔵	さかぐら	n
銃剣	じゅうけん	n
雨量	うりょう	n
電荷	でんか	n
非行	ひこう	n
頃合	ころあい	n
領事	りょうじ	n
首吊り	くびつり	vs
駆け出し	かけだし	n
骨抜き	ほねぬき	n
鼓舞	こぶ	vs
あひる	あひる	n
あやふや	あやふや	adj-na
いっぺん	いっぺん	n
うまる	うまる	v5r
おさらば	おさらば	vs
おもらし	おもらし	vs
おもわ	おもわ	n
お互い様	おたがいさま	adj-na
くるま	くるま	n
このごろ	このごろ	n
じゃんじゃん	じゃんじゃん	adv
すすめる	すすめる	v1
ひじき	ひじき	n
まちまち	まちまち	adj-na
むっちり	むっちり	vs
やから	やから	n
やましい	やましい	adj-i
やり口	やりくち	n
ゆるし	ゆるし	n
アクセサリ	アクセサリー	n
アタッカー	アタッカー	n
アットホーム	アットホーム	adj-na
アルバニア	アルバニア	n
アロハ	アロハ	int
アンバランス	アンバランス	adj-na
オカリナ	オカリナ	n
オーソドックス	オーソドックス	adj-na
カピバラ	カピバラ	n
グレープ	グレープ	n
ゲレンデ	ゲレンデ	n
コオロギ	こおろぎ	n
コカコーラ	コカコーラ	n
サボる	サボる	v5r
シック	シック	adj-na
シビック	シビック	n
ジー	ジー	n
スウェット	スウェット	n
スパゲティ	スパゲティ	n
スフィンクス	すふぃんくす	n
ズルズル	ずるずる	adv
ソーシャルゲーム	ソーシャルゲーム	n
テト	テト	n
テヘラン	テヘラン	n
デバッグ	デバッグ	vs
データ通信	データつうしん	n
ドッグ	ドッグ	n
ドリー	ドリー	n
ニューロン	ニューロン	n
ハイエナ	ハイエナ	n
ハイランド	ハイランド	n
バリスタ	バリスタ	n
バンプ	バンプ	n
パテ	パテ	n
ヒザ	ひざ	n
ファンタジア	ファンタジア	n
フラミンゴ	フラミンゴ	n
プリクラ	プリクラ	n
ベルベット	ベルベット	n
ポッドキャスト	ポッドキャスト	n
マッシュ	マッシュ	n
マート	マート	n
ミューズ	ミューズ	n
メダカ	めだか	n
メート	メート	n
ランサー	ランサー	n
ワルシャワ	ワルシャワ	n
一蹴	いっしゅう	vs
上出来	じょうでき	n
下書き	したがき	vs
不屈	ふくつ	n
主幹	しゅかん	n
乳母	うば	n
介助	かいじょ	vs
仏教徒	ぶっきょうと	n
休載	きゅうさい	vs
伝票	でんぴょう	n
伽	とぎ	n
俄然	がぜん	adv
償い	つぐない	n
先方	せんぽう	n
先見	せんけん	vs
免職	めんしょく	vs
公会堂	こうかいどう	n
削	さく	n
前足	まえあし	n
助け合い	たすけあい	n
勅	みことのり	n
勉学	べんがく	vs
単色	たんしょく	n
双方向	そうほうこう	n
可哀そう	かわいそう	adj-na
叱る	しかる	v5r
吸気	きゅうき	n
哀しみ	かなしみ	n
嗅ぐ	かぐ	v5g
地下街	ちかがい	n
地平線	ちへいせん	n
地底	ちてい	n
外面	がいめん	n
多人数	たにんずう	n
天性	てんせい	n
奥さま	おくさま	n
如来	にょらい	n
威勢	いせい	n
安上がり	やすあがり	adj-na
完遂	かんすい	vs
宛先	あてさき	n
局部	きょくぶ	n
岩石	がんせき	n
巡業	じゅんぎょう	vs
工務	こうむ	n
帰結	きけつ	vs
幕内	まくうち	n
平家	へいけ	n
幽閉	ゆうへい	vs
弁慶	べんけい	n
弁解	べんかい	vs
必読	ひつどく	n
成し遂げる	なしとげる	v1
戦没	せんぼつ	vs
所業	しょぎょう	n
所管	しょかん	vs
接地	せっち	vs
搬出	はんしゅつ	vs
敷設	ふせつ	vs
族長	ぞくちょう	n
更年期	こうねんき	n
月経	げっけい	n
朝顔	あさがお	n
未完	みかん	n
校歌	こうか	n
梅林	ばいりん	n
椎	しい	n
検体	けんたい	n
歪曲	わいきょく	vs
段違い	だんちがい	n
殺陣	たて	n
民泊	みんぱく	n
気化	きか	vs
水たまり	みずたまり	n
水脈	すいみゃく	n
永眠	えいみん	vs
沼田	ぬまた	n
洗い物	あらいもの	n
液状	えきじょう	n
湖畔	こはん	n
激変	げきへん	vs
濾過	ろか	vs
理工	りこう	n
理財	りざい	n
瓜	うり	n
生保	せいほ	n
略語	りゃくご	n
真美	しんび	n
短波	たんぱ	n
神経症	しんけいしょう	n
移管	いかん	vs
稀有	けう	adj-na
程々	ほどほど	n
空回り	からまわり	vs
竹林	ちくりん	n
節度	せつど	n
粗悪	そあく	adj-na
純血	じゅんけつ	n
紙切れ	かみきれ	n
総監	そうかん	n
線画	せんが	n
縦横	じゅうおう	n
耳鼻	じび	n
胡	こ	n
船乗り	ふなのり	n
花婿	はなむこ	n
苛立ち	いらだち	n
荒ぶ	すさぶ	v5b
荒らす	あらす	v5s
蒸し暑い	むしあつい	adj-i
虚しい	むなしい	adj-i
行く末	ゆくすえ	n
見下ろす	みおろす	v5s
言いがかり	いいがかり	n
記名	きめい	n
詩的	してき	adj-na
諸侯	しょこう	n
講堂	こうどう	n
負けず嫌い	まけずぎらい	adj-na
賑わう	にぎわう	v5u
贖罪	しょくざい	vs
軋轢	あつれき	vs
載	さい	
農夫	のうふ	n
送球	そうきゅう	vs
逆さま	さかさま	adj-na
造成	ぞうせい	vs
進呈	しんてい	vs
遍歴	へんれき	vs
鐵	てつ	n
頓着	とんちゃく	vs
顔合わせ	かおあわせ	vs
高学年	こうがくねん	n
黙り	だんまり	n
あんしん	あんしん	vs
いっさい	いっさい	n
かいい	かいい	n
こそこそ	こそこそ	vs
このみ	このみ	n
さとし	さとし	n
しきたり	しきたり	n
ずぶ濡れ	ずぶぬれ	n
そのうえで	そのうえで	exp
ためらう	ためらう	v5u
とおる	とおる	v5r
なかでも	なかでも	exp
なつかし	なつかし	n
ぬくもり	ぬくもり	n
のびのび	のびのび	vs
ぶらり	ぶらり	adv
ほんで	ほんで	conj
まなざし	まなざし	n
ろ過	ろか	vs
わが子	わがこ	exp
アップルパイ	アップルパイ	n
アワビ	あわび	n
インテリジェンス	インテリジェンス	n
エクストリーム	エクストリーム	n
エーカー	エーカー	n
オリジン	オリジン	n
カムイ	カムイ	n
カモン	カモン	int
カラカラ	カラカラ	n
カローラ	カローラ	n
カヴァー	カバー	vs
クリトリス	クリトリス	n
クワガタ	くわがた	n
ゲームアプリ	ゲームアプリ	n
コルセット	コルセット	n
コンプレッサー	コンプレッサー	n
サラ金	サラきん	n
シカト	シカト	vs
シグマ	シグマ	n
シュークリーム	シュークリーム	n
スケーター	スケーター	n
スモーク	スモーク	n
スリット	スリット	n
スルタン	スルタン	n
セリ	せり	n
タクト	タクト	n
ダイナモ	ダイナモ	n
ツモ	ツモ	n
ディテール	ディテール	n
トランジスタ	トランジスタ	n
トンカツ	とんカツ	n
ネカフェ	ネカフェ	n
ハネムーン	ハネムーン	n
パンプス	パンプス	n
ビッグバン	ビッグバン	n
ファンファーレ	ファンファーレ	n
ブリュッセル	ブリュッセル	n
プロジェクター	プロジェクター	n
ボリビア	ボリビア	n
ボーイング	ボーイング	n
ポロシャツ	ポロシャツ	n
ミステリアス	ミステリアス	adj-na
ミンチ	ミンチ	n
ヤニ	やに	n
ユリア	ユリア	n
リーガー	リーガー	n
リーズナブル	リーズナブル	adj-na
ルアー	ルアー	n
レイシ	れいし	n
レーティング	レーティング	n
ロブ	ロブ	vs
ワーキング	ワーキング	n
一年中	いちねんじゅう	n
一望	いちぼう	vs
一樹	いちじゅ	n
不健康	ふけんこう	adj-na
乱獲	らんかく	vs
乱発	らんぱつ	vs
仏閣	ぶっかく	n
代議士	だいぎし	n
何しろ	なにしろ	adv
余力	よりょく	n
作り直す	つくりなおす	v5s
偉く	えらく	adv
健気	けなげ	adj-na
偶発	ぐうはつ	vs
傾く	かぶく	
元首	げんしゅ	n
充足	じゅうそく	vs
内乱	ないらん	n
冷や汗	ひやあせ	n
凄惨	せいさん	adj-na
凡	ぼん	adj-na
切迫	せっぱく	vs
初手	しょて	n
前売り	まえうり	vs
前月	ぜんげつ	n
割り込み	わりこみ	n
効用	こうよう	n
動態	どうたい	n
勝ち取る	かちとる	v5r
卵巣	らんそう	n
双極	そうきょく	n
反旗	はんき	n
可笑しい	おかしい	adj-i
右舷	うげん	n
同額	どうがく	n
吐露	とろ	vs
咄嗟	とっさ	n
地頭	じとう	n
埋め込む	うめこむ	v5m
塩漬け	しおづけ	vs
増刊	ぞうかん	vs
夏バテ	なつばて	vs
夏服	なつふく	n
夜な夜な	よなよな	adv
天界	てんかい	n
女史	じょし	n
好戦	こうせん	n
孔雀	くじゃく	n
守秘	しゅひ	vs
実生活	じっせいかつ	n
小さじ	こさじ	n
小夜	さよ	n
小生	しょうせい	pn
尖	こすみ	n
尾張	おわり	n
局地	きょくち	n
山麓	さんろく	n
岩山	いわやま	n
差し込む	さしこむ	v5m
布陣	ふじん	vs
干す	ほす	v5s
年少	ねんしょう	n
廊	ろう	n
引越	ひっこし	vs
弾倉	だんそう	n
御朱印	ごしゅいん	n
急変	きゅうへん	vs
悪友	あくゆう	n
惨殺	ざんさつ	vs
感慨	かんがい	n
慣らし	ならし	n
憂慮	ゆうりょ	vs
懐い	なつい	adj-i
手の平	てのひら	n
打撲	だぼく	vs
拾	じゅう	
摂理	せつり	vs
整頓	せいとん	vs
新譜	しんぷ	n
時分	じぶん	n
晴らす	はらす	v5s
暮れる	くれる	v1
朱雀	すざく	n
東ドイツ	ひがしドイツ	n
死霊	しりょう	n
民度	みんど	n
江頭	こうとう	n
沈下	ちんか	vs
法科	ほうか	n
減圧	げんあつ	vs
演舞	えんぶ	vs
焼き芋	やきいも	n
獰猛	どうもう	adj-na
甘美	かんび	adj-na
産出	さんしゅつ	vs
用量	ようりょう	n
病原菌	びょうげんきん	n
痛める	いためる	v1
白状	はくじょう	vs
相談役	そうだんやく	n
眉間	みけん	n
真弓	まゆみ	n
眼帯	がんたい	n
着想	ちゃくそう	vs
着水	ちゃくすい	vs
砂嵐	すなあらし	n
磔	はりつけ	n
神隠し	かみかくし	n
禿	はげ	n
稼業	かぎょう	n
空ける	うつける	v1
筆跡	ひっせき	n
索敵	さくてき	vs
総量	そうりょう	n
緑化	りょっか	vs
縫う	ぬう	v5u
義手	ぎしゅ	n
羽織	はおり	n
職権	しょっけん	n
胎内	たいない	n
臨機応変	りんきおうへん	n
自給自足	じきゅうじそく	vs
芥川賞	あくたがわしょう	n
落第	らくだい	vs
西南	せいなん	n
請願	せいがん	vs
論調	ろんちょう	n
謳う	うたう	v5u
豪語	ごうご	vs
躍起	やっき	adj-na
通り魔	とおりま	n
造園	ぞうえん	vs
進数	しんすう	n
道案内	みちあんない	vs
野暮	やぼ	adj-na
鑑別	かんべつ	vs
長兄	ちょうけい	n
門前	もんぜん	n
閉まる	しまる	v5r
開国	かいこく	vs
陰湿	いんしつ	adj-na
陽光	ようこう	n
隆起	りゅうき	vs
雷電	らいでん	n
霊魂	れいこん	n
顕在	けんざい	vs
類型	るいけい	n
風呂敷	ふろしき	n
養老	ようろう	n
馬主	うまぬし	n
高学歴	こうがくれき	n
鬼ごっこ	おにごっこ	n
魂胆	こんたん	vs
黒船	くろふね	n
いかがわしい	いかがわしい	adj-i
おとり	おとり	n
お次	おつぎ	n
きなこ	きなこ	n
ささい	ささい	adj-na
しがみつく	しがみつく	v5k
しょっぱい	しょっぱい	adj-i
たらし	たらし	n
とぼけ	とぼけ	n
とまり	とまり	n
のぞく	のぞく	v5k
ひばり	ひばり	n
ほうび	ほうび	n
まろやか	まろやか	adj-na
アニオタ	アニオタ	n
イデア	イデア	n
ウガンダ	ウガンダ	n
ウコン	うこん	n
ウフフ	うふふ	int
オニオン	オニオン	n
カーリング	カーリング	n
ガロン	ガロン	n
グッジョブ	グッジョブ	int
コストダウン	コストダウン	vs
コメディー	コメディー	n
コーダ	コーダ	n
サヨク	さよく	n
シフォン	シフォン	n
スタートライン	スタートライン	n
スパイダー	スパイダー	n
ダンベル	ダンベル	n
チアリーダー	チアリーダー	n
チューハイ	ちゅうハイ	n
トラッキング	トラッキング	n
トレイラー	トレーラー	n
トロピカル	トロピカル	adj-na
ナイトクラブ	ナイトクラブ	n
ハイム	ハイム	n
ハウジング	ハウジング	n
ハリネズミ	はりねずみ	n
バギー	バギー	n
バスク	バスク	n
パティシエ	パティシエ	n
フィーリング	フィーリング	n
フライドポテト	フライドポテト	n
フリース	フリース	n
プラム	プラム	n
ベンチマーク	ベンチマーク	n
ポニー	ポニー	n
マカロン	マカロン	n
マネジャー	マネージャー	n
マミー	マミー	n
メーク	メイク	vs
ライド	ライド	n
ラトビア	ラトビア	n
リコーダー	レコーダー	n
リストアップ	リストアップ	vs
リピーター	リピーター	n
ルポ	ルポ	vs
レクイエム	レクイエム	n
レッツゴー	レッツゴー	exp
ワイヤ	ワイヤ	n
ワンダーランド	ワンダーランド	n
一々	いちいち	n
一喜一憂	いっきいちゆう	exp
一様	いちよう	adj-na
下劣	げれつ	adj-na
下腹	かふく	n
不貞	ふてい	adj-na
亀甲	きっこう	n
予行	よこう	vs
二の次	にのつぎ	n
似る	にる	v1
倒錯	とうさく	vs
偽者	にせもの	n
償還	しょうかん	vs
先回り	さきまわり	vs
入信	にゅうしん	vs
共々	ともども	adv
共食い	ともぐい	vs
内情	ないじょう	n
出火	しゅっか	vs
切り離す	きりはなす	v5s
前触れ	まえぶれ	vs
副産物	ふくさんぶつ	n
北風	きたかぜ	n
千種	ちぐさ	n
危	き	n
即答	そくとう	vs
双眼鏡	そうがんきょう	n
取り壊し	とりこわし	n
取付	とりつけ	n
受け答え	うけこたえ	vs
君達	きみたち	pn
呟く	つぶやく	v5k
周遊	しゅうゆう	vs
周防	すおう	n
命懸け	いのちがけ	n
和音	わおん	n
四川	しせん	n
報じる	ほうじる	v1
大掛かり	おおがかり	adj-na
大男	おおおとこ	n
天文台	てんもんだい	n
女人	にょにん	n
如し	ごとし	
子供部屋	こどもべや	n
季語	きご	n
客員	きゃくいん	n
寄席	よせ	n
対極	たいきょく	n
小分け	こわけ	vs
小口	こぐち	n
小松菜	こまつな	n
山盛り	やまもり	n
巻物	まきもの	n
市況	しきょう	n
師弟	してい	n
幕下	まくした	n
延びる	のびる	v1
建屋	たてや	n
引きずる	ひきずる	v5r
御幸	ぎょうき	vs
心的	しんてき	adj-na
怨念	おんねん	n
息苦しい	いきぐるしい	adj-i
愛撫	あいぶ	vs
戒律	かいりつ	n
抑	そもそも	n
押入れ	おしいれ	n
擦れ	すれ	n
新妻	にいづま	n
新宮	しんぐう	n
日本銀行	にっぽんぎんこう	n
日食	にっしょく	n
旧型	きゅうがた	n
春先	はるさき	n
朝霞	あさがすみ	n
本末転倒	ほんまつてんとう	vs
核弾頭	かくだんとう	n
檜	ひのき	n
櫂	かい	n
歓	かん	n
気泡	きほう	n
気管	きかん	n
水滴	すいてき	n
氷点下	ひょうてんか	n
求愛	きゅうあい	vs
流量	りゅうりょう	n
減退	げんたい	vs
満潮	まんちょう	n
焚き火	たきび	vs
爆睡	ばくすい	vs
生鮮	せいせん	adj-na
田舎町	いなかまち	n
略す	りゃくす	v5s
疑義	ぎぎ	n
痛々しい	いたいたしい	adj-i
盛る	もる	v5r
石材	せきざい	n
石灰	せっかい	n
硬度	こうど	n
確変	かくへん	n
祈念	きねん	vs
神仏	しんぶつ	n
空目	そらめ	vs
笑い話	わらいばなし	n
納屋	なや	n
索	さく	n
編纂	へんさん	vs
縛	ばく	n
繰り上げ	くりあげ	n
罰する	ばっする	vs
肌寒い	はださむい	adj-i
肩代わり	かたがわり	vs
臨み	のぞみ	n
自暴自棄	じぼうじき	adj-na
若旦那	わかだんな	n
表層	ひょうそう	n
表彰台	ひょうしょうだい	n
装丁	そうてい	vs
見づらい	みづらい	adj-i
見にくい	みにくい	adj-i
親知らず	おやしらず	n
言い渡し	いいわたし	n
訴状	そじょう	n
誌面	しめん	n
誤る	あやまる	v5r
論評	ろんぴょう	vs
議案	ぎあん	n
賃	ちん	n
足腰	あしこし	n
車窓	しゃそう	n
近付く	ちかづく	v5k
通り過ぎる	とおりすぎる	v1
運気	うんき	n
遠心	えんしん	vs
遺構	いこう	n
酸っぱい	すっぱい	adj-i
重荷	おもに	n
野良犬	のらいぬ	n
長押	なげし	n
闘志	とうし	n
静的	せいてき	adj-na
領有	りょうゆう	vs
顔料	がんりょう	n
顔負け	かおまけ	vs
駄作	ださく	n
骸	から	n
鼓	つづみ	n
あつし	あつし	n
あらた	あらた	adj-na
いちおう	いちおう	n
おから	おから	n
お告げ	おつげ	n
お茶漬け	おちゃづけ	n
かえり	かえり	n
かわす	かわす	v5s
けんじ	けんじ	n
さつまいも	さつまいも	n
さばき	さばき	n
さり気	さりげ	n
それ程	それほど	adv
たまねぎ	たまねぎ	n
つむぎ	つむぎ	n
とうもろこし	とうもろこし	n
ともし	ともし	n
なぞなぞ	なぞなぞ	n
にたいして	にたいして	exp
ひっかけ	ひっかけ	n
みごと	みごと	adj-na
めくる	めくる	v5r
めだか	めだか	n
アウェー	アウェイ	n
ウインナー	ウインナー	n
ウェイト	ウェイト	n
ウェーイ	うぇーい	int
オセアニア	オセアニア	n
カタツムリ	かたつむり	n
カナリア	カナリア	n
カント	カント	n
キメラ	キメラ	n
クラクション	クラクション	n
クラシカル	クラシカル	adj-na
グリーンランド	グリーンランド	n
ケダモノ	けもの	n
コラージュ	コラージュ	n
ゴクリ	ゴクリ	adv
サルベージ	サルベージ	n
スクリーニング	スクリーニング	vs
スケ	スケ	ctr
ストリッパー	ストリッパー	n
スワップ	スワップ	vs
センズリ	せんずり	n
チャーチ	チャーチ	n
テイク	テイク	n
テネシー	テネシー	n
ディー	ディー	n
ディープキス	ディープキス	n
ナックル	ナックル	n
ナンバリング	ナンバリング	vs
バリウム	バリウム	n
バーク	バーク	n
パトロン	パトロン	n
ヒグマ	ひぐま	n
ヒラメ	ひらめ	n
ビリビリ	ビリビリ	adv
ピンサロ	ピンサロ	n
フェードアウト	フェードアウト	vs
フォレスト	フォレスト	n
フライヤー	フライヤー	n
フリーク	フリーク	n
マスカット	マスカット	n
マテリアル	マテリアル	n
メカニカル	メカニカル	adj-na
モデルチェンジ	モデルチェンジ	vs
ランチャー	ランチャー	n
リウマチ	リウマチ	n
レーニン	レーニン	n
ロマ	ロマ	n
ローム	ローム	n
ワンポイント	ワンポイント	n
ワンルーム	ワンルーム	n
ヴィーナス	ビーナス	n
一人ぼっち	ひとりぼっち	n
交錯	こうさく	vs
人出	ひとで	n
人工芝	じんこうしば	n
仕切る	しきる	v5r
付帯	ふたい	vs
侮蔑	ぶべつ	vs
修飾	しゅうしょく	vs
個々人	ここじん	n
儚い	はかない	adj-i
元手	もとで	n
内向	ないこう	vs
凹凸	おうとつ	n
切り取る	きりとる	v5r
切望	せつぼう	vs
刑期	けいき	n
剛性	ごうせい	n
割れ目	われめ	n
割当	わりあて	n
力作	りきさく	n
勝山	かつやま	n
勢揃い	せいぞろい	vs
勤め先	つとめさき	n
医科	いか	n
印税	いんぜい	n
合奏	がっそう	vs
同位	どうい	n
同校	どうこう	n
土間	どま	n
地下道	ちかどう	n
地方裁判所	ちほうさいばんしょ	n
堪える	こらえる	v1
売上げ	うりあげ	n
変則	へんそく	n
天の川	あまのがわ	n
奨め	すすめ	vs
女帝	じょてい	n
媚	こび	n
寒暖	かんだん	n
専科	せんか	n
居候	いそうろう	vs
市町	しちょう	n
帰す	きす	v5s
序章	じょしょう	n
廻し	まわし	n
引継ぎ	ひきつぎ	n
後払い	あとばらい	vs
復権	ふっけん	vs
快諾	かいだく	vs
思想家	しそうか	n
急務	きゅうむ	n
成敗	せいばい	vs
手応え	てごたえ	n
手掛かり	てがかり	n
抜かす	ぬかす	v5s
拙い	つたない	adj-i
拝	はい	n
括弧	かっこ	vs
振り子	ふりこ	n
授かる	さずかる	v5r
揺らぎ	ゆらぎ	n
断罪	だんざい	vs
施錠	せじょう	vs
日本書紀	にほんしょき	n
日雇い	ひやとい	n
更地	さらち	n
有頂天	うちょうてん	n
望遠	ぼうえん	n
末日	まつじつ	n
椀	わん	n
正教会	せいきょうかい	n
殺生	せっしょう	vs
水流	すいりゅう	n
汚点	おてん	n
減衰	げんすい	vs
滑り台	すべりだい	n
炒飯	チャーハン	n
烙印	らくいん	n
焦がし	こがし	n
煩雑	はんざつ	adj-na
父子	ふし	n
特質	とくしつ	n
玄人	くろうと	n
玉砕	ぎょくさい	vs
甘口	あまくち	adj-na
画風	がふう	n
界面	かいめん	n
病弱	びょうじゃく	adj-na
病態	びょうたい	n
発疹	はっしん	vs
発病	はつびょう	vs
白星	しろぼし	n
白銀	はくぎん	n
的外れ	まとはずれ	adj-na
皮脂	ひし	n
皮質	ひしつ	n
直腸	ちょくちょう	n
相対性理論	そうたいせいりろん	n
着脱	ちゃくだつ	vs
短髪	たんぱつ	n
石膏	せっこう	n
破砕	はさい	vs
神威	しんい	n
祠	ほこら	n
稜	りょう	n
立ちはだかる	たちはだかる	v5r
糊	のり	n
紙一重	かみひとえ	n
綴る	つづる	v5r
考え事	かんがえごと	n
脅かし	おどかし	n
膠	にかわ	n
花魁	おいらん	n
草地	くさち	n
葉書	はがき	n
蕨	わらび	n
蘇り	よみがえり	n
見つけ出す	みつけだす	v5s
見張る	みはる	v5r
見渡す	みわたす	v5s
計る	はかる	v5r
討つ	うつ	v5t
試料	しりょう	n
豚汁	とんじる	n
起伏	きふく	vs
足踏み	あしぶみ	vs
踏み込む	ふみこむ	v5m
送受信	そうじゅしん	n
途	と	n
通り道	とおりみち	n
遠山	えんざん	n
遮る	さえぎる	v5r
金時	きんとき	n
間取り	まどり	n
防腐	ぼうふ	n
陣地	じんち	n
陣形	じんけい	n
陥れる	おとしいれる	v1
隔絶	かくぜつ	vs
霊場	れいじょう	n
革靴	かわぐつ	n
頭蓋	ずがい	n
香る	かおる	v5r
馬鹿馬鹿しい	ばかばかしい	adj-i
駿河	するが	n
高周波	こうしゅうは	n
高気圧	こうきあつ	n
うずうず	うずうず	vs
おごる	おごる	v5r
おもむろに	おもむろに	adv
お爺さん	おじいさん	n
かしこい	かしこい	adj-i
きとう	きとう	vs
こじつけ	こじつけ	n
ごっちゃ	ごっちゃ	vs
さわる	さわる	v5r
そよ風	そよかぜ	n
とろとろ	とろとろ	vs
どうのこうの	どうのこうの	adv
ならず者	ならずもの	n
ねむい	ねむい	adj-i
ひらい	ひらい	vs
ふっと	ふっと	adv
ぶっ殺す	ぶっころす	v5s
ほくろ	ほくろ	n
まさる	まさる	v5r
ましろ	ましろ	adj-na
ゆらゆら	ゆらゆら	vs
ゆるやか	ゆるやか	adj-na
アウトロー	アウトロー	n
アスレチック	アスレチック	n
イケイケ	イケイケ	adj-na
イブニング	イブニング	n
インサイダー	インサイダー	n
インペリアル	インペリアル	n
ウィンク	ウインク	vs
ウォレット	ウォレット	n
エナメル	エナメル	n
カメムシ	かめむし	n
ガチンコ	がちんこ	n
ガツガツ	ガツガツ	vs
クレーマー	クレーマー	n
クロノス	クロノス	n
コウノトリ	こうのとり	n
サザン	サザン	n
サターン	サターン	n
シラフ	しらふ	n
ストロボ	ストロボ	n
ソプラノ	ソプラノ	n
タコス	タコス	n
チェックポイント	チェックポイント	n
チョッパー	チョッパー	n
デトックス	デトックス	n
トライアスロン	トライアスロン	n
ドミニカ	ドミニカ	n
バカヤロー	ばかやろう	n
パラメーター	パラメーター	n
ピクピク	ピクピク	vs
ファクト	ファクト	n
フォア	フォア	n
フォーメーション	フォーメーション	n
フレーク	フレーク	n
ブランケット	ブランケット	n
ベアリング	ベアリング	n
ペンネーム	ペンネーム	n
ボム	ボム	n
マーガリン	マーガリン	n
ミール	ミール	n
ムショ	むしょ	n
メリハリ	めりはり	n
メーカ	メーカー	n
メーデー	メーデー	int
リリーフ	リリーフ	vs
ルーチン	ルーチン	n
レアリティ	レアリティ	n
レアル	レアル	n
ワイパー	ワイパー	n
一辺倒	いっぺんとう	n
一風	いっぷう	n
万華鏡	まんげきょう	n
三蔵	さんぞう	n
上級生	じょうきゅうせい	n
不名誉	ふめいよ	n
五感	ごかん	n
仏陀	ぶっだ	n
伴侶	はんりょ	n
伺う	うかがう	v5u
体形	たいけい	n
何せ	なにせ	adv
保冷	ほれい	n
信義	しんぎ	n
偶数	ぐうすう	n
入港	にゅうこう	vs
前菜	ぜんさい	n
割く	さく	v5k
割愛	かつあい	vs
助詞	じょし	n
匙	さじ	n
十月	じゅうがつ	n
南ア	なんア	n
厳戒	げんかい	vs
受け付ける	うけつける	v1
各店	かくてん	n
吸い上げ	すいあげ	n
周到	しゅうとう	adj-na
呼応	こおう	vs
咀嚼	そしゃく	vs
和む	なごむ	v5m
哺乳	ほにゅう	n
唄う	うたう	v5u
回遊	かいゆう	vs
図案	ずあん	n
国民党	こくみんとう	n
城塞	じょうさい	n
城跡	しろあと	n
堅固	けんご	adj-na
売り子	うりこ	n
夢にも	ゆめにも	adv
大軍	たいぐん	n
大韓民国	だいかんみんこく	n
天然記念物	てんねんきねんぶつ	n
太平	たいへい	n
奇人	きじん	n
妬み	ねたみ	n
孤	こ	n
学割	がくわり	n
宜	むべ	adv
実権	じっけん	n
宮司	ぐうじ	n
家宝	かほう	n
小数点	しょうすうてん	n
少将	しょうしょう	n
山上	さんじょう	n
左舷	さげん	n
布石	ふせき	vs
希釈	きしゃく	vs
幡	ばん	n
年号	ねんごう	n
府知事	ふちじ	n
廿	にじゅう	
引火	いんか	vs
当直	とうちょく	vs
微笑む	ほほえむ	v5m
忖度	そんたく	vs
悶々	もんもん	adv
慣性	かんせい	n
懇意	こんい	n
所望	しょもう	vs
手違い	てちがい	n
技巧	ぎこう	n
投函	とうかん	vs
控え目	ひかえめ	adj-na
推力	すいりょく	n
掲出	けいしゅつ	vs
改宗	かいしゅう	vs
政局	せいきょく	n
斉唱	せいしょう	vs
暖炉	だんろ	n
書き手	かきて	n
最高潮	さいこうちょう	n
本宮	ほんぐう	n
村社	そんしゃ	n
枕元	まくらもと	n
染料	せんりょう	n
極寒	ごっかん	n
楽ちん	らくチン	adj-na
模造	もぞう	vs
樹皮	じゅひ	n
樹齢	じゅれい	n
欠勤	けっきん	vs
決起	けっき	vs
法事	ほうじ	n
活き	いき	n
海抜	かいばつ	n
漁る	あさる	v5r
漢方薬	かんぽうやく	n
無情	むじょう	n
玉座	ぎょくざ	n
現況	げんきょう	n
甘えん坊	あまえんぼう	n
甚だしい	はなはだしい	adj-i
産廃	さんぱい	n
盗用	とうよう	vs
直角	ちょっかく	n
省く	はぶく	v5k
瞼	まぶた	n
石碑	せきひ	n
簡便	かんべん	adj-na
粉飾	ふんしょく	vs
絶える	たえる	v1
継母	けいぼ	n
編隊	へんたい	n
練る	ねる	v5r
罵声	ばせい	n
翻	ハン	ctr
翼賛	よくさん	vs
聞き手	ききて	n
育む	はぐくむ	v5m
胡桃	くるみ	n
英和	えいわ	n
菫	すみれ	n
薬指	くすりゆび	n
薬莢	やっきょう	n
蛇足	だそく	n
見開き	みひらき	n
解離	かいり	vs
試飲	しいん	vs
語り合う	かたりあう	v5u
誤算	ごさん	vs
財力	ざいりょく	n
迂闊	うかつ	adj-na
遅くとも	おそくとも	adv
遠回し	とおまわし	adj-na
野営	やえい	vs
開院	かいいん	vs
防波堤	ぼうはてい	n
雁	がん	n
雨林	うりん	n
霊園	れいえん	n
非課税	ひかぜい	n
面目	めんぼく	n
題目	だいもく	n
額縁	がくぶち	n
駆け落ち	かけおち	vs
騎兵隊	きへいたい	n
髪形	かみがた	n
鰹節	かつおぶし	n
鼻くそ	はなくそ	n
鼻炎	びえん	n
あながち	あながち	adv
いらいら	いらいら	vs
うまれ	うまれ	n
おかゆ	おかゆ	n
おじゃる	おじゃる	
おそろい	おそろい	n
お立ち	おたち	n
かくして	かくして	conj
かぶら	かぶら	n
きたん	きたん	vs
けっして	けっして	adv
ころころ	ころころ	vs
ころし	ころし	n
しゃく	しゃく	n
ちびっこ	ちびっこ	n
ちゃんぽん	ちゃんぽん	n
ときめく	ときめく	v5k
ともども	ともども	adv
ないがしろ	ないがしろ	n
なにせ	なにせ	adv
ならし	ならし	n
はかどる	はかどる	v5r
はしゃぐ	はしゃぐ	v5g
ひっくり返す	ひっくりかえす	v5s
ひび割れ	ひびわれ	vs
ふくろう	ふくろう	n
まぎれ	まぎれ	n
まぶしい	まぶしい	adj-i
めっきり	めっきり	adv
やりくり	やりくり	vs
よしみ	よしみ	n
アサリ	あさり	n
アスパラ	アスパラ	n
アレイ	アレイ	n
アンブレラ	アンブレラ	n
インターンシップ	インターンシップ	n
ウェブブラウザ	ウェブブラウザー	n
ウエスタン	ウエスタン	n
ウザイ	ウザイ	adj-i
エスケープ	エスケープ	vs
エンゼル	エンジェル	n
オナシャス	オナシャス	exp
オネエ	おねえ	n
オピニオン	オピニオン	n
オフロード	オフロード	n
オーバーホール	オーバーホール	vs
ガット	ガット	n
ガーデニング	ガーデニング	n
キョン	きょん	n
クラッシャー	クラッシャー	n
グチャグチャ	ぐちゃぐちゃ	vs
コンパイラ	コンパイラ	n
シミュレーター	シミュレーター	n
シーフード	シーフード	n
ジャップ	ジャップ	n
ジョッキ	ジョッキ	n
ジーパン	ジーパン	n
ストックホルム	ストックホルム	n
タンパク	たんぱく	n
テレフォン	テレホン	n
デコレーション	デコレーション	n
トラベラー	トラベラー	n
トワイライト	トワイライト	n
ドリア	ドリア	n
ハンモック	ハンモック	n
バックル	バックル	n
バッドエンド	バッドエンド	n
パンフ	パンフ	n
ヒマワリ	ひまわり	n
ファンシー	ファンシー	adj-na
フレックス	フレックス	n
ヘッダ	ヘッダー	n
ベルセルク	ベルセルク	n
マラリア	マラリア	n
ミニバン	ミニバン	n
メチル	メチル	n
モコモコ	もこもこ	vs
モツ	もつ	n
ユーフォニアム	ユーフォニアム	n
ラガー	ラガー	n
ラッコ	らっこ	n
ランチタイム	ランチタイム	n
レイズ	レイズ	vs
万国	ばんこく	n
世相	せそう	n
世話人	せわにん	n
中段	ちゅうだん	n
丹後	たんご	n
乗り出す	のりだす	v5s
乾き	かわき	n
仕立	したて	n
光明	こうみょう	n
全日	ぜんじつ	n
全能	ぜんのう	adj-na
六花	りっか	n
兵法	へいほう	n
兼業	けんぎょう	vs
内通	ないつう	vs
冷やし中華	ひやしちゅうか	n
凌ぐ	しのぐ	v5g
切り取り	きりとり	n
力説	りきせつ	vs
卑しい	いやしい	adj-i
却って	かえって	adv
取調べ	とりしらべ	n
名付け親	なづけおや	n
吸い込む	すいこむ	v5m
吹き飛ぶ	ふきとぶ	v5b
在職	ざいしょく	vs
城門	じょうもん	n
塩基	えんき	n
売人	ばいにん	n
太っ腹	ふとっぱら	adj-na
夷	えびす	n
奇怪	きかい	adj-na
学説	がくせつ	n
宮内	くない	n
就航	しゅうこう	vs
巽	そん	n
幾多	いくた	n
引力	いんりょく	n
後釜	あとがま	n
心待ち	こころまち	vs
怨み	うらみ	n
恥じる	はじる	v1
悪玉	あくだま	n
憩い	いこい	n
戦況	せんきょう	n
手数	てすう	n
打ち明ける	うちあける	v1
扶助	ふじょ	vs
把	わ	ctr
担い手	にないて	n
指さし	ゆびさし	vs
摩耗	まもう	vs
擁する	ようする	vs
敗因	はいいん	n
既定	きてい	n
旨み	うまみ	n
普段着	ふだんぎ	n
暑中	しょちゅう	n
朝晩	あさばん	n
木陰	こかげ	n
未知数	みちすう	n
本流	ほんりゅう	n
松茸	まつたけ	n
楯	たて	n
構	かまえ	n
機転	きてん	n
殴打	おうだ	vs
母方	ははかた	n
毛虫	けむし	n
水商売	みずしょうばい	n
沈める	しずめる	v1
温まる	あたたまる	v5r
源氏物語	げんじものがたり	n
滅多に	めったに	adv
点差	てんさ	n
焼失	しょうしつ	vs
煮干	にぼし	n
片づける	かたづける	v1
物真似	ものまね	vs
物色	ぶっしょく	vs
猟犬	りょうけん	n
生き甲斐	いきがい	n
生ける	いける	v1
生食	せいしょく	vs
用件	ようけん	n
画材	がざい	n
皺	しわ	n
直属	ちょくぞく	vs
真鍮	しんちゅう	n
眺望	ちょうぼう	vs
眼中	がんちゅう	n
私有地	しゆうち	n
称	しょう	n
立ち去る	たちさる	v5r
筋書き	すじがき	n
精米	せいまい	vs
紆余曲折	うよきょくせつ	vs
素麺	そうめん	n
絆創膏	ばんそうこう	n
給電	きゅうでん	vs
維	これ	pn
縁日	えんにち	n
自家用	じかよう	n
荒波	あらなみ	n
裏目	うらめ	n
製造元	せいぞうもと	n
見返す	みかえす	v5s
観月	かんげつ	vs
詩集	ししゅう	n
貝塚	かいづか	n
買い換える	かいかえる	v1
走り回る	はしりまわる	v5r
跳躍	ちょうやく	vs
連なる	つらなる	v5r
過渡	かと	n
道化	どうけ	vs
遠目	とおめ	n
遺影	いえい	n
重圧	じゅうあつ	n
鉄則	てっそく	n
鎮火	ちんか	vs
間食	かんしょく	vs
阻む	はばむ	v5m
頸部	けいぶ	n
顔ぶれ	かおぶれ	n
養分	ようぶん	n
いきいき	いきいき	vs
おおらか	おおらか	adj-na
おしゃぶり	おしゃぶり	n
こまち	こまち	n
こめかみ	こめかみ	n
さびしい	さびしい	adj-i
しらす	しらす	n
すがる	すがる	v5r
すっぽり	すっぽり	adv
そっちのけ	そっちのけ	n
ちょこ	ちょこ	n
にこにこ	にこにこ	vs
ひとたび	ひとたび	n
ひとりひとり	ひとりひとり	adv
ひゃく	ひゃく	
まるっきり	まるっきり	adv
みやこ	みやこ	n
もどかしい	もどかしい	adj-i
やしろ	やしろ	n
ゆたか	ゆたか	adj-na
よみがえる	よみがえる	v5r
アンクル	アンクル	n
イボ	いぼ	n
ウォール街	ウォールがい	n
ウルグアイ	ウルグアイ	n
エコノミスト	エコノミスト	n
オークス	オークス	n
ガラクタ	がらくた	n
ガールズバー	ガールズバー	n
キャッシュカード	キャッシュカード	n
グラマー	グラマー	adj-na
グリグリ	ぐりぐり	n
グルー	グルー	n
ケルン	ケルン	n
コシヒカリ	こしひかり	n
コリア	コリア	n
コンパ	コンパ	n
コーラン	コーラン	n
サキュバス	サキュバス	n
サンティアゴ	サンティアゴ	n
シマウマ	しまうま	n
ショルダー	ショルダー	n
スイミング	スイミング	n
スコーン	スコーン	n
ソウ	ソー	ctr
タートル	タートル	n
ダック	ダック	n
ダース	ダース	n
チャンプ	チャンプ	n
チュン	チュン	n
チープ	チープ	adj-na
トレカ	トレカ	n
ニシン	にしん	n
ハードボイルド	ハードボイルド	adj-na
ヒリヒリ	ヒリヒリ	vs
ピッツァ	ピザ	n
フープ	フープ	n
プラカード	プラカード	n
プリーズ	プリーズ	int
ヘルツ	ヘルツ	n
ベクレル	ベクレル	n
ホイッスル	ホイッスル	n
ポートフォリオ	ポートフォリオ	n
マケドニア	マケドニア	n
ママチャリ	ママチャリ	n
モコ	モコ	n
ヤジ	やじ	n
ユニセフ	ユニセフ	n
ユーティリティ	ユーティリティー	n
ライフハック	ライフハック	n
ラスク	ラスク	n
ロウソク	ろうそく	n
ワキガ	わきが	n
ヲタク	オタク	n
一休み	ひとやすみ	vs
上人	しょうにん	n
不純物	ふじゅんぶつ	n
両性	りょうせい	n
中央アジア	ちゅうおうアジア	n
中将	ちゅうじょう	n
中性子	ちゅうせいし	n
串カツ	くしカツ	n
交わり	まじわり	n
仁川	インチョン	n
他校	たこう	n
伸長	しんちょう	vs
何分	なにぶん	n
儂	わし	pn
先立ち	さきだち	n
出廷	しゅってい	vs
出水	しゅっすい	vs
分業	ぶんぎょう	vs
切り裂く	きりさく	v5k
加速器	かそくき	n
動静	どうせい	n
包み込む	つつみこむ	v5m
区立	くりつ	n
南北戦争	なんぼくせんそう	n
印刷物	いんさつぶつ	n
危機一髪	ききいっぱつ	exp
取り締まる	とりしまる	v5r
叱り	しかり	n
告ぐ	つぐ	
味わい深い	あじわいぶかい	adj-i
地場	じば	n
報奨	ほうしょう	vs
塩酸	えんさん	n
売り出す	うりだす	v5s
大師	だいし	n
大損	おおぞん	vs
大本	おおもと	n
大漁	たいりょう	n
天正	てんしょう	n
天竺	てんじく	n
太夫	たゆう	n
失言	しつげん	vs
奇数	きすう	n
実働	じつどう	vs
家人	かじん	n
寓話	ぐうわ	n
小心	しょうしん	n
小雪	こゆき	n
巡視	じゅんし	vs
常軌	じょうき	n
常食	じょうしょく	vs
平屋	ひらや	n
年寄	としより	n
広州	こうしゅう	n
弁済	べんさい	vs
引き渡す	ひきわたす	v5s
強弱	きょうじゃく	n
微か	かすか	adj-na
悟る	さとる	v5r
惜しくも	おしくも	adv
慈愛	じあい	n
戯曲	ぎきょく	n
戸数	こすう	n
手裏剣	しゅりけん	n
打ち出す	うちだす	v5s
押し倒し	おしたおし	n
押し寄せる	おしよせる	v1
拍子抜け	ひょうしぬけ	vs
持ち前	もちまえ	n
持分	もちぶん	n
振袖	ふりそで	n
掃討	そうとう	vs
排ガス	はいガス	n
掘り出し物	ほりだしもの	n
探訪	たんぼう	vs
掻き	かき	n
新都	しんと	n
旅路	たびじ	n
旗本	はたもと	n
既出	きしゅつ	n
星条旗	せいじょうき	n
昼下がり	ひるさがり	n
書き換える	かきかえる	v1
替り	かわり	n
有休	ゆうきゅう	n
有色	ゆうしょく	n
本選	ほんせん	n
極太	ごくぶと	n
毛嫌い	けぎらい	vs
気休め	きやすめ	n
沖合	おきあい	n
治水	ちすい	vs
法医学	ほういがく	n
泣く泣く	なくなく	adv
浅瀬	あさせ	n
海流	かいりゅう	n
海産物	かいさんぶつ	n
渇き	かわき	n
温か	あたたか	adj-na
潤沢	じゅんたく	adj-na
潮風	しおかぜ	n
炒める	いためる	v1
無機	むき	n
然るべき	しかるべき	
片腕	かたうで	n
牧草	ぼくそう	n
狂犬病	きょうけんびょう	n
狂言	きょうげん	n
独走	どくそう	vs
獲る	とる	v5r
王手	おうて	vs
生ずる	しょうずる	v1
産学	さんがく	n
田野	でんや	n
白地	しろじ	n
監理	かんり	vs
破門	はもん	vs
神代	かみよ	n
祟り	たたり	n
祭祀	さいし	n
空き缶	あきかん	n
糸口	いとぐち	n
紅い	あかい	adj-i
終息	しゅうそく	vs
縁側	えんがわ	n
群集	ぐんしゅう	vs
義足	ぎそく	n
肺がん	はいがん	n
胚	はい	n
脚光	きゃっこう	n
臣民	しんみん	n
自然体	しぜんたい	n
舞子	まいこ	n
芭蕉	ばしょう	n
草の根	くさのね	exp
菱	ひし	n
蓄電池	ちくでんち	n
蛭子	えびす	n
蜂起	ほうき	vs
補欠	ほけつ	n
触覚	しょっかく	n
言霊	ことだま	n
記す	しるす	v5s
誤爆	ごばく	vs
議場	ぎじょう	n
資料集	しりょうしゅう	n
走査	そうさ	vs
走者	そうしゃ	n
轍	わだち	n
迫	せり	n
逆恨み	さかうらみ	vs
途切れる	とぎれる	v1
通ずる	つうずる	v1
道化師	どうけし	n
適法	てきほう	adj-na
邁進	まいしん	vs
邪気	じゃき	n
重曹	じゅうそう	n
野宿	のじゅく	vs
野戦	やせん	n
鋼材	こうざい	n
間奏	かんそう	n
閻魔	えんま	n
院生	いんせい	n
陣痛	じんつう	n
陶酔	とうすい	vs
際限	さいげん	n
隠ぺい	いんぺい	vs
雨漏り	あまもり	vs
需給	じゅきゅう	n
静けさ	しずけさ	n
食塩	しょくえん	n
飢饉	ききん	n
騒然	そうぜん	adv
龍神	りゅうじん	n
あずま	あずま	n
あぶら	あぶら	n
ありがたみ	ありがたみ	n
いっぽう	いっぽう	n
うすい	うすい	adj-i
うんぬん	うんぬん	exp
おどり	おどり	n
およぶ	およぶ	v5b
かがみ	かがみ	n
かせる	かせる	v1
かゆみ	かゆみ	n
きらめき	きらめき	n
くじ引き	くじびき	vs
せつない	せつない	adj-i
たいし	たいし	n
だいす	だいす	n
だっこ	だっこ	vs
ちゃわ	ちゃわ	n
ひいき	ひいき	vs
ふるい	ふるい	adj-i
ほっぺ	ほっぺ	n
まとまる	まとまる	v5r
わらび	わらび	n
アウター	アウター	n
アルス	アルス	n
アンバサダー	アンバサダー	n
イオ	イオ	n
インターセプト	インタセプト	n
エントリ	エントリー	vs
オケ	オケ	n
オフセット	オフセット	n
オワコン	おわコン	n
オーガズム	オーガズム	n
オータム	オータム	n
ガタ	ガター	n
ガッチリ	がっちり	vs
キャニオン	キャニオン	n
ギルティ	ギルティ	n
クロワッサン	クロワッサン	n
グラフィックデザイナー	グラフィックデザイナー	n
ケバブ	ケバブ	n
コネクション	コネクション	n
サハラ	サハラ	n
サプライヤー	サプライヤー	n
シナプス	シナプス	n
スライディング	スライディング	vs
セネガル	セネガル	n
ツィート	ツイート	vs
テレポート	テレポート	n
ディアナ	ディアーナ	n
トラスト	トラスト	n
ドリップ	ドリップ	n
ニュータウン	ニュータウン	n
ハイクオリティ	ハイクオリティ	n
ハノイ	ハノイ	n
ハミング	ハミング	vs
ハンドボール	ハンドボール	n
バイオレット	バイオレット	n
バハマ	バハマ	n
ピッチング	ピッチング	vs
プリペイドカード	プリペイドカード	n
ヘタクソ	へたくそ	adj-na
ペンシルバニア	ペンシルベニア	n
ムハンマド	ムハンマド	n
メイプル	メープル	n
メチャメチャ	めちゃめちゃ	adj-na
ヤブ	やぶ	n
ラビリンス	ラビリンス	n
リンクス	リンクス	n
ロードレース	ロードレース	n
ワイフ	ワイフ	n
一矢	いっし	n
一門	いちもん	n
下り坂	くだりざか	n
不順	ふじゅん	adj-na
中米	ちゅうべい	n
亡国	ぼうこく	n
仁王	におう	n
介抱	かいほう	vs
代官	だいかん	n
停留所	ていりゅうじょ	n
償却	しょうきゃく	vs
全盛	ぜんせい	n
八百屋	やおや	n
公布	こうふ	vs
冥府	めいふ	n
冥界	めいかい	n
出し入れ	だしいれ	vs
卵黄	らんおう	n
取りまとめ	とりまとめ	n
和楽	わがく	n
喪服	もふく	n
堅牢	けんろう	adj-na
塩焼き	しおやき	vs
外的	がいてき	adj-na
外車	がいしゃ	n
大儲け	おおもうけ	vs
大穴	おおあな	n
天丼	てんどん	n
天子	てんし	n
天王	てんのう	n
姐さん	ねえさん	n
字体	じたい	n
字面	じづら	n
完熟	かんじゅく	vs
密林	みつりん	n
布袋	ぬのぶくろ	n
幕僚	ばくりょう	n
平手	ひらて	n
庭師	にわし	n
延伸	えんしん	vs
律儀	りちぎ	adj-na
従	じゅう	n
御苑	ぎょえん	n
心筋	しんきん	n
志士	しし	n
応酬	おうしゅう	vs
快眠	かいみん	vs
息吹	いぶき	n
惚れる	ほれる	v1
懐古	かいこ	n
戌	いぬ	n
戒厳	かいげん	n
戦乱	せんらん	n
拘禁	こうきん	vs
操舵	そうだ	vs
改編	かいへん	vs
数種類	すうしゅるい	n
整骨	せいこつ	n
敵陣	てきじん	n
方舟	はこぶね	n
明ける	あける	v1
昨日今日	きのうきょう	n
暗に	あんに	adv
架け橋	かけはし	n
樋	とい	n
樹海	じゅかい	n
欠乏	けつぼう	vs
武闘	ぶとう	n
歳入	さいにゅう	n
母艦	ぼかん	n
気体	きたい	n
水不足	みずぶそく	n
油田	ゆでん	n
法務大臣	ほうむだいじん	n
流水	りゅうすい	n
淫	いん	n
渓流	けいりゅう	n
満杯	まんぱい	n
無愛想	ぶあいそう	adj-na
無様	ぶざま	adj-na
無秩序	むちつじょ	adj-na
狂乱	きょうらん	vs
猛威	もうい	n
王立	おうりつ	n
甘酸っぱい	あまずっぱい	adj-i
生首	なまくび	n
男根	だんこん	n
痣	あざ	n
白夜	びゃくや	n
皮革	ひかく	n
目上	めうえ	n
看板娘	かんばんむすめ	n
眷属	けんぞく	n
短文	たんぶん	n
研鑽	けんさん	vs
碇	いかり	n
社宅	しゃたく	n
神主	かんぬし	n
禁欲	きんよく	vs
私人	しじん	n
私大	しだい	n
積算	せきさん	vs
空冷	くうれい	n
精油	せいゆ	n
紀伊	きい	n
索引	さくいん	n
終業	しゅうぎょう	vs
経度	けいど	n
絢爛	けんらん	adv
統一教会	とういつきょうかい	n
絵巻	えまき	n
綺麗事	きれいごと	n
総出	そうで	n
罵り	ののしり	n
羅列	られつ	vs
習熟	しゅうじゅく	vs
聖女	せいじょ	n
聖歌	せいか	n
脚色	きゃくしょく	vs
自ずと	おのずと	adv
般若	はんにゃ	n
芒	のぎ	n
茅	かや	n
薬味	やくみ	n
蛸	たこ	n
蝋燭	ろうそく	n
蝿	はえ	n
融和	ゆうわ	vs
蠍	さそり	n
裏手	うらて	n
補聴器	ほちょうき	n
角膜	かくまく	n
言い合い	いいあい	n
計略	けいりゃく	n
訊く	きく	v5k
訳語	やくご	n
読み込む	よみこむ	v5m
販路	はんろ	n
資する	しする	vs
賞与	しょうよ	n
躍る	おどる	v5r
軽やか	かろやか	adj-na
農林水産省	のうりんすいさんしょう	n
遊撃	ゆうげき	vs
道内	どうない	n
醜	しこ	n
醸成	じょうせい	vs
金券	きんけん	n
金貸し	かねかし	vs
鋼板	こうはん	n
錫	すず	n
門番	もんばん	n
阿弥陀	あみだ	n
零細	れいさい	adj-na
鞍替え	くらがえ	vs
顆粒	かりゅう	n
駄々	だだ	n
鶯	うぐいす	n
あかつき	あかつき	n
あわせる	あわせる	v1
うつる	うつる	v5r
うねり	うねり	n
おぼろ	おぼろ	adj-na
おむすび	おむすび	n
かつお	かつお	n
からかい	からかい	n
くすぐる	くすぐる	v5r
ぐるっと	ぐるっと	adv
さそり	さそり	n
しんど	しんど	n
すこぶる	すこぶる	adv
ずるずる	ずるずる	adv
にわかに	にわかに	adv
のんき	のんき	adj-na
ひょっこり	ひょっこり	adv
もろい	もろい	adj-i
ゆうす	ゆうす	v5s
ゆりか	ゆりか	n
アカペラ	アカペラ	n
アスター	アスター	n
アッラー	アラー	n
アベニュー	アベニュー	n
アミーゴ	アミーゴ	n
アルカリ性	アルカリせい	n
アルミホイル	アルミホイル	n
イーブイ	イーブイ	n
ウズベキスタン	ウズベキスタン	n
ウミガメ	うみがめ	n
エアポート	エアポート	n
エディター	エディター	n
カタルーニャ	カタルーニャ	n
カンパ	カンパ	vs
ギブス	ギプス	n
コナ	コナ	n
コレラ	コレラ	n
ゴチャゴチャ	ごちゃごちゃ	vs
ゴンドラ	ゴンドラ	n
サルサ	サルサ	n
シャンデリア	シャンデリア	n
ステンドグラス	ステンドグラス	n
スリープ	スリープ	n
ゼブラ	ゼブラ	n
ソユーズ	ソユーズ	n
ダッシュボード	ダッシュボード	n
ダマスカス	ダマスカス	n
ツツジ	つつじ	n
ディレクション	ディレクション	n
ノーコメント	ノーコメント	exp
ハーネス	ハーネス	n
バフ	バフ	n
バース	バース	n
バーター	バーター	n
ヒッチハイク	ヒッチハイク	vs
ヒンドゥー	ヒンドゥー	n
ピリオド	ピリオド	n
フォアグラ	フォアグラ	n
フォルテ	フォルテ	n
フルコース	フルコース	n
フルセット	フルセット	n
フロアー	フロア	n
ブティック	ブティック	n
ブルドッグ	ブルドッグ	n
ブルーム	ブルーム	n
ブレイド	ブレード	n
ベリーズ	ベリーズ	n
ペンシルベニア	ペンシルベニア	n
ボディーガード	ボディーガード	n
ボロクソ	ぼろくそ	adj-na
ボーイスカウト	ボーイスカウト	n
ポカポカ	ぽかぽか	vs
マージン	マージン	n
ミッドタウン	ミッドタウン	n
ミレニアム	ミレニアム	n
メンフィス	メンフィス	n
モデム	モデム	n
ヤモリ	やもり	n
ライフライン	ライフライン	n
ラブリー	ラブリー	adj-na
ラー油	ラーユ	n
リフ	リフ	n
リート	リート	n
ワッペン	ワッペン	n
ワーム	ワーム	n
ヴィクトリア	ビクトリア	n
不人気	ふにんき	adj-na
不測	ふそく	n
主夫	しゅふ	n
主眼	しゅがん	n
二塁打	にるいだ	n
享年	きょうねん	n
人里	ひとざと	n
今ひとつ	いまひとつ	exp
仔犬	こいぬ	n
付箋	ふせん	n
佃煮	つくだに	n
作り物	つくりもの	n
借用	しゃくよう	vs
働き者	はたらきもの	n
優柔不断	ゆうじゅうふだん	n
元日	がんじつ	n
全治	ぜんち	vs
共学	きょうがく	vs
其処	そこ	pn
内務	ないむ	n
内径	ないけい	n
再々	さいさい	adv
冷え性	ひえしょう	n
切り抜き	きりぬき	n
利回り	りまわり	n
前座	ぜんざ	n
副腎	ふくじん	n
友の会	とものかい	exp
善い	よい	adj-i
四六時中	しろくじちゅう	adv
塾生	じゅくせい	n
夜這い	よばい	vs
大台	おおだい	n
大司教	だいしきょう	n
学的	がくてき	adj-na
寄附	きふ	vs
対義語	たいぎご	n
尚早	しょうそう	adj-na
川辺	かわべ	n
巾着	きんちゃく	n
常態	じょうたい	n
幇助	ほうじょ	vs
広角	こうかく	n
廃校	はいこう	vs
弁天	べんてん	n
弛緩	しかん	vs
弦楽	げんがく	n
後年	こうねん	n
後片付け	あとかたづけ	vs
従兄	じゅうけい	n
御堂	みどう	n
怖がり	こわがり	n
思いの外	おもいのほか	adv
悶える	もだえる	v1
惜しむ	おしむ	v5m
愚者	ぐしゃ	n
採石	さいせき	vs
播磨	はりま	n
旅券	りょけん	n
有機物	ゆうきぶつ	n
村民	そんみん	n
果てしない	はてしない	adj-i
椎茸	しいたけ	n
極論	きょくろん	vs
概	がい	n
標準時	ひょうじゅんじ	n
横転	おうてん	vs
歳出	さいしゅつ	n
民宿	みんしゅく	n
気遣う	きづかう	v5u
水揚げ	みずあげ	vs
水酸化	すいさんか	vs
深部	しんぶ	n
港町	みなとまち	n
湯気	ゆげ	n
湿布	しっぷ	vs
漁村	ぎょそん	n
熱帯魚	ねったいぎょ	n
熾烈	しれつ	adj-na
特約	とくやく	vs
甦る	よみがえる	v5r
疎か	おろか	exp
白桃	はくとう	n
盗作	とうさく	vs
盲導犬	もうどうけん	n
直立	ちょくりつ	vs
直系	ちょっけい	n
破れる	やぶれる	v1
禁断症状	きんだんしょうじょう	n
稜線	りょうせん	n
空耳	そらみみ	n
立ち往生	たちおうじょう	vs
素養	そよう	n
累	るい	n
経常	けいじょう	n
編む	あむ	v5m
臣下	しんか	n
艦艇	かんてい	n
薬理	やくり	n
蚊帳	かや	n
蛮族	ばんぞく	n
製氷	せいひょう	vs
訴求	そきゅう	vs
試用	しよう	vs
語感	ごかん	n
諺	ことわざ	n
貸し切り	かしきり	n
賄う	まかなう	v5u
贋作	がんさく	vs
越境	えっきょう	vs
蹄	ひづめ	n
転属	てんぞく	vs
軽薄	けいはく	adj-na
逆立ち	さかだち	vs
醜悪	しゅうあく	adj-na
重点的	じゅうてんてき	adj-na
野次馬	やじうま	n
鉄槌	てっつい	n
銀髪	ぎんぱつ	n
銃身	じゅうしん	n
間口	まぐち	n
険悪	けんあく	adj-na
雑菌	ざっきん	n
雷神	らいじん	n
霜降り	しもふり	n
風流	ふうりゅう	n
風神	ふうじん	n
食いしん坊	くいしんぼう	n
食す	しょくす	v5s
髑髏	どくろ	n
麿	まろ	pn
お参り	おまいり	vs
お粗末	おそまつ	adj-na
かたく	かたく	vs
きまり	きまり	n
くらう	くらう	v5u
こうき	こうき	n
ささげ	ささげ	n
しがらみ	しがらみ	n
しくみ	しくみ	vs
したたか	したたか	adj-na
しらべ	しらべ	n
すすむ	すすむ	v5m
すする	すする	v5r
たげる	たげる	v1
ちょんまげ	ちょんまげ	n
でないと	でないと	exp
ともなう	ともなう	v5u
なぞる	なぞる	v5r
なにもかも	なにもかも	exp
ねんね	ねんね	vs
のける	のける	v1
はいる	はいる	v5r
はんだ	はんだ	n
ひき肉	ひきにく	n
ひな祭り	ひなまつり	n
みれる	みれる	v1
ゆうべ	ゆうべ	n
アァ	ああ	int
アカデミック	アカデミック	adj-na
アドオン	アドオン	n
イチジク	いちじく	n
ウォーム	ウォーム	n
ウズウズ	うずうず	vs
ウーン	ううん	int
オブラート	オブラート	n
オーディエンス	オーディエンス	n
ガスト	ガスト	n
キク	きく	n
クソッ	くっそ	int
クライミング	クライミング	n
グール	グール	n
コネチカット	コネチカット	n
コンベンション	コンベンション	n
シンフォニー	シンフォニー	n
ジェム	ジェム	n
スコップ	スコップ	n
スノボ	スノボ	n
スピードアップ	スピードアップ	vs
セロトニン	セロトニン	n
タンザニア	タンザニア	n
ダチ	だち	n
チェ	チェ	int
トランスジェンダー	トランスジェンダー	n
ノワール	ノワール	n
ノーラン	ノーラン	exp
ハミ	はみ	n
バレット	バレット	n
パクパク	ぱくぱく	vs
ヒノキ	ひのき	n
ビーコン	ビーコン	n
ファンデーション	ファンデーション	n
フライドチキン	フライドチキン	n
ブラッシュ	ブラシ	n
プリペイド	プリペイド	n
ベーグル	ベーグル	n
ボディガード	ボディーガード	n
ボレロ	ボレロ	n
ポセイドン	ポセイドーン	n
マイホーム	マイホーム	n
マヒ	まひ	vs
マリアナ	マリアナ	n
マレ	マレ	n
マール	マール	n
ミスコン	ミスコン	n
ミニカー	ミニカー	n
メド	めど	n
リロード	リロード	vs
ルネッサンス	ルネサンス	n
ルーブル	ルーブル	n
レベリング	レベリング	n
ワンタッチ	ワンタッチ	exp
一説	いっせつ	n
丁重	ていちょう	adj-na
下巻	げかん	n
不用意	ふようい	adj-na
与野党	よやとう	n
世俗	せぞく	n
中西部	ちゅうせいぶ	n
京葉	けいよう	n
付き人	つきびと	n
備え付け	そなえつけ	n
催涙	さいるい	n
働かせる	はたらかせる	v1
働きかける	はたらきかける	v1
元禄	げんろく	n
光熱	こうねつ	n
全幅	ぜんぷく	n
共栄	きょうえい	n
出来高	できだか	n
出金	しゅっきん	vs
別売り	べつうり	n
利得	りとく	vs
割安	わりやす	adj-na
割烹	かっぽう	n
努	ゆめ	adv
動悸	どうき	n
動議	どうぎ	n
包容	ほうよう	vs
卑屈	ひくつ	adj-na
博打	ばくち	n
原資	げんし	n
参政	さんせい	n
反証	はんしょう	vs
叡智	えいち	n
号外	ごうがい	n
合弁	ごうべん	n
同店	どうてん	n
名士	めいし	n
名店	めいてん	n
名馬	めいば	n
呼び込む	よびこむ	v5m
回送	かいそう	vs
土産物	みやげもの	n
塗布	とふ	vs
塩辛	しおから	n
壇上	だんじょう	n
変調	へんちょう	vs
大全	たいぜん	n
大公	たいこう	n
大蔵	おおくら	n
大麦	おおむぎ	n
太め	ふとめ	n
奮起	ふんき	vs
安直	あんちょく	adj-na
完投	かんとう	vs
密造	みつぞう	vs
尻拭い	しりぬぐい	vs
屁理屈	へりくつ	n
屈する	くっする	vs
岩倉	やぐら	n
常陸	ひたち	n
幅広	はばびろ	n
年月日	ねんがっぴ	n
弄る	いじる	v5r
弊	へい	n
後見	こうけん	vs
微熱	びねつ	n
愚行	ぐこう	n
慢心	まんしん	vs
戟	げき	n
手厚い	てあつい	adj-i
手料理	てりょうり	vs
手相	てそう	vs
挙手	きょしゅ	vs
捻り	ひねり	n
損得	そんとく	n
文通	ぶんつう	vs
新入り	しんいり	n
既得	きとく	n
格下	かくした	n
横ばい	よこばい	vs
横柄	おうへい	adj-na
横流し	よこながし	vs
櫛	くし	n
歯ごたえ	はごたえ	n
死期	しき	n
死球	しきゅう	n
気色	きしょく	n
水道橋	すいどうきょう	n
永年	ながねん	n
決裂	けつれつ	vs
洋書	ようしょ	n
海保	かいほ	n
混じる	まじる	v5r
清流	せいりゅう	n
渦中	かちゅう	n
湾曲	わんきょく	vs
準ずる	じゅんずる	v1
漁協	ぎょきょう	n
潮時	しおどき	n
濡れ衣	ぬれぎぬ	n
烏龍茶	ウーロンちゃ	n
特許庁	とっきょちょう	n
生え際	はえぎわ	n
生き返る	いきかえる	v5r
生やす	はやす	v5s
番犬	ばんけん	n
白痴	はくち	n
砂時計	すなどけい	n
程よく	ほどよく	adv
稚魚	ちぎょ	n
穏便	おんびん	adj-na
窓辺	まどべ	n
立会い	たちあい	n
笑い事	わらいごと	n
粗い	あらい	adj-i
紫陽花	あじさい	n
細め	ほそめ	n
総本山	そうほんざん	n
線形	せんけい	n
翌週	よくしゅう	n
翻し	こぼし	n
老齢	ろうれい	n
聲	こえ	n
脇腹	わきばら	n
腹いせ	はらいせ	n
自他	じた	n
自責	じせき	vs
色調	しきちょう	n
色鉛筆	いろえんぴつ	n
荘厳	そうごん	adj-na
菌類	きんるい	n
蒼天	そうてん	n
薬効	やっこう	n
行き詰まり	いきづまり	n
行楽	こうらく	n
製本	せいほん	vs
要所	ようしょ	n
見応え	みごたえ	n
詰み	つみ	n
講じる	こうじる	v1
豊満	ほうまん	adj-na
賭	かけ	n
路肩	ろかた	n
身軽	みがる	adj-na
遍路	へんろ	n
里帰り	さとがえり	vs
鈍器	どんき	n
鉄壁	てっぺき	n
鍛造	たんぞう	vs
隷属	れいぞく	vs
難破	なんぱ	vs
領空	りょうくう	n
類する	るいする	vs
風鈴	ふうりん	n
高らか	たからか	adj-na
高句麗	こうくり	n
鬼門	きもん	n
黄身	きみ	n
あくび	あくび	n
あたえ	あたえ	n
いつぞや	いつぞや	adv
いとも	いとも	adv
いぶき	いぶき	n
いわし	いわし	n
おせっかい	おせっかい	adj-na
おそろしい	おそろしい	adj-i
おろそか	おろそか	adj-na
かけっこ	かけっこ	vs
きらめく	きらめく	v5k
けが人	けがにん	n
こまる	こまる	v5r
さかのぼる	さかのぼる	v5r
しょせん	しょせん	adv
たらい	たらい	n
たんと	たんと	adv
だいし	だいし	n
でなければ	でなければ	exp
はるばる	はるばる	adv
ひらく	ひらく	v5k
ふかふか	ふかふか	vs
ぶつぶつ	ぶつぶつ	n
ほうき	ほうき	vs
ぼうし	ぼうし	n
まさお	まさお	adj-na
まもる	まもる	v5r
もの凄い	ものすごい	adj-i
アオイ	あおい	n
アルジェリア	アルジェリア	n
アーメン	アーメン	int
イメチェン	イメチェン	vs
エフェクター	エフェクタ	n
エム	エム	n
エンパイア	エンパイア	n
エージェンシー	エージェンシー	n
カイリ	かいり	n
ガバナンス	ガバナンス	n
クアラルンプール	クアラルンプール	n
クリエーター	クリエイター	n
グラン	グランド	n
サンパウロ	サンパウロ	n
シャトー	シャトー	n
シャブ	シャブ	n
スキンシップ	スキンシップ	n
スパイシー	スパイシー	adj-na
タリバン	タリバン	n
ダブリン	ダブリン	n
ニーソ	ニーソ	n
ヌル	ヌル	n
ノーム	ノーム	n
ハチ公	ハチこう	n
バケーション	バケーション	n
バリケード	バリケード	n
パシリ	パシリ	n
パヨク	パヨク	n
パ・リーグ	パリーグ	n
ヒステリック	ヒステリック	adj-na
ピラフ	ピラフ	n
ブラウン管	ブラウンかん	n
ヘラヘラ	ヘラヘラ	vs
ペソ	ペソ	n
ペプチド	ペプチド	n
マフィン	マフィン	n
ミラージュ	ミラージュ	n
モアイ	モアイ	n
リアリズム	リアリズム	n
レディス	レディース	n
ロゴス	ロゴス	n
ロデオ	ロデオ	n
ロールケーキ	ロールケーキ	n
ワオ	ワオ	int
ワープロ	ワープロ	n
一幕	ひとまく	n
一期一会	いちごいちえ	n
三流	さんりゅう	n
串刺し	くしざし	n
主審	しゅしん	n
主戦	しゅせん	n
交じり	まじり	n
休刊	きゅうかん	vs
値下がり	ねさがり	vs
内分泌	ないぶんぴつ	n
写す	うつす	v5s
分り	わかり	n
初夜	しょや	n
別館	べっかん	n
前奏	ぜんそう	n
前項	ぜんこう	n
勇ましい	いさましい	adj-i
千切り	せんぎり	n
参与	さんよ	vs
収賄	しゅうわい	vs
取り合う	とりあう	v5u
吾輩	わがはい	pn
和洋	わよう	n
咲かせる	さかせる	v1
器物	きぶつ	n
嚢	ふくろ	n
国庫	こっこ	n
国税局	こくぜいきょく	n
土偶	どぐう	n
土着	どちゃく	vs
地酒	じざけ	n
堅苦しい	かたくるしい	adj-i
売り込む	うりこむ	v5m
奪い合い	うばいあい	n
妾	しょう	n
宝島	たからじま	n
実数	じっすう	n
宮家	みやけ	n
寄宿	きしゅく	vs
密約	みつやく	vs
専ら	もっぱら	adv
尊師	そんし	n
山吹	やまぶき	n
布施	ふせ	vs
帝都	ていと	n
廟	びょう	n
弦楽器	げんがっき	n
弱火	よわび	n
徴	ちょう	n
必ずや	かならずや	adv
怠る	おこたる	v5r
悪態	あくたい	n
悲痛	ひつう	n
慣行	かんこう	n
慶長	けいちょう	n
所作	しょさ	n
手の甲	てのこう	exp
拘る	こだわる	v5r
拙	せつ	n
振込み	ふりこみ	n
据える	すえる	v1
揺らぐ	ゆらぐ	v5g
損益	そんえき	n
支離滅裂	しりめつれつ	adj-na
改称	かいしょう	vs
暴食	ぼうしょく	vs
最たる	さいたる	
朝礼	ちょうれい	n
来襲	らいしゅう	vs
東風	こち	n
松葉	まつば	n
柑橘	かんきつ	n
概算	がいさん	vs
槌	つち	n
横たわる	よこたわる	v5r
正木	まさき	n
歴戦	れきせん	n
気密	きみつ	n
油揚げ	あぶらあげ	n
法曹	ほうそう	n
洋上	ようじょう	n
流し込む	ながしこむ	v5m
浅はか	あさはか	adj-na
浮かべる	うかべる	v1
火の玉	ひのたま	n
熱風	ねっぷう	n
片栗粉	かたくりこ	n
独り身	ひとりみ	n
狭窄	きょうさく	n
王政	おうせい	n
生きもの	いきもの	n
生化学	せいかがく	n
産科	さんか	n
男気	おとこぎ	n
画伯	がはく	n
疑心暗鬼	ぎしんあんき	exp
皮下	ひか	n
目新しい	めあたらしい	adj-i
真帆	まほ	n
真昼	まひる	n
瞳孔	どうこう	n
矢作	やはぎ	n
破天荒	はてんこう	adj-na
硬質	こうしつ	n
磁器	じき	n
秀才	しゅうさい	n
税額	ぜいがく	n
立ち退き	たちのき	n
立国	りっこく	vs
筑紫	つくし	n
素肌	すはだ	n
細やか	こまやか	adj-na
経る	へる	v1
絞める	しめる	v1
絶命	ぜつめい	vs
網戸	あみど	n
緊密	きんみつ	adj-na
総て	すべて	n
縮む	ちぢむ	v5m
縮める	ちぢめる	v1
署員	しょいん	n
義妹	ぎまい	n
肉汁	にくじゅう	n
胡麻	ごま	n
胤	たね	n
脳味噌	のうみそ	n
腕立て伏せ	うでたてふせ	n
自公	じこう	n
艦橋	かんきょう	n
色覚	しきかく	n
菖蒲	あやめ	n
蔑視	べっし	vs
蔓	つる	n
薄暗い	うすぐらい	adj-i
薄汚い	うすぎたない	adj-i
補導	ほどう	vs
製鉄	せいてつ	n
襲いかかる	おそいかかる	v5r
見渡せる	みわたせる	v1
見習う	みならう	v5u
言わずもがな	いわずもがな	exp
記帳	きちょう	vs
試薬	しやく	n
論者	ろんしゃ	n
貴公	きこう	pn
買い取る	かいとる	v5r
貼付	ちょうふ	vs
賛辞	さんじ	n
越す	こす	v5s
足袋	たび	n
跡継ぎ	あとつぎ	n
転出	てんしゅつ	vs
農作業	のうさぎょう	n
近しい	ちかしい	adj-i
通電	つうでん	vs
造作	ぞうさく	vs
逢う	あう	v5u
道民	どうみん	n
遺志	いし	n
銃声	じゅうせい	n
閑散	かんさん	adv
隠れ蓑	かくれみの	n
集権	しゅうけん	n
雑食	ざっしょく	vs
雪見	ゆきみ	n
雷鳴	らいめい	n
電光	でんこう	n
静観	せいかん	vs
風変わり	ふうがわり	adj-na
あらい	あらい	adj-i
いじわる	いじわる	vs
おくる	おくる	v5r
おしおき	おしおき	vs
おとし	おとし	n
おふくろ	おふくろ	n
かたまり	かたまり	n
くちばし	くちばし	n
くらげ	くらげ	n
しくじり	しくじり	n
しゃあない	しゃあない	exp
すくい	すくい	n
たいがい	たいがい	adv
たるみ	たるみ	n
ちっちゃな	ちっちゃな	
つまるところ	つまるところ	adv
でんぱ	でんぱ	n
とめる	とめる	v1
ねぶた	ねぶた	n
ほろ酔い	ほろよい	n
ままごと	ままごと	n
めんどう	めんどう	n
ようするに	ようするに	exp
アクティビティ	アクティビティ	n
アナルセックス	アナルセックス	vs
アレス	アレス	n
インターバル	インターバル	n
エクステ	エクステ	n
エクスプローラー	エクスプローラ	n
カエデ	かえで	n
カザフスタン	カザフスタン	n
カタパルト	カタパルト	n
カーキ	カーキ	n
ガウン	ガウン	n
ガクガク	ガクガク	vs
ガッツポーズ	ガッツポーズ	n
キルト	キルト	n
クランプ	クランプ	n
クリケット	クリケット	n
クリムゾン	クリムソン	n
クロール	クロール	n
グラミー	グラミー	n
ゴシゴシ	ゴシゴシ	vs
サクラメント	サクラメント	n
サシ	さし	n
サージ	サージ	vs
シイ	しい	n
シェード	シェード	n
シミュレータ	シミュレーター	n
シンバル	シンバル	n
ジジ	じじ	n
スゲ	すげ	n
スコール	スコール	n
スポーツマン	スポーツマン	n
タンバリン	タンバリン	n
ダイナー	ダイナー	n
ダガー	ダガー	n
ドーパミン	ドーパミン	n
ハツ	ハツ	n
バカラ	バカラ	n
バキバキ	バキバキ	adv
パルプ	パルプ	vs
ヒス	ヒス	n
ブチギレ	ブチきれ	n
ブルック	ブルック	n
ホイル	ホイル	n
ポージング	ポージング	n
マドレーヌ	マドレーヌ	n
ムッシュ	ムッシュー	n
モア	モア	n
モンテカルロ	モンテカルロ	n
リリック	リリック	n
ルワンダ	ルワンダ	n
ローズマリー	ローズマリー	n
ローレル	ローレル	n
一任	いちにん	vs
七不思議	ななふしぎ	n
三種	さんしゅ	n
不敬	ふけい	adj-na
人肌	ひとはだ	n
人違い	ひとちがい	vs
今秋	こんしゅう	n
介在	かいざい	vs
仕送り	しおくり	vs
代数	だいすう	n
仮処分	かりしょぶん	n
件名	けんめい	n
例示	れいじ	vs
俊彦	しゅんげん	n
催事	さいじ	n
先例	せんれい	n
全身全霊	ぜんしんぜんれい	n
冥王星	めいおうせい	n
冷気	れいき	n
冷淡	れいたん	adj-na
分冊	ぶんさつ	vs
博愛	はくあい	n
取り急ぎ	とりいそぎ	adv
取り返す	とりかえす	v5s
口説く	くどく	v5k
叱責	しっせき	vs
合鍵	あいかぎ	n
同省	どうしょう	n
呆然	ぼうぜん	adv
呈する	ていする	vs
呑気	のんき	adj-na
哀悼	あいとう	vs
土壇場	どたんば	n
坑	こう	n
変わり者	かわりもの	n
外気	がいき	n
多色	たしょく	n
夜道	よみち	n
夢みる	ゆめみる	v1
奮発	ふんぱつ	vs
定点	ていてん	n
尊大	そんだい	adj-na
市井	しせい	n
帳消し	ちょうけし	vs
干潮	かんちょう	n
幻聴	げんちょう	n
弁償	べんしょう	vs
引き立て	ひきたて	n
役務	えきむ	n
後ろめたい	うしろめたい	adj-i
思念	しねん	vs
悲哀	ひあい	n
惣	そう	n
惰性	だせい	n
愚民	ぐみん	n
懇親	こんしん	n
戦火	せんか	n
投信	とうしん	n
抜け殻	ぬけがら	n
拝啓	はいけい	n
拠り所	よりどころ	n
文民	ぶんみん	n
新進	しんしん	n
新風	しんぷう	n
方便	ほうべん	n
早送り	はやおくり	vs
替わる	かわる	v5r
末梢	まっしょう	n
本年	ほんねん	n
架線	かせん	vs
根っから	ねっから	n
構う	かまう	v5u
毛糸	けいと	n
気管支	きかんし	n
求刑	きゅうけい	vs
治める	おさめる	v1
治世	ちせい	n
沼地	ぬまち	n
流派	りゅうは	n
浮かび上がる	うかびあがる	v5r
清酒	せいしゅ	n
減刑	げんけい	vs
演義	えんぎ	n
潟	かた	n
炊き込み	たきこみ	n
烈火	れっか	n
焼き付け	やきつけ	n
物音	ものおと	n
生肉	せいにく	n
甲殻	こうかく	n
白バイ	しろバイ	n
白昼	はくちゅう	n
盃	さかずき	n
相席	あいせき	vs
真名	まな	n
瞬発	しゅんぱつ	n
知力	ちりょく	n
石棺	せっかん	n
磁力	じりょく	n
祭司	さいし	n
禊	みそぎ	vs
私用	しよう	vs
稚拙	ちせつ	adj-na
立ち直る	たちなおる	v5r
簒奪	さんだつ	vs
結び目	むすびめ	n
絞首刑	こうしゅけい	n
美談	びだん	n
羨望	せんぼう	vs
習字	しゅうじ	n
耐火	たいか	n
聴力	ちょうりょく	n
芦	あし	n
花畑	はなばたけ	n
英知	えいち	n
薬学部	やくがくぶ	n
蘇	そ	n
蝦夷	えぞ	n
術後	じゅつご	n
表裏	ひょうり	vs
親孝行	おやこうこう	vs
親身	しんみ	n
角形	かくけい	n
談笑	だんしょう	vs
請う	こう	v5u
赤血球	せっけっきゅう	n
赤飯	せきはん	n
軍医	ぐんい	n
転び	ころび	n
遅ればせながら	おくればせながら	exp
遊星	ゆうせい	n
量子力学	りょうしりきがく	n
釣り合い	つりあい	n
鉄筋コンクリート	てっきんコンクリート	n
開眼	かいがん	vs
降ろす	おろす	v5s
隔週	かくしゅう	n
離れ離れ	はなればなれ	adj-na
離反	りはん	vs
電装	でんそう	n
霞が関	かすみがせき	n
順当	じゅんとう	adj-na
高分子	こうぶんし	n
あっせん	あっせん	vs
あらわす	あらわす	v5s
おこない	おこない	n
おまじない	おまじない	n
きびしい	きびしい	adj-i
くすぐり	くすぐり	n
けいこ	けいこ	vs
しぐれ	しぐれ	n
しょぼい	しょぼい	adj-i
たわけ	たわけ	n
ったらしい	ったらしい	adj-i
どんと	どんと	adv
ふもと	ふもと	n
べっぴん	べっぴん	n
もどる	もどる	v5r
やむを得ず	やむをえず	exp
やんわり	やんわり	vs
ゆらぎ	ゆらぎ	n
アイビス	アイビス	n
アブダビ	アブダビ	n
アメリカ大陸	アメリカたいりく	n
アングラ	アングラ	n
アンチエイジング	アンチエージング	n
イナゴ	いなご	n
インターホン	インターホン	n
インバータ	インバーター	n
ウェブページ	ウェブページ	n
ウエイト	ウェイト	n
エアガン	エアガン	n
エキシビション	エキシビション	n
エキゾチック	エキゾチック	adj-na
オパール	オパール	n
オブザーバー	オブザーバー	n
オリエンテーション	オリエンテーション	n
ガンマ	ガンマ	n
ガンマ線	ガンマせん	n
キュンキュン	きゅんきゅん	vs
ギャルゲー	ギャルゲ	n
クリームチーズ	クリームチーズ	n
サバゲー	サバゲ	n
システムズ	システムズ	n
シンセサイザー	シンセサイザー	n
ジェネレーション	ジェネレーション	n
タイムラグ	タイムラグ	n
ダウト	ダウト	n
ダウン症	ダウンしょう	n
チャオ	チャオ	int
テロリズム	テロリズム	n
トーチ	トーチ	n
ドンピシャ	ドンピシャ	adj-na
ナイーブ	ナイーブ	adj-na
ニコラ	ニコラ	n
ノイローゼ	ノイローゼ	n
ノスタルジア	ノスタルジア	n
バインダー	バインダー	n
バリカン	バリカン	n
バーレーン	バーレーン	n
ヒース	ヒース	n
ファームウェア	ファームウェア	n
フィッシュ	フィッシュ	n
フィルハーモニー	フィルハーモニー	n
フリマ	フリーマ	n
ブリザード	ブリザード	n
プレスト	プレスト	n
プロメテウス	プロメテウス	n
ヘルペス	ヘルペス	n
ポンチョ	ポンチョ	n
マウンテンバイク	マウンテンバイク	n
マージ	マージ	vs
ミニオン	ミニオン	n
メガホン	メガホン	n
ライチ	ライチ	n
リファレンス	レファレンス	n
リミテッド	リミテッド	adj-na
リリアン	リリヤン	n
レモネード	レモネード	n
ヱ	ヱ	
ヵ国	かこく	ctr
一苦労	ひとくろう	vs
不可思議	ふかしぎ	adj-na
五月雨	さみだれ	n
付け加える	つけくわえる	v1
但	ただ	n
侯爵	こうしゃく	n
備忘録	びぼうろく	n
光ファイバー	ひかりファイバー	n
公子	こうし	n
出向く	でむく	v5k
分権	ぶんけん	n
初老	しょろう	n
前途	ぜんと	n
剥製	はくせい	vs
力持ち	ちからもち	n
助教授	じょきょうじゅ	n
動体	どうたい	n
十字路	じゅうじろ	n
卑下	ひげ	vs
受け手	うけて	n
同体	どうたい	n
同列	どうれつ	n
同色	どうしょく	n
向う	むかう	v5u
向かい側	むかいがわ	n
呪う	まじなう	v5u
命綱	いのちづな	n
命運	めいうん	n
声質	せいしつ	n
夜通し	よどおし	adv
大リーグ	だいリーグ	n
大層	たいそう	adv
大柄	おおがら	adj-na
天満宮	てんまんぐう	n
奢る	おごる	v5r
女中	じょちゅう	n
密猟	みつりょう	vs
封じる	ふうじる	v1
居座る	いすわる	v5r
属国	ぞっこく	n
岐	ちまた	n
巾	きん	n
市中	しちゅう	n
底力	そこぢから	n
弱音	じゃくおん	n
影武者	かげむしゃ	n
思い込む	おもいこむ	v5m
怪力	かいりき	n
感服	かんぷく	vs
手土産	てみやげ	n
振舞う	ふるまう	v5u
捌き	さばき	n
揮発	きはつ	vs
撥	ばち	n
放熱	ほうねつ	vs
敗れる	やぶれる	v1
新体操	しんたいそう	n
日当	にっとう	n
旨く	うまく	adv
早まる	はやまる	v5r
更正	こうせい	vs
木目	きめ	n
本紙	ほんし	n
桔梗	ききょう	n
殺る	やる	v5r
水口	みずぐち	n
決裁	けっさい	vs
法外	ほうがい	adj-na
泡盛	あわもり	n
海女	あま	n
湿原	しつげん	n
漁場	ぎょじょう	n
炭化	たんか	vs
烈風	れっぷう	n
特使	とくし	n
生れ	うまれ	n
畠	はたけ	n
疫病神	やくびょうがみ	n
疼痛	とうつう	n
皇女	こうじょ	n
盛り沢山	もりだくさん	adj-na
直販	ちょくはん	n
県連	けんれん	n
短小	たんしょう	adj-na
砕く	くだく	v5k
空き巣	あきす	n
空挺	くうてい	n
立候補者	りっこうほしゃ	n
立方体	りっぽうたい	n
簡	かん	n
納涼	のうりょう	n
結実	けつじつ	vs
美空	みそら	n
肉親	にくしん	n
脳腫瘍	のうしゅよう	n
腰掛け	こしかけ	n
興業	こうぎょう	vs
色目	いろめ	n
苛め	いじめ	n
茹でる	ゆでる	v1
蓮池	はすいけ	n
藍子	あいご	n
裏地	うらじ	n
裏庭	うらにわ	n
褌	ふんどし	n
要綱	ようこう	n
言い逃れ	いいのがれ	n
託児	たくじ	vs
読みで	よみで	n
識者	しきしゃ	n
買い付け	かいつけ	n
買春	ばいしゅん	vs
赦し	ゆるし	n
足湯	あしゆ	n
軍配	ぐんばい	n
辛味	からみ	n
迎え撃つ	むかえうつ	v5t
送り込み	おくりこみ	n
適任	てきにん	adj-na
金物	かなもの	n
金目	きんめ	n
間合い	まあい	n
陰部	いんぶ	n
障碍	しょうがい	vs
雨風	あまかぜ	n
霊界	れいかい	n
露見	ろけん	vs
非力	ひりき	adj-na
飛び入り	とびいり	vs
飛沫	ひまつ	n
馴染む	なじむ	v5m
騒乱	そうらん	n
高慢	こうまん	adj-na
黒糖	こくとう	n
あじさい	あじさい	n
あの手この手	あのてこのて	exp
ありったけ	ありったけ	adv
おくり	おくり	n
お婆さん	おばあさん	n
かかん	かかん	vs
かくし	かくし	n
かしい	かしい	n
しょっぱな	しょっぱな	n
そわそわ	そわそわ	vs
だんじり	だんじり	n
ぬるま湯	ぬるまゆ	n
ばらつき	ばらつき	n
ふくし	ふくし	n
べったり	べったり	adv
まばら	まばら	adj-na
まもり	まもり	n
やすらぎ	やすらぎ	n
アイシャドウ	アイシャドウ	n
アクアリウム	アクアリウム	n
アスベスト	アスベスト	n
アゼルバイジャン	アゼルバイジャン	n
アルペジオ	アルペジオ	n
インディゴ	インジゴ	n
ウオッチ	ウォッチ	n
エルム	エルム	n
エー	エー	n
オペレーティングシステム	オペレーティングシステム	n
ガードナー	ガーデナー	n
ギラギラ	ギラギラ	vs
ケンタ	ケンタ	n
コレット	コレット	n
コンバート	コンバート	vs
ゴボウ	ごぼう	n
シイタケ	しいたけ	n
ジャワ	ジャワ	n
スキニー	スキニー	n
スクールバス	スクールバス	n
ステート	ステート	n
スラブ	スラブ	n
セラ	セラ	n
ゼミナール	セミナー	n
ソフトテニス	ソフトテニス	n
タッチダウン	タッチダウン	vs
チェイサー	チェイサー	n
トリュフ	トリュフ	n
ドグマ	ドグマ	n
ナイトメア	ナイトメア	n
ノースリーブ	ノースリーブ	n
ハイスピード	ハイスピード	n
バルサ	バルサ	n
バンダナ	バンダナ	n
バンパイア	ヴァンパイア	n
パラグアイ	パラグアイ	n
ビビリ	ビビリ	n
ピリ	ピリ	n
フォーマル	フォーマル	adj-na
フラメンコ	フラメンコ	n
フルマラソン	フルマラソン	n
ホビット	ホビット	n
ボスニア	ボスニア	n
ボールド	ボールド	n
ポピー	ポピー	n
マイト	マイト	n
マンボ	マンボ	n
メンチ	ミンチ	n
ルーメン	ルーメン	n
ワイズ	ワイズ	n
一番乗り	いちばんのり	vs
三拍子	さんびょうし	n
下半期	しもはんき	n
下向き	したむき	n
下火	したび	n
不整脈	ふせいみゃく	n
中規模	ちゅうきぼ	adj-na
乳液	にゅうえき	n
乾かす	かわかす	v5s
人民元	じんみんげん	n
体つき	からだつき	n
借地	しゃくち	vs
倹約	けんやく	vs
傷心	しょうしん	n
優生	ゆうせい	n
先天的	せんてんてき	adj-na
全角	ぜんかく	n
公司	こうし	n
別個	べっこ	adj-na
加点	かてん	vs
勘案	かんあん	vs
原石	げんせき	n
受諾	じゅだく	vs
古城	こじょう	n
召還	しょうかん	vs
号令	ごうれい	vs
名実	めいじつ	n
唸り	うなり	n
喘ぐ	あえぐ	v5g
喩え	たとえ	n
国会図書館	こっかいとしょかん	n
垂れる	たれる	v1
堆肥	たいひ	n
多少なりとも	たしょうなりとも	exp
夜会	やかい	n
大乱	たいらん	n
大根おろし	だいこんおろし	n
大脳	だいのう	n
威信	いしん	n
字数	じすう	n
安保理	あんぽり	n
定款	ていかん	n
客車	きゃくしゃ	n
寝具	しんぐ	n
岩場	いわば	n
幣	へい	n
庇う	かばう	v5u
底なし	そこなし	n
座禅	ざぜん	n
建て直し	たてなおし	n
形相	ぎょうそう	n
思しき	おぼしき	
愛しき	いとしき	
手帖	てちょう	n
挙	きょ	n
揺る	ゆる	v5r
撫子	なでしこ	n
政教	せいきょう	n
教本	きょうほん	n
断続	だんぞく	vs
新館	しんかん	n
早寝	はやね	vs
朦朧	もうろう	adv
本立て	ほんたて	n
杏仁	きょうにん	n
極左	きょくさ	n
櫓	やぐら	n
次席	じせき	n
毛深い	けぶかい	adj-i
気晴らし	きばらし	vs
水系	すいけい	n
水草	みずくさ	n
水門	すいもん	n
汚水	おすい	n
法治	ほうち	n
法華経	ほけきょう	n
流動的	りゅうどうてき	adj-na
海上保安庁	かいじょうほあんちょう	n
海風	かいふう	n
浸食	しんしょく	vs
涼風	りょうふう	n
混迷	こんめい	vs
温床	おんしょう	n
漂着	ひょうちゃく	vs
漸く	ようやく	adv
灯火	ひ	n
無臭	むしゅう	n
片手間	かたてま	n
理想郷	りそうきょう	n
甕	かめ	n
生来	せいらい	adv
生薬	しょうやく	n
痴呆	ちほう	n
登坂	とうはん	vs
白濁	はくだく	vs
着付け	きつけ	n
矛	ほこ	n
矛先	ほこさき	n
短刀	たんとう	n
移り変わり	うつりかわり	n
立会	たちあい	n
筋金入り	すじがねいり	n
素足	すあし	n
紡ぐ	つむぐ	v5g
絵具	えのぐ	n
絶つ	たつ	v5t
緩急	かんきゅう	n
考証	こうしょう	vs
腰抜け	こしぬけ	n
臨終	りんじゅう	n
自害	じがい	vs
薄れる	うすれる	v1
蠅	はえ	n
行政府	ぎょうせいふ	n
裁	さい	n
襖	ふすま	n
西岸	せいがん	n
見届ける	みとどける	v1
見積	みつもり	n
覚書	おぼえがき	n
詰め込む	つめこむ	v5m
話術	わじゅつ	n
請	しょう	n
超す	こす	v5s
身だしなみ	みだしなみ	n
身なり	みなり	n
輝度	きど	n
近似	きんじ	vs
透ける	すける	v1
鎮める	しずめる	v1
開局	かいきょく	vs
際どい	きわどい	adj-i
隠匿	いんとく	vs
雑炊	ぞうすい	n
雑記	ざっき	n
難なく	なんなく	adv
面白み	おもしろみ	n
願書	がんしょ	n
高給	こうきゅう	n
高見	こうけん	n
鼓膜	こまく	n
いきさつ	いきさつ	n
お節介	おせっかい	adj-na
かざし	かざし	n
ぎっしり	ぎっしり	adv
こやま	こやま	n
さまよう	さまよう	v5u
ちとせ	ちとせ	n
ちらし	ちらし	n
とくと	とくと	adv
どっさり	どっさり	adv
なめこ	なめこ	n
はかり	はかり	n
びびる	びびる	v5r
ぽかぽか	ぽかぽか	vs
まんざら	まんざら	adv
みかけ	みかけ	n
みっちり	みっちり	adv
アニバーサリー	アニバーサリー	n
アミン	アミン	n
インダストリアル	インダストリアル	adj-na
インディアナ	インディアナ	n
イントネーション	イントネーション	n
オイオイ	おいおい	int
カゼ	カゼ	n
カチン	カチン	adv
カフェオレ	カフェオレ	n
ギャンブラー	ギャンブラー	n
ギヤ	ギア	n
グラフィティ	グラフィティー	n
ゲットー	ゲットー	n
ゲップ	ゲップ	n
サギ	さぎ	n
シア	シア	n
シンジケート	シンジケート	n
スケスケ	すけすけ	adj-na
ステッキ	ステッキ	n
スラスラ	スラスラ	adv
セキ	せき	n
ゼラチン	ゼラチン	n
ソフトドリンク	ソフトドリンク	n
タマタマ	たまたま	n
テストステロン	テストステロン	n
テリトリー	テリトリー	n
ディベート	ディベート	n
デンプン	でんぷん	n
ドルフィン	ドルフィン	n
ニュートラル	ニュートラル	adj-na
ノド	のど	n
ハロゲン	ハロゲン	n
バザー	バザー	n
ヒツジ	ひつじ	n
ファウル	ファウル	vs
プレアデス	プレアデス	n
プロバイダー	プロバイダー	n
プロポーション	プロポーション	n
プロムナード	プロムナード	n
ヘアー	ヘア	n
ホリー	ホーリー	n
ホームステイ	ホームステイ	n
ポリネシア	ポリネシア	n
マンガン	マンガン	n
マース	マールス	n
ミディアム	ミディアム	n
ミトコンドリア	ミトコンドリア	n
ムズムズ	ムズムズ	vs
モルヒネ	モルヒネ	n
ヨーヨー	ヨーヨー	n
ラング	ラング	n
レギンス	レギンス	n
レシーバー	レシーバー	n
ワンダ	ワンダー	n
一元	いちげん	n
一匹狼	いっぴきおおかみ	n
一堂	いちどう	n
一騎打ち	いっきうち	vs
下面	かめん	n
並行輸入	へいこうゆにゅう	vs
中頃	なかごろ	adv
久遠	くおん	n
乳頭	にゅうとう	n
人となり	ひととなり	n
人知れず	ひとしれず	exp
人間味	にんげんみ	n
値札	ねふだ	n
健児	けんじ	n
僻地	へきち	n
光り輝く	ひかりかがやく	v5k
八幡宮	はちまんぐう	n
公国	こうこく	n
公報	こうほう	n
公費	こうひ	n
内務省	ないむしょう	n
再始動	さいしどう	vs
凹み	くぼみ	n
出兵	しゅっぺい	vs
分光	ぶんこう	vs
切り開く	きりひらく	v5k
初陣	ういじん	n
刻々	こっこく	adv
剃刀	かみそり	n
前妻	ぜんさい	n
割り箸	わりばし	n
勤続	きんぞく	vs
北国	きたぐに	n
医務	いむ	n
午	うま	n
厘	りん	
反故	ほご	n
取り直し	とりなおし	n
受難	じゅなん	vs
口上	こうじょう	n
同心	どうしん	n
名鑑	めいかん	n
咽頭	いんとう	n
喝	かつ	int
喧伝	けんでん	vs
囃子	はやし	n
四つん這い	よつんばい	n
回春	かいしゅん	n
土鍋	どなべ	n
執政	しっせい	n
堅持	けんじ	vs
塗り絵	ぬりえ	n
塾長	じゅくちょう	n
大政	たいせい	n
大瀬	おおせ	n
大葉	おおば	n
天真爛漫	てんしんらんまん	adj-na
奥山	おくやま	n
女学生	じょがくせい	n
如実	にょじつ	n
始終	しじゅう	adv
嬉々	きき	adv
安寧	あんねい	n
宝探し	たからさがし	n
宦官	かんがん	n
尺八	しゃくはち	n
岩塩	がんえん	n
峡	かい	n
巡航	じゅんこう	vs
府民	ふみん	n
府立	ふりつ	n
廻る	みる	v1
引率	いんそつ	vs
弱肉強食	じゃくにくきょうしょく	n
当座	とうざ	n
彫像	ちょうぞう	n
従前	じゅうぜん	n
心がける	こころがける	v1
思い付き	おもいつき	n
性分	しょうぶん	n
恵方	えほう	n
悔い改め	くいあらため	n
愛玩	あいがん	vs
懸垂	けんすい	vs
成りすまし	なりすまし	n
抗原	こうげん	n
拳法	けんぽう	n
振舞い	ふるまい	n
排便	はいべん	vs
換気扇	かんきせん	n
撰	せん	n
新星	しんせい	n
日夜	にちや	adv
明暗	めいあん	n
最少	さいしょう	n
林家	りんか	n
果てしなく	はてしなく	adv
止血	しけつ	vs
水無月	みなづき	adv
液化	えきか	vs
混ざる	まざる	v5r
渇望	かつぼう	vs
溜める	ためる	v1
滅菌	めっきん	vs
火種	ひだね	n
爪先	つまさき	n
特等	とくとう	n
生ぬるい	なまぬるい	adj-i
畏怖	いふ	vs
痛ましい	いたましい	adj-i
皆勤	かいきん	vs
目眩	めまい	vs
相思相愛	そうしそうあい	n
相槌	あいづち	n
真人	まひと	n
真壁	しんかべ	n
真横	まよこ	n
真白	まっしろ	adj-na
石山	いしやま	n
砂場	すなば	n
私見	しけん	n
稲作	いなさく	n
積分	せきぶん	vs
立件	りっけん	vs
競い合う	きそいあう	v5u
答案	とうあん	n
素通り	すどおり	vs
終演	しゅうえん	vs
絞	こう	n
絶体絶命	ぜったいぜつめい	n
縫い目	ぬいめ	n
義兄弟	ぎきょうだい	n
脛	すね	n
脳天	のうてん	n
自問自答	じもんじとう	vs
草刈り	くさかり	n
荒っぽい	あらっぽい	adj-i
落成	らくせい	vs
衝撃波	しょうげきは	n
装束	しょうぞく	vs
見失う	みうしなう	v5u
親王	しんのう	n
豪雪	ごうせつ	n
貸し借り	かしかり	vs
賃料	ちんりょう	n
資金繰り	しきんぐり	n
赤木	あかぎ	n
輪っか	わっか	n
辛子	からし	n
逐一	ちくいち	adv
這う	はう	v5u
運動公園	うんどうこうえん	n
過食	かしょく	vs
遠ざける	とおざける	v1
酉	とり	n
配水	はいすい	vs
酷暑	こくしょ	n
重々	じゅうじゅう	adv
重版	じゅうはん	vs
金箔	きんぱく	n
金縛り	かなしばり	n
釣り上げ	つりあげ	n
錨	いかり	n
鎮め	しずめ	n
長生	ちょうせい	vs
閉じ込める	とじこめる	v1
降り注ぐ	ふりそそぐ	v5g
降参	こうさん	vs
降車	こうしゃ	vs
陣内	じんない	n
雄叫び	おたけび	n
雨雲	あまぐも	n
風見	かざみ	n
風通し	かぜとおし	n
首尾	しゅび	n
馬刺し	ばさし	n
駅長	えきちょう	n
駆け抜ける	かけぬける	v1
高波	たかなみ	n
鼻歌	はなうた	n
あそん	あそん	n
うずら	うずら	n
うたい	うたい	n
お座敷	おざしき	n
かえし	かえし	n
くぼみ	くぼみ	n
さなか	さなか	n
しまいに	しまいに	n
しゃぶる	しゃぶる	v5r
しょい	しょい	n
すっぽん	すっぽん	n
すべり	すべり	n
ずらす	ずらす	v5s
そばかす	そばかす	n
たいそう	たいそう	adv
たずね	たずね	n
ためる	ためる	v1
たんまり	たんまり	adv
でっちあげ	でっちあげ	n
ときには	ときには	exp
とりあげ	とりあげ	n
はめる	はめる	v1
まひる	まひる	n
らせん	らせん	n
りっぱ	りっぱ	adj-na
アイスティー	アイスティ	n
アルティメット	アルティメット	n
アルビノ	アルビノ	n
エクソシスト	エクソシスト	n
エス	エス	n
エチケット	エチケット	n
エレクトリック	エレクトリック	adj-na
オマーン	オマーン	n
オーバル	オーバル	n
ガーリック	ガーリック	n
ガーン	ガーン	adv
キエフ	キエフ	n
キナ	キナ	n
キャプション	キャプション	n
クリスマスツリー	クリスマスツリー	n
クレムリン	クレムリン	n
グリフィン	グリッフィン	n
ゲシュタルト	ゲシュタルト	n
ゲラ	ゲラ	n
コンシェルジュ	コンシェルジュ	n
コールサイン	コールサイン	n
サツ	さつ	n
サラウンド	サラウンド	n
シガー	シガー	n
シャウト	シャウト	vs
シロクマ	しろくま	n
ジョイス	ジョイス	n
スタンガン	スタンガン	n
スチュワーデス	スチュワーデス	n
スチル	スチール	n
スッポン	すっぽん	n
スナック菓子	スナックがし	n
スノー	スノー	n
チェチェン	チェチェン	n
ディストピア	ディストピア	n
デスティニー	デスティニー	n
トレードマーク	トレードマーク	n
ドッジボール	ドッジボール	n
ニューハンプシャー	ニューハンプシャー	n
ハレルヤ	ハレルヤ	int
ハロン	ハロン	n
ハンドバッグ	ハンドバッグ	n
パタパタ	ぱたぱた	vs
パティ	パティ	n
パーカッション	パーカッション	n
ヒート	ヒート	vs
ビアガーデン	ビアガーデン	n
フロスト	フロスト	n
プレハブ	プレハブ	n
ペンス	ペンス	n
ペンタゴン	ペンタゴン	n
ボーカロイド	ボーカロイド	n
マーキュリー	マーキュリー	n
メタボ	メタボ	n
メンマ	めんま	n
モータ	モーター	n
ヤンマ	ヤンマ	n
ライトセーバー	ライトセーバー	n
レインコート	レインコート	n
レセプション	レセプション	n
ロスタイム	ロスタイム	n
ローダ	ローダ	n
一戸建て	いっこだて	n
一路	いちろ	adv
不労所得	ふろうしょとく	n
不敵	ふてき	adj-na
不純	ふじゅん	adj-na
乱世	らんせい	n
予後	よご	n
二の舞	にのまい	n
二枚目	にまいめ	n
交感神経	こうかんしんけい	n
仏語	ぶつご	n
付記	ふき	vs
仮性	かせい	n
低俗	ていぞく	adj-na
余波	よは	n
使途	しと	n
供託	きょうたく	vs
係争	けいそう	n
偽証	ぎしょう	vs
充当	じゅうとう	vs
入出力	にゅうしゅつりょく	n
全速力	ぜんそくりょく	n
兵舎	へいしゃ	n
内線	ないせん	n
冷奴	ひややっこ	n
出入口	でいりぐち	n
切っ掛け	きっかけ	n
切り盛り	きりもり	vs
制す	せいす	v5s
前のめり	まえのめり	n
前売	まえうり	vs
加重	かじゅう	vs
助演	じょえん	vs
助走	じょそう	vs
反米	はんべい	n
取っ手	とって	n
口喧嘩	くちげんか	vs
口止め	くちどめ	vs
合点	がてん	vs
吹き込む	ふきこむ	v5m
喜怒哀楽	きどあいらく	n
噺	はなし	n
声楽	せいがく	n
壱岐	いき	n
変幻	へんげん	vs
大典	たいてん	n
失笑	しっしょう	vs
奇しくも	くしくも	adv
始祖	しそ	n
小娘	こむすめ	n
岸辺	きしべ	n
巻き返し	まきかえし	n
弄ぶ	もてあそぶ	v5b
引き落とし	ひきおとし	n
待ち受ける	まちうける	v1
従弟	じゅうてい	n
徴税	ちょうぜい	vs
感じ取る	かんじとる	v5r
懐柔	かいじゅう	vs
懸案	けんあん	n
成虫	せいちゅう	n
打楽器	だがっき	n
持ち越し	もちこし	vs
接見	せっけん	vs
撫でる	なでる	v1
改選	かいせん	vs
斑点	はんてん	n
暮し	くらし	n
朝夕	あさゆう	n
木の葉	このは	n
本邦	ほんぽう	n
査察	ささつ	vs
棋譜	きふ	n
棗	なつめ	n
植林	しょくりん	vs
横手	よこて	n
水俣病	みなまたびょう	n
洞穴	ほらあな	n
深紅	しんく	n
清廉	せいれん	adj-na
渡り鳥	わたりどり	n
激烈	げきれつ	n
焼鳥	やきとり	n
片言	へんげん	n
特待	とくたい	n
独善	どくぜん	n
理学部	りがくぶ	n
生け贄	いけにえ	n
生臭い	なまぐさい	adj-i
産品	さんぴん	n
申し出る	もうしでる	v1
発汗	はっかん	vs
白湯	さゆ	n
百花	ひゃっか	n
目白	めじろ	n
短冊	たんざく	n
短命	たんめい	adj-na
程よい	ほどよい	adj-i
積もり	つもり	n
突き止める	つきとめる	v1
立法府	りっぽうふ	n
策士	さくし	n
粉ミルク	こなミルク	n
紫苑	しおん	n
終着	しゅうちゃく	n
縫製	ほうせい	vs
置場	おきば	n
老師	ろうし	n
老眼	ろうがん	n
舞妓	まいこ	n
船首	せんしゅ	n
茶会	ちゃかい	n
落ち着ける	おちつける	v1
葱	ねぎ	n
蒼穹	そうきゅう	n
蓬莱	ほうらい	n
薄々	うすうす	adv
蛇行	だこう	vs
蜂の巣	はちのす	n
融解	ゆうかい	vs
行脚	あんぎゃ	vs
見附	みつけ	n
角質	かくしつ	n
言い返し	いいかえし	n
誇らしげ	ほこらしげ	adj-na
語呂	ごろ	n
請け負う	うけおう	v5u
護憲	ごけん	n
貴公子	きこうし	n
貴殿	きでん	pn
賃借	ちんしゃく	vs
賊	ぞく	n
跳ねる	はねる	v1
追伸	ついしん	n
逆説	ぎゃくせつ	n
速達	そくたつ	vs
邑	おおざと	n
錯綜	さくそう	n
関門	かんもん	n
降雪	こうせつ	vs
震撼	しんかん	vs
風靡	ふうび	vs
飛び降りる	とびおりる	v1
飲み込み	のみこみ	n
高密度	こうみつど	n
黒星	くろぼし	n
黒潮	くろしお	n
黙	せいじゃく	n
あいかわらず	あいかわらず	adv
あかし	あかし	n
あっぱれ	あっぱれ	adj-na
あわよくば	あわよくば	exp
いちろう	いちろう	vs
うじゃうじゃ	うじゃうじゃ	vs
おわび	おわび	vs
かたい	かたい	adj-i
かまくら	かまくら	n
かみさん	かみさん	n
がむしゃら	がむしゃら	adj-na
こねこ	こねこ	n
こぼす	こぼす	v5s
さつま	さつま	n
すずき	すずき	n
せつな	せつな	n
そうとう	そうとう	vs
たかだか	たかだか	adv
たつき	たつき	n
つぶれる	つぶれる	v1
ですから	ですから	conj
とまる	とまる	v5r
どっちみち	どっちみち	adv
なごみ	なごみ	n
にらめっこ	にらめっこ	vs
はがれ	はがれ	n
はだし	はだし	n
ひしひし	ひしひし	adv
ひっかかる	ひっかかる	v5r
ひらり	ひらり	adv
ぷるぷる	ぷるぷる	vs
みじん切り	みじんぎり	n
むかっ	むかっ	exp
もとめ	もとめ	n
アキレス	アキレス	n
アスペ	アスペ	n
アレコレ	あれこれ	adv
アンタッチャブル	アンタッチャブル	adj-na
インタビュアー	インタビュアー	n
ウォーズ	ウォーズ	n
ウグイス	うぐいす	n
オク	オク	n
カフェラテ	カフェラテ	n
カラン	カラン	n
ガスマスク	ガスマスク	n
キャビア	キャビア	n
クロコダイル	クロコダイル	n
コストパフォーマンス	コストパフォーマンス	n
コンセンサス	コンセンサス	n
ゴング	ゴング	n
サイゴン	サイゴン	n
シンドローム	シンドローム	n
ストーキング	ストーキング	vs
スマフォ	スマホ	n
チェキ	チェキ	n
チャイニーズ	チャイニーズ	n
ティラミス	ティラミス	n
テスター	テスター	n
テンキー	テンキー	n
テーゼ	テーゼ	n
デモクラシー	デモクラシー	n
デラウェア	デラウェア	n
ドングリ	どんぐり	n
ナマコ	なまこ	n
ネイルサロン	ネイルサロン	n
ネクサス	ネクサス	n
ネプチューン	ネプチューン	n
ノコギリ	のこぎり	n
ハジ	ハッジ	n
ハレンチ	はれんち	adj-na
ハンドブック	ハンドブック	n
バーモント	バーモント	n
ヒーラー	ヒーラー	n
ピア	ピア	n
ファンタスティック	ファンタスティック	adj-na
フィッシング	フィッシング	n
ブドウ糖	ブドウとう	n
ブラザーズ	ブラザーズ	n
プリマ	プリマ	n
プロパン	プロパン	n
ヘルシンキ	ヘルシンキ	n
マザコン	マザコン	n
モービル	モビール	n
ラクロス	ラクロス	n
ラッカー	ラッカー	n
リゾット	リゾット	n
リポジトリ	リポジトリ	n
レオタード	レオタード	n
ロゼ	ロゼ	n
ローテ	ローテ	n
一網打尽	いちもうだじん	n
上辺	うわべ	n
上面	うわつら	n
下取り	したどり	vs
不履行	ふりこう	n
主体性	しゅたいせい	n
乳酸	にゅうさん	n
二塁	にるい	n
人助け	ひとだすけ	vs
仕留める	しとめる	v1
代議員	だいぎいん	n
伏せる	ふせる	v1
作業場	さぎょうば	n
借家	しゃくや	vs
傷病	しょうびょう	n
先述	せんじゅつ	vs
入り江	いりえ	n
全会	ぜんかい	n
公文	こうぶん	n
再帰	さいき	n
冷やかし	ひやかし	n
出し物	だしもの	n
切り捨てる	きりすてる	v1
列強	れっきょう	n
別室	べっしつ	n
利き手	ききて	n
割り当てる	わりあてる	v1
力戦	りきせん	vs
十中八九	じっちゅうはっく	adv
占う	うらなう	v5u
危篤	きとく	n
台地	だいち	n
右脳	うのう	n
名付ける	なづける	v1
和名	わみょう	n
品評	ひんぴょう	vs
囁く	ささやく	v5k
圧政	あっせい	n
地ビール	じビール	n
地平	ちへい	n
塩尻	しおじり	n
声高	こわだか	adj-na
夜桜	よざくら	n
大聖	だいしょう	n
天道	てんとう	n
女系	じょけい	n
崇める	あがめる	v1
市松	いちまつ	n
府内	ふない	n
形勢	けいせい	n
従妹	じゅうまい	n
得手	えて	adj-na
復調	ふくちょう	vs
徹する	てっする	vs
応力	おうりょく	n
手洗	てあらい	n
打合せ	うちあわせ	vs
打順	だじゅん	n
折衝	せっしょう	vs
押し入れ	おしいれ	n
持ち株	もちかぶ	n
指図	さしず	vs
振り向く	ふりむく	v5k
授ける	さずける	v1
揺らす	ゆらす	v5s
放免	ほうめん	vs
断ち切る	たちきる	v5r
新大陸	しんたいりく	n
新約	しんやく	n
暴	ぼう	n
曲面	きょくめん	n
有り得る	ありうる	n
末広	すえひろ	n
本殿	ほんでん	n
松明	たいまつ	n
柔術	じゅうじゅつ	n
格式	かくしき	n
植樹	しょくじゅ	vs
橋渡し	はしわたし	vs
殉教者	じゅんきょうしゃ	n
残り物	のこりもの	n
殷	いん	n
毎時	まいじ	n
気功	きこう	n
水増し	みずまし	vs
水牛	すいぎゅう	n
水産物	すいさんぶつ	n
氷菓	ひょうか	n
法相	ほっそう	n
泡沫	うたかた	n
泣かせる	なかせる	v1
溜息	ためいき	n
爆竹	ばくちく	n
物静か	ものしずか	adj-na
球界	きゅうかい	n
異臭	いしゅう	n
発起人	ほっきにん	n
白水	しろみず	n
皆既	かいき	n
盆地	ぼんち	n
目の敵	めのかたき	exp
直流	ちょくりゅう	n
石ころ	いしころ	n
砂丘	さきゅう	n
祓い	はらい	n
神々しい	こうごうしい	adj-i
神速	しんそく	n
空域	くういき	n
突き刺さる	つきささる	v5r
立役者	たてやくしゃ	n
筍	たけのこ	n
筒抜け	つつぬけ	n
答申	とうしん	vs
管楽器	かんがっき	n
箱入り	はこいり	n
素股	すまた	n
終章	しゅうしょう	n
給湯	きゅうとう	vs
老年	ろうねん	n
聯合	れんごう	vs
背広	せびろ	n
脈絡	みゃくらく	n
臆病者	おくびょうもの	n
自制心	じせいしん	n
臭み	くさみ	n
花札	はなふだ	n
落ち葉	おちば	n
落葉	おちば	n
葬り	ほうむり	n
血族	けつぞく	n
褒章	ほうしょう	n
見合	みあい	vs
見回り	みまわり	n
見積り	みつもり	n
詳報	しょうほう	vs
誤用	ごよう	vs
誤訳	ごやく	vs
謁見	えっけん	vs
議院	ぎいん	n
起し	おこし	n
返納	へんのう	vs
追い打ち	おいうち	n
送風	そうふう	vs
透かし	すかし	n
速記	そっき	vs
逸らす	そらす	v5s
遊技	ゆうぎ	n
道程	みちのり	n
遜色	そんしょく	n
重用	じゅうよう	vs
野山	のやま	n
開帳	かいちょう	vs
閾値	いきち	n
附則	ふそく	n
雄弁	ゆうべん	adj-na
雇	やとい	n
露店	ろてん	n
顏	かお	n
顕現	けんげん	vs
風穴	かざあな	n
風雲	ふううん	n
飛行船	ひこうせん	n
食い込む	くいこむ	v5m
食い違い	くいちがい	n
高名	こうめい	adj-na
鬼女	きじょ	n
黒海	こっかい	n
黙秘	もくひ	vs
鼻腔	びこう	n
いっき	いっき	n
おかき	おかき	n
おきる	おきる	v1
おっかない	おっかない	adj-i
かなえる	かなえる	v1
きずな	きずな	n
ぎゃあ	ぎゃあ	int
ご利益	ごりやく	n
さとり	さとり	n
しがない	しがない	adj-i
しのぐ	しのぐ	v5g
じつに	じつに	adv
たまき	たまき	n
だんな	だんな	n
てんし	てんし	n
どっこい	どっこい	int
ながれ	ながれ	n
なまり	なまり	n
ぬくぬく	ぬくぬく	vs
はたらき	はたらき	n
はねる	はねる	v1
ぷりぷり	ぷりぷり	vs
ぷんぷん	ぷんぷん	vs
ぽっぽ	ぽっぽ	vs
まとう	まとう	v5u
まばたき	まばたき	vs
みすず	みすず	n
やっとこ	やっとこ	n
やまもと	やまもと	n
やり手	やりて	n
よそ見	よそみ	vs
アカギ	あかぎ	n
アキレス腱	アキレスけん	n
アコギ	アコギ	n
アザミ	あざみ	n
アシカ	あしか	n
アスパラガス	アスパラガス	n
アセット	アセット	n
アユ	あゆ	n
イマジネーション	イマジネーション	n
インド洋	インドよう	n
エキスポ	エキスポ	n
カリブ	カリブ	n
キックボクシング	キックボクシング	n
クタクタ	グダグダ	adj-na
コーポレート	コーポレート	n
サンゴ礁	サンゴしょう	n
シソ	しそ	n
シャットアウト	シャットアウト	vs
スペクトラム	スペクトラム	n
セコンド	セコンド	n
ダンディー	ダンディ	n
トホホ	トホホ	int
ネスト	ネスト	n
ノースカロライナ	ノースカロライナ	n
ハゲタカ	はげたか	n
ハチャメチャ	はちゃめちゃ	adj-na
パパイヤ	パパイヤ	n
ヒートアップ	ヒートアップ	vs
フキ	ふき	n
ヘイズ	ヘイズ	n
ベロベロ	ベロベロ	adv
ペテン師	ペテンし	n
ペリカン	ペリカン	n
ホットライン	ホットライン	n
ポリエステル	ポリエステル	n
ヨーロピアン	ヨーロピアン	n
ラビット	ラビット	n
リダイレクト	リダイレクト	vs
リラクゼーション	リラクセーション	n
リンス	リンス	vs
一世	いっせい	n
一人娘	ひとりむすめ	n
一座	いちざ	n
七福神	しちふくじん	n
上巻	じょうかん	n
上皮	うわかわ	n
下調べ	したしらべ	vs
不手際	ふてぎわ	adj-na
両院	りょういん	n
並外れ	なみはずれ	adj-na
中華民国	ちゅうかみんこく	n
中越	ちゅうごし	n
中距離	ちゅうきょり	n
仮釈放	かりしゃくほう	vs
催す	もよおす	v5s
先読み	さきよみ	vs
入れ物	いれもの	n
冬至	とうじ	n
冷遇	れいぐう	vs
出張所	しゅっちょうじょ	n
初っ端	しょっぱな	n
判子	はんこ	n
創意	そうい	n
厳罰	げんばつ	n
受精卵	じゅせいらん	n
古式	こしき	n
吸盤	きゅうばん	n
和気	わき	n
四畳半	よじょうはん	n
四角形	しかくけい	n
土用	どよう	n
在校生	ざいこうせい	n
塹壕	ざんごう	n
多言	たげん	vs
失せる	うせる	v1
失意	しつい	n
女心	おんなごころ	n
妖魔	ようま	n
威光	いこう	n
安産	あんざん	vs
実車	じっしゃ	n
寄港	きこう	vs
工面	くめん	vs
年貢	ねんぐ	n
広々	ひろびろ	vs
底面	ていめん	n
延滞	えんたい	vs
弧	こ	n
御名	ぎょめい	n
微弱	びじゃく	adj-na
思い返す	おもいかえす	v5s
悠久	ゆうきゅう	adj-na
患部	かんぶ	n
慣用	かんよう	vs
手一杯	ていっぱい	adj-na
手綱	たづな	n
抗戦	こうせん	vs
抱きしめる	だきしめる	v1
抱負	ほうふ	n
押し出す	おしだす	v5s
押し売り	おしうり	n
放り込む	ほうりこむ	v5m
数理	すうり	n
旅程	りょてい	n
書院	しょいん	n
束の間	つかのま	exp
林間	りんかん	n
検疫	けんえき	vs
横並び	よこならび	vs
次代	じだい	n
殉職	じゅんしょく	vs
殿方	とのがた	n
気前	きまえ	n
油彩	ゆさい	n
波止場	はとば	n
渦巻く	うずまく	v5k
湯たんぽ	ゆたんぽ	n
溶剤	ようざい	n
無給	むきゅう	n
焼きうどん	やきうどん	n
父兄	ふけい	n
物干し	ものほし	n
物性	ぶっせい	n
狼狽	ろうばい	vs
球菌	きゅうきん	n
球面	きゅうめん	n
田植え	たうえ	n
申立	もうしたて	n
留守電	るすでん	n
痛恨	つうこん	n
痩身	そうしん	n
盛り込む	もりこむ	v5m
祝祭日	しゅくさいじつ	n
神武	じんむ	n
祭神	さいじん	n
突き落とし	つきおとし	n
立ち並ぶ	たちならぶ	v5b
築城	ちくじょう	vs
精肉	せいにく	n
終値	おわりね	n
絡める	からめる	v1
緊縮	きんしゅく	vs
緋色	ひいろ	n
締り	しまり	n
織姫	おりひめ	n
者共	ものども	pn
耳障り	みみざわり	adj-na
肥やし	こやし	n
自助	じじょ	n
自転	じてん	vs
苛烈	かれつ	adj-na
荒地	あれち	n
萱	かや	n
蔭	かげ	n
薬事	やくじ	n
虚言	きょげん	n
表れる	あらわれる	v1
表出	ひょうしゅつ	vs
装具	そうぐ	n
触れ合う	ふれあう	v5u
読み上げる	よみあげる	v1
読み返す	よみかえす	v5s
貯水	ちょすい	vs
贈答	ぞうとう	vs
走り出す	はしりだす	v5s
身の丈	みのたけ	exp
逆上	ぎゃくじょう	vs
逆算	ぎゃくさん	vs
逆鱗	げきりん	n
連作	れんさく	vs
連名	れんめい	n
遊女	ゆうじょ	n
醜態	しゅうたい	n
野草	のぐさ	n
陸自	りくじ	n
離着陸	りちゃくりく	vs
雪かき	ゆきかき	vs
霞ヶ関	かすみがせき	n
順守	じゅんしゅ	vs
飛び回る	とびまわる	v5r
飲用	いんよう	vs
餌付け	えづけ	vs
首飾り	くびかざり	n
高角	こうかく	n
高遠	こうえん	adj-na
魚肉	ぎょにく	n
鰐	わに	n
鰹	かつお	n
鵜	う	n
鷲掴み	わしづかみ	n
麦わら	むぎわら	n
あっと	あっと	adv
いしゃ	いしゃ	n
おだて	おだて	n
かたや	かたや	exp
くちびる	くちびる	n
しょく	しょく	n
ついて行く	ついていく	v5k-s
つづり	つづり	n
びっしり	びっしり	adv
ほっとく	ほっとく	v5k
ようこ	ようこ	n
アイスホッケー	アイスホッケー	n
アパルトヘイト	アパルトヘイト	n
ウィリー	ウィリー	n
エンタテインメント	エンターテインメント	n
オクターブ	オクターブ	n
オープンカー	オープンカー	n
カシオペア	カシオペア	n
キャッスル	キャッスル	n
クラブハウス	クラブハウス	n
クラン	クラン	n
コミッショナー	コミッショナー	n
サピエンス	サピエンス	n
サンクチュアリ	サンクチュアリ	n
シェアリング	シェアリング	n
シュシュ	シュシュ	n
ショルダーバッグ	ショルダーバッグ	n
シラス	しらす	n
スイートルーム	スイートルーム	n
スケッチブック	スケッチブック	n
スピカ	スピカ	n
セゾン	セゾン	n
セーフティー	セーフティー	n
ソフトウエア	ソフトウェア	n
タイプライター	タイプライター	n
タブロイド	タブロイド	n
テザリング	テザリング	n
データー	データ	n
トップニュース	トップニュース	n
ナビゲーション	ナビゲーション	vs
バイナリー	バイナリ	n
バーサーカー	バーサーカー	n
パスカル	パスカル	n
パソ	パソ	n
パラノイア	パラノイア	n
ヒスパニック	ヒスパニック	n
ビーナス	ビーナス	n
ピョン	ぴょん	adv
ファイヤー	ファイア	n
ブエノスアイレス	ブエノスアイレス	n
プロフェッサー	プロフェッサー	n
ベイルート	ベイルート	n
ボーカリスト	ボーカリスト	n
ポーン	ポーン	n
マイカー	マイカー	n
マジカル	マジカル	n
マスタング	ムスタング	n
ミンク	ミンク	n
メッカ	メッカ	n
メリッサ	メリッサ	n
ラスタ	ラスター	n
ランデブー	ランデブー	vs
リミッター	リミッター	n
レシーブ	レシーブ	vs
レーシック	レーシック	n
ロックオン	ロックオン	vs
ロブスター	ロブスター	n
ワイナリー	ワイナリー	n
ヴィジョン	ビジョン	n
下剤	げざい	n
下垂	かすい	vs
丸呑み	まるのみ	vs
丸裸	まるはだか	n
事務職	じむしょく	n
交響曲	こうきょうきょく	n
今風	いまふう	n
仕官	しかん	vs
仕舞い	しまい	n
仮病	けびょう	n
仰せ	おおせ	n
使節	しせつ	n
倍数	ばいすう	n
停学	ていがく	n
元締め	もとじめ	n
充血	じゅうけつ	vs
免罪	めんざい	n
入閣	にゅうかく	vs
全社	ぜんしゃ	n
兵站	へいたん	n
冬期	とうき	n
冴	さえ	n
凋落	ちょうらく	vs
凹む	へこむ	v5m
出合い	であい	n
切り返し	きりかえし	n
初等	しょとう	n
利尿	りにょう	n
剥く	むく	v5k
医局	いきょく	n
半永久	はんえいきゅう	n
原人	げんじん	n
原色	げんしょく	n
叉	また	n
取捨選択	しゅしゃせんたく	vs
取次	とりつぎ	n
可哀相	かわいそう	adj-na
各界	かっかい	n
吊り上げ	つりあげ	n
同上	どうじょう	n
同型	どうけい	n
同郷	どうきょう	n
名ばかり	なばかり	n
吹聴	ふいちょう	vs
品性	ひんせい	n
器材	きざい	n
国勢調査	こくせいちょうさ	n
土砂降り	どしゃぶり	n
在任	ざいにん	vs
地政学	ちせいがく	n
夕刻	ゆうこく	n
外山	とやま	n
天守	てんしゅ	n
天宮	てんきゅう	n
失念	しつねん	vs
子羊	こひつじ	n
守衛	しゅえい	n
実母	じつぼ	n
富む	とむ	v5m
寒波	かんぱ	n
工学科	こうがくか	n
弾む	はずむ	v5m
彫	ほり	n
後衛	こうえい	n
御霊	みたま	n
心残り	こころのこり	n
心苦しい	こころぐるしい	adj-i
心電図	しんでんず	n
悔やむ	くやむ	v5m
悦び	よろこび	n
成金	なりきん	n
戯画	ぎが	n
手ぬぐい	てぬぐい	n
投開票	とうかいひょう	vs
抜き打ち	ぬきうち	n
押し込む	おしこむ	v5m
拓く	ひらく	v5k
指圧	しあつ	vs
捨て身	すてみ	n
排卵	はいらん	vs
採れる	とれる	v1
損ねる	そこねる	v1
支所	ししょ	n
救世	きゅうせい	n
敵艦	てきかん	n
新版	しんぱん	n
日の目	ひのめ	exp
有形	ゆうけい	n
本拠	ほんきょ	n
本筋	ほんすじ	n
板挟み	いたばさみ	n
果肉	かにく	n
枷	かせ	n
根付	ねつけ	n
根回し	ねまわし	vs
棚田	たなだ	n
業法	ぎょうほう	n
樫	かし	n
正史	せいし	n
歯並び	はならび	n
比類	ひるい	n
気迫	きはく	n
水陸	すいりく	n
氷上	ひょうじょう	n
永代	えいたい	n
泣き声	なきごえ	vs
流木	りゅうぼく	n
湾内	わんない	n
満天	まんてん	n
満期	まんき	n
溶け込む	とけこむ	v5m
熟れ	うれ	n
爾	おれ	n
片割れ	かたわれ	n
片鱗	へんりん	n
特効薬	とっこうやく	n
狂犬	きょうけん	n
狭義	きょうぎ	n
生真面目	きまじめ	adj-na
痺れる	しびれる	v1
発起	ほっき	vs
白玉	しらたま	n
目途	めど	n
着眼	ちゃくがん	vs
石像	せきぞう	n
社債	しゃさい	n
祀る	まつる	v5r
秘術	ひじゅつ	n
素粒子	そりゅうし	n
絞り込む	しぼりこむ	v5m
耳鼻咽喉科	じびいんこうか	n
肥	こえ	n
背丈	せたけ	n
胎盤	たいばん	n
航法	こうほう	n
花形	はながた	n
菓子パン	かしパン	n
蒼い	あおい	adj-i
裁断	さいだん	vs
複写	ふくしゃ	vs
要職	ようしょく	n
見せかける	みせかける	v1
見境	みさかい	n
触れ合い	ふれあい	n
註	ちゅう	vs
語りかける	かたりかける	v1
語り口	かたりくち	n
読本	とくほん	n
護り	まもり	n
貸借	たいしゃく	vs
跡形	あとかた	n
身の上	みのうえ	exp
軍機	ぐんき	n
農法	のうほう	n
追い払う	おいはらう	v5u
退行	たいこう	vs
通説	つうせつ	n
遣う	つかう	v5u
遮光	しゃこう	vs
重病	じゅうびょう	n
金品	きんぴん	n
金網	かなあみ	n
鋭利	えいり	adj-na
錬成	れんせい	vs
開門	かいもん	vs
隔たり	へだたり	n
雲海	うんかい	n
頻出	ひんしゅつ	vs
飛び立つ	とびたつ	v5t
鳴り響く	なりひびく	v5k
黒目	くろめ	n
いつのまに	いつのまに	exp
おろす	おろす	v5s
お供え	おそなえ	n
お初	おはつ	n
お日様	おひさま	n
かあさん	かあさん	n
かしわ	かしわ	n
かばう	かばう	v5u
くぐり	くぐり	n
くすぐったい	くすぐったい	adj-i
くどい	くどい	adj-i
けじめ	けじめ	n
されど	されど	conj
しめじ	しめじ	n
しゃぶ	しゃぶ	n
しんぶん	しんぶん	n
するする	するする	adv
ためらい	ためらい	vs
つまみ食い	つまみぐい	vs
ともない	ともない	n
びしょびしょ	びしょびしょ	n
みすみす	みすみす	adv
みちのく	みちのく	n
むろん	むろん	adv
やさい	やさい	n
ゆくゆく	ゆくゆく	adv
よろこび	よろこび	n
よろず	よろず	
アイゼン	アイゼン	n
アイボリー	アイボリー	n
アジサイ	あじさい	n
イチョウ	いちょう	n
インテリジェント	インテリジェント	adj-na
ウインカー	ウインカー	n
ウインク	ウインク	vs
ウエア	ウェア	n
エクスカリバー	エクスカリバー	n
エッフェル塔	エッフェルとう	n
オナホール	オナホール	n
オフェンス	オフェンス	n
オートミール	オートミール	n
カルタ	かるた	n
ガッシュ	ガッシュ	n
ガリバー	ガリバー	n
キュレーター	キュレーター	n
クライシス	クライシス	n
ケータリング	ケータリング	n
コリアン	コリアン	n
コンマ	コンマ	n
ゴスロリ	ゴスロリ	n
サトウキビ	さとうきび	n
サムシング	サムシング	n
シャイニング	シャイニング	n
ショッカー	ショッカー	n
ショール	ショール	n
ジューン	ジューン	n
スウィング	スイング	vs
スラスター	スラスター	n
ズッキーニ	ズッキーニ	n
ソメイヨシノ	そめいよしの	n
タンポン	タンポン	n
チカチカ	チカチカ	vs
ツィッター	ツイッター	n
テカテカ	テカテカ	vs
テーピング	テーピング	vs
トランザクション	トランザクション	n
トリム	トリム	n
トロトロ	とろとろ	vs
ナタ	なた	n
ナレーター	ナレーター	n
ノスタルジー	ノスタルジー	n
ハイカラ	ハイカラ	adj-na
ハムレット	ハムレット	n
ハヤブサ	はやぶさ	n
バイリンガル	バイリンガル	n
バインド	バインド	n
バツグン	ばつぐん	n
ヒトデ	ひとで	n
ファイリング	ファイリング	vs
ブクマ	ブクマ	n
ブルジョワ	ブルジョワ	n
ブレーカー	ブレーカー	n
ベンゼン	ベンゼン	n
ホック	ホック	n
ホワイトカラー	ホワイトカラー	n
マルス	マールス	n
メーン	メイン	n
ユニホーム	ユニフォーム	n
リザーブ	リザーブ	vs
リテール	リテール	n
リブート	リブート	vs
リーダ	リーダー	n
レアアイテム	レアアイテム	n
ロザリオ	ロザリオ	n
上水道	じょうすいどう	n
下衆	げす	adj-na
不知	ふち	n
人間らしい	にんげんらしい	adj-i
人骨	じんこつ	n
伍	ご	n
使い切る	つかいきる	v5r
俊敏	しゅんびん	adj-na
先鋭	せんえい	adj-na
先陣	せんじん	n
入管	にゅうかん	n
典範	てんぱん	n
再審	さいしん	vs
分際	ぶんざい	n
列席	れっせき	vs
初春	しょしゅん	n
別段	べつだん	n
剛毛	ごうもう	n
単車	たんしゃ	n
原液	げんえき	n
口利き	くちきき	n
各回	かくかい	n
同罪	どうざい	n
同署	どうしょ	n
呼び寄せる	よびよせる	v1
噛み付く	かみつく	v5k
図星	ずぼし	n
在中	ざいちゅう	vs
報せ	しらせ	n
夢物語	ゆめものがたり	n
夢精	むせい	vs
大義名分	たいぎめいぶん	n
天窓	てんまど	n
失敬	しっけい	vs
奢り	おごり	n
奥地	おくち	n
好投	こうとう	vs
子音	しいん	n
官報	かんぽう	n
寡黙	かもく	adj-na
小道	こみち	n
市電	しでん	n
帝王切開	ていおうせっかい	n
幌	ほろ	n
引き返す	ひきかえす	v5s
当落	とうらく	n
復号	ふくごう	vs
忍法	にんぽう	n
怪異	かいい	n
愛し合う	あいしあう	v5u
所轄	しょかつ	vs
手薄	てうす	adj-na
投石	とうせき	vs
招き猫	まねきねこ	n
推し進める	おしすすめる	v1
損保	そんぽ	n
政調	せいちょう	n
整う	ととのう	v5u
整地	せいち	vs
暗唱	あんしょう	vs
曇天	どんてん	n
朝っぱら	あさっぱら	n
来期	らいき	n
果てる	はてる	v1
概して	がいして	adv
横長	よこなが	adj-na
橋梁	きょうりょう	n
橙色	だいだいいろ	n
母港	ぼこう	n
毛並み	けなみ	n
浮世	うきよ	n
涅槃	ねはん	n
涼しげ	すずしげ	adj-na
混戦	こんせん	n
激震	げきしん	n
火遊び	ひあそび	vs
点呼	てんこ	vs
焦燥	しょうそう	vs
熟考	じゅっこう	vs
猛禽	もうきん	n
生憎	あいにく	adj-na
画一	かくいつ	n
疑問符	ぎもんふ	n
白樺	しらかば	n
眼前	がんぜん	n
祝杯	しゅくはい	n
祝辞	しゅくじ	n
稀少	きしょう	adj-na
積もる	つもる	v5r
空気圧	くうきあつ	n
立ち会い	たちあい	n
竜馬	りゅうめ	n
筑前	ちくぜん	n
管財	かんざい	n
締め出し	しめだし	n
肢体	したい	n
至宝	しほう	n
興信所	こうしんじょ	n
花冠	かかん	n
草むら	くさむら	n
草花	くさばな	n
蓮華	れんげ	n
蓼	たで	n
薄切り	うすぎり	n
薦める	すすめる	v1
蜜月	みつげつ	n
蝋	ろう	n
行進曲	こうしんきょく	n
衣食住	いしょくじゅう	n
裸眼	らがん	n
製図	せいず	vs
見聞	けんぶん	vs
言い値	いいね	n
訳者	やくしゃ	n
誠心	せいしん	n
説法	せっぽう	vs
論考	ろんこう	vs
買い戻し	かいもどし	n
赤み	あかみ	n
跳ぶ	とぶ	v5b
軟禁	なんきん	vs
輸出入	ゆしゅつにゅう	n
退席	たいせき	vs
逞しい	たくましい	adj-i
還る	かえる	v5r
金策	きんさく	vs
鋸	のこぎり	n
陸運	りくうん	n
隠し子	かくしご	n
面する	めんする	vs
飛びつく	とびつく	v5k
養蜂	ようほう	n
高座	こうざ	n
高望み	たかのぞみ	vs
鮨	すし	n
齟齬	そご	vs
あまい	あまい	adj-i
いさん	いさん	n
えぐい	えぐい	adj-i
おこす	おこす	v5s
お作り	おつくり	n
お鍋	おなべ	n
かくれ	かくれ	n
かなしみ	かなしみ	n
からめ	からめ	adj-na
こつこつ	こつこつ	adv
さがす	さがす	v5s
しきりに	しきりに	adv
しるこ	しるこ	n
つがい	つがい	n
なあなあ	なあなあ	exp
にきび	にきび	n
はずす	はずす	v5s
ひょんなことから	ひょんなことから	exp
ひろば	ひろば	n
びょう	びょう	n
ふらん	ふらん	n
まかせる	まかせる	v1
まじき	まじき	n
むかえ	むかえ	n
もてなす	もてなす	v5s
もどり	もどり	n
ゆうゆう	ゆうゆう	adv
よぎる	よぎる	v5r
アブノーマル	アブノーマル	adj-na
アンズ	あんず	n
ウィンナー	ウインナー	n
ウェイター	ウェイター	n
ウオッカ	ウォッカ	n
ウロボロス	ウロボロス	n
ウーロン茶	ウーロンちゃ	n
エミュレータ	エミュレータ	n
カイザー	カイゼル	n
カタカタ	かたかた	vs
カッカ	かっか	vs
カルボナーラ	カルボナーラ	n
ガマ	がま	n
グルタミン酸	グルタミンさん	n
ゲバ	ゲバ	n
コンクリ	コンクリ	n
サラダ油	サラダゆ	n
サワー	サワー	n
シャルドネ	シャルドネ	n
シュミレーション	シミュレーション	vs
ショートケーキ	ショートケーキ	n
シームレス	シームレス	n
ジェラート	ジェラート	n
ジグ	ジグ	n
ジグザグ	ジグザグ	adj-na
ジパング	ジパング	n
ジャイアント	ジャイアント	adj-na
ススキ	すすき	n
スピーディ	スピーディー	adj-na
スプライト	スプライト	n
タイムリミット	タイムリミット	n
ダイン	ダイン	n
ディレイ	ディレイ	n
ナル	ナル	n
ハイドロ	ハイドロ	n
バッド	バッド	n
パドック	パドック	n
ブリーダー	ブリーダー	n
プロテクト	プロテクト	vs
ヘドロ	ヘドロ	n
ホクホク	ほくほく	vs
マジギレ	マジぎれ	vs
マスターベーション	マスターベーション	vs
マゼラン	マゼラン	n
マリオン	マリオン	n
メリーゴーランド	メリーゴーランド	n
メレンゲ	メレンゲ	n
ライ麦	ライむぎ	n
レリーフ	リリーフ	vs
レンタルビデオ	レンタルビデオ	n
レーシング	レーシング	n
ロメ	ロメ	n
ロングセラー	ロングセラー	n
一元化	いちげんか	vs
一寸	ちょっと	adv
一筋縄	ひとすじなわ	n
三つ巴	みつどもえ	n
上期	かみき	n
下等	かとう	adj-na
不健全	ふけんぜん	adj-na
両家	りょうけ	n
中空	ちゅうくう	n
乗降	じょうこう	vs
二流	にりゅう	n
人懐っこい	ひとなつっこい	adj-i
人柱	ひとばしら	n
代入	だいにゅう	vs
円光	えんこう	n
出くわす	でくわす	v5s
前段	ぜんだん	n
前頭	まえがしら	n
創り出す	つくりだす	v5s
北アイルランド	きたアイルランド	n
南風	なんぷう	n
単眼	たんがん	n
原典	げんてん	n
参る	まいる	v5r
取り囲む	とりかこむ	v5m
叢雲	むらくも	n
口づけ	くちづけ	vs
古屋	ふるいえ	n
古文書	こもんじょ	n
同封	どうふう	vs
呼び込み	よびこみ	n
咆哮	ほうこう	vs
国保	こくほ	n
型破り	かたやぶり	adj-na
執る	とる	v5r
大局	たいきょく	n
大道芸	だいどうげい	n
奥行	おくゆき	n
存亡	そんぼう	n
安め	やすめ	n
定石	じょうせき	n
宝飾	ほうしょく	n
客人	きゃくじん	n
密封	みっぷう	vs
小売り	こうり	vs
小腹	こばら	n
居残り	いのこり	vs
山分け	やまわけ	vs
差出人	さしだしにん	n
平手打ち	ひらてうち	vs
広告塔	こうこくとう	n
座右の銘	ざゆうのめい	n
廃刊	はいかん	vs
廃案	はいあん	n
強火	つよび	n
心音	しんおん	n
思いやる	おもいやる	v5r
恩義	おんぎ	n
愛妻	あいさい	n
懐中時計	かいちゅうどけい	n
打ち上げる	うちあげる	v1
打ち切る	うちきる	v5r
打ち破る	うちやぶる	v5r
打つ手	うつて	n
打数	だすう	n
投げ捨てる	なげすてる	v1
抗う	あらがう	v5u
押しつける	おしつける	v1
持ち時間	もちじかん	n
捜す	さがす	v5s
揺るぎない	ゆるぎない	adj-i
故事	こじ	n
救い出す	すくいだす	v5s
整復	せいふく	vs
日勤	にっきん	vs
昌平	しょうへい	n
書込み	かきこみ	vs
東シナ海	ひがしシナかい	n
板前	いたまえ	n
核酸	かくさん	n
格下げ	かくさげ	vs
機首	きしゅ	n
欠員	けついん	n
欠航	けっこう	vs
正攻法	せいこうほう	n
歩道橋	ほどうきょう	n
残飯	ざんぱん	n
比叡山	ひえいざん	n
気道	きどう	n
水星	すいせい	n
沸点	ふってん	n
洗い出し	あらいだし	n
海里	かいり	n
深海魚	しんかいぎょ	n
温帯	おんたい	n
湯けむり	ゆけむり	n
準用	じゅんよう	vs
激流	げきりゅう	n
瀬戸際	せとぎわ	n
無死	むし	n
無為	むい	adj-na
煎茶	せんちゃ	n
煩わしい	わずらわしい	adj-i
熟年	じゅくねん	n
物量	ぶつりょう	n
男色	だんしょく	n
異母	いぼ	n
疑獄	ぎごく	n
疫学	えきがく	n
盗品	とうひん	n
盛り合わせ	もりあわせ	n
直伝	じきでん	n
相乗り	あいのり	vs
真骨頂	しんこっちょう	n
砲台	ほうだい	n
硫化	りゅうか	vs
神童	しんどう	n
私事	しじ	n
種子島	たねがしま	n
突き出す	つきだす	v5s
競り	せり	n
粉塵	ふんじん	n
絶食	ぜっしょく	vs
綱引き	つなひき	n
肩身	かたみ	n
脱がす	ぬがす	v5s
腹いっぱい	はらいっぱい	n
船尾	せんび	n
芋虫	いもむし	n
茶々	ちゃちゃ	n
荒唐無稽	こうとうむけい	adj-na
落着	らくちゃく	vs
蒐集	しゅうしゅう	vs
蓬	よもぎ	n
衆参	しゅうさん	n
見やすい	みやすい	adj-i
見晴らし	みはらし	n
見頃	みごろ	n
証し	しるし	n
読破	どくは	vs
諍い	いさかい	vs
負い目	おいめ	n
貴男	あなた	pn
賃上げ	ちんあげ	vs
赤裸	あかはだか	n
走破	そうは	vs
足し算	たしざん	n
軍法	ぐんぽう	n
軽装	けいそう	vs
輪切り	わぎり	n
近視	きんし	n
送り迎え	おくりむかえ	vs
進退	しんたい	vs
遊泳	ゆうえい	vs
重箱	じゅうばこ	n
鉱業	こうぎょう	n
鍼	はり	n
闇夜	やみよ	n
隊列	たいれつ	n
頸椎	けいつい	n
風雨	ふうう	n
首切り	くびきり	n
馬肉	ばにく	n
驚嘆	きょうたん	vs
鳶	とび	n
黒毛	くろげ	n
黙祷	もくとう	vs
あかい	あかい	adj-i
いっぺんに	いっぺんに	adv
おさまる	おさまる	v5r
おだやか	おだやか	adj-na
かじる	かじる	v5r
からみ	からみ	n
くぐる	くぐる	v5r
こぼれる	こぼれる	v1
ころす	ころす	v5s
こんがり	こんがり	adv
こんぶ	こんぶ	n
さんじ	さんじ	n
すべすべ	すべすべ	vs
ぞんざい	ぞんざい	adj-na
たむろ	たむろ	n
どうどう	どうどう	adv
ひたむき	ひたむき	adj-na
ふるまい	ふるまい	n
ほうじ茶	ほうじちゃ	n
やり返す	やりかえす	v5s
アイデンティティー	アイデンティティ	n
アカネ	あかね	n
アクロバティック	アクロバティック	adj-na
イビキ	いびき	n
インフルエンサー	インフルエンサー	n
カンスト	カンスト	vs
カントリークラブ	カントリークラブ	n
ガチムチ	ガチムチ	adj-na
ガーベラ	ガーベラ	n
キログラム	キログラム	n
グリース	グリース	n
ゲラゲラ	ゲラゲラ	adv
コインロッカー	コインロッカー	n
コーク	コーク	n
ゴスペル	ゴスペル	n
シム	シム	n
シャーベット	シャーベット	n
スタディ	スタディー	n
スロベニア	スロベニア	n
ズタズタ	ずたずた	adv
セッター	セッター	n
センチメンタル	センチメンタル	adj-na
タッパー	タッパー	n
ダイオード	ダイオード	n
テーラー	テーラー	n
トリッキー	トリッキー	adj-na
ネカマ	ネかま	n
ノスタルジック	ノスタルジック	adj-na
ハーン	ハン	n
バックボーン	バックボーン	n
パコパコ	パコパコ	n
ヒヨコ	ひよこ	n
ビジネスチャンス	ビジネスチャンス	n
ビデオテープ	ビデオテープ	n
ビーンズ	ビーンズ	n
フルハウス	フルハウス	n
ブルブル	ぶるぶる	vs
プランクトン	プランクトン	n
プローブ	プローブ	n
ホロ	ホロ	n
ボトルネック	ボトルネック	n
ボランチ	ボランチ	n
マッスル	マッスル	n
メイト	メート	n
メジロ	めじろ	n
メタデータ	メタデータ	n
メタン	メタン	n
モーニングショー	モーニングショー	n
リターンズ	リターンズ	n
レンコン	れんこん	n
上顎	うわあご	n
不浄	ふじょう	adj-na
中長期	ちゅうちょうき	n
人心	じんしん	n
人面	じんめん	n
人頭	じんとう	n
今宮	いまみや	n
他愛	たわい	n
仰ぐ	あおぐ	v5g
仲人	なこうど	n
仲良い	なかいい	adj-i
伝来	でんらい	n
低層	ていそう	n
保母	ほぼ	n
値動き	ねうごき	vs
備前	びぜん	n
全休	ぜんきゅう	n
共振	きょうしん	vs
冠婚葬祭	かんこんそうさい	n
冷暖房	れいだんぼう	n
出来損ない	できそこない	n
出逢う	であう	v5u
切り貼り	きりばり	vs
勢ぞろい	せいぞろい	vs
厚意	こうい	n
取り違え	とりちがえ	n
受益	じゅえき	n
口説	くぜつ	n
各紙	かくし	n
合憲	ごうけん	n
名案	めいあん	n
和やか	にこやか	adj-na
国費	こくひ	n
基底	きてい	n
壮年	そうねん	n
変圧	へんあつ	vs
外敵	がいてき	n
外苑	がいえん	n
大別	たいべつ	vs
天職	てんしょく	n
奥手	おくて	n
女々しい	めめしい	adj-i
家長	かちょう	n
密教	みっきょう	n
小粒	こつぶ	adj-na
小論文	しょうろんぶん	n
居所	いどころ	n
山伏	やまぶし	n
島内	とうない	n
巻き起こす	まきおこす	v5s
平然	へいぜん	adv
延焼	えんしょう	vs
弱める	よわめる	v1
形骸	けいがい	n
志望校	しぼうこう	n
快活	かいかつ	adj-na
急募	きゅうぼ	vs
愛顧	あいこ	vs
感涙	かんるい	vs
投射	とうしゃ	vs
授受	じゅじゅ	vs
排尿	はいにょう	vs
放蕩	ほうとう	vs
政敵	せいてき	n
敏腕	びんわん	n
散漫	さんまん	adj-na
断線	だんせん	vs
日光浴	にっこうよく	vs
早める	はやめる	v1
明和	めいわ	n
明文化	めいぶんか	vs
朝霧	あさぎり	n
本腰	ほんごし	n
束ねる	たばねる	v1
柑橘類	かんきつるい	n
栄養失調	えいようしっちょう	n
格上げ	かくあげ	vs
梟	ふくろう	n
椋	むくのき	n
検死	けんし	vs
極地	きょくち	n
概観	がいかん	vs
横断幕	おうだんまく	n
歌曲	かきょく	n
正味	しょうみ	n
歩き回る	あるきまわる	v5r
歪む	ゆがむ	v5m
民芸	みんげい	n
気違い	きちがい	n
水兵	すいへい	n
油性	ゆせい	n
泣き寝入り	なきねいり	vs
泪	なみだ	n
洗い流す	あらいながす	v5s
浜風	はまかぜ	n
海溝	かいこう	n
海道	かいどう	n
浸かる	つかる	v5r
減免	げんめん	vs
渡来	とらい	vs
潜航	せんこう	vs
潤う	うるおう	v5u
濡れ場	ぬれば	n
炊事	すいじ	vs
無常	むじょう	n
燃え尽きる	もえつきる	v1
独房	どくぼう	n
環太平洋	かんたいへいよう	n
瓦解	がかい	vs
甚だ	はなはだ	adv
生花	いけばな	n
痰	たん	n
発煙	はつえん	n
盲腸	もうちょう	n
相容れない	あいいれない	adj-i
研ぎ	とぎ	n
砥石	といし	n
祝祭	しゅくさい	n
祭日	さいじつ	n
私設	しせつ	vs
積層	せきそう	n
積荷	つみに	n
立方	たちかた	n
節操	せっそう	n
粘る	ねばる	v5r
緩める	ゆるめる	v1
縁結び	えんむすび	n
美音	びおん	n
美顔	びがん	n
羽化	うか	vs
老女	ろうじょ	n
考え直す	かんがえなおす	v5s
肉弾	にくだん	n
脊柱	せきちゅう	n
航続	こうぞく	vs
被覆	ひふく	vs
見え隠れ	みえかくれ	vs
解脱	げだつ	vs
言語道断	ごんごどうだん	adj-na
詰む	つむ	v5m
語弊	ごへい	n
読み応え	よみごたえ	n
講和	こうわ	vs
讃える	たたえる	v1
豊後	ぶんご	n
貸金	かしきん	n
軽症	けいしょう	n
輪ゴム	わゴム	n
轟沈	ごうちん	vs
迎え入れる	むかえいれる	v1
近寄る	ちかよる	v5r
追い求める	おいもとめる	v1
追認	ついにん	vs
進水	しんすい	vs
遊覧	ゆうらん	vs
達磨	だるま	n
遠ざかる	とおざかる	v5r
遠吠え	とおぼえ	vs
酔いどれ	よいどれ	n
量刑	りょうけい	vs
鉄製	てっせい	n
鋏	はさみ	n
鋳物	いもの	n
陽動	ようどう	n
隣り合わせ	となりあわせ	n
隣家	りんか	n
青果	せいか	n
頭領	とうりょう	n
饒舌	じょうぜつ	n
高尚	こうしょう	adj-na
高梁	こうりょう	n
高水準	こうすいじゅん	adj-na
鬱憤	うっぷん	n
麻疹	はしか	n
あゆむ	あゆむ	v5m
いけい	いけい	vs
いっす	いっす	v5s
えんじ	えんじ	n
おもり	おもり	n
お召	おめし	n
くつろぐ	くつろぐ	v5g
こおり	こおり	n
ごみ箱	ゴミばこ	n
しとやか	しとやか	adj-na
しぶとい	しぶとい	adj-i
たんじょう	たんじょう	vs
つとめる	つとめる	v1
ぶち壊す	ぶちこわす	v5s
もどし	もどし	n
れっきとした	れっきとした	exp
アンジェリカ	アンゼリカ	n
アーチェリー	アーチェリー	n
イチコロ	いちころ	n
イー	イー	n
ウエディングドレス	ウェディングドレス	n
エピローグ	エピローグ	n
オスロ	オスロ	n
カテーテル	カテーテル	n
カルデラ	カルデラ	n
ガラス張り	ガラスばり	n
キャラクタ	キャラクター	n
ギザギザ	ぎざぎざ	n
グラディウス	グラディウス	n
コソボ	コソボ	n
コンディショナー	コンディショナー	n
ゴクゴク	ごくごく	adv
サフラン	サフラン	n
シンシア	シンシア	n
シーサイド	シーサイド	n
シース	シース	n
ジロジロ	じろじろ	adv
ステッチ	ステッチ	n
スペクタクル	スペクタクル	n
ズボラ	ずぼら	adj-na
ゼッケン	ゼッケン	n
タンメン	タンメン	n
ダンク	ダンク	n
ダー	ダー	n
チャージャー	チャージャー	n
ドッグフード	ドッグフード	n
パーラー	パーラー	n
ビフォーアフター	ビフォーアフター	exp
ビーグル	ビーグル	n
フェイクニュース	フェイクニュース	n
フォークリフト	フォークリフト	n
フケ	ふけ	n
フツ	フツ	n
プーマ	プーマ	n
ヘッジファンド	ヘッジファンド	n
ベートーベン	ベートーヴェン	n
ペナルティー	ペナルティー	n
ボーイズラブ	ボーイズラブ	n
ポッケ	ポッケ	n
マスコットキャラクター	マスコットキャラクター	n
マタイ	マタイ	n
マントル	マントル	n
ミーム	ミーム	n
ワンダー	ワンダー	n
下界	げかい	n
不可逆	ふかぎゃく	adj-na
世界銀行	せかいぎんこう	n
人影	ひとかげ	n
付け足し	つけたし	n
但馬	たじま	n
公邸	こうてい	n
兼務	けんむ	vs
再臨	さいりん	vs
冷ややか	ひややか	adj-na
出征	しゅっせい	vs
前文	ぜんぶん	n
割増	わりまし	n
劇画	げきが	n
協業	きょうぎょう	vs
印刷所	いんさつじょ	n
厚生省	こうせいしょう	n
原著	げんちょ	n
厭	いや	adj-na
参事	さんじ	n
反比例	はんぴれい	vs
取り外す	とりはずす	v5s
右往左往	うおうさおう	vs
図柄	ずがら	n
地球儀	ちきゅうぎ	n
型紙	かたがみ	n
執刀	しっとう	vs
外堀	そとぼり	n
天守閣	てんしゅかく	n
太極拳	たいきょくけん	n
奇術	きじゅつ	n
安土	あずち	n
家々	いえいえ	n
小径	こみち	n
尤も	もっとも	conj
山車	だし	n
州兵	しゅうへい	n
引き抜く	ひきぬく	v5k
強権	きょうけん	n
微動	びどう	vs
怒鳴る	どなる	v5r
思索	しさく	vs
怨霊	おんりょう	n
恋仲	こいなか	n
恋歌	こいうた	n
息の根	いきのね	exp
愛飲	あいいん	vs
我儘	わがまま	adj-na
我輩	わがはい	pn
戸棚	とだな	n
所用	しょよう	n
手ほどき	てほどき	vs
押し上げる	おしあげる	v1
持ち家	もちいえ	n
持ち逃げ	もちにげ	vs
搾乳	さくにゅう	vs
擦る	する	v5r
攘夷	じょうい	n
放し飼い	はなしがい	n
敏捷	びんしょう	adj-na
明け暮れ	あけくれ	n
春菊	しゅんぎく	n
時間割	じかんわり	n
札所	ふだしょ	n
桃園	ももぞの	n
梢	こずえ	n
棲む	すむ	v5m
検察庁	けんさつちょう	n
機敏	きびん	adj-na
檀家	だんか	n
次週	じしゅう	n
正答	せいとう	vs
此方	こちら	pn
残り少ない	のこりすくない	adj-i
毒薬	どくやく	n
水際	みずぎわ	n
汚泥	おでい	n
油分	ゆぶん	n
法務局	ほうむきょく	n
浮動	ふどう	vs
清涼飲料水	せいりょういんりょうすい	n
満場一致	まんじょういっち	n
漏えい	ろうえい	vs
潔い	いさぎよい	adj-i
火炎瓶	かえんびん	n
無機質	むきしつ	n
無法者	むほうしゃ	n
無菌	むきん	n
牧歌	ぼっか	n
物語る	ものがたる	v5r
獺	かわうそ	n
玄武	げんぶ	n
球根	きゅうこん	n
生き埋め	いきうめ	n
百鬼夜行	ひゃっきやぎょう	n
盟約	めいやく	vs
直射	ちょくしゃ	vs
県政	けんせい	n
真髄	しんずい	n
睨み	にらみ	n
礼賛	らいさん	vs
神前	しんぜん	n
票数	ひょうすう	n
移譲	いじょう	vs
空欄	くうらん	n
空色	そらいろ	n
空輸	くうゆ	vs
絶世	ぜっせい	n
緩み	ゆるみ	n
腕輪	うでわ	n
般若心経	はんにゃしんぎょう	n
若々しい	わかわかしい	adj-i
荒々しい	あらあらしい	adj-i
華僑	かきょう	n
衣替え	ころもがえ	vs
衰える	おとろえる	v1
衿	えり	n
裏金	うらがね	n
見参	けんざん	vs
詮索	せんさく	vs
貯水池	ちょすいち	n
賤	しず	n
途絶える	とだえる	v1
造詣	ぞうけい	n
連峰	れんぽう	n
進め方	すすめかた	n
逼迫	ひっぱく	vs
遅番	おそばん	n
道しるべ	みちしるべ	n
郵便受け	ゆうびんうけ	n
長旅	ながたび	n
門戸	もんこ	n
開発元	かいはつもと	n
防塵	ぼうじん	n
離散	りさん	vs
雪男	ゆきおとこ	n
電器	でんき	n
露天	ろてん	n
食いつく	くいつく	v5k
馳せる	はせる	v1
駒場	こまば	n
高飛車	たかびしゃ	adj-na
黒っぽい	くろっぽい	adj-i
あずけ	あずけ	n
いいわけ	いいわけ	vs
いちい	いちい	n
うま味	うまみ	n
おおう	おおう	v5u
おおきな	おおきな	
おさん	おさん	n
お祓い	おはらい	n
かいし	かいし	n
かんし	かんし	n
けいれん	けいれん	vs
こねる	こねる	v1
さかん	さかん	adj-na
たぐい	たぐい	n
たたかう	たたかう	v5u
つきあう	つきあう	v5u
とりこ	とりこ	n
なまじ	なまじ	adv
はやし	はやし	n
ふさふさ	ふさふさ	vs
まかない	まかない	n
むちゃ	むちゃ	adj-na
もんじゅ	もんじゅ	n
やるせない	やるせない	adj-i
ゆかた	ゆかた	n
アイマスク	アイマスク	n
アウトソーシング	アウトソーシング	vs
アスタリスク	アスタリスク	n
アボリジニ	アボリジニ	n
アーチスト	アーティスト	n
ウイ	ウィ	int
ウォーミングアップ	ウォーミングアップ	vs
オンタリオ	オンタリオ	n
カモミール	カモミール	n
ガードレール	ガードレール	n
キュレーション	キュレーション	n
キューピー	キューピー	n
ギャン	ギャン	n
ギャー	きゃっ	int
ギャーギャー	ぎゃあぎゃあ	adv
クソリプ	クソリプ	n
クリスマスイブ	クリスマスイブ	n
グラボ	グラボ	n
グランデ	グランデ	n
ケジメ	けじめ	n
コーナ	コーナー	n
ゴキ	ゴキ	n
ゴッドファーザー	ゴッドファーザー	n
サス	サス	n
サモア	サモア	n
サンダーバード	サンダーバード	n
シダ	しだ	n
シナジー	シナジー	n
シリカ	シリカ	n
ジハード	ジハード	n
ストリングス	ストリングス	n
ストリートビュー	ストリートビュー	n
ソレイユ	ソレイユ	n
チャクラ	チャクラ	n
チュニック	チュニック	n
テコ入れ	テコいれ	vs
トド	とど	n
ナデシコ	なでしこ	n
ハイヤー	ハイヤー	n
ハギ	はぎ	n
ピラニア	ピラニア	n
プチプチ	ぷちぷち	vs
ベトベト	ベトベト	vs
ペンション	ペンション	n
ホイ	ほい	int
ボチボチ	ぼちぼち	adv
ボーダーライン	ボーダーライン	n
メルアド	メルアド	n
ユニゾン	ユニゾン	n
ユーモラス	ユーモラス	adj-na
ラジカセ	ラジカセ	n
リスキー	リスキー	adj-na
リバ	リバ	n
リベット	リベット	n
一酸化	いっさんか	adj-na
上機嫌	じょうきげん	adj-na
上皇	じょうこう	n
下級生	かきゅうせい	n
不衛生	ふえいせい	adj-na
丞相	じょうしょう	n
丸焼き	まるやき	n
乗っ取る	のっとる	v5r
人ごみ	ひとごみ	n
仔猫	こねこ	n
仕込む	しこむ	v5m
他殺	たさつ	n
代筆	だいひつ	vs
会心	かいしん	vs
係わる	かかわる	v5r
信管	しんかん	n
側溝	そっこう	n
全壊	ぜんかい	vs
全館	ぜんかん	n
処す	しょす	v5s
初段	しょだん	n
別枠	べつわく	n
割り出し	わりだし	n
割り勘	わりかん	n
化膿	かのう	vs
半信半疑	はんしんはんぎ	n
南無	なむ	conj
原生	げんせい	n
叔母さん	おばさん	n
取締り	とりしまり	n
口角	こうかく	n
口語	こうご	n
叩き込む	たたきこむ	v5m
名医	めいい	n
呼び声	よびごえ	n
命ずる	めいずる	v1
商船	しょうせん	n
嘆かわしい	なげかわしい	adj-i
四半世紀	しはんせいき	n
四苦八苦	しくはっく	vs
堕胎	だたい	vs
堰	せき	n
墓標	ぼひょう	n
夏至	げし	n
外形	がいけい	n
外遊	がいゆう	vs
大発見	だいはっけん	n
大知	たいち	n
天命	てんめい	n
太股	ふともも	n
奇麗	きれい	adj-na
女王蜂	じょおうばち	n
実直	じっちょく	adj-na
室外	しつがい	n
宿場	しゅくば	n
寝顔	ねがお	n
察する	さっする	vs
小夏	こなつ	n
小競り合い	こぜりあい	vs
巨人軍	きょじんぐん	n
幾らか	いくらか	adv
度肝	どぎも	n
引き伸ばし	ひきのばし	n
引き抜き	ひきぬき	n
引き込む	ひきこむ	v5m
弾み	はずみ	n
徴候	ちょうこう	n
心外	しんがい	adj-na
心室	しんしつ	n
心象	しんしょう	n
恐らくは	おそらくは	exp
戦意	せんい	n
抜け穴	ぬけあな	n
押し込み	おしこみ	n
揺さぶり	ゆさぶり	n
摩天楼	まてんろう	n
日和見	ひよりみ	vs
日持ち	ひもち	n
早慶	そうけい	n
明治天皇	めいじてんのう	n
星屑	ほしくず	n
曇り空	くもりぞら	n
枯葉	かれは	n
榛	はしばみ	n
槻	けやき	n
樹液	じゅえき	n
民話	みんわ	n
気弱	きよわ	adj-na
水遊び	みずあそび	vs
水飲み	みずのみ	n
没入	ぼつにゅう	vs
波乗り	なみのり	vs
海南	かいなん	n
海難	かいなん	n
淡白	たんぱく	adj-na
満悦	まんえつ	vs
煙幕	えんまく	n
熱弁	ねつべん	n
燃え上がる	もえあがる	v5r
爆散	ばくさん	vs
爪楊枝	つまようじ	n
物腰	ものごし	n
猶	なお	adv
甘やかす	あまやかす	v5s
甚平	じんべい	n
生気	せいき	n
畝	うね	n
略式	りゃくしき	n
疑	ぎ	n
発給	はっきゅう	vs
白日	はくじつ	n
白露	しらつゆ	n
盛り付け	もりつけ	n
目尻	めじり	n
盲信	ぼうしん	vs
盲目的	もうもくてき	adj-na
眠たい	ねむたい	adj-i
矮小	わいしょう	adj-na
硝酸	しょうさん	n
神子	みこ	n
神霊	しんれい	n
秋津	あきつ	n
秋祭り	あきまつり	n
秋風	あきかぜ	n
稚	やや	n
空戦	くうせん	n
突飛	とっぴ	adj-na
立ち止まる	たちどまる	v5r
端数	はすう	n
竹刀	しない	n
精細	せいさい	adj-na
精緻	せいち	adj-na
納骨	のうこつ	vs
結び方	むすびかた	n
絞殺	こうさつ	vs
耽美	たんび	n
聖典	せいてん	n
腕立て	うでたて	vs
至難	しなん	adj-na
花月	かげつ	n
花木	かぼく	n
若宮	わかみや	n
草履	ぞうり	n
蔑称	べっしょう	n
薬師	やくし	n
血の気	ちのけ	exp
製材	せいざい	vs
西京	さいきょう	n
規則正しい	きそくただしい	adj-i
語り手	かたりて	n
調度	ちょうど	n
調律	ちょうりつ	vs
警視総監	けいしそうかん	n
谷町	たにまち	n
賽銭	さいせん	n
転進	てんしん	vs
連ねる	つらねる	v1
野犬	やけん	n
鉄塔	てっとう	n
鉢植え	はちうえ	n
鋭	えい	n
閉幕	へいまく	vs
開港	かいこう	vs
陰影	いんえい	n
雑煮	ぞうに	n
雑言	ぞうごん	n
雛人形	ひなにんぎょう	n
霊力	れいりょく	n
霊夢	れいむ	n
静粛	せいしゅく	adj-na
音階	おんかい	n
食する	しょくする	vs
馴れ合い	なれあい	n
駆け足	かけあし	n
高位	こうい	adj-na
高菜	たかな	n
鬼頭	おにがしら	n
あこがれる	あこがれる	v1
あやかし	あやかし	n
いざこざ	いざこざ	n
いっし	いっし	n
うつし	うつし	n
おこがましい	おこがましい	adj-i
お祭り騒ぎ	おまつりさわぎ	n
かすり	かすり	n
きな粉	きなこ	n
ぐるり	ぐるり	n
さえずり	さえずり	n
せいせい	せいせい	n
ちかい	ちかい	adj-i
ちょびっと	ちょびっと	adv
つかの間	つかのま	exp
つっこみ	つっこみ	n
できあがり	できあがり	n
とどめる	とどめる	v1
ひふみ	ひふみ	n
ふかし	ふかし	n
みやま	みやま	n
やおや	やおや	n
アスペクト	アスペクト	n
アフィリ	アフィリ	n
アムール	アムール	n
インポ	インポ	n
ウィキ	ウィキ	n
オーボエ	オーボエ	n
カタルシス	カタルシス	n
カツアゲ	カツあげ	vs
カルフォルニア	カリフォルニア	n
キャッキャ	きゃっきゃっ	n
キューピッド	キューピッド	n
キンキン	きんきん	vs
キール	キール	n
クレンジング	クレンジング	vs
グズグズ	ぐずぐず	vs
グラグラ	グラグラ	vs
グリニッジ	グリニッジ	n
コンコン	コンコン	adv
コンベア	コンベア	n
ゴーン	ゴーン	n
サイドバック	サイドバック	n
サラブレッド	サラブレッド	n
サンキュ	サンキュー	int
ザクロ	ざくろ	n
ジャッカル	ジャッカル	n
ジャブジャブ	じゃぶじゃぶ	adv
スリリング	スリリング	adj-na
センセーショナル	センセーショナル	adj-na
テンパ	てんパ	n
ネバネバ	ねばねば	vs
ヒラ	ひら	n
ビギナー	ビギナー	n
ビター	ビター	adj-na
ビー玉	ビーだま	n
フェイント	フェイント	n
フォトグラファー	フォトグラファー	n
フラストレーション	フラストレーション	n
ブレイブ	ブレイブ	n
ベビーベッド	ベビーベッド	n
ペンシル	ペンシル	n
ホトトギス	ほととぎす	n
ポタージュ	ポタージュ	n
ミロ	マイロ	n
メテオ	メテオ	n
モルダー	モルダー	n
ヤベー	やべー	n
ライラック	ライラック	n
リボルバー	リボルバー	n
リーマー	リーマー	n
ロケットランチャー	ロケットランチャー	n
ローカライズ	ローカライズ	n
ワンパターン	ワンパターン	n
一介	いっかい	n
一所懸命	いっしょけんめい	adj-na
七味	しちみ	n
上げ下げ	あげさげ	vs
不断	ふだん	n
中腹	ちゅうふく	n
乳腺	にゅうせん	n
人でなし	ひとでなし	n
今春	こんしゅん	n
代り	かわり	n
代走	だいそう	n
低調	ていちょう	adj-na
併殺	へいさつ	vs
個所	かしょ	n
借り物	かりもの	n
内省	ないせい	vs
内股	うちまた	n
再犯	さいはん	n
出来栄え	できばえ	n
分煙	ぶんえん	n
切磋琢磨	せっさたくま	vs
前部	ぜんぶ	n
力仕事	ちからしごと	n
勝算	しょうさん	n
協和	きょうわ	vs
印象派	いんしょうは	n
印象深い	いんしょうぶかい	adj-i
厩	うまや	n
参詣	さんけい	vs
取消し	とりけし	n
吃音	きつおん	n
告別	こくべつ	vs
命乞い	いのちごい	vs
咎	とが	n
哲人	てつじん	n
国教	こっきょう	n
地力	ちりょく	n
地学	ちがく	n
地銀	ちぎん	n
城内	じょうない	n
基軸	きじく	n
塗り替える	ぬりかえる	v1
壮観	そうかん	n
外套	がいとう	n
外洋	がいよう	n
大粒	おおつぶ	n
天保	てんぽう	n
契り	ちぎり	n
女のコ	おんなのこ	exp
姿見	すがたみ	n
安らぐ	やすらぐ	v5g
宛名	あてな	n
実存	じつぞん	vs
家路	いえじ	n
将官	しょうかん	n
小包	こづつみ	n
小細工	こざいく	n
小腸	しょうちょう	n
尿意	にょうい	n
屈曲	くっきょく	vs
屋号	やごう	n
帰り際	かえりぎわ	n
帰投	きとう	vs
干潟	ひがた	n
年産	ねんさん	n
年鑑	ねんかん	n
序曲	じょきょく	n
庸	よう	n
弁理	べんり	vs
引き下げる	ひきさげる	v1
引っ掛かる	ひっかかる	v5r
徳用	とくよう	n
手渡す	てわたす	v5s
打上げ	うちあげ	n
打算	ださん	vs
抑留	よくりゅう	vs
押印	おういん	vs
挙がる	あがる	v5r
掲揚	けいよう	vs
撃ち合い	うちあい	n
撮像	さつぞう	vs
斑鳩	いかる	n
新開	しんかい	n
新鮮味	しんせんみ	n
日出	にっしゅつ	n
日日	ひにち	n
春一番	はるいちばん	n
時流	じりゅう	n
晶子	しょうし	n
未来永劫	みらいえいごう	n
本籍	ほんせき	n
村雨	むらさめ	n
松風	まつかぜ	n
査読	さどく	vs
核保有	かくほゆう	n
根絶やし	ねだやし	n
棚上げ	たなあげ	vs
概況	がいきょう	n
機甲	きこう	n
機雷	きらい	n
次号	じごう	n
欺く	あざむく	v5k
毅然	きぜん	adv
氏族	しぞく	n
洋館	ようかん	n
流れ込む	ながれこむ	v5m
浮腫	むくみ	n
渦巻き	うずまき	n
溜り	たまり	n
火砕流	かさいりゅう	n
無益	むえき	adj-na
焼き魚	やきざかな	n
煮付け	につけ	n
熱帯夜	ねったいや	n
珊瑚礁	サンゴしょう	n
珍妙	ちんみょう	adj-na
発禁	はっきん	n
白虎	びゃっこ	n
皿洗い	さらあらい	n
目頭	めがしら	n
看過	かんか	vs
着心地	きごこち	n
睡魔	すいま	n
矢倉	やぐら	n
石版	せきばん	n
礼服	れいふく	n
社民	しゃみん	n
神体	しんたい	n
私欲	しよく	n
空力	くうりき	n
紡ぎ	つむぎ	n
終生	しゅうせい	n
緑内障	りょくないしょう	n
練乳	れんにゅう	n
美姫	びき	n
老廃	ろうはい	vs
老衰	ろうすい	vs
聞き覚え	ききおぼえ	n
脇の下	わきのした	n
臼歯	きゅうし	n
芳樹	ほうじゅ	n
苦渋	くじゅう	vs
茶室	ちゃしつ	n
虚ろ	うつろ	n
蜃気楼	しんきろう	n
行く手	ゆくて	n
行間	ぎょうかん	n
裁決	さいけつ	vs
西遊	せいゆう	vs
触れ込み	ふれこみ	n
語呂合わせ	ごろあわせ	n
論拠	ろんきょ	n
諭し	さとし	n
貢ぎ	みつぎ	n
貪る	むさぼる	v5r
貴婦人	きふじん	n
足がかり	あしがかり	n
跳ね上がる	はねあがる	v5r
身構え	みがまえ	n
軍歌	ぐんか	n
返送	へんそう	vs
逆風	ぎゃくふう	n
通り抜ける	とおりぬける	v1
通念	つうねん	n
遊び人	あそびにん	n
道標	どうひょう	n
避暑	ひしょ	vs
里芋	さといも	n
鈴蘭	すずらん	n
鉄器	てっき	n
鍔	つば	n
闇市	やみいち	n
隠し事	かくしごと	vs
集成	しゅうせい	vs
雇い主	やといぬし	n
雉	きじ	n
霊廟	れいびょう	n
非凡	ひぼん	adj-na
類人猿	るいじんえん	n
験	げん	n
鱈	たら	n
黒曜石	こくようせき	n
あぐら	あぐら	n
あてはまる	あてはまる	v5r
うつくしい	うつくしい	adj-i
おねしょ	おねしょ	vs
お布施	おふせ	vs
お蔭	おかげ	n
かき揚げ	かきあげ	n
かまえ	かまえ	n
からい	からい	adj-i
がんがん	がんがん	adv
きょく	きょく	n
けん引	けんいん	vs
さすらい	さすらい	vs
さらり	さらり	adv
すごす	すごす	v5s
すずこ	すずこ	n
すもも	すもも	n
ただ中	ただなか	n
たんに	たんに	adv
つきまとう	つきまとう	v5u
とっつき	とっつき	n
とばっちり	とばっちり	n
どろどろ	どろどろ	n
はかない	はかない	adj-i
ひと目	ひとめ	n
ほくほく	ほくほく	vs
ほど遠い	ほどとおい	adj-i
みつば	みつば	n
もぐら	もぐら	n
やせる	やせる	v1
ゆがみ	ゆがみ	n
よそ者	よそもの	n
アセンブリ	アセンブリ	n
イタリア製	イタリアせい	n
インターチェンジ	インターチェンジ	n
インライン	インライン	n
ウォー	ウォー	n
ウレタン	ウレタン	n
エクストラ	エクストラ	n
エバ	エバー	adv
エンター	エンター	n
エンターテイナー	エンターテイナー	n
オフショア	オフショア	n
キプロス	キプロス	n
コーチング	コーチング	n
サテン	サテン	n
サンドウィッチ	サンドイッチ	n
ザクザク	ザクザク	adv
シク	シーク	n
ショベル	シャベル	n
ジェノサイド	ジェノサイド	n
ジーザス	ジーザス	n
スタント	スタント	n
ステイ	ステイ	vs
スラックス	スラックス	n
セーリング	セーリング	n
ターニングポイント	ターニングポイント	n
ターバン	ターバン	n
ダラー	ダラー	n
デイサービス	デイサービス	n
ドローイング	ドローイング	n
ナゲット	ナゲット	n
ハゼ	はぜのき	n
バトンタッチ	バトンタッチ	vs
バニーガール	バニーガール	n
パーン	パーン	n
ヒドラ	ヒドラ	n
ヒンディー	ヒンディー	n
ピスタチオ	ピスタチオ	n
ファミリア	ファミリア	n
フナ	ふな	n
フーガ	フーガ	n
ブルネイ	ブルネイ	n
ヘスティア	ヘスティア	n
ヘルム	ヘルム	n
ベルファスト	ベルファスト	n
ペペロンチーノ	ペペロンチーノ	n
ボイド	ボイド	n
ポロポロ	ぽろぽろ	vs
マーラー	マーラー	n
ミディ	ミディ	n
モノクローム	モノクローム	n
モノトーン	モノトーン	n
モルドバ	モルドバ	n
ヨモギ	よもぎ	n
リネン	リネン	n
リライト	リライト	vs
リーゼント	リーゼント	n
七面鳥	しちめんちょう	n
三輪車	さんりんしゃ	n
下向	げこう	vs
不和	ふわ	adj-na
不慮	ふりょ	n
中編	ちゅうへん	n
人見	ひとみ	n
今に	いまに	adv
休学	きゅうがく	vs
何もの	なにもの	n
余す	あます	v5s
使役	しえき	vs
信ずる	しんずる	v1
倒木	とうぼく	n
全廃	ぜんぱい	vs
再来年	さらいねん	n
写本	しゃほん	n
凍土	とうど	n
切り身	きりみ	n
前週	ぜんしゅう	n
剥がれる	はがれる	v1
千里眼	せんりがん	n
卒倒	そっとう	vs
南京錠	なんきんじょう	n
単細胞	たんさいぼう	n
原木	げんぼく	n
原野	げんや	n
厳粛	げんしゅく	adj-na
収奪	しゅうだつ	vs
受入	うけいれ	n
受身	うけみ	n
合板	ごうはん	n
吊るす	つるす	v5s
同和	どうわ	n
同局	どうきょく	n
同系	どうけい	n
名山	めいざん	n
和らぐ	やわらぐ	v5g
回覧	かいらん	vs
夜市	よいち	n
大戸	おおど	n
大潮	おおしお	n
奏法	そうほう	n
好景気	こうけいき	n
姑息	こそく	adj-na
宣教	せんきょう	vs
寝かせる	ねかせる	v1
小回り	こまわり	n
小言	こごと	n
山井	やまい	n
帆船	はんせん	n
帯同	たいどう	vs
平静	へいせい	adj-na
幼年	ようねん	n
延ばす	のばす	v5s
形質	けいしつ	n
御子	みこ	n
心温まる	こころあたたまる	v5r
悉く	ことごとく	adv
成り上がり	なりあがり	n
戸口	とぐち	n
打ち勝つ	うちかつ	v5t
招待客	しょうたいきゃく	n
揉める	もめる	v1
政争	せいそう	n
数奇	すうき	n
文部省	もんぶしょう	n
日用	にちよう	n
早とちり	はやとちり	vs
暖簾	のれん	n
暗転	あんてん	vs
書留	かきとめ	n
月影	げつえい	n
月食	げっしょく	n
有り様	ありさま	n
本学	ほんがく	n
杜撰	ずさん	adj-na
来賓	らいひん	n
東南	とうなん	n
板金	ばんきん	n
果ては	はては	exp
森羅万象	しんらばんしょう	n
歌人	うたびと	n
歩数	ほすう	n
死別	しべつ	vs
死活	しかつ	n
水虫	みずむし	n
水鉄砲	みずでっぽう	n
汁物	しるもの	n
沈殿	ちんでん	vs
沿道	えんどう	n
泰山	たいざん	n
派出所	はしゅつじょ	n
流浪	るろう	vs
浄土	じょうど	n
浴びせる	あびせる	v1
溜まり場	たまりば	n
滞り	とどこおり	n
漆喰	しっくい	n
漆器	しっき	n
演繹	えんえき	vs
演芸	えんげい	n
激昂	げっこう	vs
激論	げきろん	vs
炉心	ろしん	n
無惨	むざん	adj-na
焦土	しょうど	n
煉瓦	れんが	n
熟慮	じゅくりょ	n
熟読	じゅくどく	vs
熱戦	ねっせん	n
玉音	ぎょくおん	n
珍味	ちんみ	n
球速	きゅうそく	n
甲虫	かぶとむし	n
番頭	ばんとう	n
異聞	いぶん	n
皇国	こうこく	n
知ったかぶり	しったかぶり	vs
石畳	いしだたみ	n
破断	はだん	vs
礫	つぶて	n
社殿	しゃでん	n
突き刺す	つきさす	v5s
端麗	たんれい	adj-na
糞尿	ふんにょう	n
紛糾	ふんきゅう	vs
統べる	すべる	v1
綴	つづり	n
総員	そういん	n
総意	そうい	n
総社	そうじゃ	n
総評	そうひょう	vs
織り成す	おりなす	v5s
罵る	ののしる	v5r
罵詈	ばり	vs
耐用	たいよう	n
聖夜	せいや	n
職責	しょくせき	n
肥後	ひご	n
背もたれ	せもたれ	n
脈拍	みゃくはく	n
臼	うす	n
興国	こうこく	vs
舎弟	しゃてい	n
芽生える	めばえる	v1
蜜柑	みかん	n
表象	ひょうしょう	vs
袋叩き	ふくろだたき	vs
見納め	みおさめ	n
言い聞かせる	いいきかせる	v1
訪米	ほうべい	vs
誘引	ゆういん	vs
論証	ろんしょう	vs
転がす	ころがす	v5s
追手	おいて	n
造反	ぞうはん	vs
酒好き	さけずき	n
金鉱	きんこう	n
長蛇	ちょうだ	n
雌雄	しゆう	n
雨季	うき	n
音感	おんかん	n
頷き	うなずき	n
顕示	けんじ	vs
馬乗り	うまのり	n
鯱	しゃち	n
黄砂	こうさ	n
黒豆	くろまめ	n
うさんくさい	うさんくさい	adj-i
おこり	おこり	n
きまぐれ	きまぐれ	adj-na
ぐんぐん	ぐんぐん	adv
こういち	こういち	n
ことさら	ことさら	adv
こはる	こはる	n
さだめ	さだめ	n
さわら	さわら	n
しぶしぶ	しぶしぶ	adv
しんみり	しんみり	vs
せこい	せこい	adj-i
たらふく	たらふく	adv
ちゃぶ台	ちゃぶだい	n
つわり	つわり	n
とかく	とかく	vs
とまれ	とまれ	exp
ふるえ	ふるえ	n
ぶん殴る	ぶんなぐる	v5r
ほのめかし	ほのめかし	n
みのる	みのる	v5r
みはる	みはる	v5r
やまし	やまし	n
わかし	わかし	n
アゲハ	あげは	n
アバウト	アバウト	adj-na
アミューズ	アミューズ	n
アルマジロ	アルマジロ	n
アーカイブス	アーカイブス	n
イメージダウン	イメージダウン	vs
ウィッチ	ウィッチ	n
ウズラ	うずら	n
エロティック	エロチック	adj-na
オイスター	オイスター	n
オフショット	オフショット	n
オートマチック	オートマチック	adj-na
オーバーヒート	オーバーヒート	vs
カゲロウ	かげろう	n
カットイン	カットイン	exp
カラカス	カラカス	n
クランベリー	クランベリー	n
クレージー	クレージー	adj-na
ケイ素	ケイそ	n
ケール	ケール	n
コリー	コリー	n
シミュレート	シミュレート	vs
シャンソン	シャンソン	n
シューベルト	シューベルト	n
スウィート	スイート	adj-na
スベスベ	すべすべ	vs
セレス	ケレス	n
タッチペン	タッチペン	n
ディスプレー	ディスプレイ	vs
ディッシュ	ディッシュ	n
デリカ	デリカ	adj-na
トレンチ	トレンチ	n
トロン	トロン	n
ニュースキャスター	ニュースキャスター	n
ネアンデルタール	ネアンデルタール	n
ハイペース	ハイペース	n
ハンドリング	ハンドリング	vs
ハーフタイム	ハーフタイム	n
バザール	バザー	n
バッシュ	バッシュ	n
バッタリ	ばったり	adv
パサパサ	パサパサ	vs
パン粉	パンこ	n
フィットネス	フィットネス	n
フォール	フォール	vs
フラスコ	フラスコ	n
ブッチ	ブッチ	vs
ブルペン	ブルペン	n
ブロッキング	ブロッキング	n
ブート	ブート	vs
プロイセン	プロイセン	n
ヘディング	ヘディング	n
ホッキョクグマ	ほっきょくぐま	n
ホテヘル	ホテヘル	n
マッキントッシュ	マッキントッシュ	n
マツエク	まつエク	n
ラジエーター	ラジエーター	n
ロート	じょうご	n
ワセリン	ワセリン	n
一大事	いちだいじ	n
万葉集	まんようしゅう	n
下士官	かしかん	n
不可抗力	ふかこうりょく	n
不朽	ふきゅう	n
丑	うし	n
両氏	りょうし	n
互助	ごじょ	n
亡骸	なきがら	n
人通り	ひとどおり	n
代案	だいあん	n
任侠	にんきょう	adj-na
余念	よねん	n
佳作	かさく	n
併発	へいはつ	vs
依る	よる	v5r
修習	しゅうしゅう	n
倍速	ばいそく	n
倦怠	けんたい	vs
停める	とめる	v1
先住	せんじゅう	n
全快	ぜんかい	vs
内在	ないざい	vs
再掲	さいけい	vs
冷え込み	ひえこみ	n
出回り	でまわり	n
刑部	けいぶ	n
初々しい	ういういしい	adj-i
初雪	はつゆき	n
割り切れる	わりきれる	v1
創成	そうせい	vs
北門	きたもん	n
南半球	みなみはんきゅう	n
即応	そくおう	vs
取り掛かる	とりかかる	v5r
取り替える	とりかえる	v1
叙事詩	じょじし	n
叙情	じょじょう	n
古戦場	こせんじょう	n
叩きつける	たたきつける	v1
召使	めしつかい	n
召使い	めしつかい	n
合議	ごうぎ	vs
同誌	どうし	n
命取り	いのちとり	n
哀	あい	n
因果応報	いんがおうほう	n
堅物	かたぶつ	n
報いる	むくいる	v1
塩田	えんでん	n
売名	ばいめい	n
夜逃げ	よにげ	vs
大広間	おおひろま	n
大波	おおなみ	n
天竜	てんりゅう	n
奪い合う	うばいあう	v5u
姥	うば	n
寺内	じない	n
小熊	こぐま	n
常勝	じょうしょう	n
幕間	まくあい	n
店番	みせばん	vs
度外視	どがいし	vs
張り出し	はりだし	n
当てはめる	あてはめる	v1
役回り	やくまわり	n
御手洗	みたらし	n
微力	びりょく	n
心して	こころして	exp
心機一転	しんきいってん	vs
急きょ	きゅうきょ	adv
悠々	ゆうゆう	adv
愛染	あいぜん	n
所内	しょない	n
投書	とうしょ	vs
折り返す	おりかえす	v5s
拝む	おがむ	v5m
振り出し	ふりだし	n
挺	ちょう	ctr
整然	せいぜん	adv
敷物	しきもの	n
文末	ぶんまつ	n
断トツ	だんトツ	n
旗揚げ	はたあげ	vs
日当たり	ひあたり	n
映し出す	うつしだす	v5s
春巻き	はるまき	n
書き留め	かきとめ	n
有期	ゆうき	n
朝焼け	あさやけ	n
木炭	もくたん	n
来春	らいしゅん	n
棍棒	こんぼう	n
檸檬	レモン	n
歓送	かんそう	vs
正和	しょうわ	n
歩合	ぶあい	n
水爆	すいばく	n
江戸城	えどじょう	n
活劇	かつげき	n
浅見	せんけん	n
消え去る	きえさる	v5r
涙腺	るいせん	n
温泉郷	おんせんきょう	n
湯豆腐	ゆどうふ	n
火付け	ひつけ	vs
火消し	ひけし	n
炬燵	こたつ	n
無理強い	むりじい	vs
煮込む	にこむ	v5m
物書き	ものかき	n
狂喜	きょうき	vs
猛虎	もうこ	n
発走	はっそう	vs
真っすぐ	まっすぐ	adj-na
砲兵	ほうへい	n
私有	しゆう	vs
突貫	とっかん	vs
立ち入る	たちいる	v5r
笑いもの	わらいもの	n
糖類	とうるい	n
結びつき	むすびつき	n
聞き出す	ききだす	v5s
育英	いくえい	n
胃酸	いさん	n
胸毛	むなげ	n
脂身	あぶらみ	n
自営	じえい	vs
若造	わかぞう	n
茂み	しげみ	n
茶漬け	ちゃづけ	n
蕁麻疹	じんましん	n
藩士	はんし	n
藻類	そうるい	n
行く先	ゆくさき	n
表する	ひょうする	vs
見劣り	みおとり	vs
解き明かす	ときあかす	v5s
解する	かいする	vs
解党	かいとう	vs
解法	かいほう	n
請負人	うけおいにん	n
論法	ろんぽう	n
議定	ぎてい	vs
貧富	ひんぷ	n
越冬	えっとう	vs
踏み入れる	ふみいれる	v1
踏み込み	ふみこみ	n
退室	たいしつ	vs
逐次	ちくじ	adv
遊郭	ゆうかく	n
部首	ぶしゅ	n
酎	ちゅう	n
鉄棒	てつぼう	n
銘菓	めいか	n
鋳鉄	ちゅうてつ	n
鎮	ちん	n
門出	かどで	vs
閃き	ひらめき	n
防壁	ぼうへき	n
隔壁	かくへき	n
離乳食	りにゅうしょく	n
音読み	おんよみ	vs
風疹	ふうしん	n
飛び散る	とびちる	v5r
養父	ようふ	n
骨太	ほねぶと	n
鰤	ぶり	n
あいし	あいし	n
あわや	あわや	adv
いちょう	いちょう	n
うるおい	うるおい	n
おおまか	おおまか	adj-na
お裾分け	おすそわけ	vs
かかし	かかし	n
かざす	かざす	v5s
かたわら	かたわら	n
くねくね	くねくね	vs
こなれ	こなれ	n
しょんぼり	しょんぼり	vs
すいか	すいか	vs
すかし	すかし	n
すっぱい	すっぱい	adj-i
せせらぎ	せせらぎ	n
そんなふうに	そんなふうに	exp
たたかい	たたかい	n
たわし	たわし	n
ちいさい	ちいさい	adj-i
てんとう	てんとう	n
とうき	とうき	n
どさくさ	どさくさ	n
なおも	なおも	adv
はしか	はしか	n
はんぺん	はんぺん	n
ひっくり返る	ひっくりかえる	v5r
ひとまとめ	ひとまとめ	n
びより	びより	n
ぶちまける	ぶちまける	v1
みつける	みつける	v1
みやげ	みやげ	n
むなしい	むなしい	adj-i
ものがたり	ものがたり	vs
アカシア	アカシア	n
アクアマリン	アクアマリン	n
アセスメント	アセスメント	n
アパッチ	アパッチ	n
アフィリエイター	アフィリエイター	n
アンゴラ	アンゴラ	n
エコロジー	エコロジー	n
エッチング	エッチング	vs
エントロピー	エントロピー	n
オフレコ	オフレコ	n
オーバーラン	オーバーラン	vs
カウンタ	カウンター	n
カラメル	カラメル	n
カレイ	かれい	n
キャミ	キャミ	n
キーマン	キーマン	n
ククク	ククク	int
クジャク	くじゃく	n
クリプトン	クリプトン	n
クリーンアップ	クリーンアップ	n
グライダー	グライダー	n
グリーンピース	グリーンピース	n
ケベック	ケベック	n
ゲストハウス	ゲストハウス	n
コッソリ	こっそり	adv
コンバース	コンバース	n
サッシ	サッシ	n
サンタフェ	サンタフェ	n
ザウルス	ザウルス	n
シギ	しぎ	n
シンナー	シンナー	n
ジェイド	ジェイド	n
ジャスパー	ジャスパー	n
ジャッキ	ジャッキ	n
ジョーズ	ジョーズ	n
スサノオ	スサノオ	n
スプリンター	スプリンター	n
スローモーション	スローモーション	n
セピア	セピア	n
ソロアルバム	ソロアルバム	n
ソーン	ソーン	n
ダライ	ダライ	n
チューン	チューン	n
チームリーダー	チームリーダー	n
ドバドバ	どばどば	adv
ナイロビ	ナイロビ	n
ハードカバー	ハードカバー	n
バイオレンス	バイオレンス	n
ビミョー	びみょう	adj-na
ファイン	ファイン	n
フサフサ	ふさふさ	vs
フリーメイソン	フリーメイソン	n
ブラウザー	ブラウザ	n
ブランディング	ブランディング	vs
ブリッツ	ブリッツ	n
プラネット	プラネット	n
ペンチ	ペンチ	n
ボルダリング	ボルダリング	n
マイカ	マイカ	n
マネーロンダリング	マネーロンダリング	n
ミジンコ	みじんこ	n
ミモザ	ミモザ	n
メット	メット	n
モノローグ	モノローグ	n
モルディブ	マルディブ	n
リグ	リグ	n
リディア	リディア	n
レフェリー	レフェリー	n
一徹	いってつ	adj-na
不可分	ふかぶん	n
不正確	ふせいかく	adj-na
不治の病	ふじのやまい	n
个	か	ctr
乗り遅れる	のりおくれる	v1
乗り降り	のりおり	vs
事実無根	じじつむこん	n
会計検査院	かいけいけんさいん	n
住まう	すまう	v5u
信金	しんきん	n
傍若無人	ぼうじゃくぶじん	n
傷み	いたみ	n
先決	せんけつ	vs
先立つ	さきだつ	v5t
兼ねる	かねる	v1
内密	ないみつ	n
凡庸	ぼんよう	adj-na
切り込み	きりこみ	n
初球	しょきゅう	n
利他	りた	n
労基法	ろうきほう	n
半壊	はんかい	vs
南端	なんたん	n
博識	はくしき	n
取り沙汰	とりざた	vs
台紙	だいし	n
叱咤	しった	vs
合わす	あわす	v5s
合祀	ごうし	vs
吊り橋	つりばし	n
同率	どうりつ	n
同軸	どうじく	n
名分	めいぶん	n
吐血	とけつ	vs
吸い込み	すいこみ	n
善き	よき	n
嘱託	しょくたく	vs
噴く	ふく	v5k
因幡	いなば	n
団扇	うちわ	n
図々しい	ずうずうしい	adj-i
在位	ざいい	vs
埋設	まいせつ	vs
塩梅	あんばい	n
増資	ぞうし	vs
大挙	たいきょ	vs
天元	てんげん	n
好条件	こうじょうけん	n
妄言	もうげん	n
定刻	ていこく	n
実る	みのる	v5r
客引き	きゃくひき	vs
容態	ようだい	n
寂	さび	n
対地	たいち	n
小刻み	こきざみ	n
工員	こういん	n
巨体	きょたい	n
布地	ぬのじ	n
師走	しわす	n
干ばつ	かんばつ	n
広間	ひろま	n
弔う	とむらう	v5u
情況	じょうきょう	n
愁傷	しゅうしょう	vs
戴き	いただき	n
手拍子	てびょうし	vs
手狭	てぜま	adj-na
手触り	てざわり	n
打ち消し	うちけし	n
拡声	かくせい	vs
掛け金	かけがね	n
控え室	ひかえしつ	n
控室	ひかえしつ	n
数列	すうれつ	n
文才	ぶんさい	n
断水	だんすい	vs
方正	ほうせい	adj-na
日暮	ひぐれ	n
曹	そう	n
未踏	みとう	n
枝葉	しよう	n
栄える	さかえる	v1
樺	かば	n
正念場	しょうねんば	n
武具	ぶぐ	n
水浸し	みずびたし	n
泣き叫ぶ	なきさけぶ	v5b
活路	かつろ	n
涎	よだれ	n
深雪	しんせつ	n
混	こん	n
満身	まんしん	n
激高	げきだか	adj-na
濡らす	ぬらす	v5s
焼成	しょうせい	vs
父方	ちちかた	n
物証	ぶっしょう	n
狼煙	のろし	n
猛攻	もうこう	vs
発露	はつろ	vs
的場	まとば	n
目論む	もくろむ	v5m
直訴	じきそ	vs
直轄	ちょっかつ	vs
真後ろ	まうしろ	n
矜持	きょうじ	n
突破口	とっぱこう	n
端正	たんせい	adj-na
篤志	とくし	n
組み替え	くみかえ	vs
組員	くみいん	n
結び付ける	むすびつける	v1
絶唱	ぜっしょう	vs
美声	びせい	n
群生	ぐんせい	vs
群青	ぐんじょう	n
職能	しょくのう	n
肉欲	にくよく	n
腱鞘炎	けんしょうえん	n
腹黒い	はらぐろい	adj-i
自陣	じじん	n
薙刀	なぎなた	n
薮	やぶ	n
藍色	あいいろ	n
虚栄	きょえい	n
被せる	かぶせる	v1
裂く	さく	v5k
裂け目	さけめ	n
裏打ち	うらうち	vs
見破る	みやぶる	v5r
親元	おやもと	n
詭弁	きべん	n
調製	ちょうせい	vs
請け	うけ	n
諸氏	しょし	n
謀反	むほん	vs
貧相	ひんそう	adj-na
贄	にえ	n
軟化	なんか	vs
軽口	かるくち	n
迎合	げいごう	vs
返る	かえる	v5r
迫撃	はくげき	vs
逃げ切る	にげきる	v5r
造花	ぞうか	n
過重	かじゅう	adj-na
適齢	てきれい	n
醸し出す	かもしだす	v5s
鈍化	どんか	vs
鉤	かぎ	n
防除	ぼうじょ	vs
隠遁	いんとん	vs
難癖	なんくせ	n
難色	なんしょく	n
電位	でんい	n
顕彰	けんしょう	vs
類推	るいすい	n
飛び出る	とびでる	v1
食べもの	たべもの	n
飲み食い	のみくい	vs
養豚	ようとん	n
鶯谷	おうこく	n
鼻息	はないき	n
おっちょこちょい	おっちょこちょい	n
お山	おやま	n
くすん	くすん	n
くよくよ	くよくよ	vs
ぐうたら	ぐうたら	n
けん玉	けんだま	n
こわす	こわす	v5s
ご用	ごよう	n
それとなく	それとなく	adv
たいこ	たいこ	adv
たまり場	たまりば	n
ちやほや	ちやほや	vs
でんわ	でんわ	vs
どこら	どこら	n
ばんばん	ばんばん	adv
ひろしま	ひろしま	n
ぶっ飛ばす	ぶっとばす	v5s
まやかし	まやかし	n
やっつける	やっつける	v1
やり過ごす	やりすごす	v5s
ゆだね	ゆだね	n
ろうと	ろうと	n
アイリッシュ	アイリッシュ	n
アップダウン	アップダウン	n
アポカリプス	アポカリプス	n
アヤメ	あやめ	n
アルテミス	アルテミス	n
アーカンソー	アーカンソー	n
ウィット	ウイット	n
ウィンドウズ	ウィンドウズ	n
エスニック	エスニック	adj-na
エホバ	エホバ	n
オルタナティブ	オルタナティブ	adj-na
カッティング	カッティング	vs
カフェテリア	カフェテリア	n
クサイ	クサイ	n
グルテン	グルテン	n
グループホーム	グループホーム	n
ケトル	ケトル	n
コシ	こし	n
サウスポー	サウスポー	n
サブリミナル	サブリミナル	n
シジミ	しじみ	n
シラー	シラー	n
シリンダ	シリンダー	n
ジョッキー	ジョッキー	n
スカッシュ	スカッシュ	n
スコーピオン	スコーピオン	n
ストロンチウム	ストロンチウム	n
スポーク	スポーク	n
スマートウォッチ	スマートウォッチ	n
スリラー	スリラー	n
ゼンマイ	ぜんまい	n
ソワソワ	そわそわ	vs
タバスコ	タバスコ	n
ディア	ディア	n
トクホ	とくほ	n
ドルチェ	ドルチェ	n
ドレッサー	ドレッサー	n
ドーナッツ	ドーナツ	n
ヌンチャク	ぬんちゃく	n
ノックス	エヌオーエックス	n
ハイフン	ハイフン	n
ハバナ	ハバナ	n
パラソル	パラソル	n
ヒヒ	ひひ	n
ヒロシマ	ひろしま	n
ビショビショ	びしょびしょ	n
プチプラ	プチプラ	n
プル	プル	n
プロパティ	プロパティ	n
ヘモグロビン	ヘモグロビン	n
ボートレース	ボートレース	n
マイスター	マイスター	n
マエストロ	マエストロ	n
メープル	メープル	n
ルーラー	ルーラー	n
レジスタ	レジスター	n
レバレッジ	レバレッジ	n
ワンタン	ワンタン	n
ヴァルキリー	ヴァルキリー	n
ヴァージョン	バージョン	n
ヴィラ	ビラ	n
一念	いちねん	n
一攫千金	いっかくせんきん	n
上納	じょうのう	vs
下克上	げこくじょう	n
不得意	ふとくい	adj-na
乱視	らんし	n
乱雑	らんざつ	n
二等兵	にとうへい	n
人嫌い	ひとぎらい	n
併売	へいばい	vs
供え	そなえ	n
便意	べんい	n
偏重	へんちょう	vs
党名	とうめい	n
全通	ぜんつう	vs
公団	こうだん	n
内的	ないてき	adj-na
凡退	ぼんたい	vs
分与	ぶんよ	vs
分母	ぶんぼ	n
分派	ぶんぱ	vs
剣豪	けんごう	n
割り切り	わりきり	n
力添え	ちからぞえ	vs
功徳	くどく	n
勘当	かんどう	vs
南太平洋	みなみたいへいよう	n
受話器	じゅわき	n
古里	ふるさと	n
合否	ごうひ	n
名月	めいげつ	n
在外	ざいがい	n
城下	じょうか	n
城郭	じょうかく	n
埼	さき	n
売り渡す	うりわたす	v5s
大盤振る舞い	おおばんぶるまい	vs
奪い取る	うばいとる	v5r
奪回	だっかい	vs
如	にょ	n
婦警	ふけい	n
守り神	まもりがみ	n
安政	あんせい	n
完済	かんさい	vs
客足	きゃくあし	n
室内楽	しつないがく	n
寛永	かんえい	n
小吉	しょうきち	n
尾翼	びよく	n
嶽	たけ	n
年男	としおとこ	n
広辞苑	こうじえん	n
座り込み	すわりこみ	vs
廃品	はいひん	n
強面	こわもて	n
御影	みかげ	n
復古	ふっこ	vs
心労	しんろう	vs
心酔	しんすい	vs
思い知る	おもいしる	v5r
恐る恐る	おそるおそる	adv
悩殺	のうさつ	vs
戒名	かいみょう	n
手強い	てづよい	adj-i
打ち消す	うちけす	v5s
投げやり	なげやり	adj-na
投げ入れ	なげいれ	n
抜かり	ぬかり	n
挿す	さす	v5s
放送大学	ほうそうだいがく	n
斥候	せっこう	vs
断末魔	だんまつま	n
旧態	きゅうたい	n
有史	ゆうし	n
某氏	ぼうし	n
栄冠	えいかん	n
桃の節句	もものせっく	exp
極性	きょくせい	n
概論	がいろん	vs
権現	ごんげん	n
残響	ざんきょう	n
気鋭	きえい	n
沸かす	わかす	v5s
波風	なみかぜ	n
浄土真宗	じょうどしんしゅう	n
海図	かいず	n
清澄	せいちょう	adj-na
湯治	とうじ	vs
湿疹	しっしん	n
為政者	いせいしゃ	n
焼死	しょうし	vs
燭台	しょくだい	n
爆雷	ばくらい	n
物知り	ものしり	n
狂おしい	くるおしい	adj-i
珠玉	しゅぎょく	n
畔	あぜ	n
発泡スチロール	はっぽうスチロール	n
発議	はつぎ	vs
睡	ねむり	n
睡蓮	すいれん	n
石見	いわみ	n
破たん	はたん	vs
私財	しざい	n
積み込み	つみこみ	n
立ち会う	たちあう	v5u
立入禁止	たちいりきんし	exp
笛吹	ふえふき	n
節句	せっく	n
篁	たかむら	n
粟	ぞく	n
素っ裸	すっぱだか	n
絵日記	えにっき	n
絵葉書	えはがき	n
綱渡り	つなわたり	vs
締まり	しまり	n
締めくくり	しめくくり	n
縁故	えんこ	n
縮み	ちぢみ	n
纏い	まとい	n
羽ばたく	はばたく	v5k
羽衣	はごろも	n
自軍	じぐん	n
興し	おこし	n
苦心	くしん	vs
英才	えいさい	n
蓄える	たくわえる	v1
蔑ろ	ないがしろ	n
薩長	さっちょう	n
虚空	こくう	n
虫けら	むしけら	n
蛮行	ばんこう	n
血祭り	ちまつり	n
行き止まり	いきどまり	n
記法	きほう	n
誤謬	ごびゅう	vs
論語	ろんご	n
議連	ぎれん	n
躁	そう	n
身振り	みぶり	n
転化	てんか	vs
追究	ついきゅう	vs
途絶	とぜつ	vs
遅滞	ちたい	vs
選書	せんしょ	n
配膳	はいぜん	vs
長岡京	ながおかきょう	n
閉園	へいえん	vs
閥	ばつ	n
闘牛	とうぎゅう	n
階上	かいじょう	n
静養	せいよう	vs
食いつき	くいつき	n
食い込み	くいこみ	n
養い	やしない	n
養鶏	ようけい	n
あえぎ	あえぎ	n
いかり	いかり	n
いびつ	いびつ	adj-na
いやがる	いやがる	v5r
おおきい	おおきい	adj-i
おおきく	おおきく	adv
お下がり	おさがり	n
お釈迦様	おしゃかさま	n
かとう	かとう	adj-na
くっつき	くっつき	n
ぐいぐい	ぐいぐい	vs
げんなり	げんなり	vs
こたえる	こたえる	v1
さばく	さばく	v5k
ずばり	ずばり	adv
つかまる	つかまる	v5r
とんと	とんと	adv
どんでん返し	どんでんがえし	n
どんより	どんより	vs
なだらか	なだらか	adj-na
ぴちぴち	ぴちぴち	vs
ふさい	ふさい	n
むなしく	むなしく	adv
わたり	わたり	n
アイキャッチ	アイキャッチ	n
アスピリン	アスピリン	n
アネモネ	アネモネ	n
アンペア	アンペア	n
イラストレーション	イラストレーション	n
イワナ	いわな	n
インスタレーション	インスタレーション	n
ウソつき	うそつき	n
エチュード	エチュード	n
エニグマ	エニグマ	n
オフサイド	オフサイド	n
オペレータ	オペレーター	n
オンオフ	オンオフ	n
オールインワン	オールインワン	n
カンテ	カンテ	n
キャッシング	キャッシング	n
キレッキレ	キレキレ	vs
グレムリン	グレムリン	n
コニャック	コニャック	n
コンソーシアム	コンソーシアム	n
コンデジ	コンデジ	n
コンニャク	こんにゃく	n
スカンジナビア	スカンジナビア	n
スラー	スラー	n
セルロース	セルロース	n
ダイアル	ダイヤル	vs
ダイオキシン	ダイオキシン	n
ダークマター	ダークマター	n
ツチノコ	つちのこ	n
テキストファイル	テキストファイル	n
テレビジョン	テレビジョン	n
ディープラーニング	ディープラーニング	n
トレーン	トレイン	n
ドレスアップ	ドレスアップ	vs
ニャンニャン	ニャンニャン	n
ニーハイ	ニーハイ	n
ノータッチ	ノータッチ	n
ハイレグ	ハイレグ	n
バミューダ	バミューダ	n
バンズ	バンズ	n
パートタイム	パートタイム	n
ファイ	ファイ	n
ファッションモデル	ファッションモデル	n
ブックメーカー	ブックメーカー	n
ブルドーザー	ブルドーザー	n
ブーブー	ブウブウ	adv
プリインストール	プリインストール	vs
プロゲーマー	プロゲーマー	n
ボヘミアン	ボヘミアン	n
ポメラニアン	ポメラニアン	n
ポル	ポール	n
マオリ	マオリ	n
マッコリ	マッコリ	n
マッド	マッド	n
マムシ	まむし	n
マルクス主義	マルクスしゅぎ	n
メイズ	メイズ	n
メソポタミア	メソポタミア	n
メタノール	メタノール	n
メディアミックス	メディアミックス	n
モズ	もず	n
ラスター	ラスター	n
ラテンアメリカ	ラテンアメリカ	n
リップル	リップル	n
リフレイン	リフレーン	n
ルクセンブルク	ルクセンブルク	n
ロングラン	ロングラン	n
下肢	かし	n
乃ち	すなわち	adv
二番煎じ	にばんせんじ	n
五体	ごたい	n
仏法	ぶっぽう	n
仕手	して	n
他力本願	たりきほんがん	n
代価	だいか	n
仲間はずれ	なかまはずれ	vs
体面	たいめん	n
信越	しんえつ	n
借入	しゃくにゅう	vs
偏る	かたよる	v5r
偏愛	へんあい	vs
入射	にゅうしゃ	vs
写実	しゃじつ	vs
出歩く	であるく	v5k
分社	ぶんしゃ	vs
切削	せっさく	vs
初日の出	はつひので	exp
剣舞	けんぶ	n
剪定	せんてい	vs
割り込む	わりこむ	v5m
割礼	かつれい	vs
包皮	ほうひ	n
十二月	じゅうにがつ	n
卸し	おろし	n
参勤交代	さんきんこうたい	n
取り回し	とりまわし	n
取水	しゅすい	vs
受け売り	うけうり	vs
叛逆	はんぎゃく	vs
同窓	どうそう	n
吟	ぎん	n
吹き込み	ふきこみ	n
和み	なごみ	n
喚く	わめく	v5k
嗜む	たしなむ	v5m
国粋	こくすい	n
土人	どじん	n
地べた	じべた	n
変電	へんでん	n
多層	たそう	n
大矢	おおや	n
孝行	こうこう	vs
安元	あんげん	n
宙返り	ちゅうがえり	vs
宮中	きゅうちゅう	n
密航	みっこう	vs
寸劇	すんげき	n
専修	せんしゅう	vs
尸	しかばね	n
居留	きょりゅう	vs
帯状	おびじょう	n
帯電	たいでん	vs
平たい	ひらたい	adj-i
床板	ゆかいた	n
度量	どりょう	n
引っかけ	ひっかけ	n
弱まる	よわまる	v5r
往路	おうろ	n
後ろ足	うしろあし	n
後先	あとさき	n
後光	ごこう	n
徒然	つれづれ	n
忍術	にんじゅつ	n
悪あがき	わるあがき	vs
悪戦苦闘	あくせんくとう	vs
悲嘆	ひたん	vs
悲壮	ひそう	adj-na
惑わす	まどわす	v5s
手堅い	てがたい	adj-i
技研	ぎけん	n
投げ出す	なげだす	v5s
投げ込む	なげこむ	v5m
抗日	こうにち	n
抜歯	ばっし	vs
担架	たんか	n
指し示す	さししめす	v5s
擦り傷	すりきず	vs
曲がり角	まがりかど	n
朝市	あさいち	n
期す	きす	v5s
木版	もくはん	n
未曾有	みぞう	n
未納	みのう	n
本隊	ほんたい	n
朱色	しゅいろ	n
某国	ぼうこく	n
校門	こうもん	n
核分裂	かくぶんれつ	n
歩調	ほちょう	n
泥水	どろみず	n
消印	けしいん	n
淀	よどみ	n
独居	どっきょ	vs
玉葱	たまねぎ	n
理数	りすう	n
用例	ようれい	n
町人	ちょうにん	n
白線	はくせん	n
真似事	まねごと	n
神明	しんめい	n
神業	かみわざ	n
突っ走る	つっぱしる	v5r
立像	りつぞう	n
絵心	えごころ	n
絶交	ぜっこう	vs
継投	けいとう	vs
線上	せんじょう	n
纏う	まとう	v5u
聖教	せいきょう	n
能楽	のうがく	n
船出	ふなで	vs
艘	そう	ctr
花輪	はなわ	n
虫除け	むしよけ	n
覇気	はき	n
規正	きせい	vs
言いよう	いいよう	exp
誇大	こだい	adj-na
講話	こうわ	vs
護国	ごこく	n
豪族	ごうぞく	n
豪遊	ごうゆう	vs
貢ぐ	みつぐ	v5g
賄い	まかない	n
適材適所	てきざいてきしょ	exp
邦訳	ほうやく	vs
重合	じゅうごう	vs
開き直る	ひらきなおる	v5r
関電	かんでん	n
随伴	ずいはん	vs
雑穀	ざっこく	n
順風	じゅんぷう	n
頑強	がんきょう	adj-na
飛び火	とびひ	n
飾り付け	かざりつけ	n
餓狼	がろう	n
骨組み	ほねぐみ	n
鬼ヶ島	おにがしま	n
鬼神	きしん	n
魚釣り	さかなつり	n
鮪	まぐろ	n
鱒	ます	n
あたたか	あたたか	adj-na
あっと言う間に	あっというまに	exp
あらかた	あらかた	adv
おびえ	おびえ	n
お呼ばれ	およばれ	n
か弱い	かよわい	adj-i
ぎゅうぎゅう	ぎゅうぎゅう	adv
さける	さける	v1
すくすく	すくすく	adv
たくし	たくし	n
たやすい	たやすい	adj-i
つかえる	つかえる	v1
とらわれる	とらわれる	v1
ねつ造	ねつぞう	vs
ふくよか	ふくよか	adj-na
ふさぐ	ふさぐ	v5g
べたべた	べたべた	vs
みつかる	みつかる	v5r
ゆうじ	ゆうじ	n
ろうし	ろうし	n
アイル	アイル	n
アゴラ	アゴラ	n
アルペン	アルペン	n
アンドロメダ	アンドロメダ	n
インカレ	インカレ	n
ウィ	ウィ	int
ウインター	ウィンター	n
ウェッジ	ウェッジ	n
エトセトラ	エトセトラ	n
カテゴライズ	カテゴライズ	vs
カントン	カントン	n
クシャミ	くしゃみ	n
クランクイン	クランクイン	vs
クランチ	クランチ	n
クリーミー	クリーミー	adj-na
クローク	クローク	n
ケヤキ	けやき	n
コプロ	コプロ	n
コミューン	コミューン	n
コレクト	コレクト	vs
コンバイン	コンバイン	n
サラマンダー	サラマンダー	n
シェイプ	シェイプ	vs
シチズン	シチズン	n
シャーク	シャーク	n
シンパシー	シンパシー	n
スパーリング	スパーリング	vs
ソウルメイト	ソウルメイト	n
ソテー	ソテー	vs
ダイコン	ダイコン	n
チャプター	チャプター	n
ティラノサウルス	ティラノサウルス	n
ディフェンダー	ディフェンダー	n
トピ	トピ	n
トリエンナーレ	トリエンナーレ	n
トーテム	トーテム	n
ドジョウ	どじょう	n
ナツメ	なつめ	n
ビンテージ	ヴィンテージ	n
ビーン	ビーン	n
フィアンセ	フィアンセ	n
フィラメント	フィラメント	n
フェンシング	フェンシング	n
フラー	フラー	n
フリント	フリント	n
ブラケット	ブラケット	n
プレーン	プレーン	adj-na
ポインター	ポインタ	n
ポリオ	ポリオ	n
ミニマリスト	ミニマリスト	n
メサイア	メシア	n
メリケン	メリケン	n
モトクロス	モトクロス	n
モラハラ	モラハラ	n
ユッケ	ユッケ	n
ルンルン	ルンルン	n
レジデンス	レジデンス	n
ヴァニラ	バニラ	n
ヴィオラ	ビオラ	n
一存	いちぞん	n
一山	ひとやま	n
不払い	ふばらい	n
不用	ふよう	adj-na
丑の日	うしのひ	exp
世間体	せけんてい	n
主命	しゅめい	n
亥	い	n
人語	じんご	n
今一つ	いまひとつ	exp
伝聞	でんぶん	vs
佇まい	たたずまい	n
佇む	たたずむ	v5m
係留	けいりゅう	vs
先払い	さきばらい	vs
光輝	こうき	n
入庫	にゅうこ	vs
入替	いれかえ	vs
八角	はっかく	n
公家	くげ	n
公序良俗	こうじょりょうぞく	n
公選	こうせん	vs
別離	べつり	vs
前金	まえきん	n
北端	ほくたん	n
区切る	くぎる	v5r
十二指腸	じゅうにしちょう	n
単騎	たんき	n
厚底	あつぞこ	n
双眼	そうがん	n
叙述	じょじゅつ	vs
台形	だいけい	n
吊し	つるし	n
名優	めいゆう	n
名器	めいき	n
向日	こうじつ	n
唱歌	しょうか	vs
善戦	ぜんせん	vs
噴霧	ふんむ	vs
囲い込み	かこいこみ	n
図録	ずろく	n
国人	こくじん	n
土建	どけん	n
変位	へんい	vs
夜ふかし	よふかし	vs
大がかり	おおがかり	adj-na
奇異	きい	adj-na
嫁入り	よめいり	vs
学修	がくしゅう	vs
学派	がくは	n
学識	がくしき	n
安息	あんそく	vs
実測	じっそく	vs
審美	しんび	n
寮生	りょうせい	n
導線	どうせん	n
小村	しょうそん	n
川岸	かわぎし	n
州都	しゅうと	n
工費	こうひ	n
左脳	さのう	n
常套	じょうとう	n
底抜け	そこぬけ	n
強がり	つよがり	n
形作る	かたちづくる	v5r
彩雲	さいうん	n
後宮	こうきゅう	n
復刊	ふっかん	vs
快調	かいちょう	adj-na
悪癖	あくへき	n
意表	いひょう	n
愛娘	まなむすめ	n
扁桃	へんとう	n
担ぐ	かつぐ	v5g
持て余す	もてあます	v5s
指折り	ゆびおり	n
排外	はいがい	n
接骨	せっこつ	vs
数個	すうこ	n
断崖	だんがい	n
日ごろ	ひごろ	n
旧知	きゅうち	n
晴れやか	はれやか	adj-na
暗部	あんぶ	n
最前	さいぜん	n
朕	ちん	pn
杞憂	きゆう	n
東進	とうしん	vs
植木鉢	うえきばち	n
業火	ごうか	n
毎夜	まいよ	n
水洗い	みずあらい	vs
減給	げんきゅう	vs
溶鉱炉	ようこうろ	n
滑空	かっくう	vs
滴る	したたる	v5r
灯し	あかし	n
熱闘	ねっとう	n
物忘れ	ものわすれ	vs
特級	とっきゅう	n
猪狩	ししがり	n
画す	かくす	v5s
畏敬	いけい	vs
百花繚乱	ひゃっかりょうらん	n
磁性	じせい	n
礼節	れいせつ	n
社用	しゃよう	n
禁錮	きんこ	vs
突き放す	つきはなす	v5s
立てこもり	たてこもり	n
策謀	さくぼう	vs
精巣	せいそう	n
累進	るいしん	vs
結節	けっせつ	vs
結膜炎	けつまくえん	n
縦走	じゅうそう	vs
聞き分け	ききわけ	n
肉質	にくしつ	n
肢	あし	n
背部	はいぶ	n
胴上げ	どうあげ	vs
脱する	だっする	vs
膠着	こうちゃく	vs
自筆	じひつ	n
臭気	しゅうき	n
落し物	おとしもの	n
蚊取り線香	かとりせんこう	n
蜻蛉	とんぼ	n
行者	ぎょうじゃ	n
複素数	ふくそすう	n
襲名	しゅうめい	vs
言いつけ	いいつけ	n
言い放つ	いいはなつ	v5t
訳注	やくちゅう	n
試製	しせい	n
誉れ	ほまれ	n
負かす	まかす	v5s
跋扈	ばっこ	vs
軟	なん	adv
転じる	てんじる	v1
軽油	けいゆ	n
退勤	たいきん	vs
逃げ込む	にげこむ	v5m
通関	つうかん	vs
過払い	かばらい	vs
遺恨	いこん	n
銅貨	どうか	n
鏡面	きょうめん	n
長大	ちょうだい	adj-na
長江	ちょうこう	n
門限	もんげん	n
関知	かんち	vs
闊歩	かっぽ	vs
難所	なんしょ	n
雹	ひょう	n
露光	ろこう	vs
頭打ち	あたまうち	n
食前	しょくぜん	n
駄洒落	だじゃれ	n
あおる	あおる	v5r
あきれる	あきれる	v1
いちじく	いちじく	n
えびす	えびす	n
からっぽ	からっぽ	n
きそう	きそう	n
くすくす	くすくす	adv
くっつける	くっつける	v1
くつろげる	くつろげる	v1
くもり	くもり	n
ざんまい	ざんまい	n
しこたま	しこたま	adv
しびれる	しびれる	v1
たから	たから	n
たこやき	たこやき	n
だんまり	だんまり	n
ちかく	ちかく	n
つつじ	つつじ	n
とばし	とばし	n
とんがり	とんがり	n
ねだる	ねだる	v5r
はざま	はざま	n
ひねる	ひねる	v5r
ふえる	ふえる	v1
へこみ	へこみ	n
ほざく	ほざく	v5k
まじまじ	まじまじ	adv
みじめ	みじめ	adj-na
やり遂げる	やりとげる	v1
れんげ	れんげ	n
アメリカンフットボール	アメリカンフットボール	n
アンサー	アンサー	n
アンチョビ	アンチョビー	n
インクジェット	インクジェット	n
エアライン	エアライン	n
エレクトーン	エレクトーン	n
カラシ	からし	n
キビ	きび	n
キリギリス	きりぎりす	n
グラマラス	グラマラス	adj-na
ケンタウロス	ケンタウロス	n
コンペティション	コンペティション	n
サスペンダー	サスペンダー	n
サーロイン	サーロイン	n
スポーツドリンク	スポーツドリンク	n
セリーグ	セリーグ	n
タイムリープ	タイムリープ	n
タートルネック	タートルネック	n
ダブ	ダブ	n
チゲ	チゲ	n
ティーンエイジャー	ティーンエイジャー	n
テレワーク	テレワーク	n
ナデナデ	なでなで	vs
ニシ	にし	n
ノッチ	ノッチ	n
ハデス	ハーデース	n
ハマグリ	はまぐり	n
パーム	パーム	n
ヒエラルキー	ヒエラルキー	n
フューチャー	フューチャー	n
フラウ	フラウ	n
ブルジョア	ブルジョワ	n
ブレスト	ブレスト	n
プランター	プランター	n
ヘトヘト	ヘトヘト	adj-na
ヘリポート	ヘリポート	n
ペコペコ	ペコペコ	adj-na
ホームシック	ホームシック	n
ポイズン	ポイズン	n
ミズキ	みずき	n
ムエタイ	ムエタイ	n
ムンムン	むんむん	vs
メトロノーム	メトロノーム	n
メンバ	メンバー	n
ライク	ライク	n
リズミカル	リズミカル	adj-na
ルーペ	ルーペ	n
レッドカード	レッドカード	n
ローヤル	ロイヤル	n
ワインセラー	ワインセラー	n
一筆	いっぴつ	n
一触即発	いっしょくそくはつ	n
一騎当千	いっきとうせん	n
七宝	しっぽう	n
上体	じょうたい	n
上側	うわかわ	n
下総	しもうさ	n
不作	ふさく	n
不燃	ふねん	n
両脚	りょうきゃく	n
乗っかる	のっかる	v5r
乗用	じょうよう	vs
事物	じぶつ	n
五十音	ごじゅうおん	n
五味	ごみ	n
交雑	こうざつ	n
他意	たい	n
仲居	なかい	n
体得	たいとく	vs
偏食	へんしょく	vs
傾	ななめ	n
元本	がんぽん	n
先達	せんだつ	n
公金	こうきん	n
再戦	さいせん	vs
再来週	さらいしゅう	n
出稿	しゅっこう	vs
切り株	きりかぶ	n
割り切る	わりきる	v5r
創痍	そうい	n
勅命	ちょくめい	n
化成	かせい	vs
区分け	くわけ	vs
印章	いんしょう	n
即納	そくのう	vs
原初	げんしょ	n
取り下げる	とりさげる	v1
口外	こうがい	vs
司令塔	しれいとう	n
同質	どうしつ	n
名城	めいじょう	n
吹き出す	ふきだす	v5s
四散	しさん	vs
囲う	かこう	v5u
地所	じしょ	n
址	あと	n
売り渡し	うりわたし	n
売り買い	うりかい	vs
変死	へんし	vs
外皮	がいひ	n
多幸	たこう	adj-na
多面	ためん	n
夜泣き	よなき	vs
大輪	たいりん	n
天変地異	てんぺんちい	n
奨学生	しょうがくせい	n
如意	にょい	n
完勝	かんしょう	vs
定職	ていしょく	n
実父	じっぷ	n
家督	かとく	n
容易い	たやすい	adj-i
寵愛	ちょうあい	vs
小ぶり	こぶり	adj-na
小太り	こぶとり	n
小宇宙	しょううちゅう	n
小額	しょうがく	n
山腹	さんぷく	n
嵩	かさ	n
平易	へいい	adj-na
平滑	へいかつ	adj-na
床上	ゆかうえ	n
廃屋	はいおく	n
引き付け	ひきつけ	n
張り替え	はりかえ	vs
当校	とうこう	n
役立てる	やくだてる	v1
彼岸花	ひがんばな	n
後ろ髪	うしろがみ	n
急斜面	きゅうしゃめん	n
性向	せいこう	n
悩ます	なやます	v5s
憂国	ゆうこく	n
懸	かけ	n
手押し	ておし	n
才覚	さいかく	vs
打ち上げ花火	うちあげはなび	n
折衷	せっちゅう	vs
持株	もちかぶ	n
掘り下げる	ほりさげる	v1
掛け算	かけざん	n
推敲	すいこう	vs
摺り	すり	n
支流	しりゅう	n
改元	かいげん	vs
放す	はなす	v5s
文理	ぶんり	n
新株	しんかぶ	n
新造	しんぞう	vs
時勢	じせい	n
暇潰し	ひまつぶし	vs
曼荼羅	まんだら	n
杵	きね	n
染みる	しみる	v1
栄華	えいが	n
桃尻	ももじり	n
椒	はじかみ	n
検視	けんし	vs
榴弾	りゅうだん	n
樺太	からふと	n
歓待	かんたい	vs
水割り	みずわり	n
水性	すいせい	n
沁みる	しみる	v1
沸き	わき	n
泉州	せんしゅう	n
流失	りゅうしつ	vs
温和	おんわ	adj-na
湖水	こすい	n
炊き出し	たきだし	n
煽動	せんどう	vs
熊手	くまで	n
熱傷	ねっしょう	n
牛耳る	ぎゅうじる	v5r
物乞い	ものごい	vs
物好き	ものずき	n
犬猿	けんえん	n
球審	きゅうしん	n
生長	せいちょう	vs
町屋	まちや	n
療育	りょういく	vs
白旗	しらはた	n
真言宗	しんごんしゅう	n
知らんぷり	しらんぷり	vs
知らん顔	しらんかお	vs
短篇	たんぺん	n
神出鬼没	しんしゅつきぼつ	n
空砲	くうほう	n
空論	くうろん	n
立ち直り	たちなおり	n
細切れ	こまぎれ	n
結露	けつろ	vs
締めくくる	しめくくる	v5r
縁談	えんだん	n
肉腫	にくしゅ	n
肌身	はだみ	n
胃がん	いがん	n
腐れ縁	くされえん	n
腰部	ようぶ	n
腹心	ふくしん	n
自供	じきょう	vs
自戒	じかい	vs
良かれ	よかれ	exp
色とりどり	いろとりどり	n
茶碗蒸し	ちゃわんむし	n
落花生	らっかせい	n
落馬	らくば	vs
葉酸	ようさん	n
薬害	やくがい	n
虹彩	こうさい	n
血税	けつぜい	n
視神経	ししんけい	n
評定	ひょうてい	vs
調理場	ちょうりば	n
豊前	ぶぜん	n
賞状	しょうじょう	n
賦課	ふか	vs
足かせ	あしかせ	n
足並み	あしなみ	n
農水	のうすい	n
鉢合わせ	はちあわせ	vs
錯視	さくし	n
閉経	へいけい	n
間一髪	かんいっぱつ	n
関取	せきとり	n
随意	ずいい	adj-na
雛形	ひながた	n
雨傘	あまがさ	n
霜月	しもつき	n
青銅	せいどう	n
音大	おんだい	n
頭金	あたまきん	n
題する	だいする	vs
風上	かざかみ	n
鼻先	はなさき	n
あけぼの	あけぼの	n
あんさん	あんさん	pn
いやし	いやし	n
おかわ	おかわ	n
おしらせ	おしらせ	vs
おめかし	おめかし	vs
お袋	おふくろ	n
かのう	かのう	vs
きわどい	きわどい	adj-i
くくる	くくる	v5r
ごり押し	ゴリおし	vs
ささやく	ささやく	v5k
しごき	しごき	n
すみやか	すみやか	adj-na
てんか	てんか	n
とろみ	とろみ	n
ないしょ	ないしょ	n
にぎわい	にぎわい	n
のぼせ	のぼせ	n
はさむ	はさむ	v5m
ひとくち	ひとくち	n
ほっぺた	ほっぺた	n
ゆくえ	ゆくえ	n
わだかまり	わだかまり	n
アベック	アベック	n
アライアンス	アライアンス	n
インシデント	インシデント	n
インフィニティ	インフィニティ	n
ウィンカー	ウインカー	n
ウィークエンド	ウィークエンド	n
エピック	エピック	n
オットセイ	おっとせい	n
カフス	カフス	n
ガチョウ	がちょう	n
キザ	きざ	adj-na
キセル	キセル	n
キョロキョロ	キョロキョロ	vs
キーパーソン	キーパーソン	n
グレネード	グレネード	n
コピーライター	コピーライター	n
コンシューマー	コンシューマー	n
サラミ	サラミ	n
シャキシャキ	しゃきしゃき	vs
シャコ	しゃこ	n
シャンパーニュ	シャンパン	n
スクイズ	スクイズ	vs
スティッチ	ステッチ	n
スプリンクラー	スプリンクラー	n
ズレる	ずれる	v1
ソリスト	ソリスト	n
ソリティア	ソリティア	n
ソルト	ソルト	n
タングステン	タングステン	n
チャチャ	ちゃちゃ	n
トランシーバー	トランシーバー	n
ヌーディスト	ヌーディスト	n
ハモ	はも	n
バキューム	バキューム	n
バスローブ	バスローブ	n
バレッタ	バレッタ	n
バンキング	バンキング	n
ヒエ	ひえ	n
ビバ	ビーバー	n
ベアー	ベア	n
ベイズ	ベイズ	n
ホステル	ホステル	n
ボギー	ボギー	n
ボブスレー	ボブスレー	n
ボーグ	ボーグ	n
ポニテ	ポニテ	n
ポリエチレン	ポリエチレン	n
マングローブ	マングローブ	n
マンツーマン	マンツーマン	n
メデューサ	メドゥーサ	n
メトロポリタン	メトロポリタン	n
メンタルヘルス	メンタルヘルス	n
モダニズム	モダニズム	n
ユーゴ	ユーゴ	n
ライフサイクル	ライフサイクル	n
ロースター	ロースター	n
ヴァルナ	ヴァルナ	n
一句	いっく	n
万札	まんさつ	n
三枚目	さんまいめ	n
不可視	ふかし	n
不敗	ふはい	n
与太	よた	n
両生類	りょうせいるい	n
仲よく	なかよく	adv
作例	さくれい	n
信教	しんきょう	n
借り入れ	かりいれ	n
傷付ける	きずつける	v1
再訪	さいほう	vs
冬物	ふゆもの	n
前略	ぜんりゃく	exp
副題	ふくだい	n
原酒	げんしゅ	n
双頭	そうとう	n
反吐	へど	n
受け持つ	うけもつ	v5t
句読点	くとうてん	n
向かい合う	むかいあう	v5u
呼び戻し	よびもどし	n
四捨五入	ししゃごにゅう	vs
壮行	そうこう	n
多段	ただん	n
大乗	だいじょう	n
大便	だいべん	n
大役	たいやく	n
好例	こうれい	n
実費	じっぴ	n
富み	とみ	n
寛解	かんかい	vs
小汚い	こぎたない	adj-i
小玉	こだま	n
山の手	やまのて	n
崩れ落ちる	くずれおちる	v1
市会	しかい	n
帝政	ていせい	n
当る	あたる	v5r
必携	ひっけい	n
思わせぶり	おもわせぶり	adj-na
急騰	きゅうとう	vs
悪寒	おかん	n
意気揚々	いきようよう	adv
愚弄	ぐろう	vs
感無量	かんむりょう	n
手つき	てつき	n
投擲	とうてき	vs
振り替え	ふりかえ	n
捕縛	ほばく	vs
撹乱	かくらん	vs
放ったらかし	ほったらかし	n
散開	さんかい	vs
日干し	ひぼし	n
旧版	きゅうはん	n
早番	はやばん	n
春節	しゅんせつ	n
昨年度	さくねんど	n
書状	しょじょう	n
木刀	ぼくとう	n
本陣	ほんじん	n
東国	とうごく	n
榎	えのき	n
歳暮	せいぼ	n
毛細血管	もうさいけっかん	n
水仙	すいせん	n
水気	みずけ	n
求心力	きゅうしんりょく	n
泊地	はくち	n
洪	こう	
涙する	なみだする	vs
減価	げんか	n
満室	まんしつ	n
準急	じゅんきゅう	n
漢語	かんご	n
無題	むだい	n
焼き討ち	やきうち	n
王権	おうけん	n
璽	じ	n
甘党	あまとう	n
生まれ故郷	うまれこきょう	n
用務員	ようむいん	n
男役	おとこやく	n
痛覚	つうかく	n
知育	ちいく	n
石段	いしだん	n
社風	しゃふう	n
神妙	しんみょう	adj-na
神学校	しんがっこう	n
秘策	ひさく	n
突きつける	つきつける	v1
粗暴	そぼう	adj-na
紀元	きげん	n
経堂	きょうどう	n
結党	けっとう	vs
絞り込み	しぼりこみ	n
綜合	そうごう	vs
綱領	こうりょう	n
総代	そうだい	n
縄跳び	なわとび	n
群像	ぐんぞう	n
聞き込み	ききこみ	n
胃痛	いつう	n
背中合わせ	せなかあわせ	n
胸焼け	むねやけ	vs
脳炎	のうえん	n
花崗岩	かこうがん	n
若気	にやけ	n
若返る	わかがえる	v5r
荒天	こうてん	n
虚弱	きょじゃく	adj-na
螢	ほたる	n
表沙汰	おもてざた	vs
被り物	かぶりもの	n
裏通り	うらどおり	n
親玉	おやだま	n
訊ね	たずね	n
詔	みことのり	n
試験管	しけんかん	n
詰将棋	つめしょうぎ	n
豪勢	ごうせい	adj-na
貞治	じょうじ	n
踏み切る	ふみきる	v5r
輪舞	りんぶ	vs
逆光	ぎゃっこう	n
郷愁	きょうしゅう	n
酢豚	すぶた	n
開業医	かいぎょうい	n
閑静	かんせい	adj-na
陰気	いんき	adj-na
陰鬱	いんうつ	adj-na
雑居	ざっきょ	vs
難読	なんどく	n
雲雀	ひばり	n
電磁気	でんじき	n
音節	おんせつ	n
頬骨	ほおぼね	n
飲み干す	のみほす	v5s
高潮	こうちょう	vs
髙	はしごだか	n
鷺	さぎ	n
麩	ふ	n
黒地	くろじ	n
黒白	くろしろ	n
黒石	くろいし	n
あたふた	あたふた	adv
いなか	いなか	n
うぐいす	うぐいす	n
うっとうしい	うっとうしい	adj-i
おうおう	おうおう	adv
かごめ	かごめ	n
かたつむり	かたつむり	n
きりん	きりん	n
くだけ	くだけ	n
すずらん	すずらん	n
すまし	すまし	n
すみか	すみか	n
せいし	せいし	vs
そなえ	そなえ	n
たすき	たすき	n
たそがれ	たそがれ	n
つぶら	つぶら	adj-na
とどけ	とどけ	n
ながし	ながし	n
は種	はしゅ	vs
ひったくり	ひったくり	n
ふれる	ふれる	v1
ほぐす	ほぐす	v5s
よいしょ	よいしょ	int
アイライナー	アイライナー	n
アサルトライフル	アサルトライフル	n
アステカ	アステック	n
アニス	アニス	n
アンコ	アンコー	n
エクステリア	エクステリア	n
オタサー	オタサー	n
オフシーズン	オフシーズン	n
カジキ	かじき	n
カチッ	カチッ	n
カリフラワー	カリフラワー	n
カートン	カートン	n
ガードマン	ガードマン	n
ギー	ギー	n
グラサン	グラサン	n
ゲシュタポ	ゲシュタポ	n
シップ	シップ	n
ジョージタウン	ジョージタウン	n
ジリジリ	じりじり	vs
スピーディー	スピーディー	adj-na
スフ	スフ	n
ゼータ	ゼータ	n
チアガール	チアガール	n
チェスト	チェスト	n
トップレス	トップレス	n
ドミニカ共和国	ドミニカきょうわこく	n
ナチズム	ナチズム	n
ノーヒット	ノーヒット	exp
パステルカラー	パステルカラー	n
パロディー	パロディー	n
ビスタ	ビスタ	n
ビューティ	ビューティー	n
ビープ	ビープ	n
フィールドワーク	フィールドワーク	n
フリスビー	フリスビー	n
ブラス	ブラス	n
プライズ	プライズ	n
プラトニック	プラトニック	adj-na
プロジェクションマッピング	プロジェクションマッピング	n
プロモーター	プロモーター	n
ヘロヘロ	ヘロヘロ	vs
ホクロ	ほくろ	n
ボッコボコ	ボッコボコ	adj-na
ポケベル	ポケベル	n
メイル	メール	vs
メトロポリス	メトロポリス	n
モノラル	モノラル	n
モヤシ	もやし	n
ラッシュアワー	ラッシュアワー	n
リスタート	リスタート	n
リヴァイアサン	リヴァイアサン	n
レーザ	レーザー	n
ロマンチスト	ロマンチスト	n
ローンチ	ローンチ	vs
万象	ばんしょう	n
上塗り	うわぬり	vs
不二	ふじ	n
不幸せ	ふしあわせ	n
争議	そうぎ	n
事足りる	ことたりる	v1
仕上	しあげ	n
以南	いなん	n
何たる	なんたる	
傷痕	きずあと	n
公告	こうこく	vs
公設	こうせつ	n
冊数	さっすう	n
凛々しい	りりしい	adj-i
処する	しょする	vs
凰	おう	n
出来心	できごころ	n
函	はこ	n
分霊	ぶんれい	n
助役	じょやく	n
助監督	じょかんとく	n
動乱	どうらん	vs
勤しむ	いそしむ	v5m
半殺し	はんごろし	n
半身不随	はんしんふずい	n
南瓜	かぼちゃ	n
単元	たんげん	n
原子核	げんしかく	n
反芻	はんすう	vs
史学	しがく	n
吉報	きっぽう	n
吟遊詩人	ぎんゆうしじん	n
否応	いやおう	n
問いかける	といかける	v1
嗜み	たしなみ	n
囚われる	とらわれる	v1
四隅	よすみ	n
土管	どかん	n
垢抜け	あかぬけ	vs
大洲	たいしゅう	n
婚前	こんぜん	n
孫子	そんし	n
実子	じっし	n
小出し	こだし	n
尻目	しりめ	n
山元	やまもと	n
山場	やまば	n
川瀬	かわせ	n
工廠	こうしょう	n
平米	へいべい	n
府県	ふけん	n
引き延ばし	ひきのばし	n
弩	ど	n
当て字	あてじ	n
待ちかね	まちかね	n
心持ち	こころもち	n
思いきり	おもいきり	adv
性悪	しょうわる	adj-na
息遣い	いきづかい	n
恵まれる	めぐまれる	v1
手の内	てのうち	n
手厳しい	てきびしい	adj-i
拒食	きょしょく	vs
振り込む	ふりこむ	v5m
振幅	しんぷく	n
捌く	さばく	v5k
授精	じゅせい	vs
教務	きょうむ	n
教唆	きょうさ	vs
新店	しんみせ	n
新緑	しんりょく	n
旗手	きしゅ	n
日子	にっし	n
日新	にっしん	n
明け渡し	あけわたし	n
最南端	さいなんたん	n
木本	もくほん	n
東照宮	とうしょうぐう	n
架橋	かきょう	vs
棒状	ぼうじょう	n
機軸	きじく	n
歌仙	かせん	n
水産庁	すいさんちょう	n
河岸	かし	n
法政	ほうせい	n
流れ弾	ながれだま	n
海月	くらげ	n
温情	おんじょう	n
漁民	ぎょみん	n
漕ぐ	こぐ	v5g
濁す	にごす	v5s
濁り	にごり	n
無水	むすい	n
無鉄砲	むてっぽう	adj-na
焼け石	やけいし	n
爆速	ばくそく	n
独りよがり	ひとりよがり	n
現われる	あらわれる	v1
生家	せいか	n
癪	しゃく	n
皇位	こうい	n
目星	めぼし	n
眼光	がんこう	n
眼窩	がんか	n
着払い	ちゃくばらい	n
着服	ちゃくふく	vs
禁句	きんく	n
秤	はかり	n
程なく	ほどなく	adv
空自	くうじ	n
立腹	りっぷく	vs
竪	たて	n
糖度	とうど	n
系図	けいず	n
終る	おわる	v5r
絶壁	ぜっぺき	n
美作	みまさか	n
群島	ぐんとう	n
肉離れ	にくばなれ	vs
肥沃	ひよく	adj-na
脱会	だっかい	vs
自惚れ	うぬぼれ	n
自説	じせつ	n
船室	せんしつ	n
船旅	ふなたび	n
船頭	せんどう	n
草稿	そうこう	n
菓	か	n
華氏	カし	n
薄手	うすで	n
蚕	かいこ	n
行司	ぎょうじ	n
表裏一体	ひょうりいったい	n
襲	かさね	n
親水	しんすい	n
言い草	いいぐさ	n
誤読	ごどく	vs
論戦	ろんせん	vs
講談	こうだん	n
貨車	かしゃ	n
賽	さい	n
走り去る	はしりさる	v5r
踏破	とうは	vs
車間	しゃかん	n
轟音	ごうおん	n
近傍	きんぼう	n
追いやる	おいやる	v5r
透き通る	すきとおる	v5r
連れ子	つれこ	n
遊牧民	ゆうぼくみん	n
遺作	いさく	n
酒粕	さけかす	n
酩酊	めいてい	vs
鍵屋	かぎや	n
長物	ちょうぶつ	n
閉口	へいこう	vs
陰ながら	かげながら	adv
陸戦	りくせん	n
階下	かいか	n
雪解け	ゆきどけ	vs
雲行き	くもゆき	n
領内	りょうない	n
鮮烈	せんれつ	adj-na
鴨居	かもい	n
鶏卵	けいらん	n
麗しい	うるわしい	adj-i
あんこう	あんこう	n
いばら	いばら	n
うろこ	うろこ	n
おやま	おやま	n
くるぶし	くるぶし	n
こいし	こいし	n
さいし	さいし	n
ざまあみろ	ざまあみろ	int
しだいに	しだいに	adv
しろい	しろい	adj-i
じゅうたん	じゅうたん	n
そっぽ	そっぽ	n
つつく	つつく	v5k
なりふり	なりふり	n
はした金	はしたがね	n
ひかえ	ひかえ	n
ひよっこ	ひよっこ	n
ほほえみ	ほほえみ	n
またぐ	またぐ	v5g
まんべんなく	まんべんなく	adv
むさし	むさし	n
もがき	もがき	n
もとづく	もとづく	v5k
やりなおし	やりなおし	vs
ゆすり	ゆすり	n
ゆるめ	ゆるめ	n
ようし	ようし	n
よこし	よこし	n
アナフィラキシー	アナフィラキシー	n
アーバン	アーバン	n
エイジ	エイジ	n
エウロパ	エウロパ	n
カメルーン	カメルーン	n
キモヲタ	キモヲタ	n
キルギス	キルギス	n
コーデック	コーデック	n
シーバス	シーバス	n
ジェラシー	ジェラシー	n
ジェントルマン	ジェントルマン	n
ジグソーパズル	ジグソーパズル	n
ジャグジー	ジャグジー	n
ジュゴン	じゅごん	n
スピーカ	スピーカー	n
スペースシャトル	スペースシャトル	n
セス	セス	n
セレナーデ	セレナーデ	vs
センシティブ	センシティブ	adj-na
ツタ	つた	n
テコンドー	テコンドー	n
テルアビブ	テルアビブ	n
デカール	デカール	n
トレジャー	トレジャー	n
トンガ	トンガ	n
ノースダコタ	ノースダコタ	n
ハイビスカス	ハイビスカス	n
パイソン	パイソン	n
パプアニューギニア	パプアニューギニア	n
パント	パント	n
ビハインド	ビハインド	n
ビーチバレー	ビーチバレー	n
ファクス	ファックス	vs
フェース	フェース	n
フレアー	フレア	n
ブカレスト	ブカレスト	n
ブロードキャスト	ブロードキャスト	n
プディング	プディング	n
プラスティック	プラスチック	n
プリセット	プリセット	n
ヘブン	ヘブン	n
ベビ	ベビー	n
ベルン	ベルン	n
ペグ	ペグ	n
ホームルーム	ホームルーム	n
ポラリス	ポラリス	n
マカ	マカ	n
マサキ	まさき	n
メープルシロップ	メープルシロップ	n
モーターサイクル	モーターサイクル	n
ラザニア	ラザニア	n
ラージ	ラージ	n
ラーマ	ラーマ	n
ロココ	ロココ	n
一刀両断	いっとうりょうだん	n
一夫多妻	いっぷたさい	n
一神教	いっしんきょう	n
一身	いっしん	n
三つ子	みつご	n
下回り	したまわり	n
丸刈り	まるがり	n
二元論	にげんろん	n
亡	ぼう	n
仕入れる	しいれる	v1
侍女	じじょ	n
偏屈	へんくつ	adj-na
先取	せんしゅ	vs
入用	にゅうよう	n
全敗	ぜんぱい	vs
内服	ないふく	vs
内耳	ないじ	n
利率	りりつ	n
制動	せいどう	vs
前頭葉	ぜんとうよう	n
割引き	わりびき	n
勝ち星	かちぼし	n
厚手	あつで	n
原状	げんじょう	n
古株	ふるかぶ	n
向かい風	むかいかぜ	n
唯物	ゆいぶつ	n
唸る	うなる	v5r
商戦	しょうせん	n
塞栓	そくせん	n
増刷	ぞうさつ	vs
売れ残り	うれのこり	n
夏野	なつの	n
夕凪	ゆうなぎ	n
大火	たいか	n
大路	おおじ	n
天女	てんにょ	n
天津飯	てんしんはん	n
姉御	あねご	n
子宝	こだから	n
官製	かんせい	n
家元	いえもと	n
家老	かろう	n
寝泊まり	ねとまり	vs
尤	ゆう	
岸壁	がんぺき	n
幸先	さいさき	n
序文	じょぶん	n
弔い	とむらい	n
引っ掛ける	ひっかける	v1
待合	まちあい	vs
後天的	こうてんてき	adj-na
徐行	じょこう	vs
怒号	どごう	vs
性根	しょうね	n
情動	じょうどう	n
愛憎	あいぞう	n
懲らしめ	こらしめ	n
批難	ひなん	vs
抗告	こうこく	vs
拝観	はいかん	vs
揺さぶる	ゆさぶる	v5r
攪乱	かくらん	vs
政略	せいりゃく	n
敬う	うやまう	v5u
敵役	かたきやく	n
文政	ぶんせい	n
断交	だんこう	vs
早熟	そうじゅく	n
映写	えいしゃ	vs
智慧	ちえ	n
暴飲	ぼういん	vs
月並み	つきなみ	n
月明かり	つきあかり	n
月齢	げつれい	n
木こり	きこり	n
末吉	すえきち	n
松葉杖	まつばづえ	n
枝分かれ	えだわかれ	vs
核種	かくしゅ	n
梅干	うめぼし	n
椎間板	ついかんばん	n
楚	すわえ	n
楢	なら	n
極大	きょくだい	adj-na
樹林	じゅりん	n
武人	ぶじん	n
死産	しざん	vs
気丈	きじょう	adj-na
水炊き	みずたき	n
永い	ながい	adj-i
永世	えいせい	n
江戸前	えどまえ	n
汲む	くむ	v5m
法帖	ほうじょう	n
洋酒	ようしゅ	n
深入り	ふかいり	vs
添乗	てんじょう	vs
澄まし	すまし	n
激写	げきしゃ	vs
熱線	ねっせん	n
片付く	かたづく	v5k
物々交換	ぶつぶつこうかん	n
物陰	ものかげ	n
町会	ちょうかい	n
画数	かくすう	n
疎	そ	adj-na
省エネルギー	しょうエネルギー	n
破廉恥	はれんち	adj-na
神宮球場	じんぐうきゅうじょう	n
福神	ふくじん	n
種馬	たねうま	n
穴子	あなご	n
算段	さんだん	vs
純朴	じゅんぼく	adj-na
総領事館	そうりょうじかん	n
縁起物	えんぎもの	n
考査	こうさ	vs
肉付き	にくづき	n
肺癌	はいがん	n
背任	はいにん	vs
自叙伝	じじょでん	n
自己流	じこりゅう	n
艤装	ぎそう	vs
色恋	いろこい	n
苦闘	くとう	vs
茶目	ちゃめ	adj-na
華道	かどう	n
著述	ちょじゅつ	vs
葬る	ほうむる	v5r
蓄電	ちくでん	vs
製油	せいゆ	vs
西国	さいごく	n
見舞	みまい	vs
詩篇	しへん	n
論客	ろんきゃく	n
警棒	けいぼう	n
護岸	ごがん	n
豊穣	ほうじょう	n
貝類	かいるい	n
貯蔵庫	ちょぞうこ	n
踏まえる	ふまえる	v1
転換期	てんかんき	n
農学部	のうがくぶ	n
述	じゅつ	n
道行く	みちゆく	v5k-s
選りすぐり	よりすぐり	n
重慶	じゅうけい	n
鉱	あらがね	n
開祖	かいそ	n
隷	れい	n
飛び道具	とびどうぐ	n
馬鹿らしい	ばからしい	adj-i
魚屋	さかなや	n
鮒	ふな	n
いおう	いおう	n
いっとき	いっとき	n
いわれ	いわれ	n
うかがう	うかがう	v5u
お手の物	おてのもの	n
お産	おさん	n
お飾り	おかざり	n
かねてから	かねてから	exp
くすみ	くすみ	n
こえる	こえる	v1
こづかい	こづかい	n
ごとし	ごとし	
しゃれ	しゃれ	n
そろう	そろう	v5u
たかみ	たかみ	n
たんぽ	たんぽ	vs
とおし	とおし	n
ななめ	ななめ	n
ねがい	ねがい	n
ねじり	ねじり	vs
のぞむ	のぞむ	v5m
はじく	はじく	v5k
はずかしい	はずかしい	adj-i
ひずみ	ひずみ	n
ひとえに	ひとえに	adv
ひょうたん	ひょうたん	n
ほど近い	ほどちかい	adj-i
もっさり	もっさり	vs
やっこ	やっこ	n
アイシング	アイシング	n
アイメイク	アイメイク	n
アクト	アクト	n
イエローカード	イエローカード	n
イメージアップ	イメージアップ	vs
エチル	エチル	n
エリンギ	エリンギ	n
カエサル	カエサル	n
カーディフ	カーディフ	n
ガレット	ガレット	n
キャリアウーマン	キャリアウーマン	n
ギスギス	ギスギス	vs
クリアランス	クリアランス	n
クールビズ	クールビズ	n
ケミスト	ケミスト	n
ケーブルカー	ケーブルカー	n
コミンテルン	コミンテルン	n
コントラバス	コントラバス	n
コーギー	コーギー	n
シャカシャカ	シャカシャカ	n
ショコラティエ	ショコラティエ	n
ジャグリング	ジャグリング	n
スプリット	スプリット	n
スペクター	スペクター	n
ゼファー	ゼファー	n
ダイレクトメール	ダイレクトメール	n
ダンパー	ダンパ	n
チャイコフスキー	チャイコフスキー	n
テノール	テノール	n
デスマッチ	デスマッチ	n
トコロ	ところ	n
ニャンコ	にゃんこ	n
ノベライズ	ノベライズ	vs
バイオテクノロジー	バイオテクノロジー	n
バリトン	バリトン	n
パイレーツ	パイレーツ	n
パピヨン	パピヨン	n
パリピ	パリピ	n
パリーグ	パリーグ	n
ヒスタミン	ヒスタミン	n
ヒラヒラ	ひらひら	vs
ヒンジ	ヒンジ	n
ビア	ビール	n
ピタ	ピタ	n
フローリング	フローリング	n
ブラウニー	ブラウニー	n
プラセンタ	プラセンタ	n
ヘヴィ	ヘヴィ	adj-na
ボレー	ボレー	n
マドリッド	マドリード	n
マーズ	マーズ	n
モナリザ	モナリザ	n
モルタル	モルタル	n
ヤムチャ	ヤムチャ	n
リアリティー	リアリティ	n
レイヤ	レイヤー	n
レッサーパンダ	レッサーパンダ	n
レトロゲーム	レトロゲーム	n
ロボトミー	ロボトミー	n
ローディング	ローディング	n
一利	いちり	n
一助	いちじょ	n
三文	さんもん	n
不道徳	ふどうとく	adj-na
串焼き	くしやき	n
九重	ここのえ	n
亜熱帯	あねったい	n
人当たり	ひとあたり	n
付きまとう	つきまとう	v5u
住環境	じゅうかんきょう	n
供する	きょうする	vs
供物	くもつ	n
傑出	けっしゅつ	vs
入線	にゅうせん	vs
公庫	こうこ	n
写経	しゃきょう	vs
処世	しょせい	n
別種	べっしゅ	n
削れる	けずれる	v1
剣山	けんざん	n
励起	れいき	vs
勇気づけ	ゆうきづけ	n
匂	におい	n
十一月	じゅういちがつ	n
十八番	おはこ	n
収量	しゅうりょう	n
受胎	じゅたい	vs
同書	どうしょ	n
呵責	かしゃく	n
商売人	しょうばいにん	n
問い合わせる	といあわせる	v1
喧騒	けんそう	n
回文	かいぶん	n
図法	ずほう	n
圧し	おし	n
垂らす	たらす	v5s
増収	ぞうしゅう	vs
多勢	たぜい	n
多目	おおめ	n
大蔵省	おおくらしょう	n
天宝	てんぽう	n
天山	あめやま	n
天然痘	てんねんとう	n
失職	しっしょく	vs
妖狐	ようこ	n
季刊	きかん	n
寄宿舎	きしゅくしゃ	n
寝心地	ねごこち	n
寸断	すんだん	vs
尿素	にょうそ	n
居室	きょしつ	n
山猫	やまねこ	n
崩御	ほうぎょ	vs
川尻	かわじり	n
差し込み	さしこみ	n
年賀	ねんが	n
幼き	おさなき	n
幼子	おさなご	n
弱腰	よわごし	adj-na
当たり障り	あたりさわり	n
後列	こうれつ	n
急逝	きゅうせい	vs
恩寵	おんちょう	n
悠長	ゆうちょう	adj-na
憂き目	うきめ	n
手玉	てだま	n
抱き合わせ	だきあわせ	n
拝謁	はいえつ	vs
挽肉	ひきにく	n
掛け布団	かけぶとん	n
揚げ足	あげあし	n
換える	かえる	v1
摂氏	せっし	n
敗血症	はいけつしょう	n
教壇	きょうだん	n
文香	ふみこう	n
斎場	さいじょう	n
旧道	きゅうどう	n
曲解	きょっかい	vs
案山子	かかし	n
植生	しょくせい	n
検分	けんぶん	vs
検非違使	けびいし	n
死に際	しにぎわ	n
毎号	まいごう	n
毎食	まいしょく	n
気難しい	きむずかしい	adj-i
水洗	すいせん	vs
水車	すいしゃ	n
汽笛	きてき	n
治まる	おさまる	v5r
浮き沈み	うきしずみ	vs
浮力	ふりょく	n
海綿	かいめん	n
海草	かいそう	n
深々	しんしん	adv
満ちる	みちる	v1
溜池	ためいけ	n
無欠	むけつ	adj-na
無痛	むつう	n
焼け跡	やけあと	n
熱情	ねつじょう	n
熱演	ねつえん	vs
片耳	かたみみ	n
理工学部	りこうがくぶ	n
甲種	こうしゅ	n
異教	いきょう	n
癇癪	かんしゃく	n
盛り土	もりど	n
盟主	めいしゅ	n
真似る	まねる	v1
真新しい	まあたらしい	adj-i
眩暈	めまい	vs
石灰岩	せっかいがん	n
私情	しじょう	n
私邸	してい	n
積み立て	つみたて	n
節制	せっせい	vs
精華	せいか	n
細目	ほそめ	n
終端	しゅうたん	n
織機	しょっき	n
繚乱	りょうらん	adv
義勇	ぎゆう	n
肩入れ	かたいれ	vs
胃液	いえき	n
腰椎	ようつい	n
腹話術	ふくわじゅつ	n
荒巻	あらまき	n
蒟蒻	こんにゃく	n
蒸す	むす	v5s
蔵元	くらもと	n
血眼	ちまなこ	n
行商	ぎょうしょう	vs
袂	たもと	n
西経	せいけい	n
見違える	みちがえる	v1
解き放つ	ときはなつ	v5t
言い切る	いいきる	v5r
谷地	やち	n
賛歌	さんか	n
赤目	あかめ	n
起き上がる	おきあがる	v5r
超党派	ちょうとうは	n
踏みにじる	ふみにじる	v5r
躰	からだ	n
軍属	ぐんぞく	n
農水省	のうすいしょう	n
追っ手	おって	n
連れ込み	つれこみ	n
邪険	じゃけん	n
鉱脈	こうみゃく	n
鎮魂歌	ちんこんか	n
長打	ちょうだ	vs
防空壕	ぼうくうごう	n
阿鼻叫喚	あびきょうかん	n
随筆	ずいひつ	n
雨降り	あめふり	n
頭骨	とうこつ	n
黙殺	もくさつ	vs
あとあと	あとあと	n
いこい	いこい	n
うつ伏せ	うつぶせ	n
うんちく	うんちく	n
おうじ	おうじ	n
おそい	おそい	adj-i
お母さま	おかあさま	n
かがやき	かがやき	n
かよう	かよう	v5u
からす	からす	n
こうや	こうや	n
こよみ	こよみ	n
ざんねん	ざんねん	adj-na
しぶき	しぶき	n
たけん	たけん	n
たたら	たたら	n
たちばな	たちばな	n
だます	だます	v5s
てんぷら	てんぷら	n
びっしょり	びっしょり	adj-na
ふける	ふける	v5r
まねき	まねき	n
もろに	もろに	adv
ゆれる	ゆれる	v1
ろう者	ろうしゃ	n
わめい	わめい	n
アンカ	アンカー	n
イチャラブ	イチャラブ	vs
イミフ	いみふ	adj-na
イラマチオ	イラマチオ	n
インピーダンス	インピーダンス	n
ウィンター	ウィンター	n
ウェブカメラ	ウェブカメラ	n
エアバス	エアバス	n
エイム	エイム	n
エステティシャン	エステティシャン	n
エスペラント	エスペラント	n
オア	オア	conj
カマンベール	カマンベール	n
ガラス瓶	ガラスびん	n
ガーリー	ガーリー	adj-na
キャバレー	キャバレー	n
キャビンアテンダント	キャビンアテンダント	n
キロワット	キロワット	n
ギョーザ	ギョーザ	n
クロスカントリー	クロスカントリー	n
ケ月	かげつ	ctr
コッペパン	コッペパン	n
コラムニスト	コラムニスト	n
コンテキスト	コンテクスト	n
サイロ	サイロ	n
サクランボ	さくらんぼ	n
シトラス	シトラス	n
ストラテジー	ストラテジー	n
スピードウェイ	スピードウェイ	n
タイトルマッチ	タイトルマッチ	n
タロットカード	タロットカード	n
ダンスホール	ダンスホール	n
テクニシャン	テクニシャン	n
ディーゼルエンジン	ディーゼルエンジン	n
トリチウム	トリチウム	n
トレンチコート	トレンチコート	n
トレンディ	トレンディー	adj-na
ドド	ドードー	n
ナーバス	ナーバス	adj-na
ヌカ	ぬか	n
バーベル	バーベル	n
パルクール	パルクール	n
フレグランス	フレグランス	n
フロン	フロン	n
ブルマー	ブルマ	n
プロミス	プロミス	n
ベント	ベント	n
ペニシリン	ペニシリン	n
ホカホカ	ほかほか	vs
ホメオパシー	ホメオパシー	n
ホーマー	ホーマー	n
ホーリー	ホーリー	n
マダラ	まだら	n
モンテネグロ	モンテネグロ	n
リザルト	リザルト	n
リセ	リセ	n
リーフレット	リーフレット	n
ルービックキューブ	ルービックキューブ	n
ロハス	ロハス	n
ワークステーション	ワークステーション	n
一代	いちだい	n
一個人	いっこじん	n
一回り	ひとまわり	n
一片	いっぺん	n
下積み	したづみ	n
不協和音	ふきょうわおん	n
不親切	ふしんせつ	adj-na
乱心	らんしん	vs
人任せ	ひとまかせ	n
仕切	しきり	n
伝言板	でんごんばん	n
何ぞ	なんぞ	exp
保守党	ほしゅとう	n
催し物	もよおしもの	n
入城	にゅうじょう	vs
円柱	えんちゅう	n
冷血	れいけつ	adj-na
出っ歯	でっぱ	n
出入国	しゅつにゅうこく	n
出納	すいとう	vs
別売	べつうり	n
別表	べっぴょう	n
前言	ぜんげん	vs
北の方	きたのかた	n
南中	なんちゅう	vs
厚紙	あつがみ	n
収斂	しゅうれん	vs
古道	こどう	n
可塑	かそ	n
可逆	かぎゃく	adj-na
同格	どうかく	n
名神	めいしん	n
吸水	きゅうすい	vs
呪詛	じゅそ	vs
器量	きりょう	n
均質	きんしつ	adj-na
坊っちゃん	ぼっちゃん	n
城址	しろあと	n
壁掛け	かべかけ	n
多才	たさい	adj-na
夜分	やぶん	n
大敵	たいてき	n
天引き	てんびき	vs
天然石	てんねんせき	n
天邪鬼	あまのじゃく	n
太閤	たいこう	n
女声	じょせい	n
妖刀	ようとう	n
学友	がくゆう	n
官憲	かんけん	n
実像	じつぞう	n
客演	きゃくえん	vs
容貌	ようぼう	n
寝込み	ねこみ	n
寶	たから	n
居城	きょじょう	n
山芋	やまいも	n
左官	さかん	n
差し上げる	さしあげる	v1
引取	ひきとり	vs
張り付く	はりつく	v5k
張り付け	はりつけ	n
張り合い	はりあい	n
後記	こうき	n
得意げ	とくいげ	adj-na
忍び寄る	しのびよる	v5r
忠臣蔵	ちゅうしんぐら	n
念力	ねんりき	n
恥さらし	はじさらし	n
悼む	いたむ	v5m
情状	じょうじょう	n
戦役	せんえき	n
手回し	てまわし	n
手引	てびき	vs
投げ銭	なげせん	n
拭き取る	ふきとる	v5r
拿捕	だほ	vs
放心	ほうしん	vs
散歩道	さんぽみち	n
文教	ぶんきょう	n
新内	しんない	n
既製	きせい	n
明朗	めいろう	adj-na
晩秋	ばんしゅう	adv
暴投	ぼうとう	vs
最下	さいか	adj-na
木部	もくぶ	n
本分	ほんぶん	n
校閲	こうえつ	vs
桃源郷	とうげんきょう	n
植え付ける	うえつける	v1
正則	せいそく	adj-na
正道	せいどう	n
残金	ざんきん	n
母屋	もや	n
毘沙門天	びしゃもんてん	n
水球	すいきゅう	n
深緑	しんりょく	n
深遠	しんえん	adj-na
清朝	しんちょう	n
溶媒	ようばい	n
灌漑	かんがい	vs
無味	むみ	adj-na
無機物	むきぶつ	n
無粋	ぶすい	adj-na
牙城	がじょう	n
特務	とくむ	n
特進	とくしん	vs
獄門	ごくもん	n
甲高い	かんだかい	adj-i
異に	けに	adv
目利き	めきき	n
省内	しょうない	n
督促	とくそく	vs
磐	いわ	n
社屋	しゃおく	n
祇園祭	ぎおんまつり	n
積乱雲	せきらんうん	n
競い	きそい	n
筏	いかだ	n
約定	やくじょう	vs
組立て	くみたて	n
総論	そうろん	n
緑の党	みどりのとう	n
纏	まとい	n
聴聞	ちょうもん	vs
背信	はいしん	vs
腸管	ちょうかん	n
臀部	でんぶ	n
舞姫	まいひめ	n
舵取り	かじとり	vs
良性	りょうせい	n
花梨	かりん	n
若人	わこうど	n
苦慮	くりょ	vs
虫食い	むしくい	n
袈裟	けさ	n
複素	ふくそ	n
許認可	きょにんか	vs
識別子	しきべつし	n
護符	ごふ	n
貨	たから	n
買い入れ	かいいれ	n
足枷	あしかせ	n
跡取り	あととり	n
踏ん切り	ふんぎり	n
遅し	おそし	
遅咲き	おそざき	n
過誤	かご	n
遠因	えんいん	n
配車	はいしゃ	vs
酒気	しゅき	n
酒税	しゅぜい	n
醜聞	しゅうぶん	n
鍬	くわ	n
陳謝	ちんしゃ	vs
陸路	りくろ	n
陽射し	ひざし	n
隠し場所	かくしばしょ	n
霊柩車	れいきゅうしゃ	n
香典	こうでん	n
魚拓	ぎょたく	n
あんど	あんど	vs
うかがい	うかがい	n
うさん	うさん	adj-na
お孫さん	おまごさん	n
かさばる	かさばる	v5r
かっと	かっと	vs
がぶ飲み	がぶのみ	vs
これ程	これほど	adv
しじま	しじま	n
しろう	しろう	n
そろえる	そろえる	v1
てんき	てんき	n
なし崩し	なしくずし	n
にこやか	にこやか	adj-na
のうのう	のうのう	vs
はおり	はおり	n
はさま	はさま	n
ひろい	ひろい	n
ほつれ	ほつれ	n
アコード	アコード	n
アドビ	アドービ	n
アルキル	アルキル	n
イースタン	イースタン	n
エレガンス	エレガンス	n
オランウータン	オランウータン	n
オーム	オーム	n
ガサガサ	がさがさ	vs
ガシガシ	ガシガシ	adv
ガスコンロ	ガスこんろ	n
ガレキ	ガレキ	n
キャラソン	キャラソン	n
クォリティ	クオリティ	n
クマムシ	くまむし	n
クローネ	クローネ	n
グンマー	グンマー	n
ゲイル	ゲイル	n
コヨーテ	コヨーテ	n
ゴールキーパー	ゴールキーパー	n
シェーバー	シェーバー	n
シータ	シータ	n
スイスイ	スイスイ	adv
スムース	スムーズ	adj-na
セパレート	セパレート	n
チラリ	チラリ	adv
ツイード	ツイード	n
テンス	テンス	n
デリカシー	デリカシー	n
ニダ	ニダ	exp
ネームバリュー	ネームバリュー	n
ハンダ	はんだ	n
バリアー	バリア	n
バーミンガム	バーミンガム	n
ビーガン	ヴィーガン	n
フレキシブル	フレキシブル	adj-na
ヘビロテ	ヘビロテ	n
ペンライト	ペンライト	n
ボサボサ	ボサボサ	vs
マーマレード	マーマレード	n
マーラ	マーラ	n
ムカムカ	ムカムカ	vs
ムツ	むつ	n
メイス	メイス	n
メイヤー	メイヤー	n
メキシコシティ	メキシコシティ	n
ヤケクソ	やけくそ	adj-na
ユーカリ	ユーカリ	n
ラグジュアリー	ラグジュアリー	adj-na
ラミー	ラミー	n
リタイヤ	リタイア	vs
リュックサック	リュックサック	n
ローレライ	ローレライ	n
ワンダフル	ワンダフル	n
三位一体	さんみいったい	n
下請	したうけ	vs
不味	ふみ	adj-na
並々	なみなみ	adv
中秋	ちゅうしゅう	n
乗換え	のりかえ	vs
乙姫	おとひめ	n
乱高下	らんこうげ	vs
井戸端	いどばた	n
人家	じんか	n
人間ドック	にんげんドック	n
仕上がる	しあがる	v5r
仕切り直し	しきりなおし	n
仕向ける	しむける	v1
仕掛	しかけ	n
位牌	いはい	n
低能	ていのう	adj-na
内申	ないしん	vs
円錐	えんすい	n
分かつ	わかつ	v5t
切り傷	きりきず	n
切り詰め	きりつめ	n
前々回	ぜんぜんかい	n
助け合う	たすけあう	v5u
半面	はんめん	n
単数	たんすう	n
危なっかしい	あぶなっかしい	adj-i
卵白	らんぱく	n
取付け	とりつけ	n
名品	めいひん	n
名水	めいすい	n
呼気	こき	n
商学部	しょうがくぶ	n
図版	ずはん	n
国定	こくてい	n
国富	こくふ	n
国府	こくふ	n
埋め合わせ	うめあわせ	n
基本給	きほんきゅう	n
壬	じん	n
夏物	なつもの	n
外用	がいよう	vs
大道	だいどう	n
大黒柱	だいこくばしら	n
媚びる	こびる	v1
存知	ぞんち	vs
官軍	かんぐん	n
小馬鹿	こばか	n
岩礁	がんしょう	n
嵯峨	さが	adv
帥	そち	n
年季	ねんき	n
年率	ねんりつ	n
引き離す	ひきはなす	v5s
弱まり	よわまり	n
後れ	おくれ	n
御伽	おとぎ	n
復路	ふくろ	n
性差	せいさ	n
憐れみ	あわれみ	n
成否	せいひ	n
手付かず	てつかず	n
払込	はらいこみ	n
折々	おりおり	adv
押切	おしきり	n
支線	しせん	n
散在	さんざい	vs
文月	ふみづき	n
斜陽	しゃよう	n
斤	きん	n
新編	しんぺん	n
日取り	ひどり	n
早春	そうしゅん	adv
智恵	ちえ	n
暑苦しい	あつくるしい	adj-i
暴虐	ぼうぎゃく	n
月例	げつれい	n
有り金	ありがね	n
服薬	ふくやく	vs
木立	こだち	n
松林	まつばやし	n
柔和	にゅうわ	adj-na
査証	さしょう	n
校外	こうがい	n
棄損	きそん	vs
正露丸	せいろがん	n
歩み寄り	あゆみより	n
毒蛇	どくじゃ	n
水の泡	みずのあわ	exp
水生	すいせい	n
油井	ゆせい	n
法華	ほっけ	n
深化	しんか	vs
無骨	ぶこつ	adj-na
燗	かん	n
猿渡	さるわたり	n
珍事	ちんじ	n
珍獣	ちんじゅう	n
生者	せいしゃ	n
甲乙	こうおつ	n
男系	だんけい	n
盤石	ばんじゃく	n
盲人	もうじん	n
砂州	さす	n
磨耗	まもう	vs
秘薬	ひやく	n
突き落とす	つきおとす	v5s
笙	しょう	n
箪笥	たんす	n
紅色	こうしょく	n
絡み合う	からみあう	v5u
緩む	ゆるむ	v5m
縁石	えんせき	n
縮図	しゅくず	n
義務付ける	ぎむづける	v1
耐え難い	たえがたい	adj-i
肝要	かんよう	adj-na
背く	そむく	v5k
脊椎動物	せきついどうぶつ	n
腹一杯	はらいっぱい	n
花鳥	かちょう	n
苦悶	くもん	vs
血痕	けっこん	n
行員	こういん	n
親しむ	したしむ	v5m
親切心	しんせつしん	n
評決	ひょうけつ	vs
読経	どきょう	vs
講釈	こうしゃく	vs
謹製	きんせい	n
財政難	ざいせいなん	n
貼り紙	はりがみ	n
贈賄	ぞうわい	vs
起承転結	きしょうてんけつ	n
踏み切り	ふみきり	n
身支度	みじたく	n
躯	むくろ	n
転回	てんかい	vs
農政	のうせい	n
退路	たいろ	n
道順	みちじゅん	n
配電	はいでん	vs
重り	おもり	n
鉱夫	こうふ	n
銀山	ぎんざん	n
門前払い	もんぜんばらい	n
閉まり	しまり	n
陸海空	りくかいくう	n
雑務	ざつむ	n
雨宿り	あまやどり	vs
青白い	あおじろい	adj-i
面白味	おもしろみ	n
鞭打ち	むちうち	n
韓米	かんべい	n
駆け込む	かけこむ	v5m
鰯	いわし	n
鵺	ぬえ	n
あくま	あくま	n
うつつ	うつつ	n
うとうと	うとうと	vs
うろつく	うろつく	v5k
かがり	かがり	n
かさむ	かさむ	v5m
くずし	くずし	n
くだし	くだし	n
くだん	くだん	n
ぐずぐず	ぐずぐず	vs
こしょう	こしょう	vs
さらけ出す	さらけだす	v5s
つじつま	つじつま	n
つっこむ	つっこむ	v5m
ねらい	ねらい	n
のびる	のびる	v1
はじける	はじける	v1
ひっぱり	ひっぱり	n
ぶっつけ	ぶっつけ	n
ぽっと	ぽっと	vs
まなぶ	まなぶ	v5b
みどころ	みどころ	n
みょう	みょう	adj-na
むりやり	むりやり	adv
ゆうに	ゆうに	adv
よちよち	よちよち	vs
アイズ	アイズ	n
アイダホ	アイダホ	n
イニシアチブ	イニシアティブ	n
カットソー	カットソー	n
キッカー	キッカー	n
キャブ	キャブ	n
キョンシー	キョンシー	n
グルコース	グルコース	n
コチ	こち	n
コンバータ	コンバーター	n
コンパウンド	コンパウンド	n
コンピューティング	コンピューティング	n
コンブ	こんぶ	n
コンボイ	コンボイ	n
サイケ	サイケ	adj-na
シャベル	シャベル	n
シリ	シリ	n
シーリング	シーリング	n
ジビエ	ジビエ	n
スイッチング	スイッチング	n
スーパーボウル	スーパーボウル	n
ダコタ	ダコタ	n
ダボ	ダボ	n
ツナギ	つなぎ	n
デートスポット	デートスポット	n
トップダウン	トップダウン	adj-na
トリル	トリル	n
トレッキング	トレッキング	n
ナイスガイ	ナイスガイ	n
ナマケモノ	なまけもの	n
ネチネチ	ネチネチ	vs
ハスラー	ハスラー	n
ハリセンボン	はりせんぼん	n
ヒットラー	ヒトラー	n
ビチョビチョ	びしょびしょ	n
ピープル	ピープル	n
フィックス	フィックス	vs
フェアプレー	フェアプレー	n
フラペチーノ	フラペチーノ	n
フリーライター	フリーライター	n
ブライド	ブライド	n
ブラッシング	ブラッシング	vs
ブレイクスルー	ブレークスルー	n
ブロマイド	ブロマイド	n
プリーツ	プリーツ	n
プルーン	プルーン	n
ホイップクリーム	ホイップクリーム	n
ホームタウン	ホームタウン	n
ボトムス	ボトムス	n
ボルテージ	ボルテージ	n
ポア	ポア	n
ミルフィーユ	ミルフィーユ	n
メラニン	メラニン	n
ヤッホー	ヤッホー	int
ラジカル	ラジカル	adj-na
ランチョン	ランチョン	n
リカバリ	リカバリー	vs
ロッソ	ロッソ	n
ワイオミング	ワイオミング	n
ワームホール	ワームホール	n
一心不乱	いっしんふらん	adj-na
一死	いっし	n
上っ面	うわっつら	n
下剋上	げこくじょう	n
不相応	ふそうおう	adj-na
不老	ふろう	n
世知辛い	せちがらい	adj-i
中庸	ちゅうよう	n
乳化	にゅうか	vs
乳業	にゅうぎょう	n
二輪車	にりんしゃ	n
亦	また	adv
人夫	にんぷ	n
今冬	こんとう	n
仲違い	なかたがい	vs
企てる	くわだてる	v1
佃	つくだ	n
何方	どちら	pn
償う	つぐなう	v5u
八卦	はっけ	n
共倒れ	ともだおれ	vs
千手観音	せんじゅかんのん	n
厚着	あつぎ	vs
取り分け	とりわけ	adv
受入れ	うけいれ	n
受電	じゅでん	vs
古傷	ふるきず	n
右傾	うけい	vs
同窓生	どうそうせい	n
吸い取る	すいとる	v5r
呼び起こす	よびおこす	v5s
咎める	とがめる	v1
器械	きかい	n
国務大臣	こくむだいじん	n
国選	こくせん	n
埋もれる	うもれる	v1
執着心	しゅうちゃくしん	n
壁際	かべぎわ	n
大急ぎ	おおいそぎ	n
大綱	たいこう	n
媛	ひめ	n
守り抜く	まもりぬく	v5k
寛ぎ	くつろぎ	n
対物	たいぶつ	n
封殺	ふうさつ	vs
専従	せんじゅう	vs
居宅	きょたく	n
山積	さんせき	vs
岐路	きろ	n
工大	こうだい	n
平定	へいてい	vs
店先	みせさき	n
庭先	にわさき	n
引き替え	ひきかえ	n
張力	ちょうりょく	n
復唱	ふくしょう	vs
心頭	しんとう	n
思い違い	おもいちがい	n
患い	うれい	n
悪酔い	わるよい	vs
愛馬	あいば	n
扁平	へんぺい	n
技工	ぎこう	n
援用	えんよう	vs
放任	ほうにん	vs
政見	せいけん	n
敗走	はいそう	vs
教示	きょうじ	vs
文人	ぶんじん	n
施政	しせい	n
早瀬	はやせ	n
明太	メンタイ	n
暗雲	あんうん	n
暴論	ぼうろん	n
有刺鉄線	ゆうしてっせん	n
木管	もっかん	n
枚挙	まいきょ	vs
権化	ごんげ	n
横書き	よこがき	n
横道	よこみち	n
歌集	かしゅう	n
歓楽街	かんらくがい	n
殴り込み	なぐりこみ	n
水月	すいげつ	n
水溶液	すいようえき	n
永劫	えいごう	n
河田	かわた	n
消防庁	しょうぼうちょう	n
濃淡	のうたん	n
濃紺	のうこん	n
濃霧	のうむ	n
無党派	むとうは	n
独白	どくはく	vs
瓶詰め	びんづめ	vs
甘辛	あまから	n
生まれたて	うまれたて	n
生乳	せいにゅう	n
異彩	いさい	n
病みつき	やみつき	n
発振	はっしん	vs
知能指数	ちのうしすう	n
磯辺	いそべ	n
禿げる	はげる	v1
稲穂	いなほ	n
穂先	ほさき	n
積み上げる	つみあげる	v1
童心	どうしん	n
簪	かんざし	n
粘り強い	ねばりづよい	adj-i
約束事	やくそくごと	n
純然	じゅんぜん	adv
給餌	きゅうじ	vs
編著	へんちょ	n
美神	びしん	n
美術家	びじゅつか	n
美観	びかん	n
羨む	うらやむ	v5m
耳たぶ	みみたぶ	n
肌着	はだぎ	n
肌触り	はだざわり	n
脛骨	けいこつ	n
自問	じもん	vs
自壊	じかい	vs
致す	いたす	v5s
芸当	げいとう	n
英名	えいめい	n
荒稼ぎ	あらかせぎ	vs
荘園	しょうえん	n
莞	ふとい	n
華々しい	はなばなしい	adj-i
蒲鉾	かまぼこ	n
藍染	あいぞめ	n
衆生	しゅじょう	n
言質	げんち	n
訪中	ほうちゅう	vs
諸般	しょはん	n
財務諸表	ざいむしょひょう	n
貸本	かしほん	n
足軽	あしがる	n
身寄り	みより	n
軍縮	ぐんしゅく	n
農学	のうがく	n
送り届ける	おくりとどける	v1
逢瀬	おうせ	n
遊離	ゆうり	vs
邪馬台国	やまたいこく	n
重火器	じゅうかき	n
重金属	じゅうきんぞく	n
金杯	きんぱい	n
間引き	まびき	vs
陸橋	りっきょう	n
雨竜	あまりょう	n
養女	ようじょ	n
饗宴	きょうえん	n
鯉のぼり	こいのぼり	n
麦芽	ばくが	n
〆切	しめきり	n
いかつい	いかつい	adj-i
おかす	おかす	v5s
おすそ分け	おすそわけ	vs
お上手	おじょうず	n
お玉	おたま	n
かぶせる	かぶせる	v1
きこえ	きこえ	n
きこえる	きこえる	v1
ざくろ	ざくろ	n
しわ寄せ	しわよせ	vs
すぐる	すぐる	v5r
せりふ	せりふ	n
そぼろ	そぼろ	n
たいよう	たいよう	n
つぶつぶ	つぶつぶ	n
てくてく	てくてく	adv
どっしり	どっしり	vs
はいれ	はいれ	n
ひらき	ひらき	n
ふくらみ	ふくらみ	n
ふしだら	ふしだら	adj-na
ふるう	ふるう	v5u
へたくそ	へたくそ	adj-na
ほとぼり	ほとぼり	n
まぐれ	まぐれ	n
むずむず	むずむず	vs
もってのほか	もってのほか	adj-na
ゆるめる	ゆるめる	v1
よもや	よもや	adv
アウトサイダー	アウトサイダー	n
アラフィフ	アラフィフ	exp
ウエイトレス	ウェイトレス	n
ウミウシ	うみうし	n
オウンゴール	オウンゴール	n
ガウス	ガウス	n
キスマーク	キスマーク	n
キップ	キップ	n
キネマ	キネマ	n
キャッツアイ	キャッツアイ	n
キャブレター	キャブレター	n
クインテット	クインテット	n
クラウドソーシング	クラウドソーシング	n
クロスワード	クロスワード	n
ケープタウン	ケープタウン	n
ゲッツー	ゲッツー	n
コンコース	コンコース	n
コーラル	コーラル	n
ゴールデンウイーク	ゴールデンウィーク	n
サブスクリプション	サブスクリプション	n
シュノーケル	シュノーケル	n
シラ	スキュラ	n
シリング	シリング	n
スカンク	スカンク	n
スマイリー	スマイリー	n
セプテンバー	セプテンバー	n
ゼネラル	ゼネラル	n
チューバ	チューバ	n
ティーチャー	ティーチャー	n
ドビュッシー	ドビュッシー	n
ドラマティック	ドラマチック	adj-na
ネガティヴ	ネガティブ	adj-na
バーニング	バーニング	n
パイク	パイク	n
パラダイム	パラダイム	n
ビニル	ビニール	n
ピール	ピール	vs
ファジー	ファジー	adj-na
フロッピー	フロッピー	n
ブルンジ	ブルンジ	n
プロモ	プロモ	n
ホッチキス	ホッチキス	n
ボロン	ボロン	n
ポコポコ	ボコボコ	adv
マキシマム	マキシマム	adj-na
マタタビ	またたび	n
マーシュ	マーシュ	n
ミトン	ミトン	n
ミミズク	みみずく	n
メンタリスト	メンタリスト	n
モモンガ	ももんが	n
ユーゴスラビア	ユーゴスラビア	n
ラダー	ラダー	n
ラチェット	ラチェット	n
ラッド	ラッド	n
ラテックス	ラテックス	n
リスカ	リスカ	vs
リノベーション	リノベーション	n
一翼	いちよく	n
一興	いっきょう	n
一花	ひとはな	n
一輪車	いちりんしゃ	n
一閃	いっせん	vs
下絵	したえ	n
不動明王	ふどうみょうおう	n
不成立	ふせいりつ	n
不遜	ふそん	adj-na
丹念	たんねん	adj-na
以北	いほく	n
伝奇	でんき	n
伝書鳩	でんしょばと	n
低地	ていち	n
俗物	ぞくぶつ	n
先攻	せんこう	vs
入党	にゅうとう	vs
入水	じゅすい	vs
全寮	ぜんりょう	n
公転	こうてん	vs
出目	でめ	n
分け前	わけまえ	n
分署	ぶんしょ	n
初速	しょそく	n
利潤	りじゅん	n
助命	じょめい	n
務まる	つとまる	v5r
包含	ほうがん	vs
協約	きょうやく	vs
卦	け	n
原書	げんしょ	n
反骨	はんこつ	n
受取り	うけとり	n
口当たり	くちあたり	n
同大	どうだい	n
同紙	どうし	n
咲き誇る	さきほこる	v5r
品行	ひんこう	n
土足	どそく	n
墓所	ぼしょ	n
声色	こわいろ	n
多湿	たしつ	n
大鹿	おおじか	n
天下一品	てんかいっぴん	n
太鼓判	たいこばん	n
子爵	ししゃく	n
季節外れ	きせつはずれ	n
安息日	あんそくにち	n
安房	あわ	n
射る	いる	v1
小瓶	こびん	n
山門	さんもん	n
州法	しゅうほう	n
工数	こうすう	n
市バス	しバス	n
市庁舎	しちょうしゃ	n
幟	のぼり	n
平安京	へいあんきょう	n
広葉樹	こうようじゅ	n
廃材	はいざい	n
引き付ける	ひきつける	v1
引き当て	ひきあて	n
強壮	きょうそう	adj-na
心血	しんけつ	n
応接	おうせつ	vs
急用	きゅうよう	n
急病	きゅうびょう	n
愚直	ぐちょく	n
愛くるしい	あいくるしい	adj-i
抑揚	よくよう	n
折半	せっぱん	vs
押忍	おっす	int
捨て去る	すてさる	v5r
捲り	まくり	n
掘り起こす	ほりおこす	v5s
搾り取る	しぼりとる	v5r
撥ね	はね	n
操船	そうせん	vs
散らかす	ちらかす	v5s
敷金	しききん	n
斤量	きんりょう	n
新法	しんぽう	n
日商	にっしょう	n
昨季	さくき	n
暗がり	くらがり	n
朗らか	ほがらか	adj-na
杜氏	とうじ	n
果糖	かとう	n
枡	ます	n
植毛	しょくもう	vs
極まる	きわまる	v5r
横槍	よこやり	n
横隔膜	おうかくまく	n
機微	きび	n
母船	ぼせん	n
気味が悪い	きみがわるい	adj-i
水夫	すいふ	n
水底	すいてい	n
水浴び	みずあび	vs
治外法権	ちがいほうけん	n
泣き顔	なきがお	n
注ぎ込む	そそぎこむ	v5m
注水	ちゅうすい	vs
消音	しょうおん	vs
滅入る	めいる	v5r
漢詩	かんし	n
濁流	だくりゅう	n
火事場	かじば	n
無比	むひ	adj-na
無産	むさん	n
爆心	ばくしん	n
物差し	ものさし	n
特需	とくじゅ	n
独力	どくりょく	n
献花	けんか	vs
生半可	なまはんか	adj-na
男物	おとこもの	n
矢場	やば	n
知れ渡る	しれわたる	v5r
石英	せきえい	n
砥	と	n
神職	しんしょく	n
私利	しり	n
積み重ねる	つみかさねる	v1
穣	じょう	
立教	りっきょう	n
第一声	だいいっせい	n
筆談	ひつだん	vs
粗相	そそう	vs
粗雑	そざつ	adj-na
統廃合	とうはいごう	vs
続発	ぞくはつ	vs
網目	あみめ	n
縁者	えんじゃ	n
習わし	ならわし	n
肝硬変	かんこうへん	n
能無し	のうなし	n
脇毛	わきげ	n
蓮根	れんこん	n
薄膜	うすまく	n
虚像	きょぞう	n
蛹	さなぎ	n
表側	おもてがわ	n
西アフリカ	にしアフリカ	n
西瓜	すいか	n
見通す	みとおす	v5s
言い争い	いいあらそい	n
試験場	しけんじょう	n
読み出し	よみだし	n
象形	しょうけい	n
軍手	ぐんて	n
軍資金	ぐんしきん	n
軟派	なんぱ	n
農奴	のうど	n
造幣局	ぞうへいきょく	n
酌量	しゃくりょう	vs
金字塔	きんじとう	n
鉈	なた	n
鎮魂	ちんこん	vs
雑木林	ぞうきばやし	n
非常口	ひじょうぐち	n
鞍馬	あんば	n
風営法	ふうえいほう	n
馬術	ばじゅつ	n
骨子	こっし	n
魔法瓶	まほうびん	n
あそぶ	あそぶ	v5b
えんぴつ	えんぴつ	n
おひたし	おひたし	n
おめおめ	おめおめ	adv
お膳立て	おぜんだて	vs
ぎっくり腰	ぎっくりごし	n
くろい	くろい	adj-i
さかり	さかり	n
してき	してき	adj-na
すきや	すきや	n
たかる	たかる	v5r
たくま	たくま	vs
たしなみ	たしなみ	n
たまゆら	たまゆら	n
ちゃち	ちゃち	adj-na
つやつや	つやつや	vs
ともこ	ともこ	n
にたいする	にたいする	exp
はずみ	はずみ	n
はっと	はっと	vs
ひろがる	ひろがる	v5r
びわ湖	びわこ	n
めっき	めっき	vs
もちい	もちい	n
やり場	やりば	n
わざとらしい	わざとらしい	adj-i
わらう	わらう	v5u
アニマ	アニマ	n
アニヲタ	アニオタ	n
イド	イド	n
インディペンデント	インディペンデント	adj-na
エディット	エディット	n
エノキ	えのき	n
エンスト	エンスト	n
オピオイド	オピオイド	n
オージー	オージー	n
カブトガニ	かぶとがに	n
カーチェイス	カーチェイス	n
ガソリンエンジン	ガソリンエンジン	n
キャミソール	キャミソール	n
クエリ	クエリー	n
コードレス	コードレス	n
コーパス	コーパス	n
ゴルァ	こら	int
スティンガー	スティンガー	n
ストリング	ストリング	n
スパークリングワイン	スパークリングワイン	n
セクタ	セクター	n
セレン	セレン	n
タイムマシーン	タイムマシン	n
タンデム	タンデム	n
ダディ	ダディー	n
ツレ	つれ	vs
テキストエディタ	テキストエディタ	n
テヘペロ	てへぺろ	exp
デン	デン	n
トウガラシ	とうがらし	n
ニューヨーカー	ニューヨーカー	n
ネイティブアメリカン	ネイティブアメリカン	n
ネオナチ	ネオナチ	n
バイソン	バイソン	n
バーテン	バーテン	n
パトリオット	パトリオット	n
ピケット	ピケット	n
ピンセット	ピンセット	n
ファッショナブル	ファッショナブル	adj-na
ブリーフィング	ブリーフィング	n
プレゼンツ	プレゼンツ	n
ヘラジカ	へらじか	n
ベロチュー	ベロチュー	vs
ペントハウス	ペントハウス	n
ホーミング	ホーミング	n
ボルネオ	ボルネオ	n
ポツン	ポツリ	adv
マリーン	マリーン	n
ミュー	ミュー	n
メドゥーサ	メドゥーサ	n
ヨーガ	ヨガ	n
ラムダ	ラムダ	n
ラーニング	ラーニング	n
リシン	リジン	n
リベリア	リベリア	n
ロイヤリティ	ロイヤリティ	n
ロリポップ	ロリポップ	n
ローマ法王	ローマほうおう	n
ワンオペ	ワンオペ	n
一喝	いっかつ	vs
一点張り	いってんばり	n
不感症	ふかんしょう	n
乗算	じょうざん	vs
五稜郭	ごりょうかく	n
井筒	いづつ	n
付き物	つきもの	n
仲間外れ	なかまはずれ	vs
伏兵	ふくへい	n
例題	れいだい	n
倒	さかしま	n
倒立	とうりつ	vs
元夫	もとおっと	n
克己	こっき	vs
入道	にゅうどう	n
全学	ぜんがく	n
八重歯	やえば	n
凌ぎ	しのぎ	n
凍える	こごえる	v1
切子	きりこ	n
助太刀	すけだち	vs
十二支	じゅうにし	n
千島	ちしま	n
半円	はんえん	n
半球	はんきゅう	n
及第	きゅうだい	vs
受け持ち	うけもち	n
同級	どうきゅう	n
品々	しなじな	n
大はしゃぎ	おおはしゃぎ	vs
大将軍	たいしょうぐん	n
大悟	たいご	vs
大技	おおわざ	n
大蔵経	だいぞうきょう	n
大鳥	おおとり	n
妊活	にんかつ	vs
婦長	ふちょう	n
嫡男	ちゃくなん	n
寮長	りょうちょう	n
対訳	たいやく	vs
小品	しょうひん	n
小料理	こりょうり	n
小枝	こえだ	n
尽	じん	n
希求	ききゅう	vs
幅員	ふくいん	n
年功序列	ねんこうじょれつ	n
弔辞	ちょうじ	n
当事	とうじ	n
当惑	とうわく	vs
往診	おうしん	vs
思い描く	おもいえがく	v5k
愚痴る	ぐちる	v5r
手技	しゅぎ	n
手近	てぢか	adj-na
拝殿	はいでん	n
拡がる	ひろがる	v5r
捕る	とる	v5r
揺	ゆり	n
攣	てなえ	n
攪拌	かくはん	vs
政財界	せいざいかい	n
旗印	はたじるし	n
日の入り	ひのいり	n
明け渡す	あけわたす	v5s
晒	さらし	n
暖める	あたためる	v1
月次	つきなみ	n
本懐	ほんかい	n
枕草子	まくらのそうし	n
欝	うつ	n
歌舞伎座	かぶきざ	n
正教	せいきょう	n
歯切れ	はぎれ	n
歯石	しせき	n
没後	ぼつご	n
注記	ちゅうき	vs
活況	かっきょう	n
海事	かいじ	n
淫魔	いんま	n
滞留	たいりゅう	vs
演ずる	えんずる	v1
潮騒	しおさい	n
潰え	ついえ	n
炭疽	たんそ	n
無尽蔵	むじんぞう	n
無闇	むやみ	adj-na
焼き物	やきもの	n
版元	はんもと	n
特ダネ	とくダネ	n
狛	こうらい	n
甘ったるい	あまったるい	adj-i
甘ったれ	あまったれ	n
生魚	せいぎょ	n
産毛	うぶげ	n
申し立てる	もうしたてる	v1
町名	ちょうめい	n
登竜門	とうりゅうもん	n
白羽	しらは	n
目白押し	めじろおし	n
目盛り	めもり	n
看破	かんぱ	vs
石臼	いしうす	n
神無月	かんなづき	adv
禁輸	きんゆ	n
禍根	かこん	n
秋桜	あきざくら	n
秘か	ひそか	adj-na
稀代	きたい	n
空しく	むなしく	adv
第三国	だいさんごく	n
管制塔	かんせいとう	n
籐	とう	n
約款	やっかん	n
耐寒	たいかん	n
聴診	ちょうしん	vs
胃潰瘍	いかいよう	n
胡瓜	きゅうり	n
脂っこい	あぶらっこい	adj-i
脚立	きゃたつ	n
腹ごしらえ	はらごしらえ	vs
自愛	じあい	vs
色物	いろもの	n
花鳥風月	かちょうふうげつ	n
蒔絵	まきえ	n
蒲焼	かばやき	n
蓄音機	ちくおんき	n
蔵出し	くらだし	vs
蜜蜂	みつばち	n
行き交う	ゆきかう	v5u
衡	くびき	n
袋小路	ふくろこうじ	n
記章	きしょう	n
診る	みる	v1
詩歌	しいか	n
誘因	ゆういん	n
誤審	ごしん	vs
論ずる	ろんずる	v1
謀	はかりごと	n
謳い文句	うたいもんく	n
負け惜しみ	まけおしみ	n
軍拡	ぐんかく	n
逃げ回る	にげまわる	v5r
逃避行	とうひこう	n
速球	そっきゅう	n
造営	ぞうえい	vs
遡及	そきゅう	vs
酔っ払う	よっぱらう	v5u
重層	じゅうそう	n
重工	じゅうこう	n
針路	しんろ	n
長丁場	ながちょうば	n
長子	ちょうし	n
除籍	じょせき	vs
集荷	しゅうか	vs
霧雨	きりさめ	n
静謐	せいひつ	n
頭角	とうかく	n
風雅	ふうが	adj-na
食わず嫌い	くわずぎらい	exp
香味	こうみ	n
黒衣	こくい	n
鼎	かなえ	n
あしからず	あしからず	adv
あやうく	あやうく	adv
いかだ	いかだ	n
うずまき	うずまき	n
うぬぼれ	うぬぼれ	n
えんか	えんか	n
おくら	おくら	n
おのずと	おのずと	adv
おりる	おりる	v1
お代	おだい	n
お抱え	おかかえ	n
かけ声	かけごえ	vs
ことわり	ことわり	n
ごつい	ごつい	adj-i
ご都合主義	ごつごうしゅぎ	n
しでかす	しでかす	v5s
しろくま	しろくま	n
じまん	じまん	vs
じょし	じょし	n
すこやか	すこやか	adj-na
そびえる	そびえる	v1
ちぎる	ちぎる	v5r
ちびちび	ちびちび	adv
つるし	つるし	n
と金	ときん	n
どまり	どまり	n
なけなし	なけなし	n
のこぎり	のこぎり	n
のろい	のろい	adj-i
はかせ	はかせ	n
はびこる	はびこる	v5r
ひな壇	ひなだん	n
ひらひら	ひらひら	vs
ぶんぶん	ぶんぶん	adv
まいこ	まいこ	n
まじり	まじり	n
またの名	またのな	exp
やいなや	やいなや	exp
れいこ	れいこ	n
アウトレイジ	アウトレイジ	n
アボガド	アボカド	n
アレンジメント	アレンジメント	n
ウィジェット	ウィジェット	n
エキセントリック	エキセントリック	adj-na
エストロゲン	エストロゲン	n
オートメーション	オートメーション	n
カシュー	カシュー	n
カメリア	カメリア	n
カンター	カンター	n
カンプ	カンプ	n
カーテンコール	カーテンコール	n
ガゼル	ガゼル	n
ガタ落ち	ガタおち	vs
ガヤ	がや	n
キャメル	キャメル	n
ギクシャク	ギクシャク	vs
ギグ	ギグ	n
グローバリズム	グローバリズム	n
コンテクスト	コンテクスト	n
コンデンサー	コンデンサ	n
コンバーター	コンバーター	n
サイバーセキュリティ	サイバーセキュリティ	n
ザンビア	ザンビア	n
シガレット	シガレット	n
スターティング	スターティング	n
スピナー	スピナー	n
タップダンス	タップダンス	n
ダッチワイフ	ダッチワイフ	n
ダフ	ダフ	n
チェイン	チェーン	n
チェックメイト	チェックメイト	n
チル	チル	vs
デビル	デビル	n
ドライブイン	ドライブイン	n
ドラレコ	ドラレコ	n
ニオ	にお	n
ネイリスト	ネイリスト	n
ネイルアート	ネイルアート	n
ハットトリック	ハットトリック	n
ハナミズキ	はなみずき	n
ハンセン病	ハンセンびょう	n
ハーフマラソン	ハーフマラソン	n
バウハウス	バウハウス	n
バルバドス	バルバドス	n
パッシブ	パッシブ	adj-na
ピュー	ぴゅう	adv
ピーピー	ピーピー	n
ブロッカー	ブロッカー	n
プリケツ	プリケツ	n
プルーフ	プルーフ	n
ヘテロ	ヘテロ	n
ヘビースモーカー	ヘビースモーカー	n
ベッタリ	べったり	adv
ベトコン	ベトコン	n
ホイップ	ホイップ	n
ホウレンソウ	ほうれんそう	n
ポジショニング	ポジショニング	n
マリネ	マリネ	n
ミキシング	ミキシング	n
メンソール	メンソール	n
レッカー	レッカー	n
レビュアー	レビュアー	n
レンゲ	れんげ	n
ロッキング	ロッキング	n
ローラースケート	ローラースケート	n
ワーカー	ワーカー	n
一礼	いちれい	vs
上座	かみざ	vs
丸坊主	まるぼうず	n
人称	にんしょう	n
介錯	かいしゃく	vs
任用	にんよう	vs
低木	ていぼく	n
作図	さくず	vs
倍音	ばいおん	n
偲ぶ	しのぶ	v5b
儘	まま	n
元気づけ	げんきづけ	n
兄嫁	あによめ	n
先細り	さきぼそり	vs
光量	こうりょう	n
克明	こくめい	adj-na
公主	こうしゅ	n
公権力	こうけんりょく	n
公海	こうかい	n
内覧	ないらん	vs
円陣	えんじん	n
出会	しゅっかい	vs
出羽	でわ	n
刀身	とうしん	n
分かれ道	わかれみち	n
前夫	ぜんぷ	n
前庭	ぜんてい	n
勇姿	ゆうし	n
勝機	しょうき	n
北半球	きたはんきゅう	n
取組み	とりくみ	n
受粉	じゅふん	vs
右岸	うがん	n
吉祥	きっしょう	n
名だたる	なだたる	
和睦	わぼく	vs
品等	ひんとう	n
員数	いんずう	n
噴煙	ふんえん	n
囗	くにがまえ	n
固着	こちゃく	vs
地の利	ちのり	exp
地上げ	じあげ	vs
地方紙	ちほうし	n
地肌	じはだ	n
売り払う	うりはらう	v5u
変種	へんしゅ	n
大人げ	おとなげ	n
大日	だいにち	n
天寿	てんじゅ	n
天皇杯	てんのうはい	n
天賦	てんぷ	n
女物	おんなもの	n
好色	こうしょく	n
委嘱	いしょく	vs
字形	じけい	n
存立	そんりつ	vs
学界	がっかい	n
宿す	やどす	v5s
局番	きょくばん	n
居合	いあい	n
岩屋	いわや	n
島嶼	とうしょ	n
川底	かわぞこ	n
差し伸べる	さしのべる	v1
帝京	ていきょう	n
常夏	とこなつ	n
底値	そこね	n
引き際	ひきぎわ	n
征伐	せいばつ	vs
後妻	うわなり	n
従姉	じゅうし	n
従量	じゅうりょう	n
心変わり	こころがわり	n
心房	しんぼう	n
急須	きゅうす	n
性急	せいきゅう	adj-na
情念	じょうねん	n
懲らしめる	こらしめる	v1
戦機	せんき	n
手づくり	てづくり	n
掃射	そうしゃ	vs
接収	せっしゅう	vs
教鞭	きょうべん	n
断行	だんこう	vs
新訳	しんやく	n
昇竜	しょうりゅう	n
星章	せいしょう	n
時季	じき	n
書き直す	かきなおす	v5s
書誌	しょし	n
本震	ほんしん	n
来校	らいこう	vs
林立	りんりつ	vs
桂馬	けいま	n
桃李	とうり	n
様変わり	さまがわり	vs
横文字	よこもじ	n
歓び	よろこび	n
毬	いが	n
水切り	みずきり	vs
水墨	すいぼく	n
水鳥	すいちょう	n
波浪	はろう	n
流氷	りゅうひょう	n
消沈	しょうちん	vs
淋病	りんびょう	n
渋る	しぶる	v5r
温かみ	あたたかみ	n
満遍なく	まんべんなく	adv
漁夫	ぎょふ	n
濁点	だくてん	n
無類	むるい	adj-na
狩場	かりば	n
猜疑	さいぎ	vs
珍重	ちんちょう	vs
琴線	きんせん	n
畦	あぜ	n
発話	はつわ	n
白内障	はくないしょう	n
真言	しんごん	n
眼力	がんりき	n
着メロ	ちゃくメロ	n
石板	せきばん	n
窮状	きゅうじょう	n
粗品	そしな	n
粗大	そだい	adj-na
精いっぱい	せいいっぱい	n
純文学	じゅんぶんがく	n
級友	きゅうゆう	n
素地	そじ	n
継手	つぎて	n
緩慢	かんまん	adj-na
縦横無尽	じゅうおうむじん	adj-na
肥前	ひぜん	n
脚注	きゃくちゅう	n
脱サラ	だつサラ	vs
脳外科	のうげか	n
脳症	のうしょう	n
脾臓	ひぞう	n
腹違い	はらちがい	n
致傷	ちしょう	vs
色情	しきじょう	n
芸妓	げいぎ	n
英数字	えいすうじ	n
葬祭	そうさい	n
蒸し返す	むしかえす	v5s
血涙	けつるい	n
行徳	ぎょうとく	n
表札	ひょうさつ	n
袖口	そでぐち	n
裏づけ	うらづけ	n
製糸	せいし	n
製紙	せいし	n
西行	せいこう	vs
見いだす	みいだす	v5s
見抜ける	みぬける	v1
訓読み	くんよみ	vs
訳文	やくぶん	n
詐取	さしゅ	vs
誤診	ごしん	vs
譲位	じょうい	vs
貫徹	かんてつ	vs
貯留	ちょりゅう	vs
賛	さん	n
贅肉	ぜいにく	n
起死回生	きしかいせい	n
身の毛	みのけ	exp
車外	しゃがい	n
軍閥	ぐんばつ	n
辛み	つらみ	n
農産	のうさん	n
追い立て	おいたて	n
運び出す	はこびだす	v5s
道教	どうきょう	n
遷都	せんと	vs
遺留	いりゅう	vs
郡司	ぐんじ	n
都電	とでん	n
酒豪	しゅごう	n
醸す	かもす	v5s
釣具	つりぐ	n
銀賞	ぎんしょう	n
開山	かいさん	vs
関の山	せきのやま	exp
関心事	かんしんじ	n
閨	ねや	n
随行	ずいこう	vs
雅楽	ががく	n
雑踏	ざっとう	vs
面体	めんてい	n
風土記	ふどき	n
飄々	ひょうひょう	adv
食券	しょっけん	n
馬上	ばじょう	n
鷹匠	たかじょう	n
いかす	いかす	v5s
いする	いする	vs
うたた寝	うたたね	vs
お偉方	おえらがた	n
くずれ	くずれ	n
ささげる	ささげる	v1
さらう	さらう	v5u
じょうず	じょうず	adj-na
すがすがしい	すがすがしい	adj-i
そびえ立つ	そびえたつ	v5t
たれる	たれる	v1
たんなる	たんなる	
つかる	つかる	v5r
つらつら	つらつら	adv
てんじ	てんじ	n
とりとめ	とりとめ	n
のけもの	のけもの	n
ぱちんこ	ぱちんこ	vs
ひだり	ひだり	n
ひらけ	ひらけ	n
ふらり	ふらり	adv
もがく	もがく	v5k
もしゃ	もしゃ	vs
れんが	れんが	n
アイコンタクト	アイコンタクト	n
アスクル	アスクル	n
アヒージョ	アヒージョ	n
アメジスト	アメシスト	n
アーティファクト	アーティファクト	n
ウエルカム	ウェルカム	n
エスキモー	エスキモー	n
エネミー	エネミー	n
エモーション	エモーション	n
エリクソン	エリクソン	n
カッコウ	かっこう	n
カトマンズ	カトマンズ	n
カトレア	カトレヤ	n
カプ	カプ	n
ガハハ	がはは	int
キセノン	キセノン	n
キャピトル	キャピトル	n
クィーン	クイーン	n
クールジャパン	クールジャパン	n
コクーン	コクーン	n
コミッション	コミッション	n
コンサートホール	コンサートホール	n
ゴールイン	ゴールイン	vs
サンスクリット	サンスクリット	n
ザイル	ザイル	n
ショタコン	ショタコン	n
シーサー	シーサー	n
スカルプ	スカルプ	n
スモッグ	スモッグ	n
セグウェイ	セグウエー	n
ソーシャルワーカー	ソーシャルワーカー	n
タオルケット	タオルケット	n
チェロキー	チェロキー	n
チョキ	ちょき	n
ツチ	ツチ	n
テレカ	テレカ	n
テープレコーダー	テープレコーダー	n
デジャブ	デジャブ	n
デストロイヤー	デストロイヤー	n
ドッド	ドッド	n
ドロン	ドロン	vs
ナビゲート	ナビゲート	vs
ハッパ	はっぱ	n
ハテナ	はて	int
バスターズ	バスターズ	n
バングル	バングル	n
ピタリ	ぴったり	vs
フォルダー	フォルダ	n
フルーティー	フルーティー	adj-na
ブリスベン	ブリスベン	n
プレイバック	プレイバック	n
プレゼンター	プレゼンター	n
ヘッドスパ	ヘッドスパ	n
ポシェット	ポシェット	n
マインドフルネス	マインドフルネス	n
マウンティング	マウンティング	vs
メガトン	メガトン	n
メロドラマ	メロドラマ	n
ヤドカリ	やどかり	n
ヴァイオリニスト	バイオリニスト	n
ヴォーカリスト	ボーカリスト	n
万葉	まんよう	n
下戸	げこ	n
不甲斐ない	ふがいない	adj-i
主因	しゅいん	n
九つ	ここのつ	
二人三脚	ににんさんきゃく	n
二死	にし	n
京浜	けいひん	n
人力車	じんりきしゃ	n
今上	きんじょう	n
仕立て屋	したてや	n
伝い	づたい	n
体温計	たいおんけい	n
俳人	はいじん	n
借入金	かりいれきん	n
内実	ないじつ	n
内需	ないじゅ	n
冠動脈	かんどうみゃく	n
別働隊	べつどうたい	n
半音	はんおん	n
南天	なんてん	n
原潜	げんせん	n
原語	げんご	n
友禅	ゆうぜん	n
受検	じゅけん	vs
召す	めす	v5s
合本	がっぽん	vs
名残り	なごり	n
和姦	わかん	n
哀れみ	あわれみ	n
噓	うそ	n
回り道	まわりみち	vs
困憊	こんぱい	vs
図表	ずひょう	n
地方銀行	ちほうぎんこう	n
域内	いきない	n
基部	きぶ	n
塗りつぶし	ぬりつぶし	n
夜光	やこう	n
夜半	やはん	n
大病	たいびょう	vs
天堂	てんどう	n
奇想天外	きそうてんがい	adj-na
婉曲	えんきょく	adj-na
学外	がくがい	n
実利	じつり	n
家裁	かさい	n
寝技	ねわざ	n
尻込み	しりごみ	vs
巣箱	すばこ	n
巨漢	きょかん	n
帰依	きえ	vs
影絵	かげえ	n
後の祭り	あとのまつり	exp
後段	こうだん	n
思い出深い	おもいでぶかい	adj-i
怪文書	かいぶんしょ	n
悪知恵	わるぢえ	n
悶着	もんちゃく	vs
意固地	いこじ	adj-na
慈しみ	いつくしみ	n
手振り	てぶり	n
抗弁	こうべん	vs
抜け目	ぬけめ	n
拡がり	ひろがり	n
放逐	ほうちく	vs
救い主	すくいぬし	exp
新芽	しんめ	n
早計	そうけい	adj-na
春分	しゅんぶん	n
春田	はるた	n
暗喩	あんゆ	n
末代	まつだい	n
東岸	とうがん	n
枢密院	すうみついん	n
根菜	こんさい	n
桁外れ	けたはずれ	adj-na
死罪	しざい	n
気取る	きどる	v5r
水菜	みずな	n
泣き言	なきごと	n
海神	かいじん	n
測候所	そっこうじょ	n
滝口	たきぐち	n
演武	えんぶ	n
潮干狩り	しおひがり	n
無我夢中	むがむちゅう	n
焼け野原	やけのはら	n
爪痕	そうこん	n
片田舎	かたいなか	n
独奏	どくそう	vs
猟銃	りょうじゅう	n
猪口	ちょこ	n
獅子王	ししおう	n
瑞雲	ずいうん	n
異状	いじょう	n
発破	はっぱ	n
監事	かんじ	n
監護	かんご	vs
真昼間	まっぴるま	n
石綿	いしわた	n
破水	はすい	vs
確たる	かくたる	
祝い事	いわいごと	n
祭礼	さいれい	n
秀作	しゅうさく	n
移り変わる	うつりかわる	v5r
稲刈り	いねかり	n
穿刺	せんし	vs
粗野	そや	adj-na
粛正	しゅくせい	n
糞便	ふんべん	n
終着駅	しゅうちゃくえき	n
継ぎ目	つぎめ	n
締約	ていやく	vs
縮まる	ちぢまる	v5r
肉片	にくへん	n
胃薬	いぐすり	n
胆汁	たんじゅう	n
膝枕	ひざまくら	n
舷	げん	n
若草	わかくさ	n
薄茶	うすちゃ	n
血脈	けつみゃく	n
表わす	あらわす	v5s
表敬	ひょうけい	vs
装弾	そうだん	vs
裏道	うらみち	n
見付	みつけ	n
親米	しんべい	n
謝意	しゃい	n
貧乏神	びんぼうがみ	n
買いだめ	かいだめ	vs
買い方	かいかた	n
貸し付け	かしつけ	vs
軽々	かるがる	vs
追試	ついし	vs
送り先	おくりさき	n
送達	そうたつ	vs
造型	ぞうけい	vs
達観	たっかん	vs
遠のく	とおのく	v5k
金持	かねもち	n
錠前	じょうまえ	n
鍾乳洞	しょうにゅうどう	n
長月	ながつき	n
開墾	かいこん	vs
雨戸	あまど	n
雪原	せつげん	n
電工	でんこう	n
頚椎	けいつい	n
風当たり	かぜあたり	n
鮮血	せんけつ	n
黄土	おうど	n
あすなろ	あすなろ	n
あせる	あせる	v5r
お達し	おたっし	n
かえれ	かえれ	exp
がっしり	がっしり	vs
くらくら	くらくら	vs
けっきょ	けっきょ	vs
ずんずん	ずんずん	adv
ぜんざい	ぜんざい	int
ぞくぞく	ぞくぞく	vs
ぞろぞろ	ぞろぞろ	adv
だいこん	だいこん	n
つかさどる	つかさどる	v5r
ところてん	ところてん	n
どじょう	どじょう	n
なごり	なごり	n
はにわ	はにわ	n
ぶりぶり	ぶりぶり	vs
ほうとう	ほうとう	vs
まかり通る	まかりとおる	v5r
みかける	みかける	v1
むちむち	むちむち	vs
めざめ	めざめ	n
イエズス	イエズス	n
エジンバラ	エジンバラ	n
エフ	エフ	n
カンブリア	カンブリア	n
クスコ	クスコ	n
クネクネ	くねくね	vs
クラッシック	クラシック	n
ゲッター	ゲッター	n
ゲートボール	ゲートボール	n
コテコテ	コテコテ	vs
サイケデリック	サイケデリック	adj-na
シーチキン	シーチキン	n
ジロ	ジロ	n
スクーリング	スクーリング	n
スパコン	スパコン	n
スーパーコンピュータ	スーパーコンピュータ	n
ズームイン	ズームイン	vs
セキレイ	せきれい	n
セラミックス	セラミックス	n
ソフビ	ソフビ	n
タラバガニ	たらばがに	n
タンニン	タンニン	n
ツインテ	ツインテ	n
ツグミ	つぐみ	n
デッドボール	デッドボール	n
デリバティブ	デリバティブ	n
トップシークレット	トップシークレット	n
トラックボール	トラックボール	n
ドラミング	ドラミング	n
ナニコレ	なにこれ	int
ニッパー	ニッパー	n
ニュースソース	ニュースソース	n
ノーツ	ノーツ	n
バチェラー	バチェラー	n
バラン	バラン	n
パビリオン	パビリオン	n
ヒッタイト	ヒッタイト	n
ピクシー	ピクシー	n
ピム	ピム	n
ピョンピョン	ぴょんぴょん	adv
ファッションデザイナー	ファッションデザイナー	n
フリージア	フリージア	n
フローチャート	フローチャート	n
ブラフ	ブラフ	n
ブリー	ブリー	n
ブレイズ	ブレイズ	n
プリンシパル	プリンシパル	n
ベーシックインカム	ベーシックインカム	n
マイナンバーカード	マイナンバーカード	n
マダニ	まダニ	n
マツタケ	まつたけ	n
マリオネット	マリオネット	n
マリモ	まりも	n
マルチタスク	マルチタスク	n
マンドリン	マンドリン	n
モザンビーク	モザンビーク	n
モデラー	モデラー	n
リッパー	リッパー	n
リンドウ	りんどう	n
リンパ腫	リンパしゅ	n
ロワイヤル	ロイヤル	n
ロールプレイ	ロールプレイ	n
ワンセット	ワンセット	n
ヴァルハラ	ヴァルハラ	n
一抹	いちまつ	n
一睡	いっすい	vs
上履き	うわばき	n
上役	うわやく	n
不可侵	ふかしん	n
両刃	もろは	n
中位	ちゅうい	n
乳癌	にゅうがん	n
予断	よだん	vs
二見	ふたみ	n
亜麻	あま	n
人受け	ひとうけ	vs
仁王立ち	におうだち	n
休まる	やすまる	v5r
作出	さくしゅつ	vs
供え物	そなえもの	n
供用	きょうよう	vs
依拠	いきょ	vs
価額	かがく	n
侵す	おかす	v5s
偽札	にせさつ	n
入校	にゅうこう	vs
全量	ぜんりょう	n
公称	こうしょう	vs
兵糧	ひょうろう	n
冷笑	れいしょう	vs
分割払い	ぶんかつばらい	n
分解能	ぶんかいのう	n
別れ話	わかればなし	n
原形	げんけい	n
受け流す	うけながす	v5s
受章	じゅしょう	vs
吉兆	きっちょう	n
同町	どうちょう	n
吸い殻	すいがら	n
和物	わもの	n
嘘っぱち	うそっぱち	n
噛みつく	かみつく	v5k
四股	しこ	n
回りくどい	まわりくどい	adj-i
垣間見る	かいまみる	v1
堀切	ほりきり	n
増補	ぞうほ	vs
変り	かわり	n
大玉	おおだま	n
奥方	おくがた	n
妖術	ようじゅつ	n
完膚	かんぷ	n
実妹	じつまい	n
宮寺	ぐうじ	n
家財	かざい	n
対数	たいすう	n
小脳	しょうのう	n
小舟	こぶね	n
小高い	こだかい	adj-i
差し替える	さしかえる	v1
平清盛	たいらのきよもり	n
年商	ねんしょう	n
張り込み	はりこみ	n
役名	やくめい	n
往く	いく	v5k-s
御大	おんたい	n
思い付く	おもいつく	v5k
悪鬼	あっき	n
意中	いちゅう	n
愛蔵	あいぞう	vs
慕う	したう	v5u
抱き合う	だきあう	v5u
持ちかける	もちかける	v1
掛け軸	かけじく	n
放射状	ほうしゃじょう	n
斜線	しゃせん	n
新語	しんご	n
旧石器時代	きゅうせっきじだい	n
書名	しょめい	n
書記官	しょきかん	n
服務	ふくむ	vs
朝練	あされん	n
杉戸	すぎど	n
来社	らいしゃ	vs
検査官	けんさかん	n
槙	まき	n
歯ぎしり	はぎしり	vs
殉教	じゅんきょう	vs
水風呂	みずぶろ	n
法理	ほうり	n
流れ出る	ながれでる	v1
流刑	りゅうけい	vs
浄化槽	じょうかそう	n
浸潤	しんじゅん	vs
混成	こんせい	vs
混濁	こんだく	vs
湯本	ゆもと	n
湿潤	しつじゅん	adj-na
片親	かたおや	n
物入れ	ものいれ	n
玉手箱	たまてばこ	n
琵琶	びわ	n
町立	ちょうりつ	n
畏れ	おそれ	n
皮膜	ひまく	n
直談判	じかだんぱん	vs
県営	けんえい	n
真っ昼間	まっぴるま	n
真っ盛り	まっさかり	adv
石窟	せっくつ	n
砂子	すなご	n
祝宴	しゅくえん	n
神頼み	かみだのみ	vs
窓側	まどがわ	n
立ち見	たちみ	vs
筋違い	すじちがい	vs
紅玉	こうぎょく	n
終局	しゅうきょく	n
組閣	そかく	vs
結腸	けっちょう	n
織りなす	おりなす	v5s
翻案	ほんあん	vs
耐水	たいすい	n
聖徒	せいと	n
肉類	にくるい	n
肩車	かたぐるま	vs
胸囲	きょうい	n
脳震盪	のうしんとう	n
航跡	こうせき	n
芸大	げいだい	n
苦肉の策	くにくのさく	exp
英傑	えいけつ	n
蝶番	ちょうつがい	n
見ごたえ	みごたえ	n
見せびらかす	みせびらかす	v5s
視る	みる	v1
視聴覚	しちょうかく	n
討ち死に	うちじに	vs
諭す	さとす	v5s
諸刃	もろは	n
諸行無常	しょぎょうむじょう	n
謀殺	ぼうさつ	vs
豆板	まめいた	n
負け越し	まけこし	n
買い替える	かいかえる	v1
贈収賄	ぞうしゅうわい	n
趨勢	すうせい	n
路頭	ろとう	n
踏みつける	ふみつける	v1
躊躇う	ためらう	v5u
身売り	みうり	vs
車列	しゃれつ	n
軸受	じくうけ	n
辻堂	つじどう	n
連れ去り	つれさり	n
郷里	きょうり	n
配付	はいふ	vs
重油	じゅうゆ	n
釣り場	つりば	n
鋭角	えいかく	n
長椅子	ながいす	n
閉所	へいしょ	n
関東軍	かんとうぐん	n
隋	ずい	n
靱帯	じんたい	n
預託	よたく	vs
風光	ふうこう	n
風向	ふうこう	n
風圧	ふうあつ	n
麦わら帽子	むぎわらぼうし	n
いづれ	いづれ	adv
お門違い	おかどちがい	exp
かかりつけ	かかりつけ	n
かりに	かりに	adv
きちっと	きちっと	vs
ぎゃく	ぎゃく	n
ぐんま	ぐんま	n
ごたごた	ごたごた	vs
すだち	すだち	n
すれすれ	すれすれ	adj-na
ずきん	ずきん	n
せいや	せいや	n
せまる	せまる	v5r
たかり	たかり	n
ため池	ためいけ	n
つぎ込む	つぎこむ	v5m
なだめる	なだめる	v1
ばっさり	ばっさり	adv
ばってん	ばってん	n
ふりがな	ふりがな	n
ふるまう	ふるまう	v5u
ぷにぷに	ぷにぷに	vs
ぼこぼこ	ぼこぼこ	adv
まいる	まいる	v5r
みせかけ	みせかけ	n
らくだ	らくだ	n
アコースティックギター	アコースティックギター	n
アメダス	アメダス	n
アンニュイ	アンニュイ	n
イサキ	いさき	n
イモリ	いもり	n
インキ	インク	n
インゲン	いんげん	n
エグザイル	エグザイル	n
エンタテイメント	エンターテインメント	n
オーバーレイ	オーバーレー	vs
カウチ	カウチ	n
カモシカ	かもしか	n
ガールズバンド	ガールズバンド	n
キャットフード	キャットフード	n
キャパシティ	キャパシティ	n
クライマー	クライマー	n
サンノゼ	サンノゼ	n
サーボ	サーボ	n
ザラザラ	ザラザラ	vs
シャキーン	シャキーン	adv
スタブ	スタブ	n
ストアー	ストア	n
ダンゴムシ	だんごむし	n
チャリンコ	ちゃりんこ	n
チャールストン	チャールストン	n
ディル	ディル	n
デスメタル	デスメタル	n
トランザム	トランザム	n
トリポリ	トリポリ	n
ドライアイ	ドライアイ	n
ハヤシ	ハヤシ	n
バゲット	バゲット	n
バジリスク	バシリスク	n
バックパッカー	バックパッカー	n
バンギ	バンギ	n
バーバー	バーバー	n
パワードスーツ	パワードスーツ	n
パーティション	パーティション	vs
ヒキガエル	ひきがえる	n
ヒヤシンス	ふうしんし	n
フレット	フレット	n
プレゼンス	プレゼンス	n
ベッドタウン	ベッドタウン	n
ペパーミント	ペパーミント	n
ボイジャー	ボイジャー	n
ポピュリズム	ポピュリズム	n
マッチングアプリ	マッチングアプリ	n
ミノタウロス	ミノタウロス	n
ミルウォーキー	ミルウォーキー	n
ヤンゴン	ヤンゴン	n
ラクーン	ラクーン	n
ルーティング	ルーティング	n
ルーラ	ルーラ	n
レグ	レグ	n
レジーム	レジーム	n
ヴィーガン	ヴィーガン	n
一本釣り	いっぽんづり	vs
丁稚	でっち	n
七色	なないろ	n
不戦勝	ふせんしょう	n
両隣	りょうどなり	n
乳糖	にゅうとう	n
亢進	こうしん	vs
交遊	こうゆう	vs
仕組	しくみ	vs
便宜上	べんぎじょう	adv
俄	にわか	adj-na
光化学	こうかがく	n
兵員	へいいん	n
内縁	ないえん	n
凶行	きょうこう	n
出戻り	でもどり	n
切り換え	きりかえ	n
南朝鮮	みなみちょうせん	n
厚かましい	あつかましい	adj-i
双璧	そうへき	n
収載	しゅうさい	vs
名勝	めいしょう	n
吹き出物	ふきでもの	n
和英	わえい	n
噴気	ふんき	n
図画	ずが	n
在京	ざいきょう	vs
執心	しゅうしん	vs
場当たり	ばあたり	n
売りつける	うりつける	v1
多感	たかん	adj-na
多神教	たしんきょう	n
夜更け	よふけ	n
夜長	よなが	n
大安	たいあん	n
天台宗	てんだいしゅう	n
嫡出	ちゃくしゅつ	n
守銭奴	しゅせんど	n
安息香	あんそくこう	n
定常	ていじょう	adj-na
密入国	みつにゅうこく	vs
寇	こう	n
寝息	ねいき	n
対案	たいあん	n
封じ込める	ふうじこめる	v1
射的	しゃてき	n
山海	さんかい	n
山辺	やまべ	n
市道	しどう	n
平板	へいばん	n
式部	しきぶ	n
引きつける	ひきつける	v1
引き締まる	ひきしまる	v5r
引受	ひきうけ	n
彫る	ほる	v5r
後生	こうせい	n
必用	ひつよう	adj-na
恋文	こいぶみ	n
懐く	なつく	v5k
成婚	せいこん	n
戦傷	せんしょう	n
戯れる	たわむれる	v1
戸外	こがい	n
扮装	ふんそう	vs
折り目	おりめ	n
抱え込む	かかえこむ	v5m
按摩	あんま	vs
推挙	すいきょ	vs
掻く	かく	v5k
揺れ動く	ゆれうごく	v5k
散水	さんすい	vs
旅情	りょじょう	n
昇段	しょうだん	vs
易しい	やさしい	adj-i
書架	しょか	n
来す	きたす	v5s
果皮	かひ	n
架かる	かかる	v5r
桜餅	さくらもち	n
概説	がいせつ	vs
正治	しょうじ	n
民団	みんだん	n
気味悪い	きみわるい	adj-i
洋装	ようそう	vs
活火山	かっかざん	n
火の粉	ひのこ	n
煌めき	きらめき	n
爆殺	ばくさつ	vs
特効	とっこう	n
独り立ち	ひとりだち	vs
狭小	きょうしょう	adj-na
王さま	おうさま	n
球状	きゅうじょう	n
環礁	かんしょう	n
田楽	でんがく	n
男声	だんせい	n
男尊女卑	だんそんじょひ	n
男心	おとこごころ	n
略歴	りゃくれき	n
異人	いじん	n
白昼夢	はくちゅうむ	n
真贋	しんがん	n
祓魔	ふつま	n
神棚	かみだな	n
禅師	ぜんじ	n
禍々しい	まがまがしい	adj-i
移築	いちく	vs
端々	はしばし	n
端緒	たんしょ	n
粘性	ねんせい	n
素人目	しろうとめ	n
組み入れ	くみいれ	n
総菜	そうざい	n
老子	ろうし	n
耕す	たがやす	v5s
肉感	にっかん	n
能面	のうめん	n
脱色	だっしょく	vs
自活	じかつ	vs
色付け	いろづけ	vs
苛酷	かこく	adj-na
苦み	にがみ	n
褒賞	ほうしょう	vs
西北	せいほく	n
西端	せいたん	n
要衝	ようしょう	n
親中	しんちゅう	n
言明	げんめい	vs
賃貸借	ちんたいしゃく	n
辛酸	しんさん	n
連れ出す	つれだす	v5s
道着	どうぎ	n
采	さい	n
釜飯	かまめし	n
釣果	ちょうか	n
鈍る	にぶる	v5r
鉄火	てっか	adj-na
間中	あいだじゅう	n
闇雲	やみくも	adj-na
阿吽	あうん	n
難産	なんざん	vs
雲泥の差	うんでいのさ	exp
非同期	ひどうき	n
預貯金	よちょきん	n
餓え	うえ	n
駆り立てる	かりたてる	v1
高調	こうちょう	vs
鬱屈	うっくつ	vs
鬼灯	ほおずき	n
あつあつ	あつあつ	n
いたす	いたす	v5s
いまひとつ	いまひとつ	exp
うなり	うなり	n
おさめる	おさめる	v1
おしん	おしん	n
お雛様	おひなさま	n
からむ	からむ	v5m
がってん	がってん	n
くさび	くさび	n
くも膜	くもまく	n
ご馳走様	ごちそうさま	int
ざわざわ	ざわざわ	vs
じゃり	じゃり	n
たたみ	たたみ	n
ちぐはぐ	ちぐはぐ	adj-na
つまずく	つまずく	v5k
ともえ	ともえ	n
なえる	なえる	v1
ひ弱	ひよわ	adj-na
ほめる	ほめる	v1
まんぷく	まんぷく	vs
まん丸	まんまる	adj-na
もずく	もずく	n
もみ消し	もみけし	n
やつれ	やつれ	n
ゆめみ	ゆめみ	n
ようかい	ようかい	vs
アーン	あーん	vs
イクメン	いくメン	n
イチイ	いちい	n
イメクラ	イメクラ	n
イリジウム	イリジウム	n
ウェアラブル	ウェアラブル	adj-na
エミュー	エミュー	n
エルサルバドル	エルサルバドル	n
オーチャード	オーチャード	n
オールバック	オールバック	n
カサゴ	かさご	n
カスター	カスター	n
カラオケボックス	カラオケボックス	n
ガメ	ガメ	n
キッパリ	きっぱり	vs
キリル	キリル	n
ギニア	ギニア	n
ギプス	ギプス	n
グリフォン	グリフォン	n
コモン	コモン	n
コンバーチブル	コンバーチブル	n
サッサ	さっさ	adv
サド	サド	n
システムエンジニア	システムエンジニア	n
シメジ	しめじ	n
シンパ	シンパ	n
ジェネレーター	ジェネレータ	n
ジブラルタル	ジブラルタル	n
ジャーン	じゃーん	int
スパナ	スパナ	n
スラッガー	スラッガー	n
セイウチ	せいうち	n
センタ	センター	n
タイムアップ	タイムアップ	exp
テキスタイル	テキスタイル	n
デカマラ	デカマラ	n
トパーズ	トパーズ	n
トリカブト	とりかぶと	n
トング	トング	n
ドライアイス	ドライアイス	n
ネグレクト	ネグレクト	vs
バウムクーヘン	バウムクーヘン	n
バグダッド	バグダッド	n
バンタム	バンタム	n
パカ	パカ	n
パター	パター	n
パブリッシャー	パブリッシャー	n
パンジー	パンジー	n
ヒバ	ひば	n
ピケ	ピケ	n
ファイルサイズ	ファイルサイズ	n
フルスイング	フルスイング	vs
フロッピーディスク	フロッピーディスク	n
プリティ	プリティ	n
プロブレム	プロブレム	n
ヘアヌード	ヘアヌード	n
ボキャブラリー	ボキャブラリー	n
マッシュポテト	マッシュポテト	n
マフ	マフ	n
ミクロネシア	ミクロネシア	n
モラトリアム	モラトリアム	n
ヤスリ	やすり	n
ユースホステル	ユースホステル	n
ラジウム	ラジウム	n
ラドン	ラドン	n
ラブコール	ラブコール	n
ヴァイス	バイス	n
一枚岩	いちまいいわ	n
三面	さんめん	n
中味	なかみ	n
中頭	ちゅうとう	n
二束三文	にそくさんもん	n
二者択一	にしゃたくいつ	n
代える	かえる	v1
代替わり	だいがわり	n
仲間割れ	なかまわれ	vs
伝令	でんれい	vs
佳境	かきょう	n
信用度	しんようど	n
優等	ゆうとう	adj-na
入寮	にゅうりょう	vs
内々	うちうち	n
内親王	ないしんのう	n
冠する	かんする	vs
出処	しゅっしょ	n
切り抜ける	きりぬける	v1
前歴	ぜんれき	n
剛健	ごうけん	adj-na
副次的	ふくじてき	adj-na
副詞	ふくし	n
助動詞	じょどうし	n
包摂	ほうせつ	vs
十戒	じっかい	n
南洋	なんよう	n
厚め	あつめ	n
取り置き	とりおき	vs
叢	そう	n
口付け	くちづけ	vs
古木	こぼく	n
吸い物	すいもの	n
和文	わぶん	n
啄木	たくぼく	n
商号	しょうごう	n
喉元	のどもと	n
嚆矢	こうし	n
国柄	くにがら	n
地続き	じつづき	n
変わり種	かわりだね	n
外泊	がいはく	vs
多年草	たねんそう	n
大仰	おおぎょう	adj-na
大皿	おおざら	n
天目	てんもく	n
実社会	じっしゃかい	n
寝相	ねぞう	n
寝食	しんしょく	vs
寡占	かせん	n
小袋	こぶくろ	n
尼僧	にそう	n
山水	さんすい	n
崇敬	すうけい	vs
帰着	きちゃく	vs
帰途	きと	n
年増	としま	n
廃物	はいぶつ	n
引当	ひきあて	n
得てして	えてして	adv
思い悩む	おもいなやむ	v5m
悔やみ	くやみ	n
悠々自適	ゆうゆうじてき	adj-na
愛欲	あいよく	n
慌ただしい	あわただしい	adj-i
戀	こい	n
戴く	いただく	v5k
戸別	こべつ	n
打ち水	うちみず	vs
投げかける	なげかける	v1
括約筋	かつやくきん	adj-na
摩訶不思議	まかふしぎ	n
政情	せいじょう	n
文楽	ぶんらく	n
新道	しんどう	n
明朝体	みんちょうたい	n
暗算	あんざん	vs
木彫り	きぼり	n
木質	もくしつ	n
朱鷺	とき	n
朽木	くちき	n
来航	らいこう	vs
母集団	ぼしゅうだん	n
比べもの	くらべもの	n
毛筆	もうひつ	n
気乗り	きのり	vs
浪花	なにわ	n
海鳥	うみどり	n
測位	そくい	n
点心	てんしん	n
物狂い	ものぐるい	n
玉藻	たまも	n
申しわけ	もうしわけ	vs
町議会	ちょうぎかい	n
画展	がてん	n
病巣	びょうそう	n
発つ	たつ	v5t
白っぽい	しろっぽい	adj-i
白亜	はくあ	n
目覚ましい	めざましい	adj-i
真打	しんうち	n
睫毛	まつげ	n
砕ける	くだける	v1
破傷風	はしょうふう	n
礁	しょう	n
空地	くうち	n
立木	たちき	n
競歩	きょうほ	n
筋道	すじみち	n
節穴	ふしあな	n
紛い	まがい	n
終幕	しゅうまく	n
組版	くみはん	n
綺羅	きら	n
綿毛	わたげ	n
縮尺	しゅくしゃく	vs
習合	しゅうごう	vs
翻す	ひるがえす	v5s
聞き上手	ききじょうず	n
自堕落	じだらく	adj-na
舞い上がる	まいあがる	v5r
船底	せんてい	n
苦労人	くろうにん	n
蒼白	そうはく	adj-na
虚勢	きょせい	n
裂ける	さける	v1
補い	おぎない	n
視床	ししょう	n
角砂糖	かくざとう	n
話し声	はなしごえ	n
論壇	ろんだん	n
謹んで	つつしんで	adv
貸し出す	かしだす	v5s
賭け事	かけごと	n
軍神	ぐんしん	n
速力	そくりょく	n
邪教	じゃきょう	n
部内	ぶない	n
鉄工	てっこう	n
鋭敏	えいびん	adj-na
関連付ける	かんれんづける	v1
障る	さわる	v5r
隠喩	いんゆ	n
離任	りにん	vs
雨乞い	あまごい	vs
非国民	ひこくみん	n
風下	かざしも	n
風説	ふうせつ	vs
あいあい	あいあい	adv
あおば	あおば	n
あるく	あるく	v5k
うきうき	うきうき	vs
おすわり	おすわり	vs
おちゃめ	おちゃめ	adj-na
おびただしい	おびただしい	adj-i
お姫さま	おひめさま	n
お忍び	おしのび	n
お目見え	おめみえ	vs
かたし	かたし	
かんぽ	かんぽ	n
がま口	がまぐち	n
きしょう	きしょう	n
きっかり	きっかり	adv
くたくた	くたくた	adj-na
くろがね	くろがね	n
こうち	こうち	vs
さしあげ	さしあげ	vs
ししゃも	ししゃも	n
しだし	しだし	n
するどい	するどい	adj-i
せっけん	せっけん	n
ぜんそく	ぜんそく	n
たける	たける	v1
つんつん	つんつん	vs
でかける	でかける	v1
のばす	のばす	v5s
ぴんと	ぴんと	vs
ぶら下がり	ぶらさがり	n
へっぽこ	へっぽこ	n
ほっそり	ほっそり	vs
ぽっかり	ぽっかり	adv
ぽつぽつ	ぽつぽつ	n
ぽろぽろ	ぽろぽろ	vs
むかい	むかい	n
むつかしい	むつかしい	adj-i
やみつき	やみつき	n
よみがえり	よみがえり	n
アクラ	アクラ	n
アバンギャルド	アバンギャルド	n
イエティ	イエティ	n
イマジン	イマジン	vs
エゴイスト	エゴイスト	n
エログロ	エログロ	adj-na
カイロプラクティック	カイロプラクティック	n
カタコト	かたこと	n
カンペ	カンペ	n
カーゴ	カーゴ	n
ガンナー	ガンナー	n
キャディ	キャディー	n
キャンプファイヤー	キャンプファイヤー	n
キングストン	キングストン	n
クリル	クリル	n
コミットメント	コミットメント	n
サイリウム	サイリウム	n
サハラ砂漠	サハラさばく	n
シャレオツ	シャレオツ	adj-na
シンボルマーク	シンボルマーク	n
ジブチ	ジブチ	n
ジャス	ジャス	n
スイレン	すいれん	n
スゲエ	すげー	int
スポーティ	スポーティ	adj-na
スマトラ	スマトラ	n
ズタボロ	ずたぼろ	n
ソラリス	ソラリス	n
ダンピング	ダンピング	n
ツンドラ	ツンドラ	n
ドッペルゲンガー	ドッペルゲンガー	n
ナショナリスト	ナショナルスト	n
ネッシー	ネッシー	n
ハイル	ハイル	int
バラスト	バラスト	n
ヒナギク	ひなぎく	n
ヒューマノイド	ヒューマノイド	n
ビワ	びわ	n
ピーナツ	ピーナッツ	n
ファンクション	ファンクション	n
フィーチャーフォン	フィーチャーフォン	n
ブラコン	ブラコン	n
プノンペン	プノンペン	n
ボッタクリ	ぼったくり	n
ボロい	ぼろい	adj-i
ポープ	ポープ	n
マゼンタ	マゼンタ	n
マッドサイエンティスト	マッドサイエンティスト	n
マンタ	マンタ	n
マンネリ化	マンネリか	vs
マーケットプレイス	マーケットプレイス	n
ミリグラム	ミリグラム	n
ムチャクチャ	むちゃくちゃ	adj-na
モーリシャス	モーリシャス	n
ラストスパート	ラストスパート	n
ラッキースケベ	ラッキースケベ	n
ラフマニノフ	ラフマニノフ	n
リガ	リガ	n
ルード	ルード	n
レーヨン	レーヨン	n
ワッ	わっ	int
ワンド	ワンド	n
一般に	いっぱんに	adv
七草	ななくさ	n
三人称	さんにんしょう	n
上目遣い	うわめづかい	n
上総	かずさ	n
上訴	じょうそ	vs
下図	かず	n
不実	ふじつ	adj-na
中火	ちゅうび	n
丸腰	まるごし	n
主管	しゅかん	vs
乾物	かんぶつ	n
二の足	にのあし	exp
二男	じなん	n
五行	ごぎょう	n
京阪神	けいはんしん	n
人だかり	ひとだかり	vs
付け足す	つけたす	v5s
仝	どうじょう	n
借金取り	しゃっきんとり	n
内壁	ないへき	n
冷や	ひや	n
凍傷	とうしょう	n
分ち	わかち	n
削ぐ	そぐ	v5g
剰余	じょうよ	n
力ずく	ちからずく	n
勝地	しょうち	n
勾玉	まがたま	n
北日本	きたにほん	n
南面	なんめん	vs
博物	はくぶつ	n
印籠	いんろう	n
反目	はんもく	vs
口移し	くちうつし	n
口車	くちぐるま	n
口髭	くちひげ	n
右前	みぎまえ	n
合い言葉	あいことば	n
名車	めいしゃ	n
善玉	ぜんだま	n
嗚咽	おえつ	vs
回折	かいせつ	vs
国対	こくたい	n
地域おこし	ちいきおこし	n
地階	ちかい	n
埴輪	はにわ	n
夏時間	なつじかん	n
外為	がいため	n
外郭	がいかく	n
大和撫子	やまとなでしこ	n
大和魂	やまとだましい	n
大団円	だいだんえん	n
大枠	おおわく	n
大股	おおまた	n
大脳皮質	だいのうひしつ	n
天誅	てんちゅう	n
学際	がくさい	n
宗家	そうけ	n
官吏	かんり	n
実害	じつがい	n
寛い	ひろい	adj-i
将軍家	しょうぐんけ	n
小皿	こざら	n
小金	こがね	n
居座り	いすわり	n
履	くつ	n
履物	はきもの	n
席次	せきじ	n
平に	ひらに	adv
年輪	ねんりん	n
康平	こうへい	n
引き算	ひきざん	vs
引導	いんどう	n
強震	きょうしん	n
御方	おかた	n
悪辣	あくらつ	adj-na
惜敗	せきはい	vs
感応	かんのう	vs
憎たらしい	にくたらしい	adj-i
戊辰戦争	ぼしんせんそう	n
戸建て	こだて	n
所領	しょりょう	n
打ち合い	うちあい	n
持ち回り	もちまわり	n
挫傷	ざしょう	vs
攻め込む	せめこむ	v5m
教化	きょうか	vs
文筆	ぶんぴつ	n
新木	あらき	n
旋盤	せんばん	n
日本ダービー	にほんダービー	n
早足	はやあし	n
暖冬	だんとう	n
暗夜	あんや	n
最果て	さいはて	n
朝来	ちょうらい	adv
木漏れ日	こもれび	n
村落	そんらく	n
校区	こうく	n
根深い	ねぶかい	adj-i
梅雨入り	つゆいり	vs
棒立ち	ぼうだち	n
櫃	ひつ	n
歩幅	ほはば	n
死生	しせい	n
残滓	ざんし	n
気管支炎	きかんしえん	n
気風	きふう	n
水瓶座	みずがめざ	n
沙子	すなご	n
泥臭い	どろくさい	adj-i
洋裁	ようさい	n
活版	かっぱん	n
深山	みやま	n
湧き水	わきみず	n
漏電	ろうでん	vs
漬ける	つける	v1
火元	ひもと	n
無風	むふう	n
焼身	しょうしん	vs
熱処理	ねつしょり	vs
爛漫	らんまん	adv
狛犬	こまいぬ	n
独り暮らし	ひとりぐらし	n
狭心症	きょうしんしょう	n
猛省	もうせい	vs
生みの親	うみのおや	exp
病歴	びょうれき	n
痴	ち	n
白砂	はくしゃ	n
目見	まみ	n
相部屋	あいべや	n
省力	しょうりょく	vs
着こなす	きこなす	v5s
祝勝	しゅくしょう	n
神性	しんせい	n
私刑	しけい	n
私腹	しふく	n
私道	しどう	n
秋色	しゅうしょく	n
積み木	つみき	n
積み荷	つみに	n
立ち合い	たちあい	n
等間隔	とうかんかく	adj-na
箔押し	はくおし	vs
精錬	せいれん	vs
紅一点	こういってん	n
紫式部	むらさきしきぶ	n
紫蘇	しそ	n
総局	そうきょく	n
練り歩く	ねりあるく	v5k
羅刹	らせつ	n
考えもの	かんがえもの	n
肉声	にくせい	n
胆嚢	たんのう	n
脇道	わきみち	n
腔	こう	n
腕利き	うできき	n
臨戦	りんせん	n
芙蓉	ふよう	n
落石	らくせき	vs
蕗	ふき	n
血糊	ちのり	n
行き違い	いきちがい	n
補選	ほせん	n
親等	しんとう	n
触感	しょっかん	n
誌上	しじょう	n
誕生石	たんじょうせき	n
誤動作	ごどうさ	vs
読切	よみきり	n
諸悪	しょあく	n
識字	しきじ	n
豆類	まめるい	n
貴君	きくん	pn
貴社	きしゃ	n
身震い	みぶるい	vs
返り咲き	かえりざき	n
運輸省	うんゆしょう	n
選対	せんたい	n
酒癖	さけぐせ	n
釣り針	つりばり	n
釣竿	つりざお	n
鋭意	えいい	adv
開けっ放し	あけっぱなし	adj-na
陣取り	じんとり	n
離宮	りきゅう	n
非合理	ひごうり	adj-na
非線形	ひせんけい	n
面相	めんそう	n
靴箱	くつばこ	n
馬連	ばれん	n
鳥かご	とりかご	n
黒焦げ	くろこげ	n
あどけない	あどけない	adj-i
あびる	あびる	v1
あれー	あれー	int
うつり	うつり	n
うわべ	うわべ	n
おじぎ	おじぎ	vs
おとなし	おとなし	n
おどる	おどる	v5r
お開き	おひらき	n
かさぶた	かさぶた	n
かつお節	かつおぶし	n
きしむ	きしむ	v5m
ぐだぐだ	ぐだぐだ	adj-na
ぐりぐり	ぐりぐり	n
すくなくとも	すくなくとも	adv
ずっしり	ずっしり	vs
それる	それる	v1
つまる	つまる	v5r
ていねい	ていねい	adj-na
でこぼこ	でこぼこ	vs
ぬける	ぬける	v1
のこのこ	のこのこ	adv
のどごし	のどごし	n
はみ出る	はみでる	v1
びいき	びいき	n
ぶっきらぼう	ぶっきらぼう	adj-na
まちなか	まちなか	n
まるく	まるく	adv
もくもく	もくもく	vs
もも肉	ももにく	n
ようは	ようは	adv
ようやっと	ようやっと	adv
わたす	わたす	v5s
わらじ	わらじ	n
アイライン	アイライン	n
アグリ	アグリ	n
アナーキー	アナーキー	n
アノニマス	アノニマス	n
アベレージ	アベレージ	n
アラカルト	アラカルト	n
アンコウ	あんこう	n
アンビエント	アンビエント	n
アーッ	アーッ	int
イグアナ	イグアナ	n
ウィンブルドン	ウィンブルドン	n
ウトウト	うとうと	vs
エクリプス	エクリプス	n
オートマ	オートマ	n
カウル	カウル	n
カメオ	カメオ	n
キト	キト	n
ギンガム	ギンガム	n
クソジジイ	くそじじい	n
コメット	コメット	n
コンコルド	コンコルド	n
サウスカロライナ	サウスカロライナ	n
シトロン	シトロン	n
シンフォニア	シンフォニア	n
ジーニー	ジーニー	n
スイマセン	すいません	exp
スエード	スエード	n
スケープゴート	スケープゴート	n
スーパーチャージャー	スーパーチャージャー	n
ゼニガメ	ぜにがめ	n
ソッコー	ソッコー	n
ソバカス	そばかす	n
タルタル	タルタル	n
タンクローリー	タンクローリ	n
ダイアログ	ダイアログ	n
ツキノワグマ	つきのわぐま	n
テロル	テロル	n
ディップ	ディップ	n
デンジャラス	デンジャラス	adj-na
トレーサー	トレーサー	n
トレードオフ	トレードオフ	n
トンチンカン	とんちんかん	adj-na
ニューラルネットワーク	ニューラルネットワーク	n
ハングリー	ハングリー	adj-na
バイタリティ	バイタリティー	n
パラジウム	パラジウム	n
ヒルクライム	ヒルクライム	n
ビートル	ビートル	n
ビーフジャーキー	ビーフジャーキー	n
ピンピン	ぴんぴん	vs
プロビデンス	プロヴィデンス	n
ホルマリン	ホルマリン	n
ポリープ	ポリープ	n
マクスウェル	マクスウェル	n
マルガリータ	マルガリータ	n
マルゲリータ	マルゲリータ	n
ミニサイズ	ミニサイズ	n
メイジ	メイジ	n
メラメラ	メラメラ	adv
モルト	モルト	n
ユズ	ゆず	n
レジストリ	レジストリ	n
レトリック	レトリック	n
ロマネスク	ロマネスク	adj-na
ワンステップ	ワンステップ	n
ヴァレンタイン	バレンタイン	n
一区切り	ひとくぎり	n
一宇	いちう	n
一進一退	いっしんいったい	vs
一長一短	いっちょういったん	n
上様	うえさま	n
主賓	しゅひん	n
乳牛	にゅうぎゅう	n
事細か	ことこまか	adj-na
五十路	いそじ	n
五色	ごしき	n
享楽	きょうらく	vs
今昔	こんじゃく	n
仕立てる	したてる	v1
位置づける	いちづける	v1
住金	すみきん	n
俗称	ぞくしょう	vs
俗説	ぞくせつ	n
借款	しゃっかん	n
僭越	せんえつ	adj-na
先鋒	せんぽう	n
八方	はっぽう	n
再任	さいにん	vs
再版	さいはん	vs
分け目	わけめ	n
切り売り	きりうり	n
切れ端	きれはし	n
半期	はんき	n
博学	はくがく	n
反作用	はんさよう	n
叢書	そうしょ	n
口唇	こうしん	n
各校	かくこう	n
吹き荒れる	ふきあれる	v1
囲炉裏	いろり	n
図太い	ずぶとい	adj-i
国賊	こくぞく	n
大観	たいかん	vs
奉る	たてまつる	v5r
奥の手	おくのて	exp
子弟	してい	n
宝生	ほうしょう	n
家訓	かくん	n
宿り	やどり	vs
寝返る	ねがえる	v5r
寺子屋	てらこや	n
導き出す	みちびきだす	v5s
岩間	いわま	n
巻き上げる	まきあげる	v1
常緑	じょうりょく	n
引きずり込む	ひきずりこむ	v5m
引き摺り	ひきずり	n
引っ込み思案	ひっこみじあん	n
張り手	はりて	n
後姿	うしろすがた	n
御意	ぎょい	n
必聴	ひっちょう	n
忍び込む	しのびこむ	v5m
急患	きゅうかん	n
急流	きゅうりゅう	n
悦楽	えつらく	vs
惚れ惚れ	ほれぼれ	vs
慎み	つつしみ	n
懸ける	かける	v1
我流	がりゅう	n
所感	しょかん	n
手詰まり	てづまり	n
打ち止め	うちどめ	n
打鍵	だけん	n
抜き差し	ぬきさし	vs
振りかけ	ふりかけ	n
振りかざす	ふりかざす	v5s
振りまく	ふりまく	v5k
掃き溜め	はきだめ	n
教典	きょうてん	n
散らばる	ちらばる	v5r
散り散り	ちりぢり	adj-na
文武両道	ぶんぶりょうどう	n
新案	しんあん	n
方眼	ほうがん	n
既往	きおう	n
晴れ間	はれま	n
朝飯前	あさめしまえ	n
東宮	とうぐう	n
東端	とうたん	n
枯れ木	かれき	n
棲家	すみか	n
極刑	きょっけい	n
殉死	じゅんし	vs
殺風景	さっぷうけい	adj-na
気狂い	きちがい	n
水道局	すいどうきょく	n
決する	けっする	vs
浅葱	あさぎ	n
湖面	こめん	n
溜め込む	ためこむ	v5m
焼夷弾	しょういだん	n
照度	しょうど	n
熾	おき	n
猫娘	ねこむすめ	n
画鋲	がびょう	n
畳む	たたむ	v5m
病欠	びょうけつ	vs
痛めつける	いためつける	v1
真水	まみず	n
真鶴	まなづる	n
石神	しゃくじん	n
礼状	れいじょう	n
神月	こうづき	n
科捜研	かそうけん	n
積り	つもり	n
立ち姿	たちすがた	n
立脚	りっきゃく	vs
竜宮	りゅうぐう	n
第六感	だいろっかん	n
糸目	いとめ	n
織り込み	おりこみ	n
美点	びてん	n
脳幹	のうかん	n
膝元	ひざもと	n
自浄	じじょう	vs
興じる	きょうじる	v1
船隊	せんたい	n
色男	いろおとこ	n
荷車	にぐるま	n
華族	かぞく	n
薄情	はくじょう	adj-na
蘆	あし	n
蜀	しょく	n
蝙蝠	こうもり	n
見過ごす	みすごす	v5s
角材	かくざい	n
託宣	たくせん	vs
誤記	ごき	vs
警笛	けいてき	n
讃歌	さんか	n
賜	たまもの	n
身障者	しんしょうしゃ	n
軒下	のきした	n
近侍	きんじ	vs
逃げ惑う	にげまどう	v5u
連弾	れんだん	vs
重責	じゅうせき	n
銅山	どうざん	n
錐	きり	n
防風	ぼうふう	n
隊形	たいけい	n
顕正	けんしょう	n
おうか	おうか	n
おたふく	おたふく	n
おぼしき	おぼしき	
おめでた	おめでた	n
かげろう	かげろう	n
かたは	かたは	n
かっか	かっか	vs
けん制	けんせい	vs
こがね	こがね	n
しこう	しこう	vs
すっからかん	すっからかん	adj-na
すばらしく	すばらしく	adv
すり抜ける	すりぬける	v1
ぜんまい	ぜんまい	n
とたんに	とたんに	adv
ながめ	ながめ	n
ぬかす	ぬかす	v5s
ねえや	ねえや	n
のめり込む	のめりこむ	v5m
はけ口	はけぐち	n
はしり	はしり	n
ばかばかしい	ばかばかしい	adj-i
ほやほや	ほやほや	n
みがき	みがき	n
みそ汁	みそしる	n
やくも	やくも	n
やっぱし	やっぱし	adv
よくばり	よくばり	n
アサガオ	あさがお	n
アストラル	アストラル	n
アテンション	アテンション	n
アネックス	アネックス	n
アンテナショップ	アンテナショップ	n
イヌイット	イヌイット	n
イノセンス	イノセンス	n
イモムシ	いもむし	n
イーサリアム	イーサリアム	n
エンコ	エンコ	vs
カモーン	カモン	int
ギャルソン	ギャルソン	n
クリープ	クリープ	n
グッピー	グッピー	n
グリーンカード	グリーンカード	n
コンピレーション	コンピレーション	n
サイバーパンク	サイバーパンク	n
サウスダコタ	サウスダコタ	n
シャシー	シャーシー	n
シークエンス	シークェンス	n
ジョイスティック	ジョイスティック	n
スタビライザー	スタビライザー	n
スパークル	スパークル	n
ソールドアウト	ソールドアウト	n
タレコミ	たれこみ	n
ダックス	ダックス	n
チャコ	チャコ	n
チャント	チャント	vs
ツナ缶	ツナかん	n
ティーポット	ティーポット	n
テレホン	テレホン	n
テロメア	テロメア	n
トネリコ	とねりこ	n
トライデント	トライデント	n
ナミビア	ナミビア	n
ニルヴァーナ	ニルヴァーナ	n
ノクターン	ノクターン	n
ノマド	ノマド	n
バイセクシャル	バイセクシャル	n
バンス	バンス	n
パピー	パピー	n
フルバック	フルバック	n
フレスコ	フラスコ	n
フローラル	フローラル	adj-na
ブサメン	ブサメン	n
ブッキング	ブッキング	vs
ブルーカラー	ブルーカラー	n
ブレイクダンス	ブレイクダンス	n
ヘッドコーチ	ヘッドコーチ	n
ペー	ペー	n
ポッチャリ	ぽっちゃり	vs
ミリシーベルト	ミリシーベルト	n
メゾン	メゾン	n
ラピスラズリ	ラピスラズリ	n
レーシングカー	レーシングカー	n
ロッククライミング	ロッククライミング	n
一升瓶	いっしょうびん	n
一実	いちじつ	n
一巡	いちじゅん	vs
一目散	いちもくさん	n
三つ葉	みつば	n
上物	じょうもの	n
与信	よしん	n
世渡り	よわたり	vs
世継ぎ	よつぎ	n
二言	にごん	n
交点	こうてん	n
人災	じんさい	n
仏具	ぶつぐ	n
低額	ていがく	n
偽る	いつわる	v5r
傍目	おかめ	n
先史	せんし	n
入塾	にゅうじゅく	vs
凄み	すごみ	n
凝る	こる	v5r
出庫	しゅっこ	vs
出迎える	でむかえる	v1
別れ際	わかれぎわ	n
制空権	せいくうけん	n
前置詞	ぜんちし	n
劇薬	げきやく	n
労連	ろうれん	n
北極圏	ほっきょくけん	n
千羽鶴	せんばづる	n
半値	はんね	n
南無阿弥陀仏	なむあみだぶつ	exp
厳か	おごそか	adj-na
口ひげ	くちひげ	n
口下手	くちべた	adj-na
各階	かくかい	n
合いの手	あいのて	n
吏	り	n
呼び掛ける	よびかける	v1
呼出	よびだし	vs
商い	あきない	n
問診	もんしん	vs
嚢胞	のうほう	n
図示	ずし	vs
国難	こくなん	n
在地	ざいち	n
垂れ幕	たれまく	n
執	しゅう	n
基点	きてん	n
塁打	るいだ	n
塩釜	しおがま	n
売り切れる	うりきれる	v1
売切れ	うりきれ	n
多元	たげん	n
大隅	おおすみ	n
天魔	てんま	n
子飼い	こがい	n
孕む	はらむ	v5m
実学	じつがく	n
寄進	きしん	vs
就ける	つける	v1
山系	さんけい	n
市域	しいき	n
常用漢字	じょうようかんじ	n
年取る	としとる	v5r
弁証法	べんしょうほう	n
弟分	おとうとぶん	n
弱る	よわる	v5r
徒党	ととう	vs
得度	とくど	vs
御蔵	おくら	n
忠信	ちゅうしん	n
恥骨	ちこつ	n
情操	じょうそう	n
慣れっこ	なれっこ	n
憲政	けんせい	n
成れの果て	なれのはて	exp
戦列	せんれつ	n
手短	てみじか	adj-na
捕われ	とらわれ	n
接写	せっしゃ	vs
播種	はしゅ	vs
敬い	うやまい	n
断崖絶壁	だんがいぜっぺき	n
春画	しゅんが	n
是認	ぜにん	vs
曝	さらし	n
曲者	くせもの	n
有名ブランド	ゆうめいブランド	n
森林公園	しんりんこうえん	n
極細	ごくぼそ	n
極貧	ごくひん	n
楽天的	らくてんてき	adj-na
様態	ようたい	n
正会員	せいかいいん	n
死する	しする	vs
水雷	すいらい	n
氷水	こおりみず	n
浮揚	ふよう	vs
浸す	ひたす	v5s
湧き出る	わきでる	v1
滑り出し	すべりだし	n
滑車	かっしゃ	n
潤す	うるおす	v5s
無頼	ぶらい	n
焼香	しょうこう	vs
生け捕り	いけどり	n
白兵戦	はくへいせん	n
相似	そうじ	vs
碌	ろく	adj-na
禁ずる	きんずる	v1
秘録	ひろく	n
窟	いわや	n
立ち話	たちばなし	vs
立て替え	たてかえ	n
粕	かす	n
精機	せいき	n
紫電	しでん	n
羽織る	はおる	v5r
翅	はね	n
考え出す	かんがえだす	v5s
肝っ玉	きもったま	n
胸像	きょうぞう	n
脱臭	だっしゅう	vs
腫れ物	はれもの	n
自著	じちょ	n
舌先	したさき	n
菌糸	きんし	n
落とし物	おとしもの	n
虐める	いじめる	v1
螺	つぶ	n
血みどろ	ちみどろ	n
血球	けっきゅう	n
血腫	けっしゅ	n
表彰状	ひょうしょうじょう	n
見積もる	みつもる	v5r
言い様	いいよう	exp
話合い	はなしあい	vs
誰彼	だれかれ	pn
貧者	ひんじゃ	n
貶す	けなす	v5s
買い置き	かいおき	vs
走馬灯	そうまとう	n
起稿	きこう	vs
起算	きさん	vs
遊説	ゆうぜい	vs
道幅	みちはば	n
遡行	そこう	vs
釈然	しゃくぜん	adv
針葉樹	しんようじゅ	n
鑑みる	かんがみる	v1
関白	かんぱく	n
防疫	ぼうえき	n
陶磁	とうじ	n
陸連	りくれん	n
青砥	あおと	n
青酸カリ	せいさんカリ	n
順延	じゅんえん	vs
風の音	かぜのおと	exp
風防	ふうぼう	n
飼主	かいぬし	n
馴れ初め	なれそめ	n
騒々しい	そうぞうしい	adj-i
鴎	かもめ	n
あいす	あいす	v5s
あさま	あさま	n
あらき	あらき	n
あんじ	あんじ	vs
おおきに	おおきに	adv
おかか	おかか	n
かいらん	かいらん	vs
かかえる	かかえる	v1
こうもり	こうもり	n
しだれ	しだれ	n
じてん	じてん	n
すり替える	すりかえる	v1
そろい	そろい	n
てんこもり	てんこもり	n
とけい	とけい	n
なかば	なかば	n
なかよく	なかよく	adv
なじむ	なじむ	v5m
なびく	なびく	v5k
にわとり	にわとり	n
ねむり	ねむり	n
のこり	のこり	n
はしたない	はしたない	adj-i
ばたばた	ばたばた	vs
ひときわ	ひときわ	adv
ひのき	ひのき	n
ふぶき	ふぶき	n
ぷっくり	ぷっくり	vs
べらぼう	べらぼう	adj-na
ほろ苦い	ほろにがい	adj-i
まかなう	まかなう	v5u
またとない	またとない	exp
まるい	まるい	adj-i
やみくも	やみくも	adj-na
ゆるり	ゆるり	adv
アイシールド	アイシールド	n
アンチテーゼ	アンチテーゼ	n
アーリー	アーリー	n
ウィンウィン	ウィンウィン	n
ウヨウヨ	うようよ	vs
エディンバラ	エジンバラ	n
エネルギッシュ	エネルギッシュ	adj-na
エンゲージ	エンゲージ	n
オイシイ	おいしい	adj-i
オンボード	オンボード	n
カナリヤ	カナリア	n
カワセミ	かわせみ	n
カンタービレ	カンタービレ	n
キッシュ	キッシュ	n
キャプチャー	キャプチャー	vs
キャリーバッグ	キャリーバッグ	n
キンカン	きんかん	n
キービジュアル	キービジュアル	n
クンクン	クンクン	vs
ケルビン	ケルビン	n
スイートピー	スイートピー	n
スキャット	スキャット	n
スキーマ	スキーマ	n
スラヴ	スラブ	n
セルフィー	セルフィー	n
チーン	チン	adv
ツーリスト	ツーリスト	n
ディストリビューション	ディストリビューション	n
ナセル	ナセル	n
ニジマス	にじます	n
ネットフリックス	ネットフリックス	n
バオバブ	バオバブ	n
バヌアツ	バヌアツ	n
バンガロー	バンガロー	n
バンジージャンプ	バンジージャンプ	vs
パッケージング	パッケージング	n
ヒソヒソ	ヒソヒソ	adv
ビーカー	ビーカ	n
ビークル	ビークル	n
フェティシズム	フェティシズム	n
フェミニン	フェミニン	adj-na
フラクタル	フラクタル	n
プリントアウト	プリントアウト	vs
プロトン	プロトン	n
ペニバン	ペニバン	n
ペレット	ペレット	n
ボツワナ	ボツワナ	n
ボディビルダー	ボディビルダー	n
ポテサラ	ポテサラ	n
マージャン	マージャン	n
ムーディ	ムーディー	adj-na
モーゼ	モーセ	n
ラミネート	ラミネート	vs
ラングーン	ヤンゴン	n
リエル	リエル	n
ルウ	ルー	n
ルーティン	ルーチン	n
レモンサワー	レモンサワー	n
ロシアンルーレット	ロシアンルーレット	n
ワイルドカード	ワイルドカード	n
一命	いちめい	n
上端	じょうたん	n
不鮮明	ふせんめい	n
且	かつ	conj
両開き	りょうびらき	n
中通り	ちゅうどおり	n
主意	しゅい	n
主翼	しゅよく	n
乗艦	じょうかん	vs
乳歯	にゅうし	n
仏滅	ぶつめつ	n
会釈	えしゃく	vs
伽羅	きゃら	n
俗語	ぞくご	n
修養	しゅうよう	vs
先遣	せんけん	vs
入渠	にゅうきょ	vs
八つ裂き	やつざき	n
内皮	ないひ	n
分け合う	わけあう	v5u
切り落とす	きりおとす	v5s
割り出す	わりだす	v5s
勃興	ぼっこう	vs
双生児	そうせいじ	n
口々	くちぐち	n
名刀	めいとう	n
唐草	からくさ	n
基質	きしつ	n
堂上	どうじょう	n
塩気	しおけ	n
大同	だいどう	exp
大詰め	おおづめ	n
天平	てんぴょう	n
女郎	じょろう	n
妥結	だけつ	vs
嫌み	いやみ	n
安全ピン	あんぜんピン	n
宝刀	ほうとう	n
実益	じつえき	n
小手先	こてさき	n
小数	しょうすう	n
工兵	こうへい	n
左岸	さがん	n
巨峰	きょほう	n
巨悪	きょあく	n
巫	かんなぎ	n
布製	ぬのせい	n
平方キロメートル	へいほうキロメートル	n
平泳ぎ	ひらおよぎ	n
年の瀬	としのせ	exp
建具	たてぐ	n
弥勒	みろく	n
当確	とうかく	n
当行	とうこう	n
後処理	あとしょり	n
御仁	ごじん	n
御国	みくに	n
懐妊	かいにん	vs
手広く	てびろく	adv
折檻	せっかん	vs
押し掛け	おしかけ	n
掛り	かかり	n
揚陸	ようりく	vs
暖色	だんしょく	n
朝鮮民主主義人民共和国	ちょうせんみんしゅしゅぎじんみんきょうわこく	n
来院	らいいん	vs
松の木	まつのき	n
楡	にれ	n
残額	ざんがく	n
氏神	うじがみ	n
洗いざらい	あらいざらい	adv
流し台	ながしだい	n
深酒	ふかざけ	vs
清める	きよめる	v1
清書	せいしょ	vs
濠	ほり	n
無きゃ	なきゃ	exp
甘草	かんぞう	n
生え抜き	はえぬき	n
申し子	もうしご	n
町議	ちょうぎ	n
矩形	くけい	n
石頭	いしあたま	n
禁固	きんこ	vs
私小説	ししょうせつ	n
秋分	しゅうぶん	n
突き抜ける	つきぬける	v1
突き詰める	つきつめる	v1
符合	ふごう	vs
節水	せっすい	vs
節減	せつげん	vs
紅花	べにばな	n
紙吹雪	かみふぶき	n
絡まり	からまり	n
羽音	はおと	n
聖蹟	せいせき	n
聞き耳	ききみみ	n
背ける	そむける	v1
胸騒ぎ	むなさわぎ	n
胸骨	きょうこつ	n
脳出血	のうしゅっけつ	n
腹巻	はらまき	n
臨月	りんげつ	n
船場	ふなば	n
芳醇	ほうじゅん	adj-na
茅場	かやば	n
茶の湯	ちゃのゆ	n
菩提寺	ぼだいじ	n
蒲焼き	かばやき	n
蒸し焼き	むしやき	n
製粉	せいふん	vs
見込	みこみ	n
詠む	よむ	v5m
試供	しきょう	vs
謄本	とうほん	n
賦	ふ	n
賭場	とば	n
赦免	しゃめん	vs
近付き	ちかづき	n
送致	そうち	vs
連なり	つらなり	n
連係	れんけい	vs
遠まわし	とおまわし	adj-na
還流	かんりゅう	vs
金管	きんかん	n
銀幕	ぎんまく	n
長短	ちょうたん	n
陰険	いんけん	adj-na
雑感	ざっかん	n
非番	ひばん	n
順不同	じゅんふどう	exp
顎骨	がっこつ	n
願いごと	ねがいごと	n
願い出	ねがいで	n
顰蹙	ひんしゅく	vs
食分	しょくぶん	n
食器洗い	しょっきあらい	n
飾りつけ	かざりつけ	n
鬼才	きさい	n
黒点	こくてん	n
いそがしい	いそがしい	adj-i
いたたまれない	いたたまれない	adj-i
いたみ	いたみ	n
いちゃつく	いちゃつく	v5k
うろちょろ	うろちょろ	vs
おつき	おつき	n
からし	からし	n
きゃあ	きゃあ	int
きらびやか	きらびやか	adj-na
しかける	しかける	v1
しっと	しっと	vs
じれる	じれる	v1
せまい	せまい	adj-i
ぜったいに	ぜったいに	adv
ちんぷんかんぷん	ちんぷんかんぷん	exp
つむじ	つむじ	n
できあがる	できあがる	v5r
とける	とける	v1
ならぶ	ならぶ	v5b
はんなり	はんなり	vs
ぱっちり	ぱっちり	vs
ひとしきり	ひとしきり	adv
ひょうきん	ひょうきん	adj-na
びちゃびちゃ	びちゃびちゃ	vs
みじん	みじん	n
むずい	むずい	adj-i
めくら	めくら	n
やました	やました	n
ゆるす	ゆるす	v5s
よくもまあ	よくもまあ	exp
アウラ	アウラ	n
アメニティ	アメニティー	n
アルマゲドン	アルマゲドン	n
イオン化	イオンか	vs
イコライザー	イコライザ	n
インフェルノ	インフェルノ	n
ウドン	うどん	n
エーデルワイス	エーデルワイス	n
オタマジャクシ	おたまじゃくし	n
オートレース	オートレース	n
カッターナイフ	カッターナイフ	n
カリス	カリス	n
カートゥーン	カートゥーン	n
キツツキ	きつつき	n
ケースバイケース	ケースバイケース	exp
ゲテモノ	げてもの	n
コートジボワール	コートジボワール	n
シエスタ	シエスタ	n
シスコン	シスコン	n
シニカル	シニカル	adj-na
ジングル	ジングル	n
スタンディング	スタンディング	n
スッゲー	すげー	int
スプートニク	スプートニク	n
スポークスマン	スポークスマン	n
セレブリティ	セレブリティー	n
タニシ	たにし	n
タルタルソース	タルタルソース	n
ダメ押し	ダメおし	vs
チョロチョロ	ちょろちょろ	adv
トラバース	トラバース	vs
トレッド	トレッド	n
ドードー	ドードー	n
ニューカレドニア	ニューカレドニア	n
ネクロマンサー	ネクロマンサー	n
ノーゲーム	ノーゲーム	n
ハーレクイン	ハーレクイン	n
パッキング	パッキング	n
パッチワーク	パッチワーク	n
パネリスト	パネリスト	n
ビデオデッキ	ビデオデッキ	n
ビール瓶	ビールびん	n
ファインプレー	ファインプレー	n
フィッティング	フィッティング	n
フーン	ふん	int
ブッチャー	ブッチャー	n
プラーザ	プラザ	n
ボイスレコーダー	ボイスレコーダー	n
ボツリヌス	ボツリヌス	n
ポルカ	ポルカ	n
マングース	マングース	n
メー	メー	int
モジモジ	もじもじ	vs
モデルガン	モデルガン	n
モンスーン	モンスーン	n
ヤッタ	やった	int
ヤマメ	やまめ	n
リトライ	リトライ	n
リファイン	リファイン	vs
レディング	レディング	n
ワンツー	ワンツー	n
ヴァギナ	ヴァギナ	n
一意	いちい	n
不摂生	ふせっせい	n
主神	しゅしん	n
乃至	ないし	conj
亡くす	なくす	v5s
偏在	へんざい	vs
儲	もうけ	n
先だって	せんだって	n
写生	しゃせい	vs
冷え込む	ひえこむ	v5m
冷泉	れいせん	n
凍り	こおり	n
分かれ目	わかれめ	n
切り下げ	きりさげ	n
刈る	かる	v5r
勝ち得	かちどく	n
千差万別	せんさばんべつ	adj-na
南山	なんざん	n
南極大陸	なんきょくたいりく	n
原種	げんしゅ	n
原罪	げんざい	n
収用	しゅうよう	vs
取り止め	とりやめ	n
叙勲	じょくん	n
和漢	わかん	n
問責	もんせき	vs
嘴	くちばし	n
噴き出す	ふきだす	v5s
四方八方	しほうはっぽう	n
坐骨	ざこつ	n
変哲	へんてつ	n
大納言	だいなごん	n
姦淫	かんいん	vs
姫宮	ひめみや	n
威風	いふう	n
子規	ほととぎす	n
将兵	しょうへい	n
導出	どうしゅつ	vs
小躍り	こおどり	vs
山路	やまじ	n
巨石	きょせき	n
巨砲	きょほう	n
常套句	じょうとうく	n
平素	へいそ	n
引っ掛かり	ひっかかり	n
引出し	ひきだし	n
引責	いんせき	vs
形而上学	けいじじょうがく	n
待避	たいひ	vs
心無い	こころない	adj-i
心証	しんしょう	n
快方	かいほう	n
思い思い	おもいおもい	adv
慎む	つつしむ	v5m
憧憬	どうけい	vs
懐石	かいせき	n
成約	せいやく	vs
戦災	せんさい	n
折り鶴	おりづる	n
抱きつく	だきつく	v5k
拝読	はいどく	vs
振れる	ふれる	v1
捨	しゃ	n
捺印	なついん	vs
採寸	さいすん	vs
敵性	てきせい	n
日蓮宗	にちれんしゅう	n
更け	ふけ	n
最深	さいしん	adj-na
月餅	げっぺい	n
朋友	ほうゆう	n
未見	みけん	n
槇	まき	n
武勲	ぶくん	n
殊更	ことさら	adv
法被	はっぴ	n
海の日	うみのひ	exp
浸入	しんにゅう	vs
渇水	かっすい	n
湯水	ゆみず	n
滋養	じよう	n
滞る	とどこおる	v5r
煮汁	にじる	n
物見	ものみ	n
独唱	どくしょう	vs
独壇場	どくだんじょう	n
球形	きゅうけい	n
理路	りろ	n
理髪	りはつ	vs
生き恥	いきはじ	n
産直	さんちょく	n
町家	まちや	n
異性愛者	いせいあいしゃ	n
疼く	うずく	v5k
百戦錬磨	ひゃくせんれんま	n
県南	けんなん	n
眼精疲労	がんせいひろう	n
砂金	さきん	n
碑文	ひぶん	n
秒針	びょうしん	n
穿孔	せんこう	vs
立見	たちみ	vs
笹原	ささはら	n
籾	もみ	n
給う	たまう	v5u
総崩れ	そうくずれ	n
編者	へんしゃ	n
置き換わる	おきかわる	v5r
義眼	ぎがん	n
股下	またした	n
脇差	わきざし	n
若様	わかさま	n
英断	えいだん	n
荷揚げ	にあげ	vs
落ち目	おちめ	n
術中	じゅっちゅう	n
被虐	ひぎゃく	n
裏声	うらごえ	n
襟足	えりあし	n
西ドイツ	にしドイツ	n
観覧席	かんらんせき	n
証左	しょうさ	n
語り継ぐ	かたりつぐ	v5g
語法	ごほう	n
論旨	ろんし	n
論述	ろんじゅつ	vs
講読	こうどく	vs
負け戦	まけいくさ	n
超弩級	ちょうドきゅう	n
車屋	くるまや	n
軽音楽	けいおんがく	n
農道	のうどう	n
逃げ足	にげあし	n
連山	れんざん	n
過酸化水素	かさんかすいそ	n
金光	きんこう	n
鉄橋	てっきょう	n
閑古鳥	かんこどり	n
間借り	まがり	vs
防戦	ぼうせん	vs
阿弥陀如来	あみだにょらい	n
難事件	なんじけん	n
難攻不落	なんこうふらく	n
雲隠れ	くもがくれ	vs
領分	りょうぶん	n
風見鶏	かざみどり	n
飛び越える	とびこえる	v1
飲み代	のみしろ	n
馬鹿力	ばかぢから	n
鵜飼	うかい	n
あはれ	あはれ	n
いだい	いだい	adj-na
いっせいに	いっせいに	adv
うつろ	うつろ	n
うねる	うねる	v5r
お家芸	おいえげい	n
かき混ぜる	かきまぜる	v1
かこつけ	かこつけ	n
かわせ	かわせ	n
ざわつく	ざわつく	v5k
ざわめき	ざわめき	n
すべる	すべる	v5r
せいこう	せいこう	n
ぞっこん	ぞっこん	adj-na
たかく	たかく	n
ちまた	ちまた	n
ちゃちゃ	ちゃちゃ	n
つき合い	つきあい	n
つまむ	つまむ	v5m
どぶろく	どぶろく	n
なまら	なまら	adv
にやにや	にやにや	vs
はがす	はがす	v5s
はたち	はたち	n
ひきつけ	ひきつけ	n
ふうん	ふうん	n
みたらし	みたらし	n
むせる	むせる	v1
よわい	よわい	adj-i
アトランティック	アトランティック	n
イガイ	いがい	n
イチモツ	いちもつ	n
イートイン	イートイン	n
エイリアス	エイリアス	n
エクレア	エクレア	n
エポック	エポック	n
オードブル	オードブル	n
オールラウンダー	オールラウンダー	n
ガシャポン	ガシャポン	n
キタキツネ	きたきつね	n
キユーピー	キューピー	n
ココナツ	ココナッツ	n
コメンタリー	コメンタリー	n
コワーキングスペース	コワーキングスペース	n
コンディショニング	コンディショニング	n
コンパートメント	コンパートメント	n
ゴーサイン	ゴーサイン	n
サーチライト	サーチライト	n
シェービング	シェービング	n
シクラメン	シクラメン	n
シーベルト	シーベルト	n
スイートポテト	スイートポテト	n
セレクター	セレクタ	n
ダスター	ダスター	n
チキンライス	チキンライス	n
ディジタル	デジタル	n
デマンド	デマンド	n
デング熱	デングねつ	n
データセット	データセット	n
トップコート	トップコート	n
トマホーク	トマホーク	n
ハウンド	ハウンド	n
パウンドケーキ	パウンドケーキ	n
ビビンバ	ビビンバ	n
ビルダー	ビルダ	n
ファッキン	ファッキン	n
フィンチ	フィンチ	n
プラセボ	プラセボ	n
プレリュード	プレリュード	n
ヘアースタイル	ヘアスタイル	n
ベースキャンプ	ベースキャンプ	n
ポラロイド	ポラロイド	n
ポルターガイスト	ポルターガイスト	n
マサイ	マサイ	n
マブダチ	マブだち	n
ムジナ	むじな	n
ムツゴロウ	むつごろう	n
ラジオドラマ	ラジオドラマ	n
ランゲージ	ランゲージ	n
リコリス	リコリス	n
リテイク	リテイク	vs
リヤ	リア	n
一物	いちもつ	n
七星	しちせい	n
下ごしらえ	したごしらえ	vs
下道	したみち	n
不埒	ふらち	adj-na
不届き	ふとどき	adj-na
五大	ごだい	n
人徳	じんとく	n
仄めかし	ほのめかし	n
仮死	かし	n
企図	きと	vs
伽藍	がらん	n
借主	かりぬし	n
備中	びっちゅう	n
入れ子	いれこ	n
入魂	にゅうこん	vs
公有	こうゆう	n
冬木	ふゆき	n
凝集	ぎょうしゅう	vs
分る	わかる	v5r
分家	ぶんけ	vs
切り出す	きりだす	v5s
判読	はんどく	vs
別状	べつじょう	n
制球	せいきゅう	n
前側	まえがわ	n
前節	ぜんせつ	n
前駆	ぜんく	vs
剣客	けんかく	n
助け出す	たすけだす	v5s
千草	ちぐさ	n
単線	たんせん	n
厄年	やくどし	n
各日	かくじつ	n
呼び覚ます	よびさます	v5s
命拾い	いのちびろい	vs
唱和	しょうわ	vs
四足	しそく	n
土俵入り	どひょういり	n
土橋	どばし	n
在米	ざいべい	vs
坐禅	ざぜん	n
堅調	けんちょう	adj-na
大系	たいけい	n
天啓	てんけい	n
嫁ぎ	とつぎ	n
定位	ていい	vs
宝珠	ほうじゅ	n
寝違え	ねちがえ	n
小話	こばなし	n
小賢しい	こざかしい	adj-i
少な目	すくなめ	n
屋形船	やかたぶね	n
屯	たむろ	n
巨木	きょぼく	n
幻惑	げんわく	vs
幽玄	ゆうげん	n
座薬	ざやく	n
強か	したたか	adj-na
往時	おうじ	n
微増	びぞう	vs
忙殺	ぼうさつ	vs
応仁	おうにん	n
怨恨	えんこん	n
悪漢	あっかん	n
悲恋	ひれん	n
慰問	いもん	vs
懐かしむ	なつかしむ	v5m
成層圏	せいそうけん	n
戦々恐々	せんせんきょうきょう	adj-na
戦功	せんこう	n
所信	しょしん	n
手仕事	てしごと	n
手縫い	てぬい	n
押下	おうか	vs
持ち場	もちば	n
捕える	とらえる	v1
掠	りゃく	n
支点	してん	n
明度	めいど	n
景況	けいきょう	n
暖まる	あたたまる	v5r
月読	つくよみ	n
本塁	ほんるい	n
本願	ほんがん	n
村八分	むらはちぶ	n
株券	かぶけん	n
桧	ひのき	n
椛	こうよう	vs
欠乏症	けつぼうしょう	n
正妻	せいさい	n
歯痛	しつう	n
気動車	きどうしゃ	n
気高い	けだかい	adj-i
水しぶき	みずしぶき	n
水引	みずひき	n
水死	すいし	vs
汎	はん	n
法輪	ほうりん	n
渦巻	うずまき	n
満額	まんがく	n
滑落	かつらく	vs
漫喫	まんきつ	n
漫談	まんだん	vs
潜望鏡	せんぼうきょう	n
灯す	ともす	v5s
無策	むさく	n
独演	どくえん	vs
生き血	いきち	n
痴態	ちたい	n
白滝	しらたき	n
白蓮	びゃくれん	n
目減り	めべり	vs
砂塵	さじん	n
碧眼	へきがん	n
祝典	しゅくてん	n
神化	しんか	vs
私兵	しへい	n
突っ張り	つっぱり	n
窪み	くぼみ	n
糖蜜	とうみつ	n
糠	ぬか	n
細見	さいけん	vs
練炭	れんたん	n
背水	はいすい	n
胎動	たいどう	vs
脱着	だっちゃく	vs
臓物	ぞうもつ	n
興亜	こうあ	n
草分け	くさわけ	n
葛根	かっこん	n
薄紫	うすむらさき	n
蝕む	むしばむ	v5m
蠢く	うごめく	v5k
血漿	けっしょう	n
血肉	けつにく	n
親鳥	おやどり	n
角笛	つのぶえ	n
言い合う	いいあう	v5u
輝石	きせき	n
輸液	ゆえき	vs
辞意	じい	n
迎賓館	げいひんかん	n
追っかける	おっかける	v1
送出	そうしゅつ	vs
通りがかり	とおりがかり	n
連れ戻す	つれもどす	v5s
連綿	れんめん	adv
適う	かなう	v5u
酢の物	すのもの	exp
釉	うわぐすり	n
釣り堀	つりぼり	n
釣り竿	つりざお	n
鈍ら	なまくら	adj-na
閑	かん	n
間男	まおとこ	n
防弾チョッキ	ぼうだんチョッキ	n
防衛庁	ぼうえいちょう	n
陰り	かげり	n
預り	あずかり	n
食い違う	くいちがう	v5u
食味	しょくみ	n
飼養	しよう	vs
高みの見物	たかみのけんぶつ	exp
高峰	こうほう	n
あたえる	あたえる	v1
いばらき	いばらき	n
えがお	えがお	vs
おどろき	おどろき	n
お母ちゃん	おかあちゃん	n
かたき	かたき	n
かわゆい	かわゆい	adj-i
がれき	がれき	n
きさらぎ	きさらぎ	n
きしょ	きしょ	n
きゃく	きゃく	n
くり返し	くりかえし	vs
けなす	けなす	v5s
しおん	しおん	n
すっぱり	すっぱり	adv
たつみ	たつみ	n
たとえる	たとえる	v1
ちょろちょろ	ちょろちょろ	adv
つどい	つどい	n
つべこべ	つべこべ	adv
つまずき	つまずき	n
とりまとめ	とりまとめ	n
ど根性	どこんじょう	n
はなす	はなす	v5s
ひける	ひける	v1
ひるま	ひるま	n
ぺったんこ	ぺったんこ	adj-na
またぎ	またぎ	n
むごい	むごい	adj-i
むっつり	むっつり	vs
やりきれない	やりきれない	adj-i
ゆずり	ゆずり	n
わらべ	わらべ	n
アブラムシ	あぶらむし	n
アプリコット	アプリコット	n
アレルギー性	アレルギーせい	n
イニ	イニ	n
イプシロン	イプシロン	n
エクボ	えくぼ	n
エスカルゴ	エスカルゴ	n
エスプリ	エスプリ	n
エトワール	エトワール	n
オマール	オマール	n
オーバーキル	オーバーキル	n
カテ	カテ	n
カテキン	カテキン	n
カレント	カレント	n
キクラゲ	きくらげ	n
キテレツ	きてれつ	adj-na
キリキリ	キリキリ	adv
クォーツ	クォーツ	n
クオーター	クォーター	n
クラーケン	クラーケン	n
クルージング	クルージング	n
クロマグロ	くろまぐろ	n
グリセリン	グリセリン	n
グローバリゼーション	グローバリゼーション	n
ケトン	ケトン	n
ゲタ	ゲタ	n
ゴツゴツ	ゴツゴツ	vs
ゴート	ゴート	n
サインイン	サインイン	vs
サラリー	サラリー	n
シルクハット	シルクハット	n
シーラカンス	シーラカンス	n
ジェネラル	ジェネラル	n
ジェネレータ	ジェネレータ	n
スノーホワイト	スノーホワイト	n
スンニ	スンニ	n
センテンス	センテンス	n
タスクフォース	タスクフォース	n
テクノロジ	テクノロジー	n
テフロン	テフロン	n
ディメンション	ディメンション	n
データファイル	データファイル	n
トタン	トタン	n
ドブネズミ	どぶねずみ	n
ハウツー	ハウツー	n
ハバネロ	ハバネロ	n
ハメハメ	ハメハメ	vs
バチバチ	バチバチ	vs
バックミラー	バックミラー	n
バンジョー	バンジョー	n
パイオツ	パイオツ	n
パワポ	パワポ	n
ヒジ	ひじ	n
ファニー	ファニー	adj-na
フォローアップ	フォローアップ	vs
フリーザー	フリーザー	n
ブロス	ブロス	n
プライベートブランド	プライベートブランド	n
プレイボール	プレーボール	int
ベジタブル	ベジタブル	n
ホスピス	ホスピス	n
ホルムアルデヒド	ホルムアルデヒド	n
ボトムアップ	ボトムアップ	adj-na
マタニティ	マタニティ	n
マドモアゼル	マドモアゼル	n
マラカス	マラカス	n
ミリオネア	ミリオネア	n
ムーラン	ムーラン	n
メンター	メンター	n
モンタージュ	モンタージュ	vs
ヤマネコ	やまねこ	n
ユッカ	ユッカ	n
リコピン	リコピン	n
ルクス	ルクス	n
ルチン	ルチン	n
レンタサイクル	レンタサイクル	n
一考	いっこう	vs
三日坊主	みっかぼうず	n
三春	さんしゅん	n
三権分立	さんけんぶんりつ	n
三途の川	さんずのかわ	n
下味	したあじ	n
不出来	ふでき	adj-na
中団	ちゅうだん	n
中山道	なかせんどう	n
井戸水	いどみず	n
亘る	わたる	v5r
人好き	ひとずき	n
人知	じんち	n
伸展	しんてん	vs
住み着く	すみつく	v5k
侵襲	しんしゅう	vs
全知全能	ぜんちぜんのう	n
公算	こうさん	n
兵曹	へいそう	n
再送	さいそう	vs
冥土	めいど	n
出っ張り	でっぱり	n
出鱈目	でたらめ	n
前かがみ	まえかがみ	n
厚遇	こうぐう	vs
原寸	げんすん	n
口ぶり	くちぶり	n
古くさい	ふるくさい	adj-i
只見	タダみ	n
各個	かっこ	n
同義語	どうぎご	n
名寄	なよせ	vs
吸い上げる	すいあげる	v1
吸湿	きゅうしつ	n
命からがら	いのちからがら	adv
咬合	こうごう	n
善し悪し	よしあし	n
善処	ぜんしょ	vs
嚥下	えんげ	vs
図工	ずこう	n
国士	こくし	n
圧制	あっせい	n
培地	ばいち	n
堪忍袋	かんにんぶくろ	n
塩害	えんがい	n
天心	てんしん	n
太極	たいきょく	n
奇病	きびょう	n
如何せん	いかんせん	exp
委譲	いじょう	vs
孤軍	こぐん	n
尉	じょう	n
小花	しょうか	n
小走り	こばしり	vs
小麦色	こむぎいろ	n
尖塔	せんとう	n
山の神	やまのかみ	exp
山風	さんぷう	n
川遊び	かわあそび	n
帰納	きのう	vs
引き締める	ひきしめる	v1
強情	ごうじょう	adj-na
強打者	きょうだしゃ	n
待ち構える	まちかまえる	v1
御中	おんちゅう	n
心眼	しんがん	n
心神喪失	しんしんそうしつ	n
思い上がり	おもいあがり	n
患う	わずらう	v5u
惑	わく	n
意地っ張り	いじっぱり	adj-na
愚鈍	ぐどん	adj-na
或は	あるは	adv
戦局	せんきょく	n
手ごろ	てごろ	adj-na
押え	おさえ	n
持ち運ぶ	もちはこぶ	v5b
捌け	はけ	n
掬い	すくい	n
揚子江	ようすこう	n
摘む	つまむ	v5m
播州	ばんしゅう	n
支庁	しちょう	n
新説	しんせつ	n
日めくり	ひめくり	n
日暮れ	ひぐれ	n
日東	にっとう	n
日章旗	にっしょうき	n
明王	みょうおう	n
映写機	えいしゃき	n
暗礁	あんしょう	n
書き出す	かきだす	v5s
根治	こんじ	vs
棟梁	とうりょう	n
極楽浄土	ごくらくじょうど	n
機知	きち	n
武運	ぶうん	n
歩み寄る	あゆみよる	v5r
気心	きごころ	n
汗水	あせみず	n
汚濁	おだく	vs
法典	ほうてん	n
津々浦々	つつうらうら	adv
流麗	りゅうれい	adj-na
浄土宗	じょうどしゅう	n
浪士	ろうし	n
源平	げんぺい	n
激走	げきそう	vs
点々	てんてん	adv
点眼	てんがん	vs
無毒	むどく	n
焦げる	こげる	v1
特高	とっこう	n
猫又	ねこまた	n
玖	きゅう	
瘡	かさ	n
白壁	しらかべ	n
白魔	はくま	n
盗み見	ぬすみみ	vs
示威	じい	vs
祭事	さいじ	n
秋場所	あきばしょ	n
秘法	ひほう	n
空前絶後	くうぜんぜつご	n
竹槍	たけやり	n
箏	こと	n
紛れる	まぎれる	v1
細道	ほそみち	n
紺碧	こんぺき	n
組み方	くみかた	n
締めつけ	しめつけ	n
美酒	びしゅ	n
腫れる	はれる	v1
荒涼	こうりょう	adv
蔵人	くろうど	n
虞	おそれ	n
蛤	はまぐり	n
融点	ゆうてん	n
行き方	いきかた	n
表面積	ひょうめんせき	n
裸族	らぞく	n
親不孝	おやふこう	vs
言の葉	ことのは	n
試射	ししゃ	vs
話法	わほう	n
説話	せつわ	vs
諾	だく	n
軍政	ぐんせい	n
転入生	てんにゅうせい	n
道警	どうけい	n
選民	せんみん	n
遺失	いしつ	vs
還り	かえり	n
酌	しゃく	n
野太い	のぶとい	adj-i
釣り合う	つりあう	v5u
鉄格子	てつごうし	n
鋲	びょう	n
開所	かいしょ	vs
間髪	かんぱつ	exp
隧道	すいどう	n
電磁場	でんじば	n
霊気	れいき	n
青信号	あおしんごう	n
食糧難	しょくりょうなん	n
馬具	ばぐ	n
骨粗鬆症	こつそしょうしょう	n
高僧	こうそう	n
高笑い	たかわらい	vs
魑魅魍魎	ちみもうりょう	n
あえぐ	あえぐ	v5g
あらわ	あらわ	adj-na
いじん	いじん	n
うごく	うごく	v5k
うすうす	うすうす	adv
おさまり	おさまり	n
おじゃん	おじゃん	n
おなじく	おなじく	vs
かんじる	かんじる	v1
こっくり	こっくり	vs
こんこん	こんこん	adv
さぞや	さぞや	adv
さもなければ	さもなければ	exp
ざった	ざった	adj-na
じっさい	じっさい	n
じんましん	じんましん	n
すもう	すもう	n
たいじ	たいじ	vs
たたえる	たたえる	v1
とくべつ	とくべつ	adj-na
どしどし	どしどし	adv
どもり	どもり	n
なでる	なでる	v1
ならす	ならす	v5s
ひと休み	ひとやすみ	vs
まき散らす	まきちらす	v5s
もうしわけ	もうしわけ	vs
もんじゃ焼き	もんじゃやき	n
やぶれ	やぶれ	n
やまびこ	やまびこ	n
らっきょう	らっきょう	n
わらい	わらい	n
アゲアゲ	アゲアゲ	n
アナザー	アナザー	exp
アルゴン	アルゴン	n
イケボ	イケボ	n
イメージング	イメージング	n
インタヴュー	インタビュー	vs
ウェブサービス	ウェブサービス	n
エルドラド	エルドラド	n
オジさん	おじさん	n
オービス	オービス	n
カラチ	カラチ	n
カーペンター	カーペンター	n
キュリー	キュリー	n
クリーパー	クリーパー	n
クロージング	クロージング	n
ゲッ	ゲッ	int
サイクロプス	サイクロプス	n
サンボ	サンボ	n
サーベイ	サーベイ	n
スカラー	スカラー	n
スキューバダイビング	スキューバダイビング	n
スタッツ	スタッツ	n
スパムメール	スパムメール	n
スレイヤー	スレイヤー	n
セントルシア	セントルシア	n
ダークホース	ダークホース	n
チーズフォンデュ	チーズフォンデュ	n
ツートン	ツートーン	n
テストプレイ	テストプレイ	n
デューティ	デューティ	n
ニューギニア	ニューギニア	n
ハンディキャップ	ハンディキャップ	n
バファリン	バファリン	n
パップ	パップ	n
パブリックビューイング	パブリックビューイング	n
パラス	パレス	n
パリパリ	パリパリ	adj-na
ヒバリ	ひばり	n
ブルキナファソ	ブルキナファソ	n
ヘザー	ヘザー	n
ヘラルド	ヘラルド	n
ベジ	ベジ	n
ホッケ	ほっけ	n
ホムンクルス	ホムンクルス	n
ポンチ	ポンチ	n
マイノリティー	マイノリティー	n
マキシム	マキシム	n
マークシート	マークシート	n
ミネルヴァ	ミネルウァ	n
モデルハウス	モデルハウス	n
ラシャ	らしゃ	n
ラブラドール	ラブラドール	n
ランサムウェア	ランサムウェア	n
リバーブ	リバーブ	n
リベラリズム	リベラリズム	n
ルシ	ルシ	n
ルヴァン	ルヴァン	n
レイシズム	レイシズム	n
ワーオ	ワーオ	int
一本松	いっぽんまつ	n
万々歳	ばんばんざい	n
万代	ばんだい	n
上と下	うえとした	exp
上下水道	じょうげすいどう	n
下端	かたん	n
乾麺	かんめん	n
任官	にんかん	vs
低位	ていい	n
低圧	ていあつ	n
使い古し	つかいふるし	n
便箋	びんせん	n
偽証罪	ぎしょうざい	n
傾斜地	けいしゃち	n
働き手	はたらきて	n
入れ知恵	いれぢえ	vs
八景	はっけい	n
分校	ぶんこう	n
切れ者	きれもの	n
刈り上げ	かりあげ	n
勧善懲悪	かんぜんちょうあく	n
取り留め	とりとめ	n
口直し	くちなおし	vs
口絵	くちえ	n
吉日	きちじつ	n
名文	めいぶん	n
呼び戻す	よびもどす	v5s
塩辛い	しおからい	adj-i
壮麗	そうれい	adj-na
多肉植物	たにくしょくぶつ	n
多趣味	たしゅみ	n
夜警	やけい	n
大智	たいち	n
大部屋	おおべや	n
天王星	てんのうせい	n
奮戦	ふんせん	vs
妖しい	あやしい	adj-i
学舎	がくしゃ	n
専有	せんゆう	vs
就役	しゅうえき	vs
山姥	やまうば	n
川下	かわしも	n
巨尻	きょしり	n
巻数	かんすう	n
年額	ねんがく	n
広野	こうや	n
引き取り手	ひきとりて	n
引き裂く	ひきさく	v5k
引上げ	ひきあげ	n
律令	りつりょう	n
従える	したがえる	v1
御利益	ごりやく	n
御馳走	ごちそう	n
復員	ふくいん	vs
復学	ふくがく	vs
徳利	とっくり	n
忌まわしい	いまわしい	adj-i
忠臣	ちゅうしん	n
悪巧み	わるだくみ	vs
悪政	あくせい	n
憐れ	あわれ	n
我が物顔	わがものがお	adj-na
扉絵	とびらえ	n
打ち砕く	うちくだく	v5k
折り込み	おりこみ	n
押し入り	おしいり	n
持ち腐れ	もちぐされ	n
文鳥	ぶんちょう	n
昇級	しょうきゅう	vs
明媚	めいび	adj-na
星団	せいだん	n
春闘	しゅんとう	n
時世	じせい	n
晩婚	ばんこん	n
暴漢	ぼうかん	n
書写	しょしゃ	vs
本所	ほんしょ	n
本科	ほんか	n
査問	さもん	vs
栄養分	えいようぶん	n
棋戦	きせん	n
検品	けんぴん	vs
椰子	やし	n
楔	くさび	n
横線	おうせん	n
歯向かう	はむかう	v5u
歯根	しこん	n
歯磨	はみがき	vs
気骨	きこつ	n
泉水	せんすい	n
波乱万丈	はらんばんじょう	adj-na
渇く	かわく	v5k
減収	げんしゅう	vs
減算	げんざん	vs
無学	むがく	adj-na
無欲	むよく	adj-na
無精	ぶしょう	vs
熟す	こなす	v5s
熱燗	あつかん	n
燃え盛る	もえさかる	v5r
生き別れ	いきわかれ	n
生殺し	なまごろし	n
白け	しらけ	n
盗掘	とうくつ	vs
県下	けんか	n
眼下	がんか	n
確度	かくど	n
神託	しんたく	n
私怨	しえん	n
私生児	しせいじ	n
種苗	しゅびょう	n
竪穴	たてあな	n
競り合い	せりあい	n
篭	かご	n
純資産	じゅんしさん	n
結び付き	むすびつき	n
継ぎ足し	つぎたし	n
縦列	じゅうれつ	n
胸板	むないた	n
良縁	りょうえん	n
薄弱	はくじゃく	adj-na
虚数	きょすう	n
號	ごう	n
血尿	けつにょう	n
複数個	ふくすうこ	n
見比べる	みくらべる	v1
角刈り	かくがり	n
言い返す	いいかえす	v5s
語順	ごじゅん	n
護持	ごじ	vs
赤土	あかつち	n
起る	おこる	v5r
車止め	くるまどめ	n
軽妙	けいみょう	adj-na
述語	じゅつご	n
退官	たいかん	vs
通り名	とおりな	n
造血	ぞうけつ	vs
連れ込む	つれこむ	v5m
進攻	しんこう	vs
過少	かしょう	adj-na
配点	はいてん	vs
酒盛り	さかもり	n
重税	じゅうぜい	n
金輪際	こんりんざい	adv
鉤爪	かぎづめ	n
銃火	じゅうか	n
防虫	ぼうちゅう	vs
雄志	ゆうし	n
雪女	ゆきおんな	n
静物	せいぶつ	n
音像	おんぞう	n
頭でっかち	あたまでっかち	adj-na
風月	ふうげつ	n
飛び跳ねる	とびはねる	v1
食通	しょくつう	n
鯵	あじ	n
麗人	れいじん	n
あさい	あさい	adj-i
あっか	あっか	vs
うめき	うめき	n
えひめ	えひめ	n
おわる	おわる	v5r
かこう	かこう	v5u
かしく	かしく	exp
くわしい	くわしい	adj-i
げんじ	げんじ	n
さきほど	さきほど	n
しゃも	しゃも	n
しゅく	しゅく	n
じたい	じたい	n
じまう	じまう	v5u
じめじめ	じめじめ	vs
すまい	すまい	n
たたむ	たたむ	v5m
でんぷん	でんぷん	n
とうさん	とうさん	vs
ねじ込む	ねじこむ	v5m
のっとり	のっとり	n
のっぽ	のっぽ	n
ばらまき	ばらまき	n
ひやひや	ひやひや	vs
へそくり	へそくり	n
ほとばしる	ほとばしる	v5r
まする	まする	vs
まなび	まなび	n
むらむら	むらむら	adv
もぐり	もぐり	n
わかい	わかい	adj-i
アジェンダ	アジェンダ	n
アセテート	アセテート	n
アヌス	アヌス	n
アンセム	アンセム	n
アンフェタミン	アンフェタミン	n
イソギンチャク	いそぎんちゃく	n
イニシアティブ	イニシアティブ	n
ウォッチャー	ウォッチャー	n
オルテガ	オルテガ	n
オートバックス	オートバックス	n
オートマタ	オートマタ	n
カナブン	かなぶん	n
ガサ	ガサ	n
ガブガブ	がぶがぶ	adv
ケー	ケー	n
ゲルマニウム	ゲルマニウム	n
コーチン	コーチン	n
サジェスト	サジェスト	vs
サマーキャンプ	サマーキャンプ	n
シンメトリー	シンメトリー	n
ジャグラー	ジャグラー	n
ジ・エンド	ジ・エンド	exp
ステートメント	ステートメント	n
スリング	スリング	n
テクスト	テキスト	n
テラー	テラー	n
テーブルクロス	テーブルクロス	n
テールライト	テールライト	n
トルクメニスタン	トルクメニスタン	n
ドッグラン	ドッグラン	n
ノルディック	ノルディック	n
ノーズ	ノーズ	n
バイパー	バイパー	n
バベルの塔	バベルのとう	n
バースデイ	バースデー	n
パグ	パグ	n
パーセンテージ	パーセンテージ	n
ビオラ	ビオラ	n
ビジネスパーソン	ビジネスパーソン	n
フランジ	フランジ	n
ブレイン	ブレーン	n
ホウ素	ホウそ	n
ホットケーキミックス	ホットケーキミックス	n
ホームグラウンド	ホームグラウンド	n
ボリシェヴィキ	ボリシェヴィキ	n
マトリョーシカ	マトリョーシカ	n
マドラス	マドラス	n
ミグ	ミグ	n
ムシャムシャ	むしゃむしゃ	adv
メンコ	めんこ	n
メータ	メーター	n
ユピテル	ジュピター	n
ユミル	ユミル	n
ヨレヨレ	ヨレヨレ	adj-na
ラヂオ	ラジオ	n
リペア	リペア	n
リヤド	リヤド	n
レイトショー	レイトショー	n
レヴェル	レベル	n
レーダ	レーダー	n
ワカサギ	わかさぎ	n
ワーホリ	ワーホリ	n
万世	ばんせい	n
万民	ばんみん	n
上の空	うわのそら	adj-na
不文	ふぶん	n
不義	ふぎ	n
中座	ちゅうざ	vs
交える	まじえる	v1
今しがた	いましがた	adv
仕舞う	しまう	v5u
代休	だいきゅう	n
以西	いせい	n
休演	きゅうえん	vs
休講	きゅうこう	vs
伝書	でんしょ	n
例会	れいかい	n
侘び	わび	n
借り手	かりて	n
入幕	にゅうまく	vs
全景	ぜんけい	n
八紘	はっこう	n
八頭	はちがしら	n
六角形	ろっかっけい	n
内回り	うちまわり	n
内国	ないこく	n
冷し	ひやし	n
冷媒	れいばい	n
凶作	きょうさく	n
利器	りき	n
割り振り	わりふり	n
功利	こうり	n
化粧直し	けしょうなおし	n
北極星	ほっきょくせい	n
厚化粧	あつげしょう	vs
取り仕切る	とりしきる	v5r
合わさる	あわさる	v5r
問い詰める	といつめる	v1
喉頭	こうとう	adj-na
圧搾	あっさく	vs
外語	がいご	n
大飯	おおめし	n
大鷲	おおわし	n
天台	てんだい	n
天幕	てんまく	n
太陽熱	たいようねつ	n
女学校	じょがっこう	n
子守り	こもり	vs
存する	そんする	vs
容体	ようだい	n
密漁	みつりょう	vs
寛政	かんせい	n
小間	こま	n
屈託	くったく	vs
山名	さんめい	n
市制	しせい	n
帳尻	ちょうじり	n
序の口	じょのくち	n
廃液	はいえき	n
弁え	わきまえ	n
弦巻	つるまき	n
張り合う	はりあう	v5u
当代	とうだい	n
御坊	ごぼう	n
御者	ぎょしゃ	n
御膳	ごぜん	n
御輿	みこし	n
怪訝	けげん	adj-na
息災	そくさい	adj-na
惨	さん	adv
懐メロ	なつメロ	n
戦史	せんし	n
戦歴	せんれき	n
拝聴	はいちょう	vs
挟まる	はさまる	v5r
掃海	そうかい	vs
接頭	せっとう	n
掻き立てる	かきたてる	v1
撃ち落とす	うちおとす	v5s
撃滅	げきめつ	vs
改題	かいだい	vs
故国	ここく	n
散発	さんぱつ	vs
文殊	もんじゅ	n
斎宮	さいぐう	n
春場所	はるばしょ	n
時たま	ときたま	adv
晴れ着	はれぎ	n
曹洞宗	そうとうしゅう	n
最北端	さいほくたん	n
朝立ち	あさだち	vs
末法	まっぽう	n
概念的	がいねんてき	adj-na
欠かす	かかす	v5s
欠番	けつばん	n
歯応え	はごたえ	n
汚らしい	きたならしい	adj-i
流れ出す	ながれだす	v5s
無理心中	むりしんじゅう	vs
焦がす	こがす	v5s
煌めく	きらめく	v5k
煙管	えんかん	n
熱病	ねつびょう	n
片棒	かたぼう	n
版本	はんぽん	n
牛革	ぎゅうかわ	n
猛追	もうつい	vs
画用紙	がようし	n
病魔	びょうま	n
発振器	はっしんき	n
白々しい	しらじらしい	adj-i
白鷺	しらさぎ	n
皮下脂肪	ひかしぼう	n
砂地	すなじ	n
秘める	ひめる	v1
秘技	ひぎ	n
穴熊	あなぐま	n
空家	あきや	n
粒状	りゅうじょう	n
紀要	きよう	n
締め付ける	しめつける	v1
纏める	まとめる	v1
老いぼれ	おいぼれ	n
老体	ろうたい	n
肋	あばら	n
腕組み	うでぐみ	vs
腹式呼吸	ふくしきこきゅう	n
膝下	ひざした	n
臍	へそ	n
致死傷	ちししょう	n
舎人	しゃじん	n
若い衆	わかいしゅ	n
落車	らくしゃ	vs
蔑む	さげすむ	v5m
薬価	やっか	n
薬屋	くすりや	n
血色	けっしょく	n
衆人	しゅうじん	n
見取り図	みとりず	n
見物人	けんぶつにん	n
見限る	みかぎる	v5r
言い直し	いいなおし	n
計数	けいすう	n
訪朝	ほうちょう	vs
詫びる	わびる	v1
語らい	かたらい	n
諸共	もろとも	n
貞淑	ていしゅく	adj-na
買い得	かいどく	n
買出し	かいだし	n
赤本	あかほん	n
身上	しんしょう	n
軍旗	ぐんき	n
転任	てんにん	vs
転調	てんちょう	vs
轢く	ひく	v5k
遺贈	いぞう	vs
邪推	じゃすい	vs
酒乱	しゅらん	n
重臣	じゅうしん	n
野人	やじん	n
量る	はかる	v5r
難治	なんじ	n
雪合戦	ゆきがっせん	vs
頷く	うなずく	v5k
食害	しょくがい	n
食指	しょくし	n
香炉	こうろ	n
高鳴る	たかなる	v5r
魂魄	こんぱく	n
鮑	あわび	n
鼻筋	はなすじ	n
あっけない	あっけない	adj-i
いっきに	いっきに	adv
おまる	おまる	n
お立ち台	おたちだい	n
お里	おさと	n
くのいち	くのいち	n
こうへい	こうへい	n
ご愁傷さま	ごしゅうしょうさま	exp
さらし者	さらしもの	n
しんこ	しんこ	n
じりじり	じりじり	vs
ずぼら	ずぼら	adj-na
せいこ	せいこ	n
たいまつ	たいまつ	n
たたずむ	たたずむ	v5m
たわい	たわい	n
ちょうちょ	ちょうちょ	n
つきる	つきる	v1
とっか	とっか	vs
ひな人形	ひなにんぎょう	n
ひょっとこ	ひょっとこ	n
ひょんな	ひょんな	
ふるえる	ふるえる	v1
ふるって	ふるって	adv
ぶっ続け	ぶっつづけ	adv
ぼっき	ぼっき	vs
まじない	まじない	n
むしゃくしゃ	むしゃくしゃ	vs
ゆずる	ゆずる	v5r
わが身	わがみ	n
アウトライン	アウトライン	n
アナグマ	あなぐま	n
アマゾネス	アマゾネス	n
アンビリバボー	アンビリーバブル	adj-na
アンモナイト	アンモナイト	n
イタコ	いたこ	n
イミテーション	イミテーション	n
イロハ	いろは	n
インベーダー	インベーダー	n
イーゼル	イーゼル	n
ウェーバー	ウェーバー	n
エクセレント	エクセレント	adj-na
エボラ出血熱	エボラしゅっけつねつ	n
オリーブ油	オリーブゆ	n
オーバーラップ	オーバーラップ	vs
ガキンチョ	がきんちょ	n
ガーラ	ガラ	n
キュラソー	キュラソー	n
キューティクル	キューティクル	n
ギニー	ギニー	n
ギブ	ギブ	vs
クリシュナ	クリシュナ	n
クロロホルム	クロロホルム	n
グラファイト	グラファイト	n
コロニアル	コロニアル	adj-na
コンチェルト	コンチェルト	n
コンバット	コンバット	n
コンポーザー	コンポーザー	n
シュウマイ	しゅうまい	n
ジュークボックス	ジュークボックス	n
ジントニック	ジントニック	n
スタントマン	スタントマン	n
スマーフ	スマーフ	n
セルフサービス	セルフサービス	n
タパス	タパス	n
タロウ	タロウ	n
ターキー	ターキー	n
ダブルパンチ	ダブルパンチ	n
ダンデライオン	ダンデライオン	n
チクリ	ちくり	adv
チュチュ	チュチュ	n
チュール	チュール	n
ディオン	ディオン	n
ディティール	ディテール	n
トゥナイト	トゥナイト	n
トリビュート	トリビュート	n
トーゴ	トーゴ	n
ドウ	ドウ	n
ナルホド	なるほど	exp
ノーパソ	ノーパソ	n
ハイク	ハイク	n
ハケ	はけ	n
ハラル	ハラール	n
バイタル	バイタル	adj-na
バイブレーション	バイブレーション	n
バルジ	バルジ	n
バーディー	バーディー	n
パルチザン	パルチザン	n
ヒズボラ	ヒズボラ	n
ヒートシンク	ヒートシンク	n
ビューティフル	ビューティフル	adj-na
ピューリッツァー	ピューリッツァー	n
ファミリーレストラン	ファミリーレストラン	n
フィットネスクラブ	フィットネスクラブ	n
フォアマン	フォアマン	n
フォロバ	フォロバ	vs
フォールアウト	フォールアウト	n
フラックス	フラックス	n
フリースクール	フリースクール	n
フーズ	フーズ	n
ヘヴィメタル	ヘヴィメタル	n
ペタ	ペタ	n
ホルスター	ホルスター	n
ホワイトニング	ホワイトニング	vs
ポトフ	ポトフ	n
マスカレード	マスカレード	n
ミツバ	みつば	n
ムッソリーニ	ムッソリーニ	n
モノポリー	モノポリー	n
ルートビア	ルートビア	n
一向	いっこう	adv
一際	ひときわ	adv
中近東	ちゅうきんとう	n
乗合	のりあい	n
今生	こんじょう	n
仕込	しこみ	n
伸張	しんちょう	vs
体たらく	ていたらく	n
倭人	わじん	n
側壁	そくへき	n
僧院	そういん	n
優男	やさおとこ	n
公論	こうろん	n
兵卒	へいそつ	n
内幕	うちまく	n
再読	さいどく	vs
冥利	みょうり	n
出入	しゅつにゅう	vs
加持	かじ	vs
動転	どうてん	vs
化けの皮	ばけのかわ	n
匣	はこ	n
半人前	はんにんまえ	n
即行	そっこう	vs
口約束	くちやくそく	vs
口蓋	こうがい	n
口述	こうじゅつ	vs
古家	ふるいえ	n
呻き	うめき	n
喪中	もちゅう	n
喪神	そうしん	vs
営農	えいのう	vs
嘲笑う	あざわらう	v5u
回し者	まわしもの	n
国権	こっけん	n
土俵際	どひょうぎわ	n
圧死	あっし	vs
大夫	だいぶ	n
大所	おおどころ	n
大業	たいぎょう	n
大食	たいしょく	vs
委縮	いしゅく	vs
婚期	こんき	n
完ぺき	かんぺき	adj-na
宝石商	ほうせきしょう	n
対症療法	たいしょうりょうほう	n
射す	さす	v5s
小作	こさく	n
小竹	ささ	n
少食	しょうしょく	n
山側	やまがわ	n
左様	さよう	adj-na
差し引き	さしひき	vs
帯びる	おびる	v1
干し柿	ほしがき	n
幻視	げんし	n
引っ張りだこ	ひっぱりだこ	n
当機	とうき	n
往生際	おうじょうぎわ	n
御存知	ごぞんじ	n
心細い	こころぼそい	adj-i
急ピッチ	きゅうピッチ	adj-na
息継ぎ	いきつぎ	vs
惹く	ひく	v5k
憂う	うれう	
戸締り	とじまり	vs
扇情	せんじょう	n
手刀	てがたな	n
打ち解ける	うちとける	v1
投了	とうりょう	vs
振り切る	ふりきる	v5r
接続詞	せつぞくし	n
放屁	ほうひ	vs
放物線	ほうぶつせん	n
敬服	けいふく	vs
新駅	しんえき	n
日展	にってん	n
明徳	めいとく	n
明解	めいかい	n
易々	やすやす	adv
更紗	サラサ	n
来歴	らいれき	n
東屋	あずまや	n
柩	かん	n
棚卸し	たなおろし	vs
橋脚	きょうきゃく	n
武神	ぶしん	n
歯がゆい	はがゆい	adj-i
氏子	うじこ	n
汚らわしい	けがらわしい	adj-i
決定づける	けっていづける	v1
法皇	ほうおう	n
波打ち際	なみうちぎわ	n
波状	はじょう	n
浮かせる	うかせる	v1
海水温	かいすいおん	n
淑やか	しとやか	adj-na
清い	きよい	adj-i
渉外	しょうがい	n
漏斗	じょうご	n
漏水	ろうすい	vs
潮位	ちょうい	n
火縄銃	ひなわじゅう	n
父祖	ふそ	n
物故	ぶっこ	vs
犬歯	けんし	n
独りぼっち	ひとりぼっち	n
生け花	いけばな	n
白兎	しろうさぎ	n
白梅	しらうめ	n
百聞	ひゃくぶん	n
目論み	もくろみ	n
石造り	いしづくり	n
砲身	ほうしん	n
礼金	れいきん	n
空模様	そらもよう	n
笠木	かさぎ	n
紅生姜	べにしょうが	n
紡績	ぼうせき	vs
縁切り	えんきり	vs
美人局	つつもたせ	n
義人	ぎじん	n
聖体	せいたい	n
胃炎	いえん	n
脚力	きゃくりょく	n
臨済宗	りんざいしゅう	n
至誠	しせい	n
色仕掛け	いろじかけ	n
苫	とま	n
茶化す	ちゃかす	v5s
茶器	ちゃき	n
草むしり	くさむしり	vs
落城	らくじょう	vs
複線	ふくせん	n
視座	しざ	n
親心	おやごころ	n
謂れ	いわれ	n
講ずる	こうずる	v1
講評	こうひょう	vs
象嵌	ぞうがん	vs
赤痢	せきり	n
趣き	おもむき	n
跳ね返す	はねかえす	v5s
車券	しゃけん	n
道草	みちくさ	vs
重婚	じゅうこん	vs
重苦しい	おもくるしい	adj-i
金メッキ	きんメッキ	vs
銛	もり	n
雪景色	ゆきげしき	n
雪辱	せつじょく	vs
雲母	うんも	n
音韻	おんいん	n
頑健	がんけん	adj-na
風体	ふうてい	n
魚市場	うおいちば	n
黄疸	おうだん	n
龍王	りゅうおう	n
あんが	あんが	vs
いちゃもん	いちゃもん	n
いってき	いってき	n
いやがらせ	いやがらせ	n
うつぶせ	うつぶせ	n
おおいに	おおいに	adv
おちおち	おちおち	adv
おのおの	おのおの	n
かき消す	かきけす	v5s
かんがえる	かんがえる	v1
くらむ	くらむ	v5m
くろう	くろう	vs
こける	こける	v1
こしらえ	こしらえ	n
さよう	さよう	adj-na
しっぺ返し	しっぺがえし	n
すいすい	すいすい	adv
すき間	すきま	n
すり身	すりみ	n
ずっこけ	ずっこけ	n
ずんぐり	ずんぐり	vs
そうい	そうい	n
とうてい	とうてい	adv
とおい	とおい	adj-i
ひっかかり	ひっかかり	n
ほうし	ほうし	n
まとわりつく	まとわりつく	v5k
みとめ	みとめ	n
よろい	よろい	n
わける	わける	v1
アセンブラ	アセンブラ	n
アフターサービス	アフターサービス	n
アポトーシス	アポトーシス	n
イノセント	イノセント	adj-na
インプレッション	インプレッション	n
インポッシブル	インポシブル	adj-na
ウェッブ	ウェブ	n
キンモクセイ	きんもくせい	n
クソババア	くそばばあ	n
グラノーラ	グラノーラ	n
サトイモ	さといも	n
スコアボード	スコアボード	n
スス	すす	n
スズラン	すずらん	n
スパート	スパート	vs
ズキズキ	ズキズキ	vs
ゼロックス	ゼロックス	n
タイブレーク	タイブレーク	n
タミル	タミル	n
タランチュラ	タランチュラ	n
チョッキ	チョッキ	n
ツートップ	ツートップ	exp
ツートンカラー	ツートーンカラー	n
ディレクターズカット	ディレクターズカット	n
デシベル	デシベル	n
デブリ	デブリ	n
デーゲーム	デーゲーム	n
トリアージ	トリアージ	n
トレセン	トレセン	n
ドルイド	ドルイド	n
ドーハ	ドーハ	n
ナムル	ナムル	n
ニジェール	ニジェール	n
ネール	ネイル	n
ハニカム	ハニカム	n
ハヤシライス	ハヤシライス	n
バラック	バラック	n
パタン	パタン	vs
パティオ	パティオ	n
ビブラート	ビブラート	n
ピーコック	ピーコック	n
フォークソング	フォークソング	n
フラダンス	フラダンス	n
ブラウジング	ブラウジング	n
ブレンダー	ブレンダー	n
ヘム	ヘム	n
ホチキス	ホッチキス	n
ボディビル	ボディービル	n
ポールポジション	ポールポジション	n
マイレージ	マイレージ	n
マペット	マペット	n
マーチングバンド	マーチングバンド	n
メーリングリスト	メーリングリスト	n
メールボックス	メールボックス	n
モッコリ	もっこり	vs
ヤイ	やい	int
ラテアート	ラテアート	n
レギオン	レギオン	n
レジュメ	レジュメ	n
ロイター通信	ロイターつうしん	n
ロンダリング	ローンダリング	vs
三塁打	さんるいだ	n
上書	じょうしょ	vs
乗り手	のりて	n
乞い	こい	n
二枚舌	にまいじた	n
人海	じんかい	n
低級	ていきゅう	adj-na
修辞	しゅうじ	n
先客	せんきゃく	n
具足	ぐそく	vs
出立	しゅったつ	vs
到る	いたる	v5r
剣先	けんさき	n
割賦	かっぷ	n
功労賞	こうろうしょう	n
勝ち抜く	かちぬく	v5k
千万	せんまん	
南朝	なんちょう	n
参集	さんしゅう	vs
取り去る	とりさる	v5r
取立て	とりたて	n
句集	くしゅう	n
右左	みぎひだり	n
吃	チー	n
名工	めいこう	n
吹き付け	ふきつけ	n
命知らず	いのちしらず	n
和気あいあい	わきあいあい	adv
嘗て	かつて	adv
士道	しどう	n
売主	うりぬし	n
売価	ばいか	n
多寡	たか	n
大き目	おおきめ	n
大みそか	おおみそか	n
天明	てんめい	n
安永	あんえい	n
寝付き	ねつき	n
寝耳	ねみみ	n
小型車	こがたしゃ	n
小手	こて	n
小鉢	こばち	n
山添	やまぞい	n
後ろ手	うしろで	n
後夜	ごや	n
思いだす	おもいだす	v5s
怠り	おこたり	n
恒心	こうしん	n
感光	かんこう	vs
慟哭	どうこく	vs
戊	つちのえ	n
所収	しょしゅう	n
抜糸	ばっし	vs
捕物	とりもの	n
揺り	ゆり	n
撃ち殺す	うちころす	v5s
教則	きょうそく	n
文型	ぶんけい	n
断髪	だんぱつ	vs
早変わり	はやがわり	n
早産	そうざん	vs
春期	しゅんき	n
春色	しゅんしょく	n
曇る	くもる	v5r
有閑	ゆうかん	n
木片	もくへん	n
末弟	ばってい	n
枠外	わくがい	n
某社	ぼうしゃ	n
栄転	えいてん	vs
栖	すみか	n
根付く	ねづく	v5k
正子	しょうし	n
正誤	せいご	n
歯肉	しにく	n
歴然	れきぜん	adv
毛むくじゃら	けむくじゃら	n
気運	きうん	n
沖合い	おきあい	n
沢庵	たくあん	n
烏賊	いか	n
無一文	むいちもん	adj-na
焼印	やきいん	n
爵位	しゃくい	n
物申す	ものもうす	v5s
狂暴	きょうぼう	adj-na
狡	ずる	n
現住所	げんじゅうしょ	n
現品	げんぴん	n
産声	うぶごえ	n
用命	ようめい	n
男勝り	おとこまさり	adj-na
異邦	いほう	n
白波	しらなみ	n
白蛇	しろへび	n
目くじら	めくじら	n
移ろい	うつろい	n
穴あけ	あなあけ	n
箱詰め	はこづめ	vs
精悍	せいかん	adj-na
糖化	とうか	vs
紅梅	こうばい	n
紋様	もんよう	n
結納	ゆいのう	n
継父	けいふ	n
罫線	けいせん	n
群れる	むれる	v1
義肢	ぎし	n
耳打ち	みみうち	vs
耽る	ふける	v5r
腕章	わんしょう	n
舟橋	ふなはし	n
艦上	かんじょう	n
色相	しきそう	n
芥	ごもく	n
荒れ地	あれち	n
菱形	ひしがた	n
虚飾	きょしょく	n
被選挙権	ひせんきょけん	n
裸婦	らふ	n
襷	たすき	n
規準	きじゅん	n
言行	げんこう	n
討滅	とうめつ	vs
許嫁	いいなずけ	n
詰問	きつもん	vs
貴人	きじん	n
走り抜ける	はしりぬける	v1
足掛かり	あしがかり	n
跨ぎ	またぎ	n
躊躇い	ためらい	vs
追い抜く	おいぬく	v5k
道府県	どうふけん	n
適する	てきする	vs
釉薬	うわぐすり	n
金ピカ	きんピカ	adj-na
金糸	きんし	n
鉉	つる	n
鋼管	こうかん	n
閉門	へいもん	vs
階数	かいすう	n
雪月花	せつげつか	n
頚	くび	n
頭ごなし	あたまごなし	adv
馬の骨	うまのほね	exp
駆け回る	かけまわる	v5r
驚かす	おどろかす	v5s
高利貸し	こうりがし	n
魔法つかい	まほうつかい	n
黒パン	くろパン	n
あさき	あさき	n
あっし	あっし	vs
あつまる	あつまる	v5r
あなご	あなご	n
あんなふうに	あんなふうに	exp
お茶屋	おちゃや	n
かいり	かいり	vs
きんこ	きんこ	n
くす玉	くすだま	n
けっこん	けっこん	vs
こき使う	こきつかう	v5u
すばらしさ	すばらしさ	n
そこはかとなく	そこはかとなく	adv
たがい	たがい	n
つらら	つらら	n
つれづれ	つれづれ	n
てんで	てんで	adv
ときおり	ときおり	n
とまん	とまん	vs
なまこ	なまこ	n
ぬめり	ぬめり	n
ねばねば	ねばねば	vs
のこる	のこる	v5r
はらい	はらい	n
ひろく	ひろく	n
ふくおか	ふくおか	n
ふくれ	ふくれ	n
ぶちこむ	ぶちこむ	v5m
ぶら下げる	ぶらさげる	v1
もめる	もめる	v1
アタッシュケース	アタッシュケース	n
アトリウム	アトリウム	n
アモーレ	アモーレ	n
アルギニン	アルギニン	n
アロハシャツ	アロハシャツ	n
アロマテラピー	アロマテラピー	n
インフォ	インフォ	n
ウツボ	うつぼ	n
エアロビクス	エアロビクス	n
エゴサ	エゴサ	vs
エターナル	エターナル	n
エロカワ	エロカワ	n
オキシトシン	オキシトシン	n
オールマイティ	オールマイティ	adj-na
カンジダ	カンジダ	n
ガクッ	ガクリ	adv
キオスク	キオスク	n
キャンギャル	キャンギャル	n
クレバー	クレバー	adj-na
グッタリ	ぐったり	vs
コソ	くっそ	n
ゴチ	ゴチ	vs
サップ	サップ	n
サブマリン	サブマリン	n
サマリー	サマリ	n
サンルーフ	サンルーフ	n
シエラレオネ	シエラレオネ	n
シーカー	シーカー	n
シーズンオフ	シーズンオフ	n
ジジババ	じじばば	n
ジャンボリー	ジャンボリー	n
スイフト	スイフト	n
ストライド	ストライド	n
スレート	スレート	n
スローペース	スローペース	n
スースー	スースー	vs
スーパーコンピューター	スーパーコンピュータ	n
セミプロ	セミプロ	n
ソリッド	ソリッド	n
タコ焼き	たこやき	n
タワマン	タワマン	n
ダイア	ダイヤ	n
ダカール	ダカール	n
ダンシング	ダンシング	n
チルド	チルド	n
トラクタ	トラクター	n
トランジット	トランジット	n
トリウム	トリウム	n
ドライクリーニング	ドライクリーニング	n
ドライビング	ドライビング	n
ナツメグ	ナツメグ	n
パイプオルガン	パイプオルガン	n
パッカー	パッカー	n
パテント	パテント	n
パラダイムシフト	パラダイムシフト	n
パントマイム	パントマイム	n
ビオトープ	ビオトープ	n
ピンポーン	ピンポン	n
フラゲ	フラゲ	vs
フリーダイヤル	フリーダイヤル	n
フロス	フロス	n
プロダクツ	プロダクツ	n
ヘアサロン	ヘアサロン	n
ベストテン	ベストテン	n
ホバークラフト	ホバークラフト	n
ホールインワン	ホールインワン	n
ボルシチ	ボルシチ	n
ポリウレタン	ポリウレタン	n
マイクロバス	マイクロバス	n
マユミ	まゆみ	n
ミケ	みけ	n
ムササビ	むささび	n
メラミン	メラミン	n
モタモタ	もたもた	vs
ヤマアラシ	やまあらし	n
ヨーデル	ヨーデル	n
リアリスト	リアリスト	n
ルーヴル	ルーブル	n
レーク	レーク	n
レーション	レーション	n
ロヒンギャ	ロヒンギャ	n
ロボティクス	ロボティックス	n
ロードアイランド	ロードアイランド	n
一緒くた	いっしょくた	n
三が日	さんがにち	n
上がったり	あがったり	adj-na
不躾	ぶしつけ	adj-na
中央アフリカ	ちゅうおうアフリカ	n
中手	なかて	n
乗りこなす	のりこなす	v5s
乱戦	らんせん	n
乱気流	らんきりゅう	n
二の丸	にのまる	n
侠	きゃん	adj-na
俊足	しゅんそく	n
保証書	ほしょうしょ	n
倭国	わこく	n
傾聴	けいちょう	vs
光通信	ひかりつうしん	n
全作	ぜんさく	n
全数	ぜんすう	n
別邸	べってい	n
刺傷	ししょう	vs
功罪	こうざい	n
南仏	なんふつ	n
南欧	なんおう	n
友好国	ゆうこうこく	n
受けとる	うけとる	v5r
受付け	うけつけ	n
口うるさい	くちうるさい	adj-i
口ずさむ	くちずさむ	v5m
古楽	こがく	n
同地	どうち	n
吹き矢	ふきや	n
商務省	しょうむしょう	n
図体	ずうたい	n
地金	じがね	n
変奏曲	へんそうきょく	n
外圧	がいあつ	n
外患	がいかん	n
夜想曲	やそうきょく	n
夜露	よつゆ	n
天蓋	てんがい	n
太公望	たいこうぼう	n
如何にも	いかにも	adv
娼館	しょうかん	n
存外	ぞんがい	adj-na
学府	がくふ	n
安宿	やすやど	n
寄せ書き	よせがき	vs
寝込む	ねこむ	v5m
寝間着	ねまき	n
尹	いん	n
山河	さんが	n
川面	かわづら	n
床の間	とこのま	n
強国	きょうこく	n
当期	とうき	n
後場	ごば	n
徒労	とろう	n
御成	おなり	n
御託	ごたく	n
心根	こころね	n
慰労	いろう	vs
憎らしい	にくらしい	adj-i
憔悴	しょうすい	vs
憤る	いきどおる	v5r
憤死	ふんし	vs
手ごたえ	てごたえ	n
捨て子	すてご	n
教学	きょうがく	vs
文明開化	ぶんめいかいか	n
文革	ぶんかく	n
日増しに	ひましに	adv
日米地位協定	にちべいちいきょうてい	n
早出	はやで	vs
春物	はるもの	n
暴騰	ぼうとう	vs
月極	つきぎめ	n
有終の美	ゆうしゅうのび	exp
東ティモール	ひがしティモール	n
柘榴	ざくろ	n
機巧	きこう	n
死地	しち	n
殆	ほとほと	adv
活き活き	いきいき	vs
火鉢	ひばち	n
無銭	むせん	n
牧羊	ぼくよう	vs
生霊	いきりょう	n
発出	はっしゅつ	vs
白州	しらす	n
白酒	しろざけ	n
盗み出す	ぬすみだす	v5s
盗み聞き	ぬすみぎき	vs
目覚しい	めざましい	adj-i
知名	ちめい	adj-na
砂防	さぼう	n
神髄	しんずい	n
秋晴れ	あきばれ	n
科す	かす	v5s
種まき	たねまき	vs
穀類	こくるい	n
空しい	むなしい	adj-i
空路	くうろ	n
立夏	りっか	n
端午	たんご	n
純銀	じゅんぎん	n
紙屋	かみや	n
締め出す	しめだす	v5s
繰返し	くりかえし	vs
羅漢	らかん	n
羊水	ようすい	n
耳目	じもく	n
脳性	のうせい	adj-na
腰巾着	こしぎんちゃく	n
腹持ち	はらもち	n
自画像	じがぞう	n
花街	かがい	n
苦学	くがく	vs
華厳	けごん	n
蔓延る	はびこる	v5r
藤四郎	とうしろ	n
蜥蜴	とかげ	n
行き渡る	いきわたる	v5r
覆	ふく	n
親告罪	しんこくざい	n
詳述	しょうじゅつ	vs
謝肉祭	しゃにくさい	n
豊年	ほうねん	n
身の程	みのほど	exp
較べ	くらべ	n
辱	はじ	n
近眼	きんがん	n
道士	どうし	n
遠路	えんろ	n
遷宮	せんぐう	n
選管	せんかん	n
重し	おもし	n
鋪	しき	n
鍛治	かじ	n
長波	ちょうは	n
闘気	とうき	n
陰惨	いんさん	adj-na
隔てる	へだてる	v1
隔月	かくげつ	n
隣県	りんけん	n
霧吹き	きりふき	n
青々	あおあお	adv
青写真	あおじゃしん	n
順列	じゅんれつ	n
風物	ふうぶつ	n
養母	ようぼ	n
麦酒	ばくしゅ	n
あまつさえ	あまつさえ	adv
いきる	いきる	v1
いとしい	いとしい	adj-i
おしどり	おしどり	n
おなご	おなご	n
おもわず	おもわず	adv
かたじけない	かたじけない	adj-i
かまち	かまち	n
かられる	かられる	v1
かんべん	かんべん	vs
がっくり	がっくり	vs
こじんまり	こじんまり	vs
ご免	ごめん	int
ご法度	ごはっと	n
じーっと	じーっと	vs
すがり	すがり	n
せいさん	せいさん	vs
たてがみ	たてがみ	n
なおる	なおる	v5r
にぎり	にぎり	n
にぎわう	にぎわう	v5u
にごり	にごり	n
のらりくらり	のらりくらり	vs
はたい	はたい	n
ばらす	ばらす	v5s
ぱくぱく	ぱくぱく	vs
ひた隠し	ひたかくし	n
ぶどう酒	ぶどうしゅ	n
まける	まける	v1
まばゆい	まばゆい	adj-i
めんご	めんご	n
よかれ	よかれ	exp
アルパイン	アルパイン	n
アレフ	アレフ	n
アロマオイル	アロマオイル	n
アーミー	アーミー	n
インシュリン	インスリン	n
ウィッシュ	ウィッシュ	n
エッセイスト	エッセイスト	n
オッドアイ	オッドアイ	n
カシス	カシス	n
ガックリ	がっくり	vs
ガラリ	がらり	adv
キタコレ	きたこれ	int
キボンヌ	キボンヌ	n
キャロット	キャロット	n
キューピット	キューピッド	n
クチバシ	くちばし	n
クラミジア	クラミジア	n
クロノグラフ	クロノグラフ	n
クローザー	クローザー	n
グリモア	グリモワール	n
グルコサミン	グルコサミン	n
ゲイン	ゲイン	n
コロイド	コロイド	n
シグ	シグ	n
シナリオライター	シナリオライター	n
シャンペン	シャンパン	n
シラミ	しらみ	n
シンカー	シンカー	n
シーソー	シーソー	n
ジャッジメント	ジャッジメント	n
ジャーニー	ジャーニー	n
スキッパー	スキッパー	n
スタイン	スタイン	n
スポーティー	スポーティ	adj-na
ズッコケ	ズッコケ	n
ズワイガニ	ずわいがに	n
セクト	セクト	n
ゾーニング	ゾーニング	n
ターコイズ	ターコイズ	n
ダヴィンチ	ダヴィンチ	n
チェンジアップ	チェンジアップ	n
チューインガム	チューインガム	n
テレクラ	テレクラ	n
テントウムシ	てんとうむし	n
デコイ	デコイ	n
ナッシング	ナッシング	n
ナパーム	ナパーム	n
ハシビロコウ	はしびろこう	n
ハニートラップ	ハニートラップ	n
バンチ	バンチ	n
パブリッシング	パブリッシング	n
パーソナルコンピュータ	パーソナルコンピュータ	n
ビエンナーレ	ビエンナーレ	n
ビデ	ビデ	n
ピクリ	ピクリ	adv
ピッカピカ	ピカピカ	vs
ピッケル	ピッケル	n
フォトコンテスト	フォトコンテスト	n
ブラスバンド	ブラスバンド	n
プリズン	プリズン	n
ポキ	ポケ	n
マタギ	またぎ	n
マリアージュ	マリアージュ	n
ミクロン	ミクロン	n
ミニッツ	ミニッツ	n
ミネルバ	ミネルウァ	n
ミュール	ミュール	n
メルロー	メルロー	n
モデルケース	モデルケース	n
モーターボート	モーターボート	n
ラフティング	ラフティング	n
ラフレシア	ラフレシア	n
リップスティック	リップスティック	n
リバーシブル	リバーシブル	n
リビドー	リビドー	n
リンカ	リンカ	n
ロガー	ロガー	n
一先ず	ひとまず	adv
一縷	いちる	n
上梓	じょうし	vs
世直し	よなおし	vs
中耳炎	ちゅうじえん	n
付添	つきそい	n
会頭	かいとう	n
俗世	ぞくせい	n
全盲	ぜんもう	n
公館	こうかん	n
分子生物学	ぶんしせいぶつがく	n
初場所	はつばしょ	n
初秋	しょしゅう	n
創傷	そうしょう	n
北大西洋	きたたいせいよう	n
南岸	なんがん	n
厄除け	やくよけ	n
参事官	さんじかん	n
取りかかる	とりかかる	v5r
取り壊す	とりこわす	v5s
同文	どうぶん	n
吹替え	ふきかえ	vs
和合	わごう	vs
問いただす	といただす	v5s
因数	いんすう	n
団欒	だんらん	vs
国学	こくがく	n
地震動	じしんどう	n
均整	きんせい	n
基督教	キリストきょう	n
堅気	かたぎ	adj-na
場末	ばすえ	n
塗れる	まみれる	v1
声量	せいりょう	n
変る	かわる	v5r
大味	おおあじ	adj-na
大神宮	だいじんぐう	n
天辺	てっぺん	n
太白	たいはく	n
奇特	きとく	adj-na
奇策	きさく	n
女官	じょかん	n
嫁ぐ	とつぐ	v5g
実弟	じってい	n
実相	じっそう	n
富める	とめる	n
導体	どうたい	n
島流し	しまながし	vs
帆布	はんぷ	n
平城	ひらじろ	n
幻術	げんじゅつ	n
度合	どあい	n
引き戸	ひきど	n
引張	ひっぱり	n
弱々しい	よわよわしい	adj-i
御門	みかど	n
思い起こす	おもいおこす	v5s
情欲	じょうよく	n
惨憺	さんたん	adv
手痛い	ていたい	adj-i
才気	さいき	n
拝金	はいきん	n
描き出す	えがきだす	v5s
撃鉄	げきてつ	n
改組	かいそ	vs
敗残	はいざん	n
敢闘	かんとう	vs
数行	すうぎょう	n
方陣	ほうじん	n
昼顔	ひるがお	n
曝露	ばくろ	vs
曾祖母	そうそぼ	n
最大公約数	さいだいこうやくすう	n
最後の審判	さいごのしんぱん	n
極致	きょくち	n
水利	すいり	n
洋行	ようこう	vs
洗米	せんまい	vs
活きる	いきる	v1
海王星	かいおうせい	n
深追い	ふかおい	vs
潜り込む	もぐりこむ	v5m
炊ける	たける	v1
炭坑	たんこう	n
炭焼き	すみやき	n
無税	むぜい	n
無辜	むこ	n
焼損	しょうそん	vs
焼畑	やきばた	n
照れ隠し	てれかくし	n
煮沸	しゃふつ	vs
熟達	じゅくたつ	vs
爵	しゃく	n
狭量	きょうりょう	adj-na
猿真似	さるまね	vs
獏	ばく	n
玉の輿	たまのこし	n
産前	さんぜん	n
矢面	やおもて	n
石仏	せきぶつ	n
硝酸塩	しょうさんえん	n
確固	かっこ	adv
神域	しんいき	n
私企業	しきぎょう	n
私語	ささめき	n
竜胆	りんどう	n
竹馬	たけうま	n
筆記用具	ひっきようぐ	n
紐解く	ひもとく	v5k
絡まる	からまる	v5r
綿花	めんか	n
職業病	しょくぎょうびょう	n
胸くそ	むなくそ	n
腕相撲	うでずもう	n
自省	じせい	vs
花色	はないろ	n
茶目っ気	ちゃめっけ	n
萌芽	ほうが	vs
薄皮	うすかわ	n
血潮	ちしお	n
行く行く	ゆくゆく	adv
裏門	うらもん	n
解き方	ときかた	n
話し言葉	はなしことば	n
起草	きそう	vs
轢き逃げ	ひきにげ	vs
追い抜き	おいぬき	n
郁子	むべ	n
都会人	とかいじん	n
醍醐	だいご	n
野焼き	のやき	vs
金魚鉢	きんぎょばち	n
釣り上げる	つりあげる	v1
鉄鉱	てっこう	n
長毛	ちょうもう	n
閉ざす	とざす	v5s
離ればなれ	はなればなれ	adj-na
雪上	せつじょう	n
電熱	でんねつ	n
震動	しんどう	vs
青のり	あおのり	n
青田	あおた	n
非礼	ひれい	adj-na
飛燕	ひえん	n
餞別	せんべつ	n
馬鹿騒ぎ	バカさわぎ	vs
駕	が	n
黒鉛	こくえん	n
あざやか	あざやか	adj-na
おさえる	おさえる	v1
おして	おして	n
くりかえし	くりかえし	vs
げんこつ	げんこつ	vs
ござん	ござん	n
さかえ	さかえ	n
ささくれ	ささくれ	n
しばり	しばり	n
しらせ	しらせ	n
すべからく	すべからく	adv
すやすや	すやすや	adv
ただならぬ	ただならぬ	n
つづる	つづる	v5r
つみれ	つみれ	n
てかてか	てかてか	vs
とがめ	とがめ	n
のろのろ	のろのろ	vs
はみ出す	はみだす	v5s
ひとめぼれ	ひとめぼれ	vs
ぶれる	ぶれる	v1
へとへと	へとへと	adj-na
ほのめかす	ほのめかす	v5s
ぼやき	ぼやき	n
まむし	まむし	n
めぼしい	めぼしい	adj-i
もじゃもじゃ	もじゃもじゃ	vs
やくし	やくし	n
やすやす	やすやす	adv
アクター	アクター	n
アナコンダ	アナコンダ	n
アミール	アミール	n
アライブ	アライブ	n
アラベスク	アラベスク	n
アレルゲン	アレルゲン	n
アンタレス	アンタレス	n
アンドラ	アンドラ	n
イフリート	イフリート	n
インコース	インコース	n
ウスターソース	ウースターソース	n
エッセンシャル	エッセンシャル	n
エボリューション	エボリューション	n
オートクチュール	オートクチュール	n
カスタネット	カスタネット	n
ガラナ	ガラナ	n
ギシギシ	ぎしぎし	n
クギ	くぎ	n
クリオネ	クリオネ	n
グリズリー	グリズリー	n
コギャル	こギャル	n
サザンクロス	サザンクロス	n
シェールガス	シェールガス	n
ジャグ	ジャグ	n
ジャポニカ	ジャポニカ	n
ストラクチャー	ストラクチャ	n
スパー	スパー	n
セクシュアリティ	セクシュアリティ	n
タジキスタン	タジキスタン	n
タチウオ	たちうお	n
ターム	ターム	n
チェンバロ	チェンバロ	n
チヂミ	チヂミ	n
テキパキ	てきぱき	vs
デコード	デコード	vs
デリンジャー	デリンジャー	n
ドルオタ	ドルオタ	n
ナスダック	ナスダック	n
ニライカナイ	ニライカナイ	n
ヌイグルミ	ぬいぐるみ	n
ネイキッド	ネイキッド	n
ハイソックス	ハイソックス	n
ハツラツ	はつらつ	adv
ハマチ	はまち	n
ハルマゲドン	ハルマゲドン	n
ハートランド	ハートランド	n
ハーピー	ハーピー	n
ババロア	ババロア	n
パネェ	パネェ	exp
フアン	ファン	n
フィー	ファイ	n
フォンデュ	フォンデュー	n
ブルートゥース	ブルートゥース	n
プラマイゼロ	プラマイゼロ	n
プラーク	プラーク	n
プログレ	プログレ	n
ペナント	ペナント	n
ホタルイカ	ほたるいか	n
ボリューミー	ボリューミー	adj-na
ポカ	ポカ	vs
マスターキー	マスターキー	n
マトリクス	マトリックス	n
マホガニー	マホガニー	n
マリーゴールド	マリーゴールド	n
モノグラム	モノグラム	n
モーリタニア	モーリタニア	n
ラサ	ラサ	n
リザード	リザード	n
リフティング	リフティング	n
ヴィシュヌ	ヴィシュヌ	n
一蓮托生	いちれんたくしょう	n
万策	ばんさく	n
上代	じょうだい	n
下支え	したざさえ	vs
不適	ふてき	adj-na
世話好き	せわずき	adj-na
両輪	りょうりん	n
事大	じだい	n
人馬	じんば	n
休診	きゅうしん	vs
侮る	あなどる	v5r
便益	べんえき	n
偏執	へんしゅう	vs
光度	こうど	n
其方	そちら	pn
典拠	てんきょ	n
内偵	ないてい	vs
内用	ないよう	vs
内祝い	うちいわい	n
冷風	れいふう	n
初診	しょしん	n
判然	はんぜん	adv
勝どき	かちどき	n
北斗星	ほくとせい	n
原始時代	げんしじだい	n
叙任	じょにん	vs
呆け	ぼけ	n
告げ口	つげぐち	vs
咽	のど	n
品書き	しながき	n
器楽	きがく	n
園地	えんち	n
増益	ぞうえき	vs
変型	へんけい	n
夕闇	ゆうやみ	n
天地無用	てんちむよう	exp
失敗談	しっぱいだん	n
女囚	じょしゅう	n
婦女	ふじょ	n
客間	きゃくま	n
密通	みっつう	vs
小刀	こがたな	n
差押	さしおさえ	n
庇	ひさし	n
廃部	はいぶ	vs
廓	くるわ	n
引き立つ	ひきたつ	v5t
引き立てる	ひきたてる	v1
引っ込む	ひっこむ	v5m
待ちぼうけ	まちぼうけ	n
御法度	ごはっと	n
恩賜	おんし	n
悲運	ひうん	n
手付	てつけ	n
手淫	しゅいん	vs
抜き出す	ぬきだす	v5s
抜き取る	ぬきとる	v5r
採光	さいこう	vs
握りつぶし	にぎりつぶし	n
撹拌	かくはん	vs
政変	せいへん	n
文字どおり	もじどおり	n
新古	しんこ	n
明け暮れる	あけくれる	v1
時制	じせい	n
時機	じき	n
有り余る	ありあまる	v5r
木彫	もくちょう	n
楼閣	ろうかく	n
横着	おうちゃく	vs
正行	しょうぎょう	n
殊に	ことに	adv
殊勝	しゅしょう	adj-na
毒牙	どくが	n
水飴	みずあめ	n
沙弥	しゃみ	n
洋室	ようしつ	n
淫靡	いんび	adj-na
混声	こんせい	n
清明	せいめい	n
清貧	せいひん	n
漏出	ろうしゅつ	vs
火影	ほかげ	n
無能力	むのうりょく	n
無量	むりょう	n
焼き払う	やきはらう	v5u
焼豚	やきぶた	n
父性	ふせい	n
特措法	とくそほう	n
現実離れ	げんじつばなれ	vs
瑕	きず	n
甘酢	あまず	n
発癌	はつがん	n
發	ハツ	n
白斑	はくはん	n
真実味	しんじつみ	n
碗	わん	n
私費	しひ	n
立ちション	たちション	vs
節気	せっき	n
篝火	かがりび	n
簾	すだれ	n
紛らわす	まぎらわす	v5s
絵空事	えそらごと	n
総合大学	そうごうだいがく	n
総領事	そうりょうじ	n
縦縞	たてじま	n
翌々日	よくよくじつ	n
聞き入れる	ききいれる	v1
肥育	ひいく	vs
臓	ぞう	n
至言	しげん	n
英人	えいじん	n
草丈	くさたけ	n
華美	かび	n
落す	おとす	v5s
落とし前	おとしまえ	n
薔薇色	バラいろ	n
薫る	かおる	v5r
蘇芳	すおう	n
虎視眈々	こしたんたん	adv
血戦	けっせん	vs
衛生局	えいせいきょく	n
裏番組	うらばんぐみ	n
見分	けんぶん	vs
見掛ける	みかける	v1
観音堂	かんのんどう	n
諸兄	しょけい	n
謝恩	しゃおん	vs
貢物	みつぎもの	n
賛助	さんじょ	vs
赤紙	あかがみ	n
軒先	のきさき	n
追いつめる	おいつめる	v1
追い越す	おいこす	v5s
速効	そっこう	n
進駐軍	しんちゅうぐん	n
遣る	やる	v5r
邪念	じゃねん	n
重石	おもし	n
鉄線	てっせん	n
鐘楼	しょうろう	n
長命	ちょうめい	adj-na
開腹	かいふく	vs
防諜	ぼうちょう	n
陸送	りくそう	vs
険	けん	n
雑念	ざつねん	n
電光石火	でんこうせっか	n
非人	ひにん	n
風林火山	ふうりんかざん	exp
食い意地	くいいじ	n
魔窟	まくつ	n
黒砂糖	くろざとう	n
黒縁	くろぶち	n
あしか	あしか	n
あつみ	あつみ	n
あわび	あわび	n
うなずく	うなずく	v5k
うるうる	うるうる	vs
おおっぴら	おおっぴら	adj-na
おととし	おととし	n
おぼえる	おぼえる	v1
かいしゃ	かいしゃ	n
かぐら	かぐら	n
かっこう	かっこう	n
がらくた	がらくた	n
けなげ	けなげ	adj-na
さなえ	さなえ	n
さわぎ	さわぎ	n
ざっくばらん	ざっくばらん	adj-na
しする	しする	vs
じたばた	じたばた	vs
じまえ	じまえ	n
じょうじ	じょうじ	n
じれったい	じれったい	adj-i
すい臓	すいぞう	n
すくう	すくう	v5u
すてる	すてる	v1
すらっと	すらっと	vs
すり鉢	すりばち	n
せしめる	せしめる	v1
ちまき	ちまき	n
ちんと	ちんと	vs
つつき	つつき	n
てゆーか	てゆーか	exp
とこう	とこう	n
ないものねだり	ないものねだり	exp
なおのこと	なおのこと	exp
なぐさめ	なぐさめ	n
にらみ	にらみ	n
ぬかるみ	ぬかるみ	n
ばい菌	ばいきん	n
びわこ	びわこ	n
ふかい	ふかい	adj-i
ふにゃふにゃ	ふにゃふにゃ	vs
ふ頭	ふとう	n
ぺらぺら	ぺらぺら	adv
ほとほと	ほとほと	adv
もじもじ	もじもじ	vs
もたもた	もたもた	vs
よろしゅう	よろしゅう	exp
わさん	わさん	n
わっぱ	わっぱ	n
アット	アット	n
アドバンスド	アドバンスト	n
アンマン	アンマン	n
イソフラボン	イソフラボン	n
エッセー	エッセイ	n
オイスターソース	オイスターソース	n
オニキス	オニキス	n
オーラル	オーラル	n
ガレー	ガレー	n
キャットファイト	キャットファイト	n
クラッキング	クラッキング	n
クレス	クレス	n
グリシン	グリシン	n
グーグー	グーグー	vs
コンドミニアム	コンドミニアム	n
コンビーフ	コンビーフ	n
サボタージュ	サボタージュ	vs
シェーク	シェーク	vs
シリコーン	シリコーン	n
ジャイアントパンダ	ジャイアントパンダ	n
スクラブ	スクラブ	n
スケジューリング	スケジューリング	n
スケートリンク	スケートリンク	n
スノーモービル	スノーモービル	n
ズームレンズ	ズームレンズ	n
タイトスカート	タイトスカート	n
ダイマ	ダイマ	n
ダッカ	ダッカ	n
チアリーディング	チアリーディング	n
ツナマヨ	ツナマヨ	n
ニガー	ニガー	n
ヌー	ヌー	n
ハイカー	ハイカー	n
バインディング	バインディング	n
バブリー	バブリー	adj-na
フェーン	フェーン	n
ブイヨン	ブイヨン	n
ブルセラ	ブルセラ	n
ブルターニュ	ブルターニュ	n
ブルーレイディスク	ブルーレイディスク	n
プッシー	プッシー	n
プニプニ	ぷにぷに	vs
プロパンガス	プロパンガス	n
ヘド	へど	n
ポリカーボネート	ポリカーボネート	n
マネタイズ	マネタイズ	vs
マリンバ	マリンバ	n
ミニバス	ミニバス	n
ムクドリ	むくどり	n
メキシカン	メキシカン	n
モクモク	もくもく	adv
モサド	モサド	n
モンゴロイド	モンゴロイド	n
モーラ	モーラ	n
モールド	モールド	n
ラリアット	ラリアット	n
リッジ	リッジ	n
リバタリアン	リバタリアン	n
ログハウス	ログハウス	n
ロケハン	ロケハン	n
ワーキンググループ	ワーキンググループ	n
一群	いちぐん	n
一芸	いちげい	n
上唇	うわくちびる	n
世話焼き	せわやき	n
並大抵	なみたいてい	n
主事	しゅじ	n
乗物	のりもの	n
乱反射	らんはんしゃ	vs
些か	いささか	adv
亜流	ありゅう	n
人並	ひとなみ	n
今日日	きょうび	n
仕度	したく	vs
休会	きゅうかい	vs
休園	きゅうえん	vs
伸び伸び	のびのび	vs
余罪	よざい	n
保安庁	ほあんちょう	n
側室	そくしつ	n
備わる	そなわる	v5r
傷む	いたむ	v5m
傷物	きずもの	n
共立	きょうりつ	vs
内勤	ないきん	vs
内規	ないき	n
冬山	ふゆやま	n
凡そ	およそ	adv
切り刻む	きりきざむ	v5m
切り込む	きりこむ	v5m
別紙	べっし	n
利き腕	ききうで	n
勝手口	かってぐち	n
南無妙法蓮華経	なむみょうほうれんげきょう	exp
単刀直入	たんとうちょくにゅう	adj-na
博す	はくす	v5s
印度	インド	n
反核	はんかく	n
取りざた	とりざた	vs
取り寄せる	とりよせる	v1
古物商	こぶつしょう	n
各論	かくろん	n
商家	しょうか	n
喫緊	きっきん	n
四十路	よそじ	n
因習	いんしゅう	n
地番	ちばん	n
地軸	ちじく	n
地鳴り	じなり	n
垂涎	すいぜん	vs
士族	しぞく	n
多孔	たこう	n
天動説	てんどうせつ	n
天日	てんぴ	n
嬰	えい	n
学資	がくし	n
家名	かめい	n
対流	たいりゅう	n
尾羽	おは	n
山越え	やまごえ	vs
岩戸	いわと	n
巣立ち	すだち	n
左巻き	ひだりまき	n
差し歯	さしば	n
席上	せきじょう	n
干拓	かんたく	vs
年がら年中	ねんがらねんじゅう	exp
庭木	にわき	n
当て逃げ	あてにげ	vs
悔恨	かいこん	vs
押し切る	おしきる	v5r
持ち上がる	もちあがる	v5r
接岸	せつがん	vs
撃ち込む	うちこむ	v5m
放散	ほうさん	vs
整流	せいりゅう	vs
文語	ぶんご	n
文頭	ぶんとう	n
新劇	しんげき	n
新開地	しんかいち	n
方形	ほうけい	n
日直	にっちょく	n
旧い	ふるい	adj-i
月別	つきべつ	n
木っ端微塵	こっぱみじん	vs
松竹梅	しょうちくばい	n
柘植	つげ	n
梵	ぼん	n
極点	きょくてん	n
正中	しょうなか	n
水難	すいなん	n
汁粉	しるこ	n
汲み取り	くみとり	n
決選	けっせん	n
沐浴	もくよく	vs
波瀾万丈	はらんばんじょう	adj-na
泥まみれ	どろまみれ	adj-na
灰燼	かいじん	n
焼売	しゅうまい	n
犀	さい	n
狂騒	きょうそう	n
理知的	りちてき	adj-na
甘受	かんじゅ	vs
生活苦	せいかつく	n
申出	もうしで	n
症候	しょうこう	n
瘢痕	はんこん	n
白眼	しろめ	n
白磁	はくじ	n
盟	めい	n
目指	めざし	n
目移り	めうつり	vs
相愛	そうあい	vs
真ん前	まんまえ	n
石工	いしく	n
研削	けんさく	vs
磁界	じかい	n
福助	ふくすけ	n
築造	ちくぞう	vs
籠る	こもる	v5r
紙巻	かみまき	n
群発	ぐんぱつ	n
老いる	おいる	v1
老眼鏡	ろうがんきょう	n
耳飾り	みみかざり	n
聞き取る	ききとる	v5r
聴講	ちょうこう	vs
胸椎	きょうつい	n
腐心	ふしん	vs
自嘲	じちょう	vs
自薦	じせん	vs
色欲	しきよく	n
荒れ狂う	あれくるう	v5u
落とし込む	おとしこむ	v5m
落伍	らくご	vs
蛆虫	うじむし	n
見栄っ張り	みえっぱり	n
解れ	ほつれ	n
請い	こい	n
謙譲	けんじょう	adj-na
貧乏性	びんぼうしょう	n
越中	えっちゅう	n
跳び箱	とびばこ	n
踊り場	おどりば	n
軽犯罪	けいはんざい	n
追徴	ついちょう	vs
退ける	のける	v1
送り火	おくりび	n
速射	そくしゃ	vs
連用形	れんようけい	n
遠巻き	とおまき	n
選集	せんしゅう	n
野分	のわき	n
鋳型	いがた	n
闘魂	とうこん	n
雨具	あまぐ	n
飛び上がる	とびあがる	v5r
香港ドル	ホンコンドル	n
騙る	かたる	v5r
魚の目	うおのめ	n
鯰	なまず	n
黒光り	くろびかり	vs
黒鳥	こくちょう	n
あいた	あいた	int
あしらう	あしらう	v5u
あづま	あづま	n
あんに	あんに	adv
いしょ	いしょ	n
いらい	いらい	vs
うじうじ	うじうじ	vs
うな重	うなじゅう	n
うらみ	うらみ	n
おどし	おどし	n
お古	おふる	n
がっぽり	がっぽり	adv
ぐいっと	ぐいっと	adv
ここいら	ここいら	n
さん付け	さんづけ	vs
しごく	しごく	v5k
しみず	しみず	n
しもと	しもと	n
しゃっくり	しゃっくり	vs
じろじろ	じろじろ	adv
たくらみ	たくらみ	n
たもと	たもと	n
ちらちら	ちらちら	vs
とんとん	とんとん	adv
なにぶん	なにぶん	n
のちのち	のちのち	n
ひ孫	ひまご	n
ぴかぴか	ぴかぴか	vs
ぴったんこ	ぴったんこ	adv
ぶっとばす	ぶっとばす	v5s
ぶら下がる	ぶらさがる	v5r
まんなか	まんなか	n
みこし	みこし	n
やきもき	やきもき	vs
アサルト	アサルト	n
アセロラ	アセロラ	n
アハハハ	あはは	int
アラモード	アラモード	n
アングラー	アングラー	n
イバラ	いばら	n
インスコ	インスコ	vs
イ長調	イちょうちょう	n
エラーメッセージ	エラーメッセージ	n
オイルショック	オイルショック	n
オミット	オミット	n
オートキャンプ	オートキャンプ	n
カブール	カブール	n
カプサイシン	カプサイシン	n
カリフ	カリフ	n
カルパッチョ	カルパッチョ	n
カロン	カロン	n
ガーゴイル	ガーゴイル	n
キュア	キュア	n
ギチギチ	ギチギチ	vs
ギーク	ギーク	n
クロース	クロス	n
クーガー	クーガー	n
ケースワーカー	ケースワーカー	n
ゲームセット	ゲームセット	n
コサージュ	コサージュ	n
コマンダー	コマンダー	n
コースアウト	コースアウト	vs
サイドブレーキ	サイドブレーキ	n
サバゲ	サバゲ	n
シュプレヒコール	シュプレヒコール	n
ジグソー	ジグソー	n
スタンディングオベーション	スタンディングオベーション	n
ストーリ	ストーリー	n
スプレッドシート	スプレッドシート	n
セロハン	セロハン	n
セーブル	セーブル	n
タイフーン	タイフーン	n
タッチパッド	タッチパッド	n
タラレバ	たられば	n
タリウム	タリウム	n
ダーティ	ダーティー	adj-na
チャンポン	ちゃんぽん	n
チューチュー	チューチュー	adv
チームプレイ	チームプレー	n
ツーリズム	ツーリズム	n
ティザー	ティーザー	n
テレビ塔	テレビとう	n
ディーバ	ディーバ	n
デコトラ	デコトラ	n
デポジット	デポジット	n
デレデレ	でれでれ	vs
トリガ	トリガー	n
トリケラトプス	トリケラトプス	n
ドーベルマン	ドーベルマン	n
ニグロ	ニグロ	n
ハリボテ	はりぼて	n
パンタグラフ	パンタグラフ	n
ビアン	ビアン	n
ピエタ	ピエタ	n
フラッグシップ	フラッグシップ	n
フリクション	フリクション	n
プチトマト	プチトマト	n
プリースト	プリースト	n
マッタリ	まったり	vs
マトン	マトン	n
メタンハイドレート	メタンハイドレート	n
モリブデン	モリブデン	n
リカバー	リカバー	n
リヒテンシュタイン	リヒテンシュタイン	n
レアメタル	レアメタル	n
ロンリー	ロンリー	adj-na
下船	げせん	vs
乾パン	かんパン	n
五重塔	ごじゅうのとう	n
全天候	ぜんてんこう	n
八方美人	はっぽうびじん	n
八重桜	やえざくら	n
公安調査庁	こうあんちょうさちょう	n
内ゲバ	うちゲバ	n
内角	ないかく	n
写像	しゃぞう	n
切り開き	きりひらき	n
初夢	はつゆめ	n
利する	りする	vs
前人未到	ぜんじんみとう	n
前借り	まえがり	vs
割り算	わりざん	vs
十文字	じゅうもんじ	n
原動機	げんどうき	n
厳冬	げんとう	n
口伝	くでん	vs
口答え	くちごたえ	vs
叩き上げ	たたきあげ	n
各層	かくそう	n
名乗り出る	なのりでる	v1
国中	くにじゅう	n
土蔵	どぞう	n
堪忍	かんにん	vs
塩類	えんるい	n
外様	とざま	n
大回り	おおまわり	n
大法	だいほう	n
大老	たいろう	n
大風	おおふう	adj-na
天声	てんせい	n
失政	しっせい	n
奥羽	おうう	n
好敵手	こうてきしゅ	n
妙薬	みょうやく	n
妬ましい	ねたましい	adj-i
始点	してん	n
嫌煙	けんえん	n
実生	みしょう	n
客体	きゃくたい	n
宴席	えんせき	n
対角線	たいかくせん	n
封書	ふうしょ	n
尊ぶ	とうとぶ	v5b
尖兵	せんぺい	n
属人	ぞくじん	n
年利	ねんり	n
底本	ていほん	n
引受け	ひきうけ	n
弱酸	じゃくさん	n
当り前	あたりまえ	n
当家	とうけ	n
惡	あく	n
態様	たいよう	n
憂さ晴らし	うさばらし	n
懇	ねんごろ	adj-na
成り済まし	なりすまし	n
戒める	いましめる	v1
手いっぱい	ていっぱい	adj-na
手不足	てぶそく	adj-na
才色兼備	さいしょくけんび	n
投げ込み	なげこみ	n
括る	くくる	v5r
持ち駒	もちごま	n
整髪	せいはつ	vs
文官	ぶんかん	n
断腸	だんちょう	n
新酒	しんしゅ	n
施主	せしゅ	n
日照り	ひでり	n
日輪	にちりん	n
暗室	あんしつ	n
更改	こうかい	vs
曾祖父	そうそふ	n
木蓮	もくれん	n
朱印	しゅいん	n
枕木	まくらぎ	n
根城	ねじろ	n
格調	かくちょう	n
梵天	ぼんてん	n
植え込み	うえこみ	n
水子	みずこ	n
水鏡	みずかがみ	n
泰平	たいへい	n
洗足	せんそく	vs
渡り廊下	わたりろうか	n
火中	かちゅう	n
灰汁	あく	n
無事故	むじこ	adj-na
無声	むせい	n
片仮名	かたかな	n
物思い	ものおもい	n
犬ぞり	いぬぞり	n
独歩	どっぽ	vs
狭める	せばめる	v1
甲斐性	かいしょう	n
白菊	しらぎく	n
相打ち	あいうち	n
社寺	しゃじ	n
祝電	しゅくでん	n
秋期	しゅうき	n
立ち回る	たちまわる	v5r
立春	りっしゅん	n
端くれ	はしくれ	n
筆箱	ふでばこ	n
納まる	おさまる	v5r
納戸	なんど	n
紙くず	かみくず	n
素面	すめん	n
経絡	けいらく	n
耐圧	たいあつ	n
胸中	きょうちゅう	n
臆面	おくめん	n
自由形	じゆうがた	n
良書	りょうしょ	n
苦し紛れ	くるしまぎれ	n
茫然	ぼうぜん	adv
草創	そうそう	vs
華人	かじん	n
葬送	そうそう	vs
蒸着	じょうちゃく	vs
薄明	はくめい	n
蘭学	らんがく	n
虫垂炎	ちゅうすいえん	n
見据える	みすえる	v1
親潮	おやしお	n
贖い	あがない	n
転記	てんき	vs
送り返す	おくりかえす	v5s
道徳心	どうとくしん	n
酒造り	さけづくり	n
金的	きんてき	n
釣り船	つりぶね	n
銃座	じゅうざ	n
錦鯉	にしきごい	n
鏡餅	かがみもち	n
間延び	まのび	vs
陣屋	じんや	n
除幕	じょまく	vs
陸続き	りくつづき	n
隣室	りんしつ	n
飽く	あく	v5k
首ったけ	くびったけ	adj-na
鬚	ひげ	n
黙示	もくし	n
あおき	あおき	n
あくどい	あくどい	adj-i
くじゅう	くじゅう	vs
くせ毛	くせげ	n
くどく	くどく	n
けんし	けんし	n
こうせい	こうせい	vs
しょうじ	しょうじ	n
そそくさ	そそくさ	adv
そそのかし	そそのかし	n
たぎる	たぎる	v5r
たたり	たたり	n
ちゃめ	ちゃめ	adj-na
つつみ	つつみ	n
つづら	つづら	n
つめたい	つめたい	adj-i
てんやわんや	てんやわんや	n
とかげ	とかげ	n
とんちんかん	とんちんかん	adj-na
にじむ	にじむ	v5m
はかま	はかま	n
ぶるぶる	ぶるぶる	vs
へったくれ	へったくれ	exp
ぼんち	ぼんち	n
みなぎる	みなぎる	v5r
むさぼる	むさぼる	v5r
アイススケート	アイススケート	n
アオキ	あおき	n
アスペン	アスペン	n
アセトン	アセトン	n
アングロサクソン	アングロサクソン	n
ウーパールーパー	ウーパールーパー	n
エイダ	エイダ	n
エクスポート	エクスポート	vs
エモーショナル	エモーショナル	n
エレジー	エレジー	n
オベリスク	オベリスク	n
オルグ	オルグ	vs
オーバーライド	オーバーライド	vs
カスタマー	カスタマー	n
カト	カト	n
カニバリズム	カニバリズム	n
ガボン	ガボン	n
クオリア	クオリア	n
クリー	クリー	n
グリフ	グリフ	n
ケチケチ	ケチケチ	vs
ケ所	かしょ	n
コックリ	こっくり	vs
コミコミ	こみこみ	n
サイトカイン	サイトカイン	n
サイフォン	サイフォン	n
シェール	シェール	n
シュヴァリエ	シュヴァリエ	n
ショックアブソーバー	ショックアブソーバー	n
シードル	シードル	n
シーフ	シーフ	n
ジェミニ	ジェミニ	n
スクレ	スクレ	n
スタンドアロン	スタンドアロン	n
スプレッド	スプレッド	n
セキュア	セキュア	adj-na
タウ	タウ	n
ダウンフォース	ダウンフォース	n
チュニス	チュニス	n
チラリズム	チラリズム	n
チンケ	ちんけ	adj-na
テレコム	テレコム	n
デフ	デフ	n
トコトコ	トコトコ	adv
トリマー	トリマー	n
ドラクマ	ドラクマ	n
ナック	ナック	n
ニンフ	ニンフ	n
バウンス	バウンス	n
パウチ	ポーチ	n
パウンド	パウンド	n
パラサイト	パラサイト	n
パーリー	パーリー	n
ヒッキー	ヒッキー	n
ビビッド	ビビッド	adj-na
ビレッジ	ビレッジ	n
ピアニカ	ピアニカ	n
ピコピコ	ピコピコ	adv
ピノ・ノワール	ピノノワール	n
フィヨルド	フィヨルド	n
ポコチン	ポコチン	n
マラウイ	マラウイ	n
ヤナギ	やなぎ	n
ヤハウェ	ヤハウェ	n
リスクヘッジ	リスクヘッジ	n
リッピング	リッピング	n
リトグラフ	リトグラフ	n
リヤカー	リヤカー	n
レジスター	レジスター	n
レタッチ	レタッチ	vs
ロカビリー	ロカビリー	n
ロビイスト	ロビイスト	n
一事	いちじ	n
上席	じょうせき	n
上洛	じょうらく	vs
上目	うわめ	n
下線	かせん	n
不漁	ふりょう	n
世捨て人	よすてびと	n
中外	ちゅうがい	n
主計	しゅけい	n
仕舞	しまい	n
付す	ふす	v5s
仮屋	かりや	n
仲買人	なかがいにん	n
但し書き	ただしがき	n
余熱	よねつ	n
侍従	じじゅう	n
倍額	ばいがく	n
公使	こうし	n
公方	くぼう	n
公選法	こうせんほう	n
出帆	しゅっぱん	vs
前場	ぜんば	n
労い	ねぎらい	n
勤怠	きんたい	n
勧奨	かんしょう	vs
半開き	はんびらき	n
南進	なんしん	vs
古物	こぶつ	n
台下	だいか	n
合羽	カッパ	n
名乗	なのり	vs
名犬	めいけん	n
和声	わせい	n
哀歌	あいか	n
固化	こか	vs
土中	どちゅう	n
地代	ちだい	n
地動説	ちどうせつ	n
埜	の	n
執り行う	とりおこなう	v5u
墳墓	ふんぼ	n
大回転	だいかいてん	n
失せろ	うせろ	int
女たらし	おんなたらし	n
妻帯	さいたい	vs
季節はずれ	きせつはずれ	n
寛治	かんじ	n
寵児	ちょうじ	n
小形	こがた	n
山桜	やまざくら	n
山葵	わさび	n
平文	へいぶん	n
広小路	ひろこうじ	n
弁財天	べんざいてん	n
式年	しきねん	n
彫金	ちょうきん	vs
律する	りっする	vs
御代	みよ	n
徹頭徹尾	てっとうてつび	adv
心ゆく	こころゆく	v5k-s
忘れもの	わすれもの	n
怖気	おぞけ	n
急先鋒	きゅうせんぽう	n
性懲り	しょうこり	n
悪しからず	あしからず	adv
情感	じょうかん	n
意気地	いくじ	n
懇話	こんわ	vs
我国	わがくに	exp
戒壇	かいだん	n
手ごわい	てごわい	adj-i
手招き	てまねき	vs
手提げ	てさげ	n
押し通す	おしとおす	v5s
拡大鏡	かくだいきょう	n
散逸	さんいつ	vs
数の子	かずのこ	n
新茶	しんちゃ	n
日毎	ひごと	n
旧名	きゅうめい	n
時宗	じしゅう	n
朝寝坊	あさねぼう	vs
枕詞	まくらことば	n
桟	さん	n
歓談	かんだん	vs
殺気	さっき	n
法曹界	ほうそうかい	n
流速	りゅうそく	n
浪曲	ろうきょく	n
淡水魚	たんすいぎょ	n
湯葉	ゆば	n
満貫	マンガン	n
澱粉	でんぷん	n
無我	むが	n
無間	むけん	n
猪突猛進	ちょとつもうしん	vs
祝詞	のりと	n
神がかり	かみがかり	vs
禅宗	ぜんしゅう	n
稟議	りんぎ	vs
筆記具	ひっきぐ	n
箋	せん	n
粉雪	こなゆき	n
絞首	こうしゅ	vs
続伸	ぞくしん	vs
練り物	ねりもの	n
群雄割拠	ぐんゆうかっきょ	vs
老中	ろうじゅう	n
聞え	きこえ	n
腓骨	ひこつ	n
葬列	そうれつ	n
蓋然性	がいぜんせい	n
虫眼鏡	むしめがね	n
行き帰り	ゆきかえり	vs
衝	しょう	n
見知り	みしり	n
観艦式	かんかんしき	n
解熱	げねつ	vs
触角	しょっかく	n
触診	しょくしん	vs
言いだす	いいだす	v5s
記紀	きき	n
訪韓	ほうかん	vs
訴因	そいん	n
誂え	あつらえ	n
誉める	ほめる	v1
論題	ろんだい	n
質実	しつじつ	adj-na
赤褐色	せっかっしょく	n
趣意	しゅい	n
転院	てんいん	vs
追分	おいわけ	n
逆賊	ぎゃくぞく	n
鈴虫	すずむし	n
鉱工業	こうこうぎょう	n
長芋	ながいも	n
関脇	せきわけ	n
陸海	りくかい	n
零れ	こぼれ	n
霊峰	れいほう	n
青酸	せいさん	n
非鉄	ひてつ	n
頬張る	ほおばる	v5r
願掛け	がんかけ	vs
養蚕	ようさん	n
馬喰	ばくろう	n
駄文	だぶん	n
騒ぎ出す	さわぎだす	v5s
驕り	おごり	n
高徳	こうとく	n
黄道	こうどう	n
あまねく	あまねく	adv
いつく	いつく	v5k
うたた	うたた	adv
うだうだ	うだうだ	vs
えぐる	えぐる	v5r
おどけ	おどけ	n
お天道様	おてんとさま	n
お手玉	おてだま	n
お父ちゃん	おとうちゃん	n
がさつ	がさつ	adj-na
けだし	けだし	adv
こめる	こめる	v1
さきがけ	さきがけ	vs
しだす	しだす	v5s
しゃがむ	しゃがむ	v5m
しらけ	しらけ	n
じゃじゃ馬	じゃじゃうま	n
すすみ	すすみ	n
すべり台	すべりだい	n
ただしい	ただしい	adj-i
ちょく	ちょく	adj-na
つっぱり	つっぱり	n
ふてくされ	ふてくされ	n
ぷかぷか	ぷかぷか	adv
ほころび	ほころび	n
ぽろり	ぽろり	adv
まざまざ	まざまざ	adv
まっさきに	まっさきに	adv
もうける	もうける	v1
もげる	もげる	v1
もみ合い	もみあい	n
ゆだねる	ゆだねる	v1
よこしま	よこしま	adj-na
アイナ	アイナ	n
アゲイン	アゲーン	n
アサイン	アサイン	n
アテレコ	アテレコ	n
オナガ	おなが	n
オーツ	オーツ	n
カシミール	カシミール	n
カナル	カナル	n
カブラ	かぶ	n
ガールズグループ	ガールズグループ	n
キメセク	キメセク	n
キラル	キラル	n
クロップ	クロップ	vs
クーリングオフ	クーリングオフ	n
コンシーラー	コンシーラー	n
コールガール	コールガール	n
サンマリノ	サンマリノ	n
シネコン	シネコン	n
シャンシャン	しゃんしゃん	vs
シークレットサービス	シークレットサービス	n
ジリ貧	ジリひん	n
ジーニアス	ジーニアス	n
スキーヤー	スキーヤー	n
ストップウォッチ	ストップウォッチ	n
ソイ	ソイ	n
ダンプカー	ダンプカー	n
チャーター便	チャーターびん	n
トル	トル	n
ト短調	トたんちょう	n
ナッソー	ナッソー	n
ニューエイジ	ニューエイジ	n
ハイラックス	ハイラックス	n
バイノーラル	バイノーラル	n
バナジウム	バナジウム	n
パカパカ	パカパカ	adv
パン生地	パンきじ	n
ビューア	ビューアー	n
ファゴット	ファゴット	n
ファンタジック	ファンタジック	adj-na
フィクサー	フィクサー	n
フルーツポンチ	フルーツポンチ	n
フローティング	フローティング	n
プラクティス	プラクティス	n
プーリー	プーリー	n
ベゼル	ベゼル	n
ボンタン	ボンタン	n
マクロン	マクロン	n
マルカ	マルカ	n
ミドリムシ	みどりむし	n
メリ	メリー	n
モニ	モニ	n
ラプソディー	ラプソディー	n
リンデン	リンデン	n
ルチル	ルチル	n
ロジカル	ロジカル	adj-na
ワレメ	われめ	n
万丈	ばんじょう	n
三宝	さんぼう	n
上前	うわまえ	n
上智	じょうち	n
上衣	うわぎ	n
上長	じょうちょう	n
下馬	げば	vs
両極端	りょうきょくたん	n
中興	ちゅうこう	vs
丸っこい	まるっこい	adj-i
乾季	かんき	n
五山	ごさん	n
亜硫酸	ありゅうさん	n
代位	だいい	vs
伏字	ふせじ	n
保水	ほすい	vs
修身	しゅうしん	n
倒閣	とうかく	vs
停車場	ていしゃじょう	n
先約	せんやく	n
全共闘	ぜんきょうとう	n
公立大	こうりつだい	n
出仕	しゅっし	vs
別院	べついん	n
前掲	ぜんけい	vs
力いっぱい	ちからいっぱい	exp
力任せ	ちからまかせ	adj-na
動産	どうさん	n
勝因	しょういん	n
勧請	かんじょう	vs
匂う	におう	v5u
単複	たんぷく	n
原音	げんおん	n
古紙	こし	n
古語	こご	n
同音	どうおん	n
含意	がんい	vs
吹き付ける	ふきつける	v1
品定め	しなさだめ	vs
国境警備隊	こっきょうけいびたい	n
土石流	どせきりゅう	n
圧着	あっちゃく	vs
在りし	ありし	
地磁気	ちじき	n
埒	らち	n
売値	うりね	n
夏場所	なつばしょ	n
外向	がいこう	n
外野席	がいやせき	n
大当り	おおあたり	vs
大黒天	だいこくてん	n
天皇誕生日	てんのうたんじょうび	n
好天	こうてん	n
宿直	しゅくちょく	vs
小耳	こみみ	n
尻軽	しりがる	adj-na
川床	かしょう	n
帯刀	たいとう	vs
平方根	へいほうこん	n
廃れる	すたれる	v1
引渡	ひきわたし	n
弟妹	ていまい	n
当せん	とうせん	vs
御影石	みかげいし	n
快復	かいふく	vs
思わしくない	おもわしくない	adj-i
所帯	せたい	n
抄訳	しょうやく	vs
持ち寄り	もちより	n
挟み撃ち	はさみうち	vs
撃ち抜く	うちぬく	v5k
撚り	ひねり	n
教条	きょうじょう	n
新顔	しんがお	n
書き物	かきもの	n
朝貢	ちょうこう	vs
東門	とうもん	n
槍玉	やりだま	n
橈骨	とうこつ	n
檄	げき	n
殊	こと	n
気後れ	きおくれ	vs
気胸	ききょう	n
水はけ	みずはけ	n
水稲	すいとう	n
水郷	すいごう	n
求道	きゅうどう	n
涵養	かんよう	vs
潜行	せんこう	vs
火気	かき	n
火焔	かえん	n
灯篭	とうろう	n
炊きたて	たきたて	n
点く	つく	v5k
無上	むじょう	n
無援	むえん	n
無賃	むちん	n
片や	かたや	exp
狡い	ずるい	adj-i
甘栗	あまぐり	n
疎水	そすい	n
発ガン	はつがん	n
発揚	はつよう	vs
盛土	もりど	n
真砂	まさご	n
真麻	からむし	n
知りあい	しりあい	n
石積み	いしづみ	n
破談	はだん	n
社会民主党	しゃかいみんしゅとう	n
算入	さんにゅう	vs
糧食	りょうしょく	n
紙上	しじょう	n
緑黄色	りょくおうしょく	n
置いてきぼり	おいてきぼり	n
美醜	びしゅう	n
聞き流す	ききながす	v5s
脚気	かっけ	n
脱穀	だっこく	vs
脳髄	のうずい	n
腕まくり	うでまくり	vs
色香	いろか	n
荒削り	あらけずり	adj-na
蒼空	そうくう	n
蓄財	ちくざい	vs
蕪	かぶ	n
裂傷	れっしょう	n
補綴	ほてつ	vs
西風	にしかぜ	n
見せ付ける	みせつける	v1
訳書	やくしょ	n
語義	ごぎ	n
跳ね上がり	はねあがり	n
軽はずみ	かるはずみ	adj-na
辞世	じせい	n
逆なで	さかなで	vs
速め	はやめ	n
遁走	とんそう	vs
遠洋	えんよう	n
避雷針	ひらいしん	n
醗酵	はっこう	vs
金棒	かなぼう	n
金槌	かなづち	n
金粉	きんぷん	n
金脈	きんみゃく	n
長雨	ながあめ	n
間隙	かんげき	n
関所	せきしょ	n
雷雲	らいうん	n
青み	あおみ	n
面持ち	おももち	n
頚部	けいぶ	n
食べごろ	たべごろ	n
あぶれ	あぶれ	n
あべこべ	あべこべ	n
いかさま	いかさま	n
いため	いため	n
いっこうに	いっこうに	adv
いんか	いんか	vs
うかい	うかい	vs
うめる	うめる	v1
おおせ	おおせ	n
おぼつかない	おぼつかない	adj-i
お子さま	おこさま	n
かえす	かえす	v5s
かけ算	かけざん	n
かぞえ	かぞえ	n
かたる	かたる	v5r
さまよえる	さまよえる	v1
ししょう	ししょう	n
ちょうし	ちょうし	n
ついては	ついては	conj
てんと	てんと	vs
どよめき	どよめき	n
なおこ	なおこ	n
にじみ出る	にじみでる	v1
はいち	はいち	vs
ひそむ	ひそむ	v5m
ぺろり	ぺろり	n
もれる	もれる	v1
よだつ	よだつ	vs
らいさん	らいさん	vs
アナキスト	アナーキスト	n
イーサネット	イーサネット	n
エイジングケア	エイジングケア	n
エロチック	エロチック	adj-na
カタクリ	かたくり	n
ガイガーカウンター	ガイガーカウンター	n
ガールズトーク	ガールズトーク	n
キャタピラ	キャタピラ	n
キラメキ	きらめき	n
ギャルゲ	ギャルゲ	n
クイ	クイ	n
クールダウン	クールダウン	n
ゲストルーム	ゲストルーム	n
コルチゾール	コルチゾール	n
コンセプトカー	コンセプトカー	n
コースト	コースト	n
コーディネイト	コーディネート	vs
サイプレス	サイプレス	n
サブプライムローン	サブプライムローン	n
シコリティ	シコリティ	n
シラン	シラン	n
ジャングルジム	ジャングルジム	n
スイセン	すいせん	n
スワジランド	スワジランド	n
ズラリ	ずらり	adv
セクキャバ	セクキャバ	n
センセーション	センセーション	n
タタキ	たたき	n
タラップ	タラップ	n
ツーベース	ツーベース	n
デオドラント	デオドラント	n
デニッシュ	デニッシュ	n
トビウオ	とびうお	n
ドクダミ	どくだみ	n
ドサ	ドサ	n
ドンファン	ドンファン	n
ハイオク	ハイオク	n
ハクビシン	はくびしん	n
ハトホル	ハトホル	n
バカップル	バカップル	n
ピラティス	ピラティス	n
ブリタニア	ブリタニア	n
プレイガイド	プレーガイド	n
プレイン	プレーン	adj-na
ページビュー	ページビュー	n
メロディアス	メロディアス	n
ユーティリティー	ユーティリティー	n
ヨード	ようど	n
リバティー	リバティー	n
レイバー	レイバー	n
ヴァリアント	バリアント	n
上水	じょうすい	n
上積み	うわづみ	n
下世話	げせわ	n
下期	しもき	n
不休	ふきゅう	n
世子	せいし	n
中華まん	ちゅうかまん	n
仏典	ぶってん	n
付き添う	つきそう	v5u
似せる	にせる	v1
信用組合	しんようくみあい	n
倅	せがれ	n
偏狭	へんきょう	adj-na
偏西風	へんせいふう	n
催行	さいこう	vs
光り物	ひかりもの	n
入り用	いりよう	n
公債	こうさい	n
冷酒	ひやざけ	n
出で立ち	いでたち	n
出どころ	しゅっしょ	n
出合	であい	n
出欠	しゅっけつ	n
刃先	はさき	n
判示	はんじ	n
割り振る	わりふる	v5r
劣情	れつじょう	n
助産婦	じょさんぷ	n
南西諸島	なんせいしょとう	n
印象づける	いんしょうづける	v1
右寄り	みぎより	n
和洋折衷	わようせっちゅう	n
咲き乱れる	さきみだれる	v1
咽喉	いんこう	n
喧嘩腰	けんかごし	n
噺家	はなしか	n
国威	こくい	n
国際司法裁判所	こくさいしほうさいばんしょ	n
変造	へんぞう	vs
夜話	やわ	n
夢遊病	むゆうびょう	n
大儀	たいぎ	n
大学卒	だいがくそつ	n
大治	だいじ	n
天理教	てんりきょう	n
妙技	みょうぎ	n
姦通	かんつう	n
安穏	あんのん	n
実状	じつじょう	n
容子	ようす	n
寡婦	かふ	n
屈伸	くっしん	vs
屹立	きつりつ	vs
巣食う	すくう	v5u
差し掛かる	さしかかる	v5r
年頭	ねんとう	n
幽鬼	ゆうき	n
座高	ざこう	n
引き出物	ひきでもの	n
引換え	ひきかえ	n
彦星	ひこぼし	n
徴発	ちょうはつ	vs
急便	きゅうびん	n
性善説	せいぜんせつ	n
恥部	ちぶ	n
悪手	あくしゅ	n
悪習	あくしゅう	n
手癖	てくせ	n
抄録	しょうろく	vs
揚水	ようすい	vs
敵討ち	かたきうち	n
敷島	しきしま	n
断頭	だんとう	n
方方	かたがた	n
日向ぼっこ	ひなたぼっこ	vs
書下ろし	かきおろし	n
書家	しょか	n
書棚	しょだな	n
書画	しょが	n
朝帰り	あさがえり	vs
来夏	らいか	n
析出	せきしゅつ	vs
根負け	こんまけ	vs
棄教	ききょう	vs
汽船	きせん	n
泣かす	なかす	v5s
渋み	しぶみ	n
湯呑み	ゆのみ	n
濁る	にごる	v5r
無冠	むかん	n
牧畜	ぼくちく	vs
物まね	ものまね	vs
独立記念日	どくりつきねんび	n
玉露	ぎょくろ	n
生得	せいとく	n
生糸	きいと	n
留任	りゅうにん	vs
痴情	ちじょう	n
睨む	にらむ	v5m
窯業	ようぎょう	n
立ち居	たちい	n
精選	せいせん	vs
細密	さいみつ	adj-na
絶やす	たやす	v5s
習作	しゅうさく	n
舞曲	ぶきょく	n
船籍	せんせき	n
良家	りょうけ	n
荷役	にえき	n
菊花	きっか	n
蒔く	まく	v5k
薬代	くすりだい	n
血気	けっき	n
表通り	おもてどおり	n
被服	ひふく	n
装身具	そうしんぐ	n
襟元	えりもと	n
覆る	くつがえる	v5r
見合わせる	みあわせる	v1
言い出しっぺ	いいだしっぺ	n
話し手	はなして	n
謀議	ぼうぎ	vs
謡	うたい	n
護摩	ごま	n
赦す	ゆるす	v5s
走り込み	はしりこみ	n
跨ぐ	またぐ	v5g
車軸	しゃじく	n
軍務	ぐんむ	n
軟らかい	やわらかい	adj-i
通所	つうしょ	vs
過ぎ去る	すぎさる	v5r
遺児	いじ	n
都県	とけん	n
重量挙げ	じゅうりょうあげ	n
金工	きんこう	n
鉢巻	はちまき	vs
鉾	ほこ	n
長柄	ながえ	n
開城	かいじょう	vs
関ケ原	せきがはら	n
防臭	ぼうしゅう	n
雄鶏	おんどり	n
雨粒	あまつぶ	n
類語	るいご	n
風合い	ふうあい	n
飛び地	とびち	n
食あたり	しょくあたり	n
食わす	くわす	v5s
飢え死に	うえじに	vs
飯綱	いづな	n
飲物	のみもの	n
首根っこ	くびねっこ	n
駆け付ける	かけつける	v1
駒形	こまがた	n
鬼気	きき	n
黄河	こうが	n
鼻孔	びこう	n
あわてる	あわてる	v1
うから	うから	n
うたかた	うたかた	n
うなる	うなる	v5r
うまれる	うまれる	v1
おおかた	おおかた	n
かがん	かがん	n
がんじがらめ	がんじがらめ	adv
きゅっと	きゅっと	adv
きよみ	きよみ	n
こうえん	こうえん	vs
こうしん	こうしん	n
さぼり	さぼり	n
さめる	さめる	v1
じかに	じかに	adv
すらすら	すらすら	adv
とまどい	とまどい	vs
どぎつい	どぎつい	adj-i
どす黒い	どすぐろい	adj-i
どんちゃん騒ぎ	どんちゃんさわぎ	n
ながの	ながの	
なすりつける	なすりつける	v1
なにとぞ	なにとぞ	adv
なまず	なまず	n
ねらう	ねらう	v5u
ひたひた	ひたひた	adv
へんしん	へんしん	n
ぼっと	ぼっと	adv
ものさし	ものさし	n
ゆらり	ゆらり	adv
よなよな	よなよな	adv
アカデミズム	アカデミズム	n
アミロイド	アミロイド	n
アンビシャス	アンビシャス	n
イニシエーション	イニシエーション	n
イングレス	イングレス	n
エクソン	エクソン	n
エフエム	エフエム	n
エポキシ	エポキシ	n
エルニーニョ	エルニーニョ	n
エンペラー	エンペラー	n
カキコ	カキコ	n
カバラ	カバラ	n
カマス	かます	n
クワイ	くわい	n
コンビニエンス	コンビニエンス	n
コンポ	コンポ	n
コーポ	コーポ	n
ゴト	ゴト	n
サイドカー	サイドカー	n
サヨウナラ	さようなら	int
シッター	シッター	n
シャンタン	シャンタン	n
ジョグ	ジョグ	n
スタッドレス	スタッドレス	n
スナップショット	スナップショット	n
スリッポン	スリッポン	n
セレクタ	セレクタ	n
セーブポイント	セーブポイント	n
セールスポイント	セールスポイント	n
タガログ	タガログ	n
タグボート	タグボート	n
タッチスクリーン	タッチスクリーン	n
ダ・カーポ	ダカーポ	n
チェッ	チェ	int
チャコール	チャコール	n
チンポコ	ちんぽこ	n
テイクオフ	テイクオフ	n
トルティーヤ	トルティーヤ	n
トロット	トロット	n
トートバック	トートバッグ	n
ナタデココ	ナタデココ	n
ナバホ	ナバホ	n
ハムカツ	ハムカツ	n
バウ	バウ	n
バカヤロウ	ばかやろう	n
バームクーヘン	バウムクーヘン	n
パンピー	パンピ	n
ヒューレット・パッカード	ヒューレットパッカード	n
ビフィズス	ビフィズス	n
ピューマ	ピューマ	n
ファース	ファルス	n
フラッド	フラッド	n
フルフル	フルフル	n
プレッツェル	プレッツェル	n
ヘッドレスト	ヘッドレスト	n
ベテルギウス	ベテルギウス	n
ベーキングパウダー	ベーキングパウダー	n
ペンネ	ペンネ	n
ホバリング	ホバリング	vs
ポツリ	ポツリ	adv
ライガー	ライガー	n
ラッシー	ラッシー	n
ルーバー	ルーバー	n
ローカルニュース	ローカルニュース	n
ローカル線	ローカルせん	n
ロールキャベツ	ロールキャベツ	n
ワタリ	わたり	n
ヴァーチャル	バーチャル	adj-na
一銭	いっせん	n
下女	げじょ	n
下男	げなん	n
不妊症	ふにんしょう	n
不渡り	ふわたり	n
両校	りょうこう	n
中層	ちゅうそう	n
丸洗い	まるあらい	vs
人君	じんくん	n
什	じゅう	n
仮題	かだい	n
伏せ字	ふせじ	n
伸び悩む	のびなやむ	v5m
使い切り	つかいきり	n
倦怠期	けんたいき	n
健保	けんぽ	n
僚機	りょうき	n
優に	ゆうに	adv
光ケーブル	ひかりケーブル	n
具象	ぐしょう	vs
冷ます	さます	v5s
刀匠	とうしょう	n
切っ先	きっさき	n
刺し身	さしみ	n
創発	そうはつ	n
功名	こうみょう	n
加州	かしゅう	n
北岸	ほくがん	n
半休	はんきゅう	n
取っ組み合い	とっくみあい	n
口開け	くちあけ	n
同庁	どうちょう	n
周縁	しゅうえん	n
呼出し	よびだし	vs
嘉納	かのう	vs
回天	かいてん	n
回旋	かいせん	vs
圃場	ほじょう	n
土葬	どそう	vs
地衣	ちい	n
坦々	たんたん	adj-na
墓前	ぼぜん	n
外角	がいかく	n
奥ゆかしい	おくゆかしい	adj-i
女手	おんなで	n
定置	ていち	vs
導管	どうかん	n
小禄	しょうろく	n
差し当たり	さしあたり	adv
帰港	きこう	vs
年刊	ねんかん	n
幻想曲	げんそうきょく	n
延喜	えんぎ	n
弁士	べんし	n
引き止める	ひきとめる	v1
待ち望む	まちのぞむ	v5m
心性	しんせい	n
思い残す	おもいのこす	v5s
恨めしい	うらめしい	adj-i
手垢	てあか	n
手駒	てごま	n
才女	さいじょ	n
托鉢	たくはつ	vs
承服	しょうふく	vs
折紙	おりがみ	n
拙速	せっそく	adj-na
拠る	よる	v5r
挙兵	きょへい	vs
捏ね	つくね	n
掛る	かかる	v5r
数カ所	すうかしょ	n
敵前	てきぜん	n
昨夏	さっか	n
月蝕	げっしょく	n
本省	ほんしょう	n
本通り	ほんどおり	n
板書	ばんしょ	vs
架ける	かける	v1
正夢	まさゆめ	n
毒気	どっき	n
気紛れ	きまぐれ	adj-na
水疱	すいほう	n
水神	すいじん	n
洩れ	もれ	n
流転	るてん	vs
海路	かいろ	n
測光	そっこう	n
湖沼	こしょう	n
漢和	かんわ	n
漸	ぜん	n
点線	てんせん	n
烈士	れっし	n
無駄足	むだあし	vs
然し	しかし	conj
玉突き	たまつき	n
現代新書	げんだいしんしょ	n
男娼	だんしょう	n
男手	おとこで	n
番狂わせ	ばんくるわせ	n
病み上がり	やみあがり	n
病害虫	びょうがいちゅう	n
発布	はっぷ	vs
白鳳	はくほう	n
直ぐに	すぐに	adv
砂山	すなやま	n
研ぐ	とぐ	v5g
碁盤	ごばん	n
礼法	れいほう	n
種明かし	たねあかし	vs
空転	くうてん	vs
立入	たちいり	vs
竜神	りゅうじん	n
筆致	ひっち	n
箇	か	ctr
箕	き	n
精彩	せいさい	n
素焼き	すやき	n
肉体美	にくたいび	n
胎	たい	n
胴元	どうもと	n
胸当て	むねあて	n
胸郭	きょうかく	n
興亡	こうぼう	n
色眼鏡	いろめがね	n
芸歴	げいれき	n
苦楽	くらく	n
茶畑	ちゃばたけ	n
荷主	にぬし	n
薄力粉	はくりきこ	n
襞	ひだ	n
見付ける	みつける	v1
詰め寄る	つめよる	v5r
讐	あだ	n
買付け	かいつけ	n
贅	ぜい	n
走り幅跳び	はしりはばとび	n
足早	あしばや	adj-na
軟水	なんすい	n
農務	のうむ	n
辺鄙	へんぴ	adj-na
迅雷	じんらい	n
送りバント	おくりバント	n
送り主	おくりぬし	n
連れ去る	つれさる	v5r
逸れる	それる	v1
適温	てきおん	n
郵貯	ゆうちょ	n
酒池肉林	しゅちにくりん	n
金地	きんじ	n
金平糖	こんぺいとう	n
鍵穴	かぎあな	n
長久	ちょうきゅう	n
門下	もんか	n
間欠泉	かんけつせん	n
陽電子	ようでんし	n
離別	りべつ	vs
青銅器	せいどうき	n
靴擦れ	くつずれ	n
頓	とみ	n
馬屋	うまや	n
馬蹄	ばてい	n
高床	たかゆか	n
高根	たかね	n
鬱々	うつうつ	adv
鼎談	ていだん	vs
あがき	あがき	n
あつかい	あつかい	vs
あやつり	あやつり	n
おちる	おちる	v1
お伽	おとぎ	n
かげん	かげん	n
きいろ	きいろ	adj-na
くもん	くもん	vs
くわえる	くわえる	v1
こぼれ話	こぼればなし	n
こらえる	こらえる	v1
ざくざく	ざくざく	adv
じゃぶじゃぶ	じゃぶじゃぶ	adv
たわみ	たわみ	n
たんび	たんび	vs
だいぶん	だいぶん	adv
つるむ	つるむ	v5m
てんぐ	てんぐ	n
とどのつまり	とどのつまり	exp
のがれ	のがれ	n
のしかかる	のしかかる	v5r
のっぺり	のっぺり	vs
へんてこ	へんてこ	adj-na
べらべら	べらべら	vs
まどろみ	まどろみ	vs
みすぼらしい	みすぼらしい	adj-i
みぞおち	みぞおち	n
ゆるぎ	ゆるぎ	n
アマガエル	あまがえる	n
イフ	イフ	n
ウォルフ	ウルフ	n
ウルサイ	うるさい	adj-i
エルグ	エルグ	n
オドオド	オドオド	vs
オンブズマン	オンブズマン	n
カイドウ	かいどう	n
カザフ	カザフ	n
カスピ海	カスピかい	n
カタン	かたり	adv
クリスマスカード	クリスマスカード	n
クーロン	クーロン	n
コテンパン	コテンパン	adv
コペルニクス	コペルニクス	n
ゴース	ゴーズ	n
サイクリスト	サイクリスト	n
サンタマリア	サンタマリア	n
サンプラー	サンプラー	n
シェイプアップ	シェイプアップ	vs
ジャポン	ジャポン	n
ジャーク	ジャーク	n
スイマー	スイマー	n
スペアリブ	スペアリブ	n
スポイト	スポイト	n
ソフレ	ソフレ	n
ダイナミズム	ダイナミズム	n
チキンナゲット	チキンナゲット	n
テレポーテーション	テレポーテーション	n
デポ	デポ	n
トーンダウン	トーンダウン	vs
ドゥーム	ドゥーム	n
ドープ	ドープ	vs
ニッカ	ニッカ	n
ニューズ	ニュース	n
ニューモデル	ニューモデル	n
バッカス	バックス	n
パラグライダー	パラグライダー	n
パラグラフ	パラグラフ	n
ヒダ	ひだ	n
ベビーブーム	ベビーブーム	n
ベルモット	ベルモット	n
ペイズリー	ペイズリー	n
ホスピタリティ	ホスピタリティー	n
ホワイ	ホワイ	int
ホームドラマ	ホームドラマ	n
ボボ	ぼぼ	n
マター	マター	n
マルチーズ	マルチーズ	n
ラディカル	ラジカル	adj-na
リタリン	リタリン	n
リベンジポルノ	リベンジポルノ	n
リユース	リユース	n
レイニー	レイニー	n
レコードプレーヤー	レコードプレーヤー	n
ヴィレッジ	ビレッジ	n
一挙手一投足	いっきょしゅいっとうそく	n
下働き	したばたらき	n
不急	ふきゅう	adj-na
不格好	ぶかっこう	adj-na
並立	へいりつ	vs
主査	しゅさ	vs
互恵	ごけい	n
五分五分	ごぶごぶ	n
仰角	ぎょうかく	n
体躯	たいく	n
供出	きょうしゅつ	vs
倒置	とうち	vs
偕楽	かいらく	n
先妻	せんさい	n
兵馬	へいば	n
内観	ないかん	vs
円弧	えんこ	n
冴える	さえる	v1
出し切る	だしきる	v5r
切り分ける	きりわける	v1
北斗七星	ほくとしちせい	n
医用	いよう	n
危急	ききゅう	n
反物	たんもの	n
収差	しゅうさ	n
取りやめる	とりやめる	v1
口火	くちび	n
古めかしい	ふるめかしい	adj-i
可読性	かどくせい	n
吸殻	すいがら	n
品名	ひんめい	n
品詞	ひんし	n
喪主	もしゅ	n
国司	こくし	n
国賓	こくひん	n
地割れ	じわれ	vs
地色	じいろ	n
報道局	ほうどうきょく	n
多難	たなん	adj-na
大枚	たいまい	n
好演	こうえん	vs
妙法	みょうほう	n
宙吊り	ちゅうづり	n
寮母	りょうぼ	n
小波	こなみ	n
小者	こもの	n
小鹿	こじか	n
尾花	おばな	n
居留守	いるす	n
岳人	がくじん	n
平謝り	ひらあやまり	n
庶務	しょむ	n
弘法	ぐほう	vs
強弁	きょうべん	vs
強酸	きょうさん	n
後ずさり	あとずさり	vs
後天	こうてん	n
後腐れ	あとくされ	n
御の字	おんのじ	n
御岳	うたき	n
必中	ひっちゅう	vs
忌み	いみ	n
忘れっぽい	わすれっぽい	adj-i
悲	ひ	n
情愛	じょうあい	n
成人病	せいじんびょう	n
成育	せいいく	vs
成魚	せいぎょ	n
戒告	かいこく	vs
戸部	こぶ	n
手つかず	てつかず	n
手斧	ておの	n
手荒	てあら	adj-na
手鏡	てかがみ	n
投打	とうだ	n
拡げる	ひろげる	v1
挙行	きょこう	vs
探し求める	さがしもとめる	v1
揺るぎ	ゆるぎ	n
擦り付ける	なすりつける	v1
放漫	ほうまん	adj-na
敵同士	かたきどうし	n
日射	にっしゃ	n
日除け	ひよけ	n
明文	めいぶん	n
晴嵐	せいらん	n
暫し	しばし	adv
曾孫	ひまご	n
服毒	ふくどく	vs
木枯らし	こがらし	n
杓子定規	しゃくしじょうぎ	adj-na
染織	せんしょく	vs
棋聖	きせい	n
椎骨	ついこつ	n
欄干	らんかん	n
款	かん	n
武官	ぶかん	n
毒矢	どくや	n
毛頭	もうとう	adv
水泡	すいほう	n
氷柱	つらら	n
法話	ほうわ	n
泣き笑い	なきわらい	vs
海山	うみやま	adv
減損	げんそん	vs
温浴	おんよく	vs
温熱	おんねつ	n
湖北	こほく	n
準じる	じゅんじる	v1
滑り込み	すべりこみ	n
滲む	にじむ	v5m
漁網	ぎょもう	n
漢音	かんおん	n
熱血漢	ねっけつかん	n
物怖じ	ものおじ	vs
現出	げんしゅつ	vs
生垣	いけがき	n
産院	さんいん	n
白洲	しらす	n
百害	ひゃくがい	n
百発百中	ひゃっぱつひゃくちゅう	n
眩い	まぶい	adj-i
積み込む	つみこむ	v5m
節々	ふしぶし	n
精気	せいき	n
紛れ込む	まぎれこむ	v5m
締まる	しまる	v5r
締切り	しめきり	n
羊皮紙	ようひし	n
義勇軍	ぎゆうぐん	n
肉薄	にくはく	vs
舞い込む	まいこむ	v5m
莢	さや	n
薄める	うすめる	v1
薄給	はっきゅう	n
薬液	やくえき	n
蛇腹	じゃばら	n
蝮	まむし	n
製版	せいはん	vs
覚え書き	おぼえがき	n
豪傑	ごうけつ	n
貌	かお	n
貸家	かしや	n
贈物	おくりもの	n
足蹴	あしげ	n
距	きょ	n
車台	しゃだい	n
輌	りょう	ctr
追い返す	おいかえす	v5s
遊水地	ゆうすいち	n
遮音	しゃおん	vs
選り好み	よりごのみ	vs
遺骸	いがい	n
都道	とどう	n
酢漬け	すづけ	n
釈尊	しゃくそん	n
金言	きんげん	n
釣り銭	つりせん	n
鉄路	てつろ	n
鍛練	たんれん	vs
長電話	ながでんわ	vs
門扉	もんぴ	n
開廷	かいてい	vs
陣取る	じんどる	v5r
隻眼	せきがん	n
雑費	ざっぴ	n
難局	なんきょく	n
電信柱	でんしんばしら	n
電離	でんり	vs
青物	あおもの	n
青磁	せいじ	n
面倒い	めんどい	adj-i
韮	にら	n
顔なじみ	かおなじみ	n
飛脚	ひきゃく	n
餅屋	もちや	n
駆け寄る	かけよる	v5r
駆る	かる	v5r
騒ぎ立てる	さわぎたてる	v1
騙り	かたり	n
高大	こうだい	n
鬼子	おにご	n
麦飯	むぎめし	n
いきすぎ	いきすぎ	n
いくぶん	いくぶん	adv
うつす	うつす	v5s
うなずき	うなずき	n
えらぶ	えらぶ	v5b
おつけ	おつけ	n
お転婆	おてんば	n
かしげる	かしげる	v1
かため	かため	n
かぶりつき	かぶりつき	n
きたる	きたる	
ぎゅう	ぎゅう	adv
くらす	くらす	v5s
しかと	しかと	adv
すり合わせ	すりあわせ	n
そよぐ	そよぐ	v5g
たき火	たきび	vs
とうや	とうや	vs
なとり	なとり	n
にわか雨	にわかあめ	n
ねぐら	ねぐら	n
のりもの	のりもの	n
はぐらかす	はぐらかす	v5s
はたき	はたき	n
ぱっくり	ぱっくり	adv
ほうれんそう	ほうれんそう	n
ほほえましい	ほほえましい	adj-i
めいめい	めいめい	vs
もやい	もやい	n
アズサ	あずさ	n
アドホック	アドホック	n
イコン	イコン	n
ウェルネス	ウェルネス	n
ウォッチング	ウォッチング	n
ウダウダ	うだうだ	vs
ウルシ	うるし	n
エヌ	エヌ	n
オタワ	オタワ	n
カイコ	かいこ	n
カムフラージュ	カモフラージュ	vs
カラマツ	からまつ	n
カルスト	カルスト	n
カロテン	カロチン	n
ガタン	がたん	adv
ガチャポン	ガシャポン	n
キャタピラー	キャタピラ	n
キャンター	キャンター	n
キャンパー	キャンパー	n
グラインダー	グラインダー	n
グラディエーター	グラディエーター	n
ケレン	けれん	n
コバエ	こばえ	n
コモンズ	コモンズ	n
コンビナート	コンビナート	n
サンバー	サンバー	n
シラバス	シラバス	n
シンクロニシティ	シンクロニシティ	n
スクリーンセーバー	スクリーンセーバー	n
ストン	すとん	adv
スプラウト	スプラウト	n
スポイラー	スポイラー	n
スループット	スループット	n
セロテープ	セロテープ	n
タイムラプス	タイムラプス	n
タスマニア	タスマニア	n
チヌ	ちぬ	n
チュパカブラ	チュパカブラ	n
チンプンカンプン	ちんぷんかんぷん	exp
ティーパーティー	ティーパーティー	n
ディスペンサー	ディスペンサー	n
デファクトスタンダード	デファクトスタンダード	n
トルソー	トルソー	n
トレモロ	トレモロ	n
ドミニオン	ドミニオン	n
ナロー	ナロー	adj-na
ハイドン	ハイドン	n
パピルス	パピルス	n
ビスチェ	ビスチェ	n
ビュンビュン	ビュンビュン	adv
フィラリア	フィラリア	n
フウ	ふう	n
フェッチ	フェッチ	vs
フォグランプ	フォグランプ	n
フーリガン	フーリガン	n
プラシーボ	プラセボ	n
プリザーブドフラワー	プリザーブドフラワー	n
プロム	プロム	n
プロレタリア	プロレタリア	n
ヘチマ	へちま	n
ベンダ	ベンダー	n
ペッ	ペッ	int
ペパロニ	ペパロニ	n
ミンス	ミンス	n
ユビキタス	ユビキタス	n
ライナーノーツ	ライナーノーツ	n
ラジャ	ラジャ	int
ラップタイム	ラップタイム	n
ラディッシュ	ラディッシュ	n
ララバイ	ララバイ	n
リフィル	リフィル	n
ルーズソックス	ルーズソックス	n
レジデント	レジデント	n
レディーファースト	レディーズファースト	exp
ヴォイス	ヴォイス	n
一笑	いっしょう	vs
上肢	じょうし	n
中腰	ちゅうごし	n
二人称	ににんしょう	n
付け入る	つけいる	v5r
仙骨	せんこつ	n
余所	よそ	n
係わり	かかわり	n
俊英	しゅんえい	n
傾注	けいちゅう	vs
兄弟子	あにでし	n
八島	やしま	n
内圧	ないあつ	n
内宮	ないくう	n
切れ込み	きれこみ	n
切替え	きりかえ	n
刈り取る	かりとる	v5r
剥ぐ	はぐ	v5g
割り増し	わりまし	n
力点	りきてん	n
取り逃がす	とりにがす	v5s
吹きかける	ふきかける	v1
土竜	もぐら	n
在処	ありか	n
地縁	ちえん	n
塩竈	しおがま	n
墨汁	ぼくじゅう	n
夏山	なつやま	n
大意	たいい	n
大振り	おおぶり	adj-na
天皇陵	てんのうりょう	n
如何に	いかに	adv
定まり	さだまり	n
実兄	じっけい	n
客寄せ	きゃくよせ	n
容れる	いれる	v1
寒色	かんしょく	n
寛平	かんぴょう	n
寛文	かんぶん	n
小幅	こはば	adj-na
小米	こごめ	n
小結	こむすび	n
山犬	やまいぬ	n
山行	さんこう	vs
差し金	さしがね	n
幕の内	まくのうち	n
府議会	ふぎかい	n
引き揚げる	ひきあげる	v1
引戸	ひきど	n
心配り	こころくばり	vs
忍ぶ	しのぶ	v5b
悪運	あくうん	n
手持ち無沙汰	てもちぶさた	n
打ち付ける	うちつける	v1
抑え込む	おさえこむ	v5m
押しかける	おしかける	v1
探し回る	さがしまわる	v5r
探し当てる	さがしあてる	v1
散骨	さんこつ	vs
斯く	かく	adv
新子	しんこ	n
日影	ひかげ	n
旧家	きゅうか	n
最奥	さいおう	n
東名高速道路	とうめいこうそくどうろ	n
極めつけ	きわめつけ	n
歌い上げる	うたいあげる	v1
歌舞	かぶ	vs
歳時記	さいじき	n
殊勲	しゅくん	n
気落ち	きおち	vs
洋品	ようひん	n
流線型	りゅうせんけい	n
浅黒い	あさぐろい	adj-i
浮島	うきしま	n
減産	げんさん	vs
火あぶり	ひあぶり	n
烏合	うごう	n
焚火	たきび	vs
焦げ目	こげめ	n
煤	すす	n
狂わす	くるわす	v5s
球威	きゅうい	n
畿内	きない	n
登攀	とうはん	vs
白熊	しろくま	n
真綿	まわた	n
眼瞼	がんけん	n
破風	はふ	n
私信	ししん	n
第一義	だいいちぎ	n
箱入り娘	はこいりむすめ	n
箸休め	はしやすめ	n
終止	しゅうし	vs
絵はがき	えはがき	n
罪滅ぼし	つみほろぼし	vs
考えつく	かんがえつく	v5k
聴音	ちょうおん	n
能書き	のうがき	n
臀	しり	n
船主	せんしゅ	n
花台	かだい	n
花笠	はながさ	n
茶園	ちゃえん	n
虚脱	きょだつ	vs
血便	けつべん	n
血塗れ	ちまみれ	n
行きずり	ゆきずり	n
行き詰まる	いきづまる	v5r
裏返す	うらがえす	v5s
複眼	ふくがん	n
豚まん	ぶたまん	n
赤銅	しゃくどう	n
躁鬱	そううつ	n
辛くも	からくも	adv
農具	のうぐ	n
追い払い	おいばらい	n
酒宴	しゅえん	n
酔狂	すいきょう	adj-na
重ね重ね	かさねがさね	adv
重軽傷	じゅうけいしょう	n
釣り糸	つりいと	n
銅鑼	どら	n
錯体	さくたい	n
門松	かどまつ	n
関する	かんする	vs
隔世	かくせい	n
隠者	いんじゃ	n
雛壇	ひなだん	n
霊獣	れいじゅう	n
霞む	かすむ	v5m
面汚し	つらよごし	n
鞆	とも	n
飾り物	かざりもの	n
高飛び	たかとび	vs
齎す	もたらす	v5s
あん摩	あんま	vs
うめき声	うめきごえ	n
おっかけ	おっかけ	n
おどろく	おどろく	v5k
かたづけ	かたづけ	n
かんかん	かんかん	exp
しょうぶ	しょうぶ	n
せがむ	せがむ	v5m
せがれ	せがれ	n
そら豆	そらまめ	n
つぶる	つぶる	v5r
とかす	とかす	v5s
どんど	どんど	n
なめくじ	なめくじ	n
ひとりでに	ひとりでに	adv
ひれ伏す	ひれふす	v5s
ぴたっと	ぴたっと	vs
ふせん	ふせん	n
ふれあう	ふれあう	v5u
ぼうっと	ぼうっと	vs
ぼんぼん	ぼんぼん	adv
まんえん	まんえん	vs
みにくい	みにくい	adj-i
むかう	むかう	v5u
もどす	もどす	v5s
もんもん	もんもん	adv
やむをえない	やむをえない	adj-i
ゆうぎ	ゆうぎ	n
りょうり	りょうり	vs
わずらい	わずらい	n
アイコラ	アイコラ	n
アウトバーン	アウトバーン	n
アディショナルタイム	アディショナルタイム	n
アヴァンギャルド	アバンギャルド	n
アーミッシュ	アーミッシュ	n
インストーラ	インストーラ	n
エクソダス	エクソダス	n
エペ	エペ	n
オオサンショウウオ	おおさんしょううお	n
オルト	オルト	n
カバディ	カバディ	n
カーボンナノチューブ	カーボンナノチューブ	n
ガンビア	ガンビア	n
キャピキャピ	きゃぴきゃぴ	vs
ギョッ	ギョッ	int
クローブ	クローブ	n
グリコーゲン	グリコーゲン	n
ケフィア	ケフィア	n
ゲンナリ	げんなり	vs
コリアンダー	コリアンダー	n
コンポジット	コンポジット	n
シャープペンシル	シャープペンシル	n
シュタージ	シュタージ	n
シュワシュワ	シュワシュワ	vs
スケーリング	スケーリング	n
スノーマン	スノーマン	n
スピンドル	スピンドル	n
セコイア	セコイア	n
セラミド	セラミド	n
セルラー	セルラー	n
ソツ	そつ	n
ソーメン	そうめん	n
ゾディアック	ゾーディアック	n
ダウンサイジング	ダウンサイジング	vs
チャチャチャ	チャチャチャ	n
チョンボ	ちょんぼ	vs
トゥルー	トゥルー	n
トゥース	トゥース	n
トサカ	とさか	n
トリプトファン	トリプトファン	n
ドボン	ドブン	adv
ナレ	ナレ	n
ニアミス	ニアミス	n
ニヒル	ニヒル	adj-na
ノートブック	ノートブック	n
ハラール	ハラール	n
バイオリニスト	バイオリニスト	n
バイブレーター	バイブレーター	n
バカゲー	バカゲー	n
ビーフン	ビーフン	n
フェニル	フェニル	n
フォールド	フォールド	vs
フラッシング	フラッシング	n
フリッパー	フリッパー	n
フロッグ	フロッグ	n
プリオン	プリオン	n
プレイマット	プレイマット	n
ベニヤ板	ベニヤいた	n
ボンデージ	ボンデージ	n
マルーン	マルーン	n
ミニコミ	ミニコミ	n
ミョウバン	みょうばん	n
ムートン	ムートン	n
メルト	メルト	n
メーラー	メーラー	n
モデレーター	モデレーター	n
リアクター	リアクター	n
リベート	リベート	n
リント	リント	n
リーボック	リーボック	n
ルイン	ルイン	n
一括払い	いっかつばらい	n
上市	じょうし	vs
不充分	ふじゅうぶん	adj-na
両翼	りょうよく	n
並べ方	ならべかた	n
丸める	まるめる	v1
乾式	かんしき	n
亜細亜	アジア	n
京畿	けいき	n
人智	じんち	n
仕訳	しわけ	vs
何ごと	なにごと	n
俎上	そじょう	n
僻み	ひがみ	n
元和	げんな	n
元請け	もとうけ	n
八ツ橋	やつはし	n
公理	こうり	n
凍りつく	こおりつく	v5k
分け与える	わけあたえる	v1
創部	そうぶ	vs
助平	すけべ	n
労相	ろうしょう	n
労苦	ろうく	vs
勿	まな	adv
医術	いじゅつ	n
十全	じゅうぜん	adj-na
句会	くかい	n
只者	ただもの	n
史記	しき	n
坐像	ざぞう	n
場数	ばかず	n
夢魔	むま	n
大宰府	だざいふ	n
大日如来	だいにちにょらい	n
婚儀	こんぎ	n
定まる	さだまる	v5r
寝汗	ねあせ	n
山並み	やまなみ	n
島中	しまじゅう	n
嵌める	はめる	v1
左寄り	ひだりより	n
巨塔	きょとう	n
差押え	さしおさえ	n
巻雲	けんうん	n
引き入れる	ひきいれる	v1
引き回し	ひきまわし	n
弥勒菩薩	みろくぼさつ	n
強靱	きょうじん	adj-na
後家	ごけ	n
御家人	ごけにん	n
息女	そくじょ	n
悪童	あくどう	n
懐胎	かいたい	vs
手前味噌	てまえみそ	n
手拭い	てぬぐい	n
投げ売り	なげうり	vs
押さえ込む	おさえこむ	v5m
拝領	はいりょう	vs
指し手	さして	n
捌ける	さばける	v1
捻れ	ねじれ	n
揉み消し	もみけし	n
提げ	さげ	n
提議	ていぎ	vs
擦れる	すれる	v1
放り出す	ほうりだす	v5s
放言	ほうげん	vs
散文	さんぶん	n
文鎮	ぶんちん	n
早合点	はやがてん	vs
晩夏	ばんか	adv
書生	しょせい	n
東都	とうと	n
森林浴	しんりんよく	n
横付け	よこづけ	vs
樹氷	じゅひょう	n
残り香	のこりが	n
気づかい	きづかい	n
沿革	えんかく	n
洗髪	せんぱつ	vs
活性炭	かっせいたん	n
流砂	りゅうしゃ	n
滞空	たいくう	n
漫遊	まんゆう	vs
激甚	げきじん	adj-na
無私	むし	n
無銘	むめい	n
燦然	さんぜん	adv
独り歩き	ひとりあるき	vs
独禁法	どっきんほう	n
狼藉	ろうぜき	n
生きざま	いきざま	n
由縁	ゆえん	n
百獣	ひゃくじゅう	n
盛れる	もれる	v1
目付き	めつき	n
矢継ぎ早	やつぎばや	adj-na
砂上	さじょう	n
砕石	さいせき	n
磁化	じか	vs
祝言	しゅうげん	n
秀峰	しゅうほう	n
精神療法	せいしんりょうほう	n
糸状	しじょう	n
紋付	もんつき	n
純増	じゅんぞう	n
細切り	こまぎり	n
続けざま	つづけざま	adj-na
総和	そうわ	n
職安	しょくあん	n
肉付け	にくづけ	vs
脱藩	だっぱん	vs
脳溢血	のういっけつ	n
腰かけ	こしかけ	n
膨らます	ふくらます	v5s
自主トレ	じしゅトレ	n
自刃	じじん	vs
舅	しゅうと	n
興ざめ	きょうざめ	vs
茶菓子	ちゃがし	n
茶道具	ちゃどうぐ	n
葉桜	はざくら	n
蒸れる	むれる	v1
表意	ひょうい	n
見込む	みこむ	v5m
訓示	くんじ	vs
詰合せ	つめあわせ	n
謝辞	しゃじ	n
賛意	さんい	n
踏み絵	ふみえ	n
軟体動物	なんたいどうぶつ	n
轟く	とどろく	v5k
農機具	のうきぐ	n
遂	つい	n
道産子	どさんこ	n
達筆	たっぴつ	n
遠景	えんけい	n
醒める	さめる	v1
重過失	じゅうかしつ	n
金づる	かねづる	n
金木犀	きんもくせい	n
金比羅	こんぴら	n
鈎	はり	n
鉄砲玉	てっぽうだま	n
鋤	すき	n
集配	しゅうはい	vs
食い逃げ	くいにげ	vs
食虫植物	しょくちゅうしょくぶつ	n
あずかり	あずかり	n
あやまち	あやまち	n
あらいぐま	あらいぐま	n
いさかい	いさかい	vs
えいい	えいい	n
かく乱	かくらん	vs
かけもち	かけもち	vs
けんこう	けんこう	n
こじれる	こじれる	v1
ささえ	ささえ	n
さざ波	さざなみ	n
さんざ	さんざ	n
ざらざら	ざらざら	vs
ざんす	ざんす	
したたる	したたる	v5r
しまり	しまり	n
しゃんと	しゃんと	vs
せんだい	せんだい	n
ただす	ただす	v5s
ちかん	ちかん	vs
てんてん	てんてん	adv
なごむ	なごむ	v5m
はずむ	はずむ	v5m
はにかみ	はにかみ	n
ばりばり	ばりばり	adj-na
びびり	びびり	n
ふらつく	ふらつく	v5k
ぶちかまし	ぶちかまし	n
ぺこぺこ	ぺこぺこ	adj-na
みずみずしい	みずみずしい	adj-i
わらわ	わらわ	pn
アイスダンス	アイスダンス	n
アウトブレイク	アウトブレイク	n
アナルファック	アナルファック	n
アバン	アバン	n
アパートメント	アパートメント	n
アフターケア	アフターケア	n
アポイント	アポイント	n
アミュレット	アミュレット	n
インゴット	インゴット	n
インサート	インサート	vs
インデント	インデント	n
エクステンション	エクステンション	n
エグゼクティブ	エグゼクティブ	n
エレキテル	エレキテル	n
オレガノ	オレガノ	n
カペラ	カペラ	n
ギャロップ	ギャロップ	n
グランジ	グランジ	n
コガネムシ	こがねむし	n
コネクター	コネクター	n
コマンドプロンプト	コマンドプロンプト	n
ゴブレット	ゴブレット	n
ゴムボート	ゴムボート	n
サドンデス	サドンデス	n
サラサ	サラサ	n
サンチーム	サンチーム	n
シオニスト	シオニスト	n
シノブ	しのぶ	n
ジムカーナ	ジムカーナ	n
スキッド	スキッド	n
スポーツマンシップ	スポーツマンシップ	n
ソーホー	ソーホー	n
ダブルヘッダー	ダブルヘッダー	n
チタニウム	チタニウム	n
チョウザメ	ちょうざめ	n
テポドン	テポドン	n
トナー	トナー	n
ドクトリン	ドクトリン	n
ナード	ナード	n
ニヒリズム	ニヒリズム	n
ハウ	ハウ	n
バケモン	ばけもの	n
バタン	バタン	adv
パリッシュ	パリッシュ	n
ヒューマニズム	ヒューマニズム	n
ビューラー	ビューラー	n
ブレッド	ブレッド	n
プライヤー	プライヤー	n
プラスアルファ	プラスアルファ	n
プリミティブ	プリミティブ	adj-na
ホリデイ	ホリデー	n
ボデー	ボディー	n
ポッコリ	ぽっこり	adv
マイラー	マイラー	n
マクシム	マキシム	n
マクロファージ	マクロファージ	n
マハラジャ	マハラジャ	n
ミズ	ミズ	n
メダリオン	メダリオン	n
メチオニン	メチオニン	n
モック	モック	n
リケジョ	リケじょ	n
リビジョン	リビジョン	n
ログオン	ログオン	vs
ワロエナイ	ワロエナイ	exp
ワーキングプア	ワーキングプア	n
一世一代	いっせいちだい	n
一男	いちなん	n
一瞥	いちべつ	vs
万死	ばんし	n
上枝	うわえだ	n
下塗り	したぬり	n
両人	りょうにん	n
並木道	なみきみち	n
中背	ちゅうぜい	n
乱打	らんだ	vs
什器	じゅうき	n
伝搬	でんぱん	vs
余所者	よそもの	n
修学	しゅうがく	vs
僅少	きんしょう	n
兄弟分	きょうだいぶん	n
入れ換え	いれかえ	vs
公会	こうかい	n
具有	ぐゆう	vs
円熟	えんじゅく	vs
冷やか	ひややか	adj-na
分立	ぶんりつ	vs
分詞	ぶんし	n
剽窃	ひょうせつ	vs
劫	こう	n
匁	もんめ	n
北朝	ほくちょう	n
匿う	かくまう	v5u
十人十色	じゅうにんといろ	n
半周	はんしゅう	n
南大門	なんだいもん	n
卵胞	らんぽう	n
卸売り	おろしうり	n
原盤	げんばん	n
厭世	えんせい	n
句点	くてん	n
呉音	ごおん	n
和らぎ	やわらぎ	n
商務	しょうむ	n
啖呵	たんか	n
嘗め	なめ	n
因果律	いんがりつ	n
図説	ずせつ	n
国主	こくしゅ	n
国事	こくじ	n
国造	くにのみやつこ	n
基本形	きほんけい	n
塗り薬	ぬりぐすり	n
増便	ぞうびん	vs
大っぴら	おおっぴら	adj-na
天川	あまかわ	n
天頂	てんちょう	n
奏功	そうこう	vs
女らしい	おんならしい	adj-i
好況	こうきょう	n
妄執	もうしゅう	n
妬む	ねたむ	v5m
始発駅	しはつえき	n
子種	こだね	n
実寸	じっすん	n
密偵	みってい	vs
寒中	かんちゅう	n
寝癖	ねぐせ	n
寸胴	ずんどう	adj-na
小滝	おたき	n
届け出る	とどけでる	v1
屋台骨	やたいぼね	n
州民	しゅうみん	n
巨頭	きょとう	n
市子	いちこ	n
帰京	ききょう	vs
幼生	ようせい	adj-na
幼魚	ようぎょ	n
当て馬	あてうま	n
微風	そよかぜ	n
忌日	きにち	n
快走	かいそう	vs
急峻	きゅうしゅん	adj-na
惜しげ	おしげ	n
惟	これ	pn
愉悦	ゆえつ	vs
愚劣	ぐれつ	adj-na
我慢強い	がまんづよい	adj-i
扁桃腺	へんとうせん	n
折しも	おりしも	adv
押しつぶす	おしつぶす	v5s
拉麺	ラーメン	n
招き入れる	まねきいれる	v1
拠	よりどころ	n
拡幅	かくふく	n
掛軸	かけじく	n
探照灯	たんしょうとう	n
推量	すいりょう	vs
断ち切り	たちきり	n
明り	あかり	n
星図	せいず	n
暗渠	あんきょ	n
月報	げっぽう	n
東南東	とうなんとう	n
枯山水	こせんすい	n
正弦	せいげん	n
歳費	さいひ	n
死に場所	しにばしょ	n
残余	ざんよ	n
水天	すいてん	n
汚損	おそん	vs
波打つ	なみうつ	v5t
泣きつく	なきつく	v5k
泣き崩れる	なきくずれる	v1
流れ落ちる	ながれおちる	v1
満水	まんすい	n
滅却	めっきゃく	vs
滴り	したたり	n
潮汐	ちょうせき	n
火入れ	ひいれ	n
火災報知器	かさいほうちき	n
焚書	ふんしょ	n
燭	しょく	n
牡鹿	おじか	n
瓶ビール	びんビール	n
甘露	かんろ	adj-na
生い茂る	おいしげる	v5r
生暖かい	なまあたたかい	adj-i
由々しき	ゆゆしき	n
病菌	びょうきん	n
登城	とじょう	vs
白刃	はくじん	n
目盛	めもり	n
真宗	しんしゅう	n
真鯛	まだい	n
着座	ちゃくざ	vs
社中	しゃちゅう	n
空車	くうしゃ	n
管領	かんりょう	vs
築き上げる	きずきあげる	v1
紅しょうが	べにしょうが	n
紹興酒	しょうこうしゅ	n
綻び	ほころび	n
繰り下げ	くりさげ	n
義賊	ぎぞく	n
胆力	たんりょく	n
胆石	たんせき	n
腹巻き	はらまき	n
自販	じはん	n
舶来	はくらい	vs
苛立つ	いらだつ	v5t
茜色	あかねいろ	n
落書	らくしょ	n
蚤	のみ	n
蛆	うじ	n
蛍火	けいか	n
血染め	ちぞめ	n
被膜	ひまく	n
覇道	はどう	n
言い渡す	いいわたす	v5s
詣り	まいり	n
諦観	ていかん	vs
貴賓	きひん	n
買得	かいどく	n
車輛	しゃりょう	n
軌	き	n
軍港	ぐんこう	n
転げ落ちる	ころげおちる	v1
迷い込む	まよいこむ	v5m
逆撫で	さかなで	vs
遅々	ちち	adv
道すがら	みちすがら	adv
選び出す	えらびだす	v5s
除夜の鐘	じょやのかね	exp
青臭い	あおくさい	adj-i
飼い殺し	かいごろし	n
あざみ	あざみ	n
ありがたがる	ありがたがる	v5r
いたこ	いたこ	n
えいじ	えいじ	n
おうと	おうと	vs
おこわ	おこわ	n
おびき寄せる	おびきよせる	v1
かがり火	かがりび	n
きこう	きこう	vs
ご苦労さま	ごくろうさま	exp
ご苦労さん	ごくろうさん	exp
ざんげ	ざんげ	vs
しまうま	しまうま	n
すばらしき	すばらしき	n
せんこう	せんこう	vs
たどりつく	たどりつく	v5k
とつぜん	とつぜん	n
はしら	はしら	n
はとこ	はとこ	n
ひし形	ひしがた	n
ぶつ切り	ぶつぎり	n
へこむ	へこむ	v5m
へし折る	へしおる	v5r
へべれけ	へべれけ	adj-na
みだりに	みだりに	adv
むきだし	むきだし	adj-na
やけ酒	ヤケざけ	n
よじ登る	よじのぼる	v5r
アグニ	アグニ	n
アムネスティ	アムネスティ	n
エンティティ	エンティティ	n
オロオロ	おろおろ	vs
オンステージ	オンステージ	n
ガンディー	ガンディー	n
クチャクチャ	くちゃくちゃ	adv
クミン	クミン	n
クレリック	クレリック	n
クロロフィル	クロロフィル	n
グレナダ	グレナダ	n
コテハン	コテハン	n
コンステレーション	コンステレーション	n
ゴテゴテ	コテコテ	vs
ゴマ油	ごまあぶら	n
ゴールデンレトリバー	ゴールデンレトリバー	n
サワラ	さわら	n
シャクナゲ	しゃくなげ	n
シロッコ	シロッコ	n
ジュラ紀	ジュラき	n
スウィーツ	スイーツ	n
スキヤキ	すきやき	n
スンナ	スンナ	n
セクシャル	セクシャル	adj-na
タッセル	タッセル	n
タラント	タラント	n
ダライラマ	ダライラマ	n
テレホンカード	テレフォンカード	n
デッドライン	デッドライン	n
デニール	デニール	n
ドゥーチェ	ドゥーチェ	n
ナガサキ	ながさき	n
ニホンザル	にほんざる	n
バイス	バイス	n
バプテスマ	バプテスマ	n
パニーニ	パニーニ	n
パートタイマー	パートタイマー	n
パーマネント	パーマネント	adj-na
ヒジャブ	ヒジャーブ	n
ヒンズー教	ヒンドゥーきょう	n
ヒーヒー	ヒーヒー	vs
ビックバン	ビッグバン	n
ファーザー	ファーザー	n
ブール	ブール	n
ベストショット	ベストショット	n
ボスニア・ヘルツェゴビナ	ボスニア・ヘルツェゴビナ	n
ポリティカル	ポリティカル	adj-na
メソメソ	メソメソ	vs
メンバーシップ	メンバーシップ	n
メートル法	メートルほう	n
ユーザビリティ	ユーザビリティ	n
リプレース	リプレース	vs
ロチェスター	ロチェスター	n
一体全体	いったいぜんたい	adv
一角獣	いっかくじゅう	n
万国博覧会	ばんこくはくらんかい	n
三叉	みつまた	n
上客	じょうきゃく	n
不揃い	ふぞろい	n
乳母車	うばぐるま	n
予防線	よぼうせん	n
五穀豊穣	ごこくほうじょう	n
些末	さまつ	adj-na
人畜	じんちく	n
仕出し	しだし	n
停留	ていりゅう	vs
入電	にゅうでん	vs
内示	ないじ	vs
冒す	おかす	v5s
冠詞	かんし	n
初乗り	はつのり	vs
初婚	しょこん	n
初潮	しょちょう	n
利生	りしょう	n
前山	ぜんざん	n
割当て	わりあて	n
劣性	れっせい	n
勲功	くんこう	n
化繊	かせん	n
原っぱ	はらっぱ	n
去就	きょしゅう	n
史家	しか	n
同区	どうく	n
名コンビ	めいコンビ	n
否や	いなや	exp
吹奏	すいそう	vs
品数	しなかず	n
唖	おし	n
四死球	ししきゅう	n
多次元	たじげん	n
夢枕	ゆめまくら	n
天和	てんな	n
天涯孤独	てんがいこどく	n
奪い返す	うばいかえす	v5s
専守防衛	せんしゅぼうえい	n
小槌	こづち	n
小生意気	こなまいき	n
小破	しょうは	vs
小鼻	こばな	n
局留め	きょくどめ	n
山人	やまびと	n
岩窟	がんくつ	n
巨像	きょぞう	n
希有	けう	adj-na
平熱	へいねつ	n
庄屋	しょうや	n
廃仏毀釈	はいぶつきしゃく	n
弱視	じゃくし	n
当たり年	あたりどし	n
征夷大将軍	せいいたいしょうぐん	n
微積分	びせきぶん	n
徴募	ちょうぼ	vs
急場	きゅうば	n
性徴	せいちょう	n
怨嗟	えんさ	vs
怯む	ひるむ	v5m
悪法	あくほう	n
惨禍	さんか	n
戯れ言	ざれごと	n
手分け	てわけ	vs
手合わせ	てあわせ	n
抒情	じょじょう	n
挟み込む	はさみこむ	v5m
挺身	ていしん	vs
掘り返す	ほりかえす	v5s
掛け替え	かけがえ	n
救命胴衣	きゅうめいどうい	n
教理	きょうり	n
文壇	ぶんだん	n
旧制	きゅうせい	n
春水	しゅんすい	n
曲がりなりにも	まがりなりにも	adv
期する	きする	vs
木地	きじ	n
杓子	しゃくし	n
枯れ葉	かれは	n
棲息	せいそく	vs
次項	じこう	n
歪める	ゆがめる	v1
毒液	どくえき	n
永き	ながき	n
法体	ほったい	n
泡立ち	あわだち	n
海士	かいし	n
淡色	たんしょく	n
焚く	たく	v5k
無病	むびょう	adj-na
焼入れ	やきいれ	n
理屈っぽい	りくつっぽい	adj-i
瓢箪	ひょうたん	n
病める	やめる	exp
痛切	つうせつ	adj-na
白澤	はくたく	n
真向かい	まむかい	n
破戒	はかい	n
移乗	いじょう	vs
紅海	こうかい	n
紙巻き	かみまき	n
素因	そいん	n
紺屋	こうや	n
絣	かすり	n
縮れ	ちぢれ	n
織る	おる	v5r
背泳ぎ	せおよぎ	n
胸ぐら	むなぐら	n
脱げる	ぬげる	v1
腕試し	うでだめし	vs
色濃い	いろこい	adj-i
苗床	なえどこ	n
荒くれ	あらくれ	n
荒くれ者	あらくれもの	n
蓄光	ちっこう	n
行人	こうじん	n
見落とす	みおとす	v5s
請け負い	うけおい	n
貴い	とうとい	adj-i
買い戻す	かいもどす	v5s
赤道ギニア	せきどうギニア	n
蹄鉄	ていてつ	n
身ぐるみ	みぐるみ	n
逆子	さかご	n
通し番号	とおしばんごう	n
連関	れんかん	vs
遊撃手	ゆうげきしゅ	n
過半	かはん	n
遺す	のこす	v5s
配本	はいほん	vs
長年の夢	ながねんのゆめ	exp
閉校	へいこう	vs
開基	かいき	vs
間者	かんじゃ	n
降灰	こうかい	n
陵墓	りょうぼ	n
雄姿	ゆうし	n
電界	でんかい	n
非業	ひごう	n
頭目	とうもく	n
食べ頃	たべごろ	n
食傷	しょくしょう	vs
飢える	うえる	v1
馬糞	ばふん	n
馬車馬	ばしゃうま	n
黄銅	おうどう	n
あしらい	あしらい	n
あつらえ	あつらえ	n
うるみ	うるみ	n
おそまつ	おそまつ	adj-na
お出まし	おでまし	n
かったるい	かったるい	adj-i
かっぽ	かっぽ	vs
けむり	けむり	n
ころり	ころり	adv
すれちがい	すれちがい	n
せんじ	せんじ	n
たらす	たらす	v5s
つや消し	つやけし	adj-na
なかには	なかには	exp
にげる	にげる	v1
はめ込む	はめこむ	v5m
ふ化	ふか	vs
ほおずき	ほおずき	n
むかえる	むかえる	v1
やぶさか	やぶさか	adj-na
アジア開発銀行	アジアかいはつぎんこう	n
アスパラギン	アスパラギン	n
アナーキスト	アナーキスト	n
アフィ	アフィ	n
アリクイ	ありくい	n
アンク	アンク	n
アンティック	アンティーク	n
アーガイル	アーガイル	n
イーブン	イーブン	n
ウィンタースポーツ	ウインタースポーツ	n
ウエス	ウエス	n
ウットリ	うっとり	vs
エゴイズム	エゴイズム	n
エスクード	エスクード	n
オーバーテイク	オーバーテイク	vs
オールドファッション	オールドファッション	n
カドミウム	カドミウム	n
カマボコ	かまぼこ	n
カロリーオフ	カロリーオフ	n
ガヤガヤ	がやがや	vs
キッチュ	キッチュ	adj-na
キンシャサ	キンシャサ	n
クモの巣	くものす	exp
クヨクヨ	くよくよ	vs
クライ	クライ	n
クリッパー	クリッパー	n
ケンタウルス	ケンタウロス	n
コロッサス	コロッサス	n
サルタン	スルタン	n
サンバイザー	サンバイザー	n
ジェス	ジェス	n
ジェンダーフリー	ジェンダーフリー	n
ジャバ	ジャバ	n
ジュラルミン	ジュラルミン	n
ジューサー	ジューサー	n
スイッチャー	スイッチャ	n
スタウト	スタウト	n
ステビア	ステビア	n
ソヴィエト	ソヴィエト	n
ソーリー	ソーリー	int
ダイズ	だいず	n
ダックスフント	ダックスフント	n
ダンパ	ダンパ	n
チャカ	チャカ	n
ディアボロ	ディアボロ	n
デコルテ	デコルテ	n
トランスミッター	トランスミッター	n
ネガキャン	ネガキャン	n
ネグリジェ	ネグリジェ	n
ネズ	ねず	n
ネトフリ	ネトフリ	n
ノルアドレナリン	ノルアドレナリン	n
ハイネック	ハイネック	n
バノン	バノン	n
バラッド	バラッド	n
バードウォッチング	バードウォッチング	n
バーレスク	バーレスク	n
パチンカス	パチンカス	n
パティスリー	パティスリー	n
ヒガンバナ	ひがんばな	n
ヒュッテ	ヒュッテ	n
ピヨピヨ	ぴよぴよ	adv
ブギ	ブギ	n
ブロッサム	ブロッサム	n
プカプカ	ぷかぷか	adv
ヘイトクライム	ヘイトクライム	n
ヘッドマウントディスプレイ	ヘッドマウントディスプレイ	n
ヘドバン	ヘドバン	n
ペケ	ぺけ	n
ペドフィリア	ペドフィリア	n
ペナントレース	ペナントレース	n
ボイチャ	ボイチャ	n
ボゴタ	ボゴタ	n
ポスドク	ポストドク	n
メバル	めばる	n
モスキート	モスキート	n
モッズ	モッズ	n
ヤワ	やわ	adj-na
ラボラトリー	ラボラトリー	n
レストア	レストア	vs
レーザー光線	レーザーこうせん	n
ロサンジェルス	ロサンゼルス	n
ローテク	ローテク	n
一週	いっしゅう	n
一間	いっけん	n
上表	じょうひょう	vs
不快指数	ふかいしすう	n
主務	しゅむ	n
乳化剤	にゅうかざい	n
五穀	ごこく	n
人身御供	ひとみごくう	n
今一	いまいち	exp
仕置き	しおき	vs
以心伝心	いしんでんしん	n
休み休み	やすみやすみ	adv
併走	へいそう	vs
使いみち	つかいみち	n
係官	かかりかん	n
修整	しゅうせい	vs
先出し	さきだし	exp
凍てつく	いてつく	v5k
出船	でふね	vs
切り上げる	きりあげる	v1
別称	べっしょう	n
刷毛	はけ	n
前屈み	まえかがみ	n
前方後円墳	ぜんぽうこうえんふん	n
勝負事	しょうぶごと	n
北面	ほくめん	vs
双六	すごろく	n
収受	しゅうじゅ	vs
同値	どうち	n
同所	どうしょ	n
名演	めいえん	n
吾が	わが	
呼子	よびこ	n
商圏	しょうけん	n
商社マン	しょうしゃマン	n
善く	よく	adv
器用貧乏	きようびんぼう	n
国大	こくだい	n
地声	じごえ	n
地響き	じひびき	n
夜店	よみせ	n
大ざっぱ	おおざっぱ	adj-na
大化	たいか	n
天球	てんきゅう	n
奇岩	きがん	n
奥付	おくづけ	n
好適	こうてき	adj-na
娑婆	しゃば	n
寒空	さむぞら	n
尊顔	そんがん	n
小綺麗	こぎれい	adj-na
小骨	こぼね	n
届け先	とどけさき	n
属す	しょくす	v5s
山師	やまし	n
巡行	じゅんこう	vs
左向き	ひだりむき	n
巨万	きょまん	n
希世	きせい	n
幕切れ	まくぎれ	n
弾痕	だんこん	n
影法師	かげぼうし	n
忌む	いむ	v5m
思惟	しい	vs
急減	きゅうげん	vs
息づかい	いきづかい	n
懇切	こんせつ	adj-na
戎	えびす	n
手合い	てあい	n
振り分ける	ふりわける	v1
採鉱	さいこう	vs
接ぎ木	つぎき	vs
改新	かいしん	vs
教主	きょうしゅ	n
新暦	しんれき	n
既設	きせつ	n
望郷	ぼうきょう	n
朝敵	ちょうてき	n
木口	きぐち	n
柾	まさき	n
栄養剤	えいようざい	n
校章	こうしょう	n
桟敷	さじき	n
楷書	かいしょ	n
欧文	おうぶん	n
欧風	おうふう	n
武夫	ぶし	n
洋梨	ようなし	n
洗い場	あらいば	n
浄瑠璃	じょうるり	n
混載	こんさい	vs
湖上	こじょう	n
澱	おり	n
片時	かたとき	n
牛舎	ぎゅうしゃ	n
瓶詰	びんづめ	vs
甘んじる	あまんじる	v1
男好き	おとこずき	n
疼き	うずき	n
癒える	いえる	v1
皆伝	かいでん	vs
知略	ちりゃく	n
社会保険庁	しゃかいほけんちょう	n
禅僧	ぜんそう	n
積年	せきねん	n
突き上げる	つきあげる	v1
立ち消え	たちぎえ	n
結び付く	むすびつく	v5k
絵筆	えふで	n
絹糸	けんし	n
縋る	すがる	v5r
纏わる	まつわる	v5r
群がり	むらがり	n
羽振り	はぶり	n
胸壁	きょうへき	n
脚長	あしなが	n
脱脂粉乳	だっしふんにゅう	n
腹膜	ふくまく	n
膨れる	ふくれる	v1
臆する	おくする	vs
臨死	りんし	n
自棄	やけ	n
色づく	いろづく	v5k
茶褐色	ちゃかっしょく	n
落ち武者	おちむしゃ	n
葦原	あしはら	n
薬科	やっか	n
虜囚	りょしゅう	n
蛭	ひる	n
血盟	けつめい	vs
補講	ほこう	vs
褥	しとね	n
観世音菩薩	かんぜおんぼさつ	n
角界	かくかい	n
言い表す	いいあらわす	v5s
詰所	つめしょ	n
誇大妄想	こだいもうそう	n
諫言	かんげん	vs
財経	ざいけい	n
走路	そうろ	n
軟質	なんしつ	n
輻射	ふくしゃ	vs
近ごろ	ちかごろ	n
逡巡	しゅんじゅん	vs
連れ帰る	つれかえる	v5r
酪酸	らくさん	n
金平	きんぴら	n
鉱泉	こうせん	n
銅賞	どうしょう	n
閉じこもる	とじこもる	v5r
防潮	ぼうちょう	n
降誕	こうたん	vs
障り	さわり	n
青瓦台	せいがだい	n
面長	おもなが	adj-na
願い下げ	ねがいさげ	n
類義語	るいぎご	n
高ぶる	たかぶる	v5r
魔法使	まほうつかい	n
黄ばみ	きばみ	n
あったまる	あったまる	v5r
いたわり	いたわり	n
うだつ	うだつ	n
おそく	おそく	adv
おつむ	おつむ	n
およぼす	およぼす	v5s
かいじゅう	かいじゅう	n
かざり	かざり	n
かれい	かれい	n
きける	きける	v1
くだもの	くだもの	n
げっぷ	げっぷ	n
ことぶき	ことぶき	n
ごった煮	ごったに	n
さしずめ	さしずめ	adv
しどろもどろ	しどろもどろ	n
しのび	しのび	n
しんし	しんし	n
すばやい	すばやい	adj-i
たぐり	たぐり	n
たしなむ	たしなむ	v5m
だいいち	だいいち	n
つたえ	つたえ	n
つたない	つたない	adj-i
でかでか	でかでか	adv
ねじる	ねじる	v5r
ひとしお	ひとしお	n
びっこ	びっこ	n
ふっかける	ふっかける	v1
やけくそ	やけくそ	adj-na
ゆえん	ゆえん	n
わらしべ	わらしべ	n
アイアイ	アイアイ	n
アウン	あうん	n
アダージョ	アダージョ	n
アミド	アミド	n
アーキテクト	アーキテクト	n
インターフェロン	インターフェロン	n
インディアナポリス	インディアナポリス	n
イントロダクション	イントロダクション	n
ウィスパー	ウィスパー	n
ウィングス	ウィングス	n
ウオーキング	ウォーキング	n
オシロスコープ	オシロスコープ	n
カメコ	カメコ	n
カラビナ	カラビナ	n
ガクガクブルブル	ガクガクブルブル	vs
キャリブレーション	キャリブレーション	n
クラム	クラム	n
クラリオン	クラリオン	n
クレイモア	クレイモア	n
グラフィカル	グラフィカル	adj-na
グラフェン	グラフェン	n
グリッチ	グリッチ	n
ケロイド	ケロイド	n
コモロ	コモロ	n
コンフォート	コンフォート	n
ゴソゴソ	ごそごそ	vs
シイラ	しいら	n
ジャラジャラ	ジャラジャラ	vs
スカラ	スカラ	n
スパニッシュ	スパニッシュ	n
スワッピング	スワッピング	n
ゼタ	ゼタ	n
ソネット	ソネット	n
タンタル	タンタル	n
ダイレクトマーケティング	ダイレクトマーケティング	n
ダール	ダル	n
チェジュ	チェジュ	n
チューリヒ	チューリッヒ	n
チョキチョキ	チョキチョキ	adv
ツッパリ	ツッパリ	n
トポロジー	トポロジー	n
トルーパー	トルーパー	n
ドッグファイト	ドッグファイト	n
ニューデリー	ニューデリー	n
ネオコン	ネオコン	n
ノビ	のび	n
ハチドリ	はちどり	n
ハッピーバースデイ	ハッピーバースデー	int
バシャバシャ	バシャバシャ	vs
バッファロー	バッファロー	n
バロメーター	バロメーター	n
バング	バング	n
パラドクス	パラドックス	n
ヒロイック	ヒロイック	adj-na
ビロード	びろうど	n
ビンディング	ビンディング	n
ファクシミリ	ファクシミリ	n
フィロソフィー	フィロソフィー	n
フェズ	フェズ	n
ブルドック	ブルドッグ	n
プランテーション	プランテーション	n
プルオーバー	プルオーバー	n
プログレス	プログレス	n
プログレッシブ	プログレッシブ	adj-na
プロレタリアート	プロレタリアート	n
ベンゾジアゼピン	ベンゾジアゼピン	n
ボトックス	ボトックス	n
マティーニ	マティーニ	n
ミニマリズム	ミニマリズム	n
ミリオンセラー	ミリオンセラー	n
ミルクセーキ	ミルクセーキ	n
メスイキ	メスイキ	vs
メントール	メントール	n
メーキャップ	メイクアップ	vs
ヤヌス	ヤーヌス	n
ラグーン	ラグーン	n
リーバイス	リーバイス	n
レモンティー	レモンティー	n
ロールプレイングゲーム	ロールプレイングゲーム	n
三唱	さんしょう	vs
上申	じょうしん	vs
下手糞	へたくそ	adj-na
両刀	りょうとう	n
両極	りょうきょく	n
中前	ちゅうぜん	n
乗り入れる	のりいれる	v1
乳白色	にゅうはくしょく	n
二元	にげん	n
二色	にしょく	n
介添	かいぞえ	vs
仔牛	こうし	n
代わり映え	かわりばえ	vs
伏流	ふくりゅう	vs
信販	しんぱん	n
党勢	とうせい	n
入り浸る	いりびたる	v5r
全面広告	ぜんめんこうこく	n
兵科	へいか	n
冷涼	れいりょう	adj-na
分遣	ぶんけん	vs
切れ長	きれなが	n
刈り込み	かりこみ	n
列記	れっき	vs
初物	はつもの	n
制式	せいしき	n
南南東	なんなんとう	n
南南西	なんなんせい	n
及び腰	およびごし	n
双書	そうしょ	n
取り持つ	とりもつ	v5t
取り繕う	とりつくろう	v5u
叛乱	はんらん	vs
同朋	どうぼう	n
含水	がんすい	n
吹き抜ける	ふきぬける	v1
咳払い	せきばらい	vs
国史	こくし	n
国是	こくぜ	n
土嚢	どのう	n
圧殺	あっさつ	vs
在野	ざいや	n
地滑り	じすべり	n
報恩	ほうおん	vs
売りさばく	うりさばく	v5k
多作	たさく	n
大入り	おおいり	n
大凶	だいきょう	n
大宝	たいほう	n
大嵐	おおあらし	n
女嫌い	おんなぎらい	n
孟子	もうし	n
宿営	しゅくえい	vs
密談	みつだん	vs
導水	どうすい	vs
履帯	りたい	n
帯状疱疹	たいじょうほうしん	n
店じまい	みせじまい	vs
弥栄	いやさか	n
弾道弾	だんどうだん	n
後足	あとあし	n
得意気	とくいげ	adj-na
快い	こころよい	adj-i
思うつぼ	おもうつぼ	n
思慕	しぼ	vs
怠ける	なまける	v1
急坂	きゅうはん	n
愚問	ぐもん	n
慶事	けいじ	n
憂うつ	ゆううつ	n
手はず	てはず	n
折込	おりこみ	n
択一	たくいつ	n
持ちきり	もちきり	n
挿管	そうかん	n
捻る	ひねる	v5r
文久	ぶんきゅう	n
文物	ぶんぶつ	n
斜視	しゃし	n
日雇	ひやとい	n
春山	はるやま	n
書き上げる	かきあげる	v1
書き置き	かきおき	n
月内	げつない	n
木琴	もっきん	n
末恐ろしい	すえおそろしい	adj-i
架台	かだい	n
柔肌	やわはだ	n
校友	こうゆう	n
案ずる	あんずる	v1
梵字	ぼんじ	n
極彩色	ごくさいしき	n
標記	ひょうき	vs
権能	けんのう	n
武芸	ぶげい	n
歩留まり	ぶどまり	n
毛抜き	けぬき	n
気負い	きおい	n
決め込む	きめこむ	v5m
清風	せいふう	n
渾名	あだな	n
湧出	ゆうしゅつ	vs
湿式	しっしき	n
滅する	めっする	vs
潅木	かんぼく	n
火蓋	ひぶた	n
焦らす	じらす	v5s
熱性	ねっせい	n
熱砂	ねっさ	n
犠打	ぎだ	n
生易しい	なまやさしい	adj-i
番茶	ばんちゃ	n
痴話喧嘩	ちわげんか	n
着飾る	きかざる	v5r
砂埃	すなぼこり	n
砲手	ほうしゅ	n
社務	しゃむ	n
祭る	まつる	v5r
窒化	ちっか	vs
竹輪	ちくわ	n
筆写	ひっしゃ	vs
算術	さんじゅつ	n
箸置き	はしおき	n
細則	さいそく	n
缶詰め	かんづめ	n
罰当たり	ばちあたり	adj-na
老兵	ろうへい	n
耽溺	たんでき	vs
聖帝	せいてい	n
職位	しょくい	n
肥溜め	こえだめ	n
肺活量	はいかつりょう	n
肺結核	はいけっかく	n
能登半島	のとはんとう	n
興隆	こうりゅう	vs
草鞋	わらじ	n
蓑	みの	n
藻屑	もくず	n
蟹工船	かにこうせん	n
蟻地獄	ありじごく	n
西日	にしび	n
見習	みならい	n
解熱剤	げねつざい	n
詩編	しへん	n
誘電	ゆうでん	vs
貸主	かしぬし	n
跳馬	ちょうば	n
躍り	おどり	n
身投げ	みなげ	vs
輿	かご	n
近付ける	ちかづける	v1
通宝	つうほう	n
週給	しゅうきゅう	n
過分	かぶん	adj-na
遣唐使	けんとうし	n
酒席	しゅせき	n
酒販	しゅはん	n
重文	じゅうぶん	n
金環	きんかん	n
金閣	きんかく	n
長篇	ちょうへん	n
長話	ながばなし	vs
門下生	もんかせい	n
閏	うるう	n
関門海峡	かんもんかいきょう	n
降旗	こうき	n
離れ業	はなれわざ	n
雨後	うご	n
雷鳥	らいちょう	n
靄	もや	n
領民	りょうみん	n
飲みもの	のみもの	n
飲茶	ヤムチャ	n
駄々っ子	だだっこ	n
魚眼レンズ	ぎょがんレンズ	n
鷹野	たかの	n
黒死病	こくしびょう	n
黒金	くろがね	n
あやとり	あやとり	n
あやまる	あやまる	v5r
いそいそ	いそいそ	vs
おもむく	おもむく	v5k
お引き受け	おひきうけ	n
かちん	かちん	adv
がら空き	がらあき	n
きわまり	きわまり	n
ぐにゃぐにゃ	ぐにゃぐにゃ	vs
けんご	けんご	adj-na
ごわす	ごわす	
しょう油	しょうゆ	n
せつに	せつに	adv
とこしえ	とこしえ	n
ひろがり	ひろがり	n
ふうせん	ふうせん	n
ほどく	ほどく	v5k
みろく	みろく	n
むしゃむしゃ	むしゃむしゃ	adv
よぎり	よぎり	n
わりに	わりに	adv
アウトレットモール	アウトレットモール	n
アニサキス	アニサキス	n
アメリカンドッグ	アメリカンドッグ	n
アンクレット	アンクレット	n
イカダ	いかだ	n
インキュバス	インキュバス	n
インジェクション	インジェクション	n
エコール	エコール	n
エックス線	エックスせん	n
オナペット	オナペット	n
カシミア	カシミヤ	n
カブリオレ	カブリオレ	n
カルーセル	カルーセル	n
ガイアナ	ガイアナ	n
ガイジン	がいじん	n
ガムラン	ガメラン	n
キャノピー	キャノピー	n
ギョウザ	ギョーザ	n
クオーツ	クォーツ	n
クローラー	クローラー	n
グツグツ	ぐつぐつ	vs
コントラ	コントラ	n
サイバーテロ	サイバーテロ	n
サテュロス	サテュロス	n
シェー	シェー	int
シンギュラリティ	シンギュラリティ	n
スキュラ	スキュラ	n
スプラッター	スプラッター	n
セニョリータ	セニョリータ	n
タウリン	タウリン	n
ダブり	ダブり	n
ツイッタラー	ツイッタラー	n
ツバル	ツバル	n
ツーアウト	ツーアウト	n
デスマーチ	デスマーチ	n
ト長調	トちょうちょう	n
ドレイン	ドレン	n
ニューフェイス	ニューフェイス	n
バトルロワイヤル	バトルロイヤル	n
バランスシート	バランスシート	n
パレオ	パレオ	n
ヒロポン	ヒロポン	n
ビフォー	ビフォー	n
ピューレ	ピューレ	n
ファイティング	ファイティング	n
ファランクス	ファランクス	n
フェブラリー	フェブラリー	n
フランネル	フランネル	n
フラーレン	フラーレン	n
ブクブク	ぶくぶく	vs
ベオグラード	ベオグラード	n
ベルガモット	ベルガモット	n
ホンコン	ホンコン	n
ボーキサイト	ボーキサイト	n
マルタイ	マルタイ	n
マーライオン	マーライオン	n
ミード	ミード	n
ムーディー	ムーディー	adj-na
メンス	メンス	n
モッツァレラ	モッツァレラ	n
モーグル	モーグル	n
ユアン	ユアン	n
ライチョウ	らいちょう	n
ライブストリーミング	ライブストリーミング	n
リクルートスーツ	リクルートスーツ	n
リサイズ	リサイズ	n
リーブ	リーブ	n
レトロウイルス	レトロウイルス	n
レフティ	レフティ	n
レングス	レングス	n
ワイア	ワイヤ	n
万力	まんりき	n
三原色	さんげんしょく	n
三股	さんまた	n
上弦	じょうげん	n
不戦	ふせん	n
中道右派	ちゅうどううは	n
了見	りょうけん	n
仇敵	きゅうてき	n
他家	たや	n
仮住まい	かりずまい	vs
伴走	ばんそう	vs
伺	うかがい	n
借り換え	かりかえ	n
冷え症	ひえしょう	n
初年	しょねん	n
別当	べっとう	n
別棟	べつむね	n
前説	まえせつ	n
力石	ちからいし	n
反る	そる	v5r
取り立てる	とりたてる	v1
取扱う	とりあつかう	v5u
受傷	じゅしょう	vs
吃驚	びっくり	vs
吉凶	きっきょう	n
同属	どうぞく	n
吻合	ふんごう	vs
啜る	すする	v5r
地すべり	じすべり	n
塔子	ターツ	n
塩化ナトリウム	えんかナトリウム	n
外線	がいせん	n
多産	たさん	n
大叔父	おおおじ	n
大袋	おおぶくろ	n
天麩羅	てんぷら	n
女形	おんながた	n
妄信	ぼうしん	vs
定式	ていしき	n
家探し	やさがし	vs
寝酒	ねざけ	n
尊皇	そんのう	n
左記	さき	n
年甲斐	としがい	n
引き下がる	ひきさがる	v5r
張替え	はりかえ	vs
忌憚	きたん	vs
我家	わぎえ	n
戦費	せんぴ	n
手間取る	てまどる	v5r
投げ入れる	なげいれる	v1
押さえつける	おさえつける	v1
押し倒す	おしたおす	v5s
揚力	ようりょく	n
換わり	かわり	n
損じ	そんじ	n
操車	そうしゃ	n
時節	じせつ	n
朝露	あさつゆ	n
未決	みけつ	n
核軍縮	かくぐんしゅく	n
桝	ます	n
極まれ	ごくまれ	adj-na
権勢	けんせい	n
次善	じぜん	n
殉難	じゅんなん	vs
殖産	しょくさん	n
毒々しい	どくどくしい	adj-i
気苦労	きぐろう	n
河豚	ふぐ	n
添う	そう	v5u
減益	げんえき	vs
渡り歩く	わたりあるく	v5k
火の車	ひのくるま	exp
狂詩曲	きょうしきょく	n
珍品	ちんぴん	n
田舎道	いなかみち	n
目掛け	めかけ	n
直上	ちょくじょう	vs
真人間	まにんげん	n
神像	しんぞう	n
禁中	きんちゅう	n
突き指	つきゆび	vs
立ち込める	たちこめる	v1
立身出世	りっしんしゅっせ	vs
竹の子	たけのこ	n
箇月	かげつ	ctr
縁遠い	えんどおい	adj-i
縦貫	じゅうかん	vs
羆	ひぐま	n
耕地	こうち	n
肥やす	こやす	v5s
肩章	けんしょう	n
自失	じしつ	vs
芍薬	しゃくやく	n
若作り	わかづくり	n
茂る	しげる	v5r
茶房	さぼう	n
荷担	かたん	vs
荷馬	にうま	n
薄利多売	はくりたばい	n
薫り	かおり	n
行き過ぎる	いきすぎる	v1
行幸	ぎょうこう	vs
見回す	みまわす	v5s
言葉づかい	ことばづかい	vs
読み直す	よみなおす	v5s
豚カツ	とんカツ	n
賓	まろうど	n
踏み倒す	ふみたおす	v5s
躓き	つまずき	n
軍装	ぐんそう	vs
軍門	ぐんもん	n
追い回す	おいまわす	v5s
通りかかる	とおりかかる	v5r
通史	つうし	n
遊休	ゆうきゅう	n
釈迦如来	しゃかにょらい	n
野暮ったい	やぼったい	adj-i
野猿	やえん	n
鉗子	かんし	n
鉱床	こうしょう	n
長春	ちょうしゅん	n
闊達	かったつ	adj-na
闘犬	とうけん	n
阿片	あへん	n
零下	れいか	n
露地	ろじ	n
飛び乗る	とびのる	v5r
飛球	ひきゅう	n
馬小屋	うまごや	n
駄賃	だちん	n
駐韓	ちゅうかん	n
高速度	こうそくど	n
鰺	あじ	n
あごひげ	あごひげ	n
いきおい	いきおい	n
いたずらに	いたずらに	adv
いりこ	いりこ	n
いろどり	いろどり	n
うらやむ	うらやむ	v5m
おいどん	おいどん	pn
おおげさ	おおげさ	adj-na
おしめ	おしめ	n
おせん	おせん	vs
かき回す	かきまわす	v5s
かこい	かこい	n
かばね	かばね	n
きらく	きらく	adj-na
くされ	くされ	n
さつま揚げ	さつまあげ	n
つめる	つめる	v1
ときん	ときん	n
とどく	とどく	v5k
ともすれば	ともすれば	adv
とりつけ	とりつけ	n
のりかえ	のりかえ	vs
のろし	のろし	n
はらはら	はらはら	vs
ひきつける	ひきつける	v1
ひしめく	ひしめく	v5k
ひらめ	ひらめ	n
ひりひり	ひりひり	vs
びまん	びまん	vs
へろへろ	へろへろ	vs
ぼかす	ぼかす	v5s
めっぽう	めっぽう	adv
ゆでる	ゆでる	v1
よごれ	よごれ	n
よしや	よしや	adv
アクセシビリティ	アクセシビリティ	n
アクティベート	アクティベート	n
アルベド	アルベド	n
アルミナ	アルミナ	n
アンカラ	アンカラ	n
アンコン	アンコン	n
インテグレーション	インテグレーション	n
ウエハース	ウエハース	n
ウンチク	うんちく	n
エステート	エステート	n
エリヤ	エリア	n
オーガスト	オーガスト	n
オーダーメード	オーダーメイド	n
カスケード	カスケード	adj-na
カプラ	カプラー	n
カボス	かぼす	n
カンマ	コンマ	n
ガスバーナー	ガスバーナー	n
ギックリ	ぎっくり	vs
クーラント	クーラント	n
グレイハウンド	グレーハウンド	n
ゲロゲロ	げろげろ	int
コトコト	コトコト	adv
コマース	コマース	n
コモディティ	コモディティ	n
コモド	コモド	n
コンテンポラリー	コンテンポラリー	adj-na
コンバージョン	コンバージョン	n
シャク	しゃく	n
シンポ	シンポ	n
シーケンシャル	シーケンシャル	adj-na
スキット	スキット	n
スタイラス	スタイラス	n
スパンコール	スパンコール	n
スラット	スラット	n
ダイナミクス	ダイナミクス	n
ダイレクトメッセージ	ダイレクトメッセージ	n
ダウナー	ダウナー	n
チフス	ちふす	n
テラコッタ	テラコッタ	n
テルル	テルル	n
テーパー	テーパー	n
デジタルリマスター	デジタルリマスター	n
デルタフォース	デルタフォース	n
ドミンゴ	ドミンゴ	n
ニューウェーブ	ニューウェーブ	n
ハイパーインフレ	ハイパーインフレ	n
ハンズフリー	ハンズフリー	n
パンナコッタ	パンナコッタ	n
ビジュアルノベル	ビジュアルノベル	n
ビューアー	ビューアー	n
フォイル	フォイル	n
フォトジェニック	フォトジェニック	adj-na
ブラックユーモア	ブラックユーモア	n
プレタポルテ	プレタポルテ	n
ボンゴレ	ボンゴレ	n
ボーク	ボーク	n
ポリプロピレン	ポリプロピレン	n
ママン	ママン	n
マンダラ	まんだら	n
ミミック	ミミック	n
ミリオタ	ミリオタ	n
ミンスク	ミンスク	n
ムニエル	ムニエル	n
メタンフェタミン	メタンフェタミン	n
メランコリック	メランコリック	adj-na
メリヤス	めりやす	n
メルシー	メルシー	int
モロヘイヤ	モロヘイヤ	n
ヤム	ヤム	n
ユーマ	ユーマ	n
リュー	リュー	
ワスプ	ワスプ	n
一糸	いっし	n
三徳	さんとく	n
上程	じょうてい	vs
下表	かひょう	n
中宮	ちゅうぐう	n
五目	ごもく	n
余人	よじん	n
俣	また	n
光ディスク	ひかりディスク	n
全粒粉	ぜんりゅうふん	n
八方塞がり	はっぽうふさがり	n
八朔	はっさく	n
冷え冷え	ひえびえ	vs
凝結	ぎょうけつ	vs
別口	べつくち	n
前条	ぜんじょう	n
前祝い	まえいわい	n
割り引き	わりびき	n
十把一絡げ	じっぱひとからげ	n
厳命	げんめい	vs
取り付く	とりつく	v5k
取り次ぎ	とりつぎ	n
吐出	としゅつ	vs
四つんばい	よつんばい	n
因る	よる	v5r
地鎮祭	じちんさい	n
型付け	かたつけ	n
増幅器	ぞうふくき	n
外縁	がいえん	adj-na
外耳	がいじ	n
大屋	おおや	n
大政奉還	たいせいほうかん	n
大道具	おおどうぐ	n
奔流	ほんりゅう	n
宝永	ほうえい	n
小男	こおとこ	n
屠る	ほふる	v5r
嵩む	かさむ	v5m
巨星	きょせい	n
師父	しふ	n
御札	おふだ	n
御苦労	ごくろう	n
思いっ切り	おもいっきり	adv
恐れ入る	おそれいる	v5r
慇懃無礼	いんぎんぶれい	adj-na
手編み	てあみ	n
拭う	ぬぐう	v5u
拾い物	ひろいもの	n
据え付け	すえつけ	n
掃除屋	そうじや	n
改稿	かいこう	vs
救国	きゅうこく	n
方丈	ほうじょう	n
日足	ひあし	n
早生	わせ	n
時代物	じだいもの	n
暑がり	あつがり	n
有為	ゆうい	adj-na
有耶無耶	うやむや	adj-na
有象無象	うぞうむぞう	n
本読み	ほんよみ	n
東北東	とうほくとう	n
松ぼっくり	まつかさ	n
校風	こうふう	n
機上	きじょう	n
死力	しりょく	n
残土	ざんど	n
比翼	ひよく	n
民権	みんけん	n
気掛かり	きがかり	n
水棲	すいせい	n
汗腺	かんせん	n
洛中	らくちゅう	n
流鏑馬	やぶさめ	n
浮き出る	うきでる	v1
消火栓	しょうかせん	n
源五郎	げんごろう	n
無礼講	ぶれいこう	vs
現人神	あらひとがみ	n
生焼け	なまやけ	n
申し合わせ	もうしあわせ	n
男嫌い	おとこぎらい	n
白沢	はくたく	n
盛衰	せいすい	n
真っ白い	まっしろい	adj-i
矩	かね	n
福徳	ふくとく	n
私書箱	ししょばこ	n
秋雨	あきさめ	n
穿つ	うがつ	v5t
窺う	うかがう	v5u
筋ジストロフィー	きんジストロフィー	n
箴言	しんげん	n
粗製	そせい	n
純化	じゅんか	vs
素案	そあん	n
組込み	くみこみ	vs
線条	せんじょう	n
繕い	つくろい	n
缶切り	かんきり	n
罪名	ざいめい	n
群落	ぐんらく	n
義務づける	ぎむづける	v1
老ける	ふける	v1
聖王	せいおう	n
聞き役	ききやく	n
育て上げる	そだてあげる	v1
育種	いくしゅ	vs
胃癌	いがん	n
臨席	りんせき	vs
自尊	じそん	n
臭素	しゅうそ	n
舗	ほ	n
若木	わかぎ	n
若輩	じゃくはい	n
英気	えいき	n
荒神	こうじん	n
落款	らっかん	vs
虫の息	むしのいき	exp
螺鈿	らでん	n
補間	ほかん	n
見定める	みさだめる	v1
解す	ほぐす	v5s
評する	ひょうする	vs
試金石	しきんせき	n
諱	いみな	n
諸公	しょこう	n
警固	けいご	vs
象限	しょうげん	n
貝柱	かいばしら	n
買占め	かいしめ	n
貸出し	かしだし	vs
起す	おこす	v5s
起案	きあん	vs
身重	みおも	n
軋む	きしむ	v5m
追い上げる	おいあげる	v1
通り雨	とおりあめ	n
運搬船	うんぱんせん	n
遠江	とおとうみ	n
適地	てきち	n
適職	てきしょく	n
野火	のび	n
金蔵	かねぐら	n
閉廷	へいてい	vs
間伐	かんばつ	vs
隆々	りゅうりゅう	adv
隣席	りんせき	n
離縁	りえん	vs
青眼	せいがん	n
額装	がくそう	n
飛び石	とびいし	n
飽くまで	あくまで	adv
首座	しゅざ	n
香油	こうゆ	n
骨壷	こつつぼ	n
髣髴	ほうふつ	vs
魔球	まきゅう	n
魚河岸	うおがし	n
鳴り物入り	なりものいり	n
鳴動	めいどう	vs
鹵獲	ろかく	vs
黒檀	こくたん	n
いさお	いさお	n
うずく	うずく	v5k
おびえる	おびえる	v1
かぶれる	かぶれる	v1
かまう	かまう	v5u
きづき	きづき	n
きんか	きんか	n
さしあたり	さしあたり	adv
ししゃ	ししゃ	n
しまん	しまん	n
すすぐ	すすぐ	v5g
たかね	たかね	n
ちぐさ	ちぐさ	n
つかまえる	つかまえる	v1
つるはし	つるはし	n
とのこ	とのこ	n
とろり	とろり	adv
なだれ	なだれ	n
はげしい	はげしい	adj-i
はつらつ	はつらつ	adv
はらむ	はらむ	v5m
ひもじい	ひもじい	adj-i
へその緒	へそのお	n
ほじる	ほじる	v5r
みだれ	みだれ	n
めいろ	めいろ	n
もろみ	もろみ	n
よしなに	よしなに	adv
アルブミン	アルブミン	n
ウイーク	ウィーク	n
ウェポン	ウエポン	n
ウッカリ	うっかり	vs
エスカレータ	エスカレーター	n
エリトリア	エリトリア	n
エンコーダ	エンコーダ	n
オドロキ	おどろき	n
カモノハシ	かものはし	n
ガイスト	ガイスト	n
ガードル	ガードル	n
キマイラ	キメラ	n
クリエイティビティ	クリエイティビティ	n
グリンピース	グリーンピース	n
グータッチ	グータッチ	n
コレクターズ	コレクターズ	n
コンキスタドール	コンキスタドール	n
サングリア	サングリア	n
サーモスタット	サーモスタット	n
ザイン	ザイン	n
ザーサイ	ザーサイ	n
シェルパ	シェルパ	n
ジュブナイル	ジュブナイル	n
ストレッチャー	ストレッチャー	n
スモモ	すもも	n
ズバズバ	ズバズバ	adv
ソアラ	ソアラ	n
タガメ	たがめ	n
タチバナ	たちばな	n
ダブステップ	ダブステップ	n
テヘ	てへへ	int
テルミン	テルミン	n
デジタルサイネージ	デジタルサイネージ	n
トルコ風呂	トルコぶろ	n
トンビ	とび	n
ドミトリー	ドーミトリー	n
ドレミファ	ドレミファ	n
ニレ	にれ	n
ハタハタ	はたはた	n
ハトムギ	はとむぎ	n
ハーケンクロイツ	ハーケンクロイツ	n
パラフィン	パラフィン	n
パーカ	パーカー	n
ファシリティ	ファシリティー	n
フィギア	フィギュア	n
フェン	エフイーエヌ	n
フォークダンス	フォークダンス	n
ブリリアント	ブリリアント	n
プライマー	プライマー	n
プレイオフ	プレーオフ	n
プロジェクタ	プロジェクター	n
ヘヴン	ヘブン	n
ベロア	ベロア	n
ホルム	ホルム	n
ボサノバ	ボサノバ	n
ボンゴ	ボンゴ	n
マイクロシーベルト	マイクロシーベルト	n
メタモルフォーゼ	メタモルフォーゼ	n
メラトニン	メラトニン	n
メランコリー	メランコリー	n
ヨタ	ヨタ	n
ライニング	ライニング	n
ラブロマンス	ラブロマンス	n
リスティング	リスティング	n
ルサンチマン	ルサンチマン	n
ルピア	ルピア	n
七五三	しちごさん	n
七生	しちしょう	n
万病	まんびょう	n
不同	ふどう	adj-na
中州	なかす	n
乗っける	のっける	v1
五角形	ごかくけい	n
交歓	こうかん	vs
仄か	ほのか	adj-na
仔細	しさい	n
付け所	つけどころ	n
付け替える	つけかえる	v1
仰々しい	ぎょうぎょうしい	adj-i
伯耆	ほうき	n
偽計	ぎけい	n
働き掛け	はたらきかけ	n
元金	がんきん	n
全豪オープン	ぜんごうオープン	n
兵営	へいえい	n
兵部	へいぶ	n
内輪もめ	うちわもめ	n
円建て	えんだて	n
刃渡り	はわたり	n
利下げ	りさげ	vs
割ける	さける	v1
勘ぐり	かんぐり	n
原水	げんすい	n
原虫	げんちゅう	n
反落	はんらく	vs
可用性	かようせい	n
可聴	かちょう	adj-na
右向き	みぎむき	n
合資	ごうし	vs
呪符	じゅふ	n
四面楚歌	しめんそか	n
国光	こっこう	n
国士無双	こくしむそう	n
在家	ざいけ	n
報徳	ほうとく	n
変節	へんせつ	vs
多面体	ためんたい	n
大鷹	おおたか	n
天人	てんじん	n
天領	てんりょう	n
奇天烈	きてれつ	adj-na
妙案	みょうあん	n
婦女子	ふじょし	n
定性的	ていせいてき	adj-na
寂しげ	さびしげ	adj-na
富貴	ふうき	adj-na
寝泊り	ねとまり	vs
寸分	すんぶん	n
封切り	ふうきり	vs
小じわ	こじわ	n
帳票	ちょうひょう	n
常道	じょうどう	n
平生	へいぜい	n
広汎	こうはん	adj-na
弁舌	べんぜつ	n
引っ込み	ひっこみ	n
当夜	とうや	n
後略	こうりゃく	vs
御供	おとも	vs
心掛ける	こころがける	v1
志学	しがく	n
怒り狂う	いかりくるう	v5u
恐れ多い	おそれおおい	adj-i
悪乗り	わるのり	vs
想念	そうねん	n
意気込む	いきごむ	v5m
手水	てみず	n
挽き肉	ひきにく	n
捲る	まくる	v5r
掩護	えんご	vs
政体	せいたい	n
无	む	n
日次	にちじ	n
日比	にちひ	n
朝風	あさかぜ	n
朝風呂	あさぶろ	n
木霊	こだま	vs
栂	つが	n
栗毛	くりげ	n
梅花	ばいか	n
楯突く	たてつく	v5k
橋上	きょうじょう	n
正室	せいしつ	n
正平	しょうへい	n
正文	せいぶん	n
正法	せいほう	n
歯牙	しが	n
毒草	どくそう	n
沈降	ちんこう	vs
流言	りゅうげん	n
清国	しんこく	n
湯のみ	ゆのみ	n
湯煎	ゆせん	vs
滋味	じみ	n
物売り	ものうり	n
物覚え	ものおぼえ	n
犠飛	ぎひ	n
独習	どくしゅう	vs
生き写し	いきうつし	n
略取	りゃくしゅ	vs
盤上	ばんじょう	n
目まぐるしい	めまぐるしい	adj-i
瞑る	つぶる	v5r
瞳子	どうし	n
砂原	すなはら	n
硯	すずり	n
祖師	そし	n
福引	ふくびき	n
移り住む	うつりすむ	v5m
突き破る	つきやぶる	v5r
立秋	りっしゅう	n
糀	こうじ	n
組み替える	くみかえる	v1
続落	ぞくらく	vs
緯	よこいと	n
繰越	くりこし	n
義歯	ぎし	n
耄碌	もうろく	vs
腸閉塞	ちょうへいそく	n
臨港	りんこう	n
英紙	えいし	n
草子	そうし	n
荼毘	だび	n
蒸溜	じょうりゅう	vs
薄気味悪い	うすきみわるい	adj-i
製茶	せいちゃ	n
見紛う	みまがう	v5u
試遊	しゆう	vs
詮	せん	n
請け合い	うけあい	n
貂	てん	n
貫き通す	つらぬきとおす	v5s
起毛	きもう	n
近視眼	きんしがん	n
送水	そうすい	vs
連夜	れんや	n
遊人	ゆうじん	n
過不足	かふそく	n
違える	ちがえる	v1
酒代	さかだい	n
酒呑み	さけのみ	n
重工業	じゅうこうぎょう	n
金管楽器	きんかんがっき	n
銅鐸	どうたく	n
錆びる	さびる	v1
門外漢	もんがいかん	n
隣地	りんち	n
隣組	となりぐみ	n
頓珍漢	とんちんかん	adj-na
飽食	ほうしょく	vs
鬘	かつら	n
鳥屋	とや	n
あやす	あやす	v5s
うかうか	うかうか	vs
うっ血	うっけつ	vs
うようよ	うようよ	vs
おどろおどろしい	おどろおどろしい	adj-i
かえりみ	かえりみ	n
かたり	かたり	n
かりあげ	かりあげ	n
かるい	かるい	adj-i
か細い	かぼそい	adj-i
きしん	きしん	n
きめ細かい	きめこまかい	adj-i
ご馳走さま	ごちそうさま	int
さしたる	さしたる	
しわしわ	しわしわ	adv
しんきん	しんきん	n
すっぱ	すっぱ	n
ちらつく	ちらつく	v5k
つきっきり	つきっきり	n
てきめん	てきめん	adj-na
のろま	のろま	n
はおる	はおる	v5r
はける	はける	v1
はたけ	はたけ	n
はめ込み	はめこみ	n
ばっこ	ばっこ	vs
ぴったし	ぴったし	vs
ふくらむ	ふくらむ	v5m
へらへら	へらへら	vs
まっぴら	まっぴら	exp
ものぐさ	ものぐさ	adj-na
もみ消す	もみけす	v5s
よそよそしい	よそよそしい	adj-i
れきし	れきし	n
わめく	わめく	v5k
アクチュエータ	アクチュエータ	n
アサイー	アサイー	n
アップリケ	アップリケ	n
アリゲーター	アリゲーター	n
エッセン	エッセン	n
オノマトペ	オノマトペ	n
オフコース	オフコース	exp
オライオン	オライオン	n
カルダモン	カルダモン	n
ガウチョ	ガウチョ	n
ガチホモ	ガチホモ	n
ガトーショコラ	ガトーショコラ	n
クレスト	クレスト	n
コバルトブルー	コバルトブルー	n
コロス	コロス	n
コンガ	コンガ	n
コンクリートブロック	コンクリートブロック	n
サバト	サバト	n
サブマシンガン	サブマシンガン	n
サブルーチン	サブルーチン	n
サリチル酸	サリチルさん	n
シジュウカラ	しじゅうから	n
システイン	システイン	n
ショベルカー	ショベルカー	n
シルフ	シルフ	n
ジルコニア	ジルコニア	n
スタジャン	スタジャン	n
スペランカー	スペランカー	n
タイラント	タイラント	n
タータン	タータン	n
ティーンズ	ティーンズ	n
デイケア	デイケア	n
デッドヒート	デッドヒート	n
データバンク	データバンク	n
トニック	トニック	n
ドルヲタ	ドルオタ	n
ニヤッ	にやっ	adv
ネオジム	ネオジム	n
パニエ	パニエ	n
ピクトグラム	ピクトグラム	n
ファイバ	ファイバー	n
ブルカ	ブルカ	n
プルコギ	プルコギ	n
プロキオン	プロキオン	n
ベー	ベー	int
ペール	ペール	n
ボサノヴァ	ボサノバ	n
ボビン	ボビン	n
ポチャ	ぽちゃ	n
マルサ	マルさ	n
モッツァレラチーズ	モッツァレラチーズ	n
ユーグレナ	ユーグレナ	n
ヨーソロー	ようそろ	int
レヴュー	レヴュー	n
ロジスティクス	ロジスティックス	n
一寸法師	いっすんぼうし	n
一義	いちぎ	n
三軍	さんぐん	n
下々	しもじも	n
不動尊	ふどうそん	n
世の常	よのつね	n
九死	きゅうし	n
交叉	こうさ	vs
人中	じんちゅう	n
人足	ひとあし	n
付き従う	つきしたがう	v5u
伝家	でんか	n
何等	なんら	adv
作付	さくづけ	vs
併存	へいぞん	vs
俑	よう	n
優性	ゆうせい	n
全訳	ぜんやく	vs
公知	こうち	n
共助	きょうじょ	vs
典礼	てんれい	n
冬将軍	ふゆしょうぐん	n
刷る	する	v5r
副賞	ふくしょう	n
助け舟	たすけぶね	n
勇退	ゆうたい	vs
匍匐	ほふく	vs
即断	そくだん	vs
厠	かわや	n
取り押さえる	とりおさえる	v1
台詞回し	せりふまわし	n
同権	どうけん	n
名づける	なづける	v1
名主	なぬし	n
名前負け	なまえまけ	vs
呼び水	よびみず	n
喜々	きき	adv
嘆息	たんそく	vs
嘲り	あざけり	n
塩化カリウム	えんかカリウム	n
増発	ぞうはつ	vs
売り切り	うりきり	n
変量	へんりょう	n
多肉	たにく	n
夜祭	よまつり	n
大水	おおみず	n
天地人	てんちじん	n
天外	てんがい	n
宝剣	ほうけん	n
家父長制	かふちょうせい	n
家禽	かきん	n
山月	さんげつ	n
工賃	こうちん	n
巨獣	きょじゅう	n
差し向ける	さしむける	v1
帝劇	ていげき	n
平準	へいじゅん	n
徒弟	とてい	n
忌々しい	いまいましい	adj-i
思いこみ	おもいこみ	n
恩知らず	おんしらず	n
慰み	なぐさみ	n
憐憫	れんびん	n
憩	いこい	n
掛け合う	かけあう	v5u
敷布団	しきぶとん	n
早晩	そうばん	n
早生まれ	はやうまれ	n
暖気	だんき	n
暴利	ぼうり	n
書付	かきつけ	n
書法	しょほう	n
木魚	もくぎょ	n
枠組	わくぐみ	n
残雪	ざんせつ	n
民政	みんせい	n
浮き上がる	うきあがる	v5r
深手	ふかで	n
清見	きよみ	n
溌剌	はつらつ	adv
独り善がり	ひとりよがり	n
玉石	ぎょくせき	n
理詰め	りづめ	n
瑪瑙	めのう	n
甘言	かんげん	n
生みだす	うみだす	v5s
白肌	しらはだ	n
白髪染め	しらがぞめ	n
目潰し	めつぶし	n
知行	ちぎょう	vs
硬水	こうすい	n
磁気嵐	じきあらし	n
稚児	ちご	n
穿く	はく	v5k
立ちふさがる	たちふさがる	v5r
等式	とうしき	n
紫雲	しうん	n
給金	きゅうきん	n
縛り付ける	しばりつける	v1
繁茂	はんも	vs
腸チフス	ちょうチフス	n
船便	ふなびん	n
菩提	ぼだい	n
行灯	あんどん	n
衝立	ついたて	n
親代わり	おやがわり	n
計らい	はからい	n
話半分	はなしはんぶん	n
谷風	たにかぜ	n
起債	きさい	vs
足摺	あしずり	vs
軍兵	ぐんぴょう	n
農相	のうしょう	n
近県	きんけん	n
送り状	おくりじょう	n
通俗	つうぞく	adj-na
進駐	しんちゅう	vs
遠縁	とおえん	n
選奨	せんしょう	vs
酔いしれる	よいしれる	v1
金遣い	かねづかい	n
釣鐘	つりがね	n
鈍行	どんこう	n
鍛冶屋	かじや	n
降り続く	ふりつづく	v5k
雛鳥	ひなどり	n
霊山	れいざん	n
青菜	あおな	n
青雲	せいうん	n
面構え	つらがまえ	n
駅前通り	えきまえどおり	n
骨頂	こっちょう	n
髷	まげ	n
鸞	らん	n
鹿の子	かのこ	n
黄体	おうたい	n
いのこ	いのこ	n
うごめく	うごめく	v5k
うねうね	うねうね	vs
かがやく	かがやく	v5k
かんする	かんする	vs
きざみ	きざみ	n
ぎくしゃく	ぎくしゃく	vs
ぎんなん	ぎんなん	n
しかめっ面	しかめっつら	n
せんだ	せんだ	n
ちびる	ちびる	v5r
つれない	つれない	adj-i
とおく	とおく	n
とどろき	とどろき	n
とりまく	とりまく	v5k
どっこいどっこい	どっこいどっこい	adj-na
ながき	ながき	n
なめし	なめし	n
はまなす	はまなす	n
はみだし	はみだし	n
ひくい	ひくい	adj-i
みちびき	みちびき	n
みみず	みみず	n
りんどう	りんどう	n
アクセラレータ	アクセラレータ	n
アズキ	あずき	n
アセトアルデヒド	アセトアルデヒド	n
アディオス	アディオス	int
アブラナ	あぶらな	n
アーユルヴェーダ	アーユルヴェーダ	n
イア	イヤ	n
イタリー	イタリー	n
イデアル	イデアル	n
インフレーション	インフレーション	n
エレファント	エレファント	n
オキアミ	おきアミ	n
オフホワイト	オフホワイト	n
カツレツ	カツレツ	n
カルキ	カルキ	n
キャメラ	カメラ	n
キュロット	キュロット	n
クレソン	クレソン	n
クロッキー	クロッキー	n
グチョグチョ	グチョグチョ	n
サイエントロジー	サイエントロジー	n
サイレンス	サイレンス	n
サナトリウム	サナトリウム	n
シャーレ	シャーレ	n
ショートヘアー	ショートヘア	n
ジェントル	ジェントル	adj-na
スキャンダラス	スキャンダラス	adj-na
スレーブ	スレーブ	n
タフト	タフト	n
チャンク	チャンク	n
ティッシュペーパー	ティッシュペーパー	n
トリックオアトリート	トリックオアトリート	exp
トロリー	トロリー	n
ナウル	ナウル	n
ニーソックス	ニーソックス	n
ハイパーリンク	ハイパーリンク	n
ハマス	ハマス	n
バックスクリーン	バックスクリーン	n
バンシー	バンシー	n
パネラー	パネラー	n
パフューム	パフューム	n
ヒュドラ	ヒュドラ	n
ヒンズー	ヒンドゥー	n
ビト	ビット	n
フリーメーソン	フリーメイソン	n
ブラジリア	ブラジリア	n
プロンプト	プロンプト	n
ボナンザ	ボナンザ	n
ポジティブシンキング	ポジティブシンキング	n
ポテトチップ	ポテトチップ	n
マグノリア	マグノリア	n
マザーグース	マザーグース	n
ミニコン	ミニコン	n
ムシャクシャ	むしゃくしゃ	vs
メタンガス	メタンガス	n
モササウルス	モササウルス	n
ラブシーン	ラブシーン	n
リゲル	リゲル	n
リチウムイオンバッテリー	リチウムイオンバッテリー	n
リフレクター	リフレクター	n
ルッコラ	ルッコラ	n
ワラビー	ワラビー	n
ヴァンプ	バンプ	n
万引	まんびき	vs
三光	さんこう	n
両部	りょうぶ	n
中肉	ちゅうにく	n
乱行	らんぎょう	n
五月蝿い	うるさい	adj-i
会席	かいせき	n
何とぞ	なにとぞ	adv
作り笑い	つくりわらい	vs
依願	いがん	n
信書	しんしょ	n
備長	びんちょう	n
入り乱れる	いりみだれる	v1
冷温	れいおん	n
准尉	じゅんい	n
凛々	りんりん	adv
出来合い	できあい	n
出直す	でなおす	v5s
力尽きる	ちからつきる	v1
勝ち気	かちき	adj-na
勤行	ごんぎょう	n
印加	いんか	vs
印画	いんが	n
取り乱す	とりみだす	v5s
古銭	こせん	n
叩き込み	はたきこみ	n
各月	かくげつ	n
合一	ごういつ	vs
名残惜しい	なごりおしい	adj-i
含蓄	がんちく	vs
呂律	ろれつ	n
呼び鈴	よびりん	n
哀願	あいがん	vs
唐人	とうじん	n
問い合せ	といあわせ	n
営巣	えいそう	vs
国母	こくぼ	n
圧電	あつでん	n
報償	ほうしょう	vs
声音	せいおん	n
売り飛ばす	うりとばす	v5s
多能	たのう	adj-na
夢心地	ゆめごこち	n
大逆	たいぎゃく	n
大鵬	たいほう	n
天孫	てんそん	n
太政官	だじょうかん	n
字義	じぎ	n
定礎	ていそ	vs
富国強兵	ふこくきょうへい	n
小犬	こいぬ	n
尾ひれ	おひれ	n
居抜き	いぬき	n
山歩き	やまあるき	vs
席順	せきじゅん	n
府庁	ふちょう	n
建ち並ぶ	たちならぶ	v5b
引き戻す	ひきもどす	v5s
強がる	つよがる	v5r
当てずっぽう	あてずっぽう	n
役得	やくとく	n
御身	おんみ	pn
急かす	せかす	v5s
急停車	きゅうていしゃ	vs
怪死	かいし	vs
恋敵	こいがたき	n
成り下がる	なりさがる	v5r
扇形	おうぎがた	n
手筈	てはず	n
打って出る	うってでる	v1
抜け出る	ぬけでる	v1
掩蔽	えんぺい	vs
服す	ふくす	v5s
服する	ふくする	vs
棄てる	すてる	v1
標題	ひょうだい	n
歴訪	れきほう	vs
死に絶える	しにたえる	v1
残照	ざんしょう	n
毛ガニ	けガニ	n
水っぽい	みずっぽい	adj-i
水臭い	みずくさい	adj-i
水責め	みずぜめ	vs
海門	かいもん	n
満車	まんしゃ	n
漠然	ばくぜん	adv
熱っぽい	ねつっぽい	adj-i
物言う	ものいう	v5u
特発	とくはつ	n
狂想曲	きょうそうきょく	n
王侯	おうこう	n
現代っ子	げんだいっこ	n
理化学	りかがく	n
異父	いふ	n
瘴気	しょうき	n
皆目	かいもく	adv
盛夏	せいか	n
省みる	かえりみる	v1
睦まじい	むつまじい	adj-i
石斧	せきふ	n
砂粒	すなつぶ	n
碁石	ごいし	n
社運	しゃうん	n
私塾	しじゅく	n
称揚	しょうよう	vs
立食	りっしょく	n
筋繊維	きんせんい	n
紙質	ししつ	n
緑青	ろくしょう	n
緒戦	しょせん	n
線分	せんぶん	n
編制	へんせい	vs
美名	びめい	n
羽後	うご	n
腫脹	しゅちょう	vs
腹立ち	はらだち	n
舌足らず	したたらず	n
舞い戻る	まいもどる	v5r
花柳	かりゅう	n
茂り	しげり	n
草書	そうしょ	n
荒業	あらわざ	n
荷電	かでん	n
蔑み	さげすみ	n
虎の巻	とらのまき	exp
蠱毒	こどく	vs
衣食	いしょく	n
複利	ふくり	n
親爺	おやじ	n
言いふらす	いいふらす	v5s
言い寄る	いいよる	v5r
試走	しそう	vs
話し出す	はなしだす	v5s
豊国	とよのくに	n
貪	たん	n
賓客	ひんきゃく	n
赤とんぼ	あかとんぼ	n
足もと	あしもと	n
軸受け	じくうけ	n
輪転	りんてん	vs
通産省	つうさんしょう	n
通航	つうこう	vs
造物	ぞうぶつ	n
運営上	うんえいじょう	n
酔っぱらう	よっぱらう	v5u
重犯	じゅうはん	vs
野ざらし	のざらし	n
銃砲	じゅうほう	n
闘鶏	とうけい	n
防人	さきもり	n
陣容	じんよう	n
陣頭	じんとう	n
隠れ里	かくれざと	n
集り	たかり	n
雑種犬	ざっしゅけん	n
電磁石	でんじしゃく	n
非破壊	ひはかい	n
頑として	がんとして	exp
頚動脈	けいどうみゃく	n
高鳴り	たかなり	n
黒文字	くろもじ	n
あしなが	あしなが	n
いぜん	いぜん	n
うつけ	うつけ	n
うつわ	うつわ	n
うるう	うるう	n
おじや	おじや	n
おどおど	おどおど	vs
お宮	おみや	n
きどり	きどり	n
きんじ	きんじ	vs
くどう	くどう	vs
ぐんと	ぐんと	adv
さぼる	さぼる	v5r
したがい	したがい	exp
しわくちゃ	しわくちゃ	n
そそぐ	そそぐ	v5g
たいそ	たいそ	n
たのしむ	たのしむ	v5m
ちぎれる	ちぎれる	v1
つうじ	つうじ	n
とうじ	とうじ	n
とっぱ	とっぱ	vs
とまどう	とまどう	v5u
とめどなく	とめどなく	adv
とりで	とりで	n
とりやめ	とりやめ	n
にせもの	にせもの	n
はずれる	はずれる	v1
ぱっつん	ぱっつん	n
ひとすじ	ひとすじ	n
ひとつまみ	ひとつまみ	n
ふらつき	ふらつき	n
ぶよぶよ	ぶよぶよ	vs
まっか	まっか	adj-na
みつめる	みつめる	v1
みょうが	みょうが	n
やすき	やすき	n
やまやま	やまやま	n
アイラブユー	あいらぶゆう	exp
アデュー	アデュー	int
アニオン	アニオン	n
アニミズム	アニミズム	n
アホウドリ	あほうどり	n
イディッシュ	イディッシュ	n
イドラ	イドラ	n
イラクサ	いらくさ	n
インドール	インドール	n
ウミヘビ	うみへび	n
エアプ	エアプ	n
エロティシズム	エロティシズム	n
オツ	おつ	adj-na
オーガナイザー	オーガナイザー	n
オーマイガー	オーマイゴッド	int
カテドラル	カテドラル	n
カプラー	カプラー	n
カホン	カホン	n
カルガリー	カルガリー	n
カーマ	カーマ	n
ガトリングガン	ガトリングガン	n
キャラゲー	キャラゲー	n
キョトン	きょとん	adv
キーマカレー	キーマカレー	n
クチナシ	くちなし	n
グッツ	グッズ	n
サルモネラ菌	サルモネラきん	n
サンルーム	サンルーム	n
ザトウクジラ	ざとうくじら	n
シェイド	シェード	n
シシャモ	ししゃも	n
ジゴロ	ジゴロ	n
ジャズバンド	ジャズバンド	n
ジュレ	ジュレ	n
スカール	スカル	n
セリン	セリン	n
ゾロゾロ	ぞろぞろ	adv
ダウンヒル	ダウンヒル	n
チェダーチーズ	チェダーチーズ	n
チドリ	ちどり	n
ツブ	つぶ	n
ツーブロック	ツーブロック	n
デリシャス	デリシャス	adj-na
デリート	デリート	n
トイレット	トイレット	n
トータス	トータス	n
ドドーン	ドドーン	adv
ナガスクジラ	ながすくじら	n
ニュースレター	ニュースレター	n
ニョッキ	ニョッキ	n
ハカ	ハカ	n
バッターボックス	バッターボックス	n
バップ	バップ	n
バーサス	ブイエス	conj
パッシング	パッシング	n
パブリシティ	パブリシティー	n
ビーフカレー	ビーフカレー	n
ピーカン	ピーカン	n
ファミリ	ファミリー	n
フーフー	フーフー	vs
プラナリア	プラナリア	n
ポキポキ	ボキボキ	adv
マズル	マズル	n
マルチスレッド	マルチスレッド	n
ムキになる	むきになる	v5r
メンタルケア	メンタルケア	n
モガディシュ	モガディシュ	n
ヤキモキ	やきもき	vs
ライトグリーン	ライトグリーン	n
ラジャー	ラジャ	int
リクルーター	リクルーター	n
リグレット	リグレット	n
レタリング	レタリング	n
レッグ	レグ	n
一徳	いっとく	n
一族郎党	いちぞくろうとう	n
一義的	いちぎてき	adj-na
一身上	いっしんじょう	n
三冠王	さんかんおう	n
上板	あげいた	n
乗り移る	のりうつる	v5r
乾性	かんせい	adj-na
二律背反	にりつはいはん	n
仏事	ぶつじ	n
仔馬	こうま	n
代替え	だいたい	vs
位置付ける	いちづける	v1
体高	たいこう	n
作りだす	つくりだす	v5s
側板	そくばん	n
冶	や	n
冷夏	れいか	n
出足	であし	n
出遅れる	でおくれる	v1
刀工	とうこう	n
判官	はんがん	n
利し	とし	
剛腕	ごうわん	n
割譲	かつじょう	vs
千金	せんきん	n
取り合わせ	とりあわせ	n
取決め	とりきめ	n
口金	くちがね	n
吊橋	つりばし	n
同村	どうそん	n
向こう岸	むこうぎし	n
吹き出る	ふきでる	v1
唐戸	からど	n
営団	えいだん	n
園遊会	えんゆうかい	n
夕景	ゆうけい	n
太っちょ	ふとっちょ	n
奉公人	ほうこうにん	n
妖気	ようき	n
孝子	こうし	n
学び舎	まなびや	n
宏池会	こうちかい	n
寝かしつける	ねかしつける	v1
射止める	いとめる	v1
小食	しょうしょく	n
尾びれ	おびれ	n
巣立つ	すだつ	v5t
庭付き	にわつき	n
廬	ろ	n
延髄	えんずい	n
引きちぎる	ひきちぎる	v5r
引っこ抜く	ひっこぬく	v5k
形而上	けいじじょう	n
御愁傷様	ごしゅうしょうさま	exp
悪条件	あくじょうけん	n
愉しい	たのしい	adj-i
意趣	いしゅ	n
慕情	ぼじょう	n
慧眼	けいがん	adj-na
憎まれ口	にくまれぐち	n
成体	せいたい	n
成功裏	せいこうり	n
手練	しゅれん	vs
手負い	ておい	n
投錨	とうびょう	vs
文盲	もんもう	n
文藝	ぶんげい	n
早打ち	はやうち	vs
時人	じじん	n
月桂樹	げっけいじゅ	n
木葉	もくよう	n
棒高跳び	ぼうたかとび	n
棚卸	たなおろし	vs
棹	さお	n
極北	きょくほく	n
横滑り	よこすべり	vs
氷雪	ひょうせつ	n
治まり	おさまり	n
泳ぎ方	およぎかた	n
海星	ひとで	n
濁音	だくおん	n
烏帽子	えぼし	n
焼死体	しょうしたい	n
照れくさい	てれくさい	adj-i
片手落ち	かたておち	adj-na
物悲しい	ものがなしい	adj-i
猫じゃらし	ねこじゃらし	n
王城	おうじょう	n
瑞々しい	みずみずしい	adj-i
瓢	ふくべ	n
瓦版	かわらばん	n
生娘	きむすめ	n
生臭	なまぐさ	n
画する	かくする	vs
異義	いぎ	n
疑り	うたぐり	n
病因	びょういん	n
皇紀	こうき	n
直交	ちょっこう	vs
相補	そうほ	n
真っ裸	まっぱだか	n
矮星	わいせい	n
石柱	せきちゅう	n
砂鉄	さてつ	n
神経痛	しんけいつう	n
福耳	ふくみみ	n
空蝉	うつせみ	n
筋骨	きんこつ	n
粗大ごみ	そだいごみ	n
紡錘	ぼうすい	n
綿貫	わたぬき	n
縮減	しゅくげん	vs
肩透かし	かたすかし	n
胸腺	きょうせん	n
能楽堂	のうがくどう	n
腰砕け	こしくだけ	n
興産	こうさん	n
舟形	ふながた	n
芋づる	いもづる	n
花守	はなもり	n
花茎	かけい	n
茗荷	みょうが	n
虎の子	とらのこ	exp
蚤の市	のみのいち	n
蜜蝋	みつろう	n
融雪	ゆうせつ	n
表地	おもてじ	n
見せ物	みせもの	n
見舞う	みまう	v5u
語気	ごき	n
超電導	ちょうでんどう	n
跨る	またがる	v5r
路盤	ろばん	n
踏ん張る	ふんばる	v5r
躓く	つまずく	v5k
身の程知らず	みのほどしらず	exp
軍鶏	しゃも	n
転戦	てんせん	vs
軽石	かるいし	n
返り咲く	かえりざく	v5k
逃げ腰	にげごし	n
遊山	ゆさん	n
過当	かとう	adj-na
選好	せんこう	n
鉄板焼	てっぱんやき	n
長手	ながて	n
間仕切り	まじきり	n
附帯	ふたい	vs
雑技	ざつぎ	n
霰	あられ	n
静穏	せいおん	n
預入	よにゅう	n
馴染	なじみ	n
駈け	かけ	n
骨肉	こつにく	n
鬼火	おにび	n
鶉	うずら	n
麦畑	むぎばたけ	n
黒ビール	くろビール	n
鼠径	そけい	n
あかるい	あかるい	adj-i
あっけらかん	あっけらかん	adv
あんがい	あんがい	adv
いくじ	いくじ	n
いたぶる	いたぶる	v5r
お尋ね者	おたずねもの	n
かちかち	かちかち	adv
かっちり	かっちり	vs
くさや	くさや	n
くりくり	くりくり	vs
ぐらぐら	ぐらぐら	vs
さっち	さっち	vs
しあい	しあい	vs
しきり	しきり	n
じゅんじ	じゅんじ	adv
すらり	すらり	adv
たずねる	たずねる	v1
だいだい	だいだい	n
ちなむ	ちなむ	v5m
ちゅうし	ちゅうし	n
ならび	ならび	n
ぬかり	ぬかり	n
はっけん	はっけん	vs
ふて寝	ふてね	vs
へいへい	へいへい	int
べろべろ	べろべろ	adv
まなこ	まなこ	n
もうかる	もうかる	v5r
やける	やける	v1
ゆううつ	ゆううつ	n
よろこぶ	よろこぶ	v5b
らっぱ	らっぱ	n
アイスバー	アイスバー	n
アクシス	アクシス	n
アセンブル	アセンブル	vs
アバンチュール	アバンチュール	n
アンプル	アンプル	n
イスカ	いすか	n
イディオム	イディオム	n
インジェクター	インジェクター	n
インボイス	インボイス	n
ウエブサイト	ウェブサイト	n
ウエーブ	ウエーブ	vs
オリジナリティー	オリジナリティー	n
カルパス	カルパス	n
ガッポリ	ガッポリ	adv
ガンギマリ	ガンギマリ	n
キャベンディッシュ	キャベンディッシュ	n
クラムチャウダー	クラムチャウダー	n
クレパス	クレパス	n
グリーティングカード	グリーティングカード	n
グルーミング	グルーミング	n
グロブリン	グロブリン	n
コンブチャ	コンブチャ	n
サイエンティスト	サイエンティスト	n
サーキュレーター	サーキュレーター	n
シェーカー	シェーカー	n
シャリシャリ	しゃりしゃり	vs
スチロール	スチロール	n
ステム	ステム	n
スノードーム	スノードーム	n
スピーキング	スピーキング	n
スレタイ	スレタイ	n
セニョール	セニョール	n
ソーキ	ソーキ	n
タツノオトシゴ	たつのおとしご	n
タレット	ターレット	n
ダッフルバッグ	ダッフルバッグ	n
チェッカーズ	チェッカーズ	n
チンチラ	チンチラ	n
トラス	トラス	n
ドアーズ	ドアーズ	n
ドメスティック	ドメスティック	n
ドラグーン	ドラグーン	n
ドリーミング	ドリーミング	n
ニコリ	にっこり	vs
ネクター	ネクター	n
ノベルス	ノベルズ	n
ハンブル	ハンブル	n
バウム	バウム	n
パシャパシャ	バシャバシャ	vs
パーセク	パーセク	n
ヒープ	ヒープ	n
ビオチン	ビオチン	n
ピチカート	ピチカート	n
ファズ	ファズ	n
フィナンシェ	フィナンシェ	n
ブギー	ブギー	n
ブッカー	ブッカー	n
ブラックペッパー	ブラックペッパー	n
プロップ	プロップ	n
プロヴィデンス	プロヴィデンス	n
ヘクト	ヘクト	n
ホオジロ	ほおじろ	n
ホストファミリー	ホストファミリー	n
ホロスコープ	ホロスコープ	n
ボディコン	ボディコン	n
ポップミュージック	ポップミュージック	n
ポロニウム	ポロニウム	n
マレット	マレット	n
マンチカン	マンチカン	n
メキメキ	メキメキ	adv
メヒコ	メキシコ	n
モジャモジャ	もじゃもじゃ	vs
ラーク	ラーク	n
リメーク	リメーク	vs
ルイボスティー	ルイボスティー	n
ルピナス	ルピナス	n
レシオ	レシオ	n
レント	レント	n
ロックス	ロックス	n
ローライズ	ローライズ	n
ワロス	ワロス	exp
一夜漬け	いちやづけ	vs
一癖	ひとくせ	n
一難	いちなん	n
三白眼	さんぱくがん	n
上気	じょうき	vs
上澄み	うわずみ	n
不凍液	ふとうえき	n
世情	せじょう	n
丹田	たんでん	n
九星	きゅうせい	n
人月	にんげつ	n
伸びやか	のびやか	adj-na
傷める	いためる	v1
入退院	にゅうたいいん	vs
公休	こうきゅう	n
円グラフ	えんグラフ	n
初冬	しょとう	adv
前書き	まえがき	n
加療	かりょう	vs
北洋	ほくよう	n
北辰	ほくしん	n
医事	いじ	n
厚顔無恥	こうがんむち	adj-na
厳つい	いかつい	adj-i
反語	はんご	n
取り入る	とりいる	v5r
受任	じゅにん	vs
古老	ころう	n
各省	かくしょう	n
名君	めいくん	n
吸音	きゅうおん	vs
品ぞろえ	しなぞろえ	n
唐木	からき	n
唯我独尊	ゆいがどくそん	n
商売敵	しょうばいがたき	n
商機	しょうき	n
嗜虐	しぎゃく	n
噛み合う	かみあう	v5u
回り込む	まわりこむ	v5m
土踏まず	つちふまず	n
坩堝	るつぼ	n
場代	ばだい	n
声紋	せいもん	n
夏みかん	なつみかん	n
多項式	たこうしき	n
大器晩成	たいきばんせい	exp
太守	たいしゅ	n
失血死	しっけつし	vs
妊産婦	にんさんぷ	n
孕み	はらみ	n
官位	かんい	n
宝船	たからぶね	n
小エビ	こエビ	n
山家	やまが	n
巖	いわ	n
市有	しゆう	n
幕屋	まくや	n
干し草	ほしくさ	n
弾正	だんじょう	n
形象	けいしょう	n
性状	せいじょう	n
恋路	こいじ	n
愛弟子	まなでし	n
憐れむ	あわれむ	v5m
戦禍	せんか	n
手間賃	てまちん	n
拳骨	げんこつ	vs
振り払う	ふりはらう	v5u
挿し木	さしき	vs
捌け口	はけぐち	n
推し量る	おしはかる	v5r
撃針	げきしん	n
擬装	ぎそう	vs
散華	さんげ	n
文節	ぶんせつ	n
旅客船	りょかくせん	n
時おり	ときおり	n
晴れ晴れ	はればれ	vs
暗澹	あんたん	adv
書き言葉	かきことば	n
月謝	げっしゃ	n
有情	うじょう	n
本会	ほんかい	n
来島	らいとう	vs
棋力	きりょく	n
歌会	うたかい	n
正本	しょうほん	n
死線	しせん	n
気にいる	きにいる	v5r
汀	みぎわ	n
河畔	かはん	n
泊める	とめる	v1
法名	ほうみょう	n
涙声	なみだごえ	n
渦潮	うずしお	n
温い	ぬるい	adj-i
満更	まんざら	adv
溶け込み	とけこみ	n
牛歩	ぎゅうほ	n
特賞	とくしょう	n
猊下	げいか	n
猫舌	ねこじた	n
生活協同組合	せいかつきょうどうくみあい	n
甦	よみがえ	n
畏	かしこ	exp
癶	はつがしら	n
皮剥	かわはぎ	n
皮算用	かわざんよう	n
砂岩	さがん	n
碧玉	へきぎょく	n
確実視	かくじつし	n
祖神	そしん	n
禁則	きんそく	vs
秋雨前線	あきさめぜんせん	n
穏当	おんとう	adj-na
突き付ける	つきつける	v1
立正佼成会	りっしょうこうせいかい	n
端役	はやく	n
笑い飛ばす	わらいとばす	v5s
笑気	しょうき	n
絶海	ぜっかい	n
総なめ	そうなめ	n
線区	せんく	n
繰上げ	くりあげ	n
美辞麗句	びじれいく	n
習俗	しゅうぞく	n
胸腔	きょうこう	n
脱稿	だっこう	vs
艾	もぐさ	n
花期	かき	n
草刈り機	くさかりき	n
菩提樹	ぼだいじゅ	n
菱餅	ひしもち	n
落下傘	らっかさん	n
薄口	うすくち	n
蝕	しょく	n
行末	ぎょうまつ	n
西向き	にしむき	n
譲り合い	ゆずりあい	n
豊漁	ほうりょう	n
跳梁	ちょうりょう	vs
追想	ついそう	vs
連れ合い	つれあい	n
遊行	ゆうこう	vs
都府県	とふけん	n
野ばら	のばら	n
鋒	ほこさき	n
鋸歯	きょし	n
鍾	しょう	n
門外	もんがい	n
間欠	かんけつ	n
防毒	ぼうどく	n
院政	いんせい	n
陣中	じんちゅう	n
雲丹	うに	n
霊薬	れいやく	n
霊験	れいげん	n
露払い	つゆはらい	n
順法	じゅんぽう	n
飛行機雲	ひこうきぐも	n
首班	しゅはん	n
鬣	たてがみ	n
あくせく	あくせく	vs
あしゅら	あしゅら	n
あてつけ	あてつけ	n
あやつる	あやつる	v5r
いくた	いくた	n
いっせ	いっせ	n
いなほ	いなほ	n
いろり	いろり	n
うろたえる	うろたえる	v1
おおとり	おおとり	n
おちょこ	おちょこ	n
おもと	おもと	n
かいこう	かいこう	vs
かえん	かえん	n
かわいがり	かわいがり	n
きくらげ	きくらげ	n
きまる	きまる	v5r
きょろきょろ	きょろきょろ	vs
くさり	くさり	n
くらべる	くらべる	v1
くらます	くらます	v5s
けいと	けいと	n
けっか	けっか	vs
けんさん	けんさん	vs
ごろつき	ごろつき	n
さがる	さがる	v5r
しずえ	しずえ	n
しめし	しめし	n
しめす	しめす	v5s
しんしん	しんしん	adv
つうしん	つうしん	vs
なぶり殺し	なぶりごろし	n
なんこつ	なんこつ	n
はらみ	はらみ	n
ひと安心	ひとあんしん	vs
ぶり返す	ぶりかえす	v5s
ぶん投げる	ぶんなげる	v1
へき地	へきち	n
まぎらわしい	まぎらわしい	adj-i
めそめそ	めそめそ	vs
やすめ	やすめ	n
アカハラ	アカハラ	n
アケコン	アケコン	n
アシンメトリー	アシンメトリー	n
アジャスト	アジャスト	vs
アナルプラグ	アナルプラグ	n
アルカロイド	アルカロイド	n
アーティスティック	アーティスティック	n
インストゥルメンタル	インストゥルメンタル	n
ウェスタン	ウエスタン	n
ウェブデザイン	ウェブデザイン	n
オースチン	オースチン	n
カチャカチャ	カチャカチャ	vs
ガラホ	ガラホ	n
ガールスカウト	ガールスカウト	n
キリバス	キリバス	n
キングサイズ	キングサイズ	n
クスノキ	くすのき	n
クヌギ	くぬぎ	n
クロッチ	クロッチ	n
グリコール	グリコール	n
グレア	グレア	n
コスモポリタン	コスモポリタン	n
コラボレート	コラボレート	vs
サイガ	サイガ	n
サクソフォン	サクソフォン	n
サブリーダー	サブリーダー	n
サルーン	サルーン	n
サンカ	さんか	n
サンローラン	サンローラン	n
ショートプログラム	ショートプログラム	n
ステイタス	ステータス	n
センサス	センサス	n
ソーサー	ソーサー	n
タキオン	タキオン	n
デリック	デリック	n
トラディショナル	トラディショナル	adj-na
ヌメヌメ	ぬめぬめ	adv
バランサー	バランサー	n
バリン	バリン	n
バンドエイド	バンドエイド	n
ヒロイズム	ヒロイズム	n
ビジネスライク	ビジネスライク	adj-na
ピスト	ピスト	n
ファッショ	ファッショ	n
ファブリック	ファブリック	n
フィーチャリング	フィーチャリング	n
フェアー	フェア	adj-na
フルーティ	フルーティー	adj-na
フール	フール	n
ヘパリン	ヘパリン	n
ベイス	ベース	n
ベロンベロン	ベロンベロン	adj-na
ベローズ	ベローズ	n
ホスティング	ホスティング	n
マイクロフィルム	マイクロフィルム	n
マジパン	マジパン	n
マゾヒスト	マゾヒスト	n
マナグア	マナグア	n
マーモット	マーモット	n
ヤスデ	やすで	n
ユンボ	ユンボ	n
ライアー	ライアー	n
ラグラン	ラグラン	n
ラジエター	ラジエーター	n
ラルゴ	ラルゴ	n
レコメンド	レコメンド	vs
ローミング	ローミング	n
一子相伝	いっしそうでん	n
不溶性	ふようせい	n
中台	ちゅうだい	n
中学年	ちゅうがくねん	n
中軸	ちゅうじく	n
二葉	によう	n
人事院	じんじいん	n
人情味	にんじょうみ	n
仇討	あだうち	n
介する	かいする	vs
仲立ち	なかだち	vs
仲見世	なかみせ	n
会衆	かいしゅう	n
作付け	さくづけ	vs
使い果たす	つかいはたす	v5s
元気づける	げんきづける	v1
先任	せんにん	n
光陰	こういん	n
全局	ぜんきょく	n
八丈	はちじょう	n
写植	しゃしょく	n
切羽	せっぱ	n
初犯	しょはん	n
別条	べつじょう	n
利水	りすい	n
勝気	かちき	adj-na
勝馬	かちうま	n
医業	いぎょう	n
半紙	はんし	n
単音	たんおん	n
卸業者	おろしぎょうしゃ	n
反訴	はんそ	vs
取り払う	とりはらう	v5u
口裏	くちうら	n
域外	いきがい	n
天王山	てんのうざん	n
奥の院	おくのいん	n
実入り	みいり	n
寝苦しい	ねぐるしい	adj-i
寮費	りょうひ	n
小振り	こぶり	adj-na
川幅	かわはば	n
左中間	さちゅうかん	n
常闇	とこやみ	n
幼体	ようたい	n
幾重にも	いくえにも	adv
式辞	しきじ	n
弓術	きゅうじゅつ	n
引け目	ひけめ	n
弱冠	じゃっかん	n
当てつけ	あてつけ	n
形体	なりかたち	n
御存じ	ごぞんじ	n
心痛	しんつう	vs
恩賞	おんしょう	n
悲愴	ひそう	adj-na
戈	か	n
所員	しょいん	n
所縁	ゆかり	n
抽せん	ちゅうせん	vs
拾得	しゅうとく	vs
接尾	せつび	n
教書	きょうしょ	n
早う	はよう	n
明滅	めいめつ	vs
晩期	ばんき	n
書き取り	かきとり	n
未収	みしゅう	n
桑子	くわこ	n
検針	けんしん	vs
楊枝	ようじ	n
正視	せいし	vs
汚れ役	よごれやく	n
満ち欠け	みちかけ	n
溜飲	りゅういん	n
漁法	ぎょほう	n
漫研	まんけん	n
潮目	しおめ	n
灯る	ともる	v5r
熨斗	のし	n
物の怪	もののけ	n
犬死	いぬじに	vs
玉虫色	たまむしいろ	n
生起	せいき	vs
白無垢	しろむく	n
皆々様	みなみなさま	n
皇統	こうとう	n
盗っ人	ぬすびと	n
真皮	しんぴ	n
石室	せきしつ	n
磐石	ばんじゃく	n
祓う	はらう	v5u
秋口	あきぐち	n
篆刻	てんこく	vs
築港	ちっこう	vs
納棺	のうかん	vs
結線	けっせん	n
繁く	しげく	adv
肥厚	ひこう	vs
肺気腫	はいきしゅ	n
脱肛	だっこう	vs
色盲	しきもう	n
茉莉花	まつりか	n
落日	らくじつ	n
薬師如来	やくしにょらい	n
虚実	きょじつ	n
蛇の目	じゃのめ	n
西北西	せいほくせい	n
詐術	さじゅつ	n
詳らか	つまびらか	adj-na
諌める	いさめる	v1
謬	あやまり	n
豪商	ごうしょう	n
赤味噌	あかみそ	n
車速	しゃそく	n
転籍	てんせき	vs
遊学	ゆうがく	vs
遊興	ゆうきょう	vs
遵法	じゅんぽう	n
酒浸り	さけびたり	n
金柑	きんかん	n
鉄柵	てっさく	n
銅板	どうばん	n
銘酒	めいしゅ	n
門弟	もんてい	n
院外	いんがい	n
離合	りごう	vs
雨期	うき	n
電算	でんさん	n
霊殿	れいでん	n
青天井	あおてんじょう	n
順々	じゅんじゅん	adv
領国	りょうごく	n
顔付き	かおつき	n
風呂屋	ふろや	n
馬頭	ばとう	n
黒山	くろやま	n
鼻緒	はなお	n
あざ笑う	あざわらう	v5u
あばれる	あばれる	v1
おはこ	おはこ	n
お礼参り	おれいまいり	n
かせい	かせい	vs
けんす	けんす	
げんまん	げんまん	vs
さんこう	さんこう	n
しいら	しいら	n
しかるに	しかるに	conj
しちょう	しちょう	vs
しょうへい	しょうへい	n
しらみ	しらみ	n
すませる	すませる	v1
せっか	せっか	n
でまかせ	でまかせ	n
どろん	どろん	vs
なぐる	なぐる	v5r
なさけない	なさけない	adj-i
におう	におう	v5u
にがり	にがり	n
ねぎらい	ねぎらい	n
のちほど	のちほど	adv
はしる	はしる	v5r
ひっぱる	ひっぱる	v5r
ぴっちり	ぴっちり	vs
ふっかつ	ふっかつ	vs
ふりだし	ふりだし	n
むつき	むつき	n
やっつけ仕事	やっつけしごと	n
ゆうこう	ゆうこう	adj-na
よせる	よせる	v1
アセチルコリン	アセチルコリン	n
アブストラクト	アブストラクト	adj-na
アブラゼミ	あぶらぜみ	n
イグニッション	イグニッション	n
イブプロフェン	イブプロフェン	n
イマーム	イマーム	n
イメージチェンジ	イメージチェンジ	n
インパラ	インパラ	n
ウイリー	ウィリー	n
オルカ	オルカ	n
カササギ	かささぎ	n
カーナビゲーション	カーナビゲーション	n
ギトギト	ギトギト	vs
ギャザー	ギャザー	n
コツメカワウソ	こつめかわうそ	n
コースレコード	コースレコード	n
サブシステム	サブシステム	n
サンショウウオ	さんしょううお	n
シーレーン	シーレン	n
ジェネレーションギャップ	ジェネレーションギャップ	n
スパイカー	スパイカー	n
スリナム	スリナム	n
ソウルフル	ソウルフル	adj-na
タイピスト	タイピスト	n
ターゲティング	ターゲティング	n
チャネリング	チャネリング	vs
テカリ	てかり	n
テンダー	テンダー	n
テンプラ	てんぷら	n
ディアスポラ	ディアスポラ	n
ディストーション	ディストーション	n
ディフューザー	ディフューザー	n
トビリシ	トビリシ	n
トライアウト	トライアウト	n
ドスン	ドスン	int
ナイトキャップ	ナイトキャップ	n
ナビゲーションシステム	ナビゲーションシステム	n
ニシキヘビ	にしきへび	n
ハイファイ	ハイファイ	n
ハッカソン	ハッカソン	n
バラライカ	バラライカ	n
バルキリー	ヴァルキリー	n
パーソン	パーソン	n
ビッグフット	ビッグフット	n
ビネガー	ビネガー	n
ビーツ	ビーツ	n
ピップ	ピップ	n
ピボット	ピボット	n
フォトン	フォトン	n
フニャフニャ	ふにゃふにゃ	vs
フラッパー	フラッパー	n
フリーランサー	フリーランサー	n
ブルーズ	ブラウス	n
ブードゥー	ブードゥー	n
プレーリードッグ	プレーリードッグ	n
プロテスト	プロテスト	n
ヘッジ	ヘッジ	n
ベナン	ベナン	n
ボストンバッグ	ボストンバッグ	n
ボリウッド	ボリウッド	n
マタハラ	マタハラ	n
マンドラゴラ	マンドラゴラ	n
モナ・リザ	モナリザ	n
ヨゴレ	よごれ	n
ライディング	ライディング	n
リフレクション	リフレクション	n
レイテンシ	レイテンシー	n
レインブーツ	レインブーツ	n
ヴィー	ヴィー	n
ヴェーダ	ヴェーダ	n
七味唐辛子	しちみとうがらし	n
上棟	じょうとう	n
下弦	かげん	n
下腿	かたい	n
不逞	ふてい	adj-na
中納言	ちゅうなごん	n
丸本	まるぼん	n
二兎	にと	n
人糞	じんぷん	n
仔羊	こひつじ	n
仲よし	なかよし	n
例祭	れいさい	n
保線	ほせん	n
免状	めんじょう	n
公訴	こうそ	vs
内堀	うちぼり	n
凡夫	ぼんぷ	n
出不精	でぶしょう	n
券面	けんめん	n
前震	ぜんしん	n
副読本	ふくとくほん	n
原義	げんぎ	n
参宮	さんぐう	vs
反例	はんれい	n
反駁	はんばく	vs
受けとめる	うけとめる	v1
吸い出す	すいだす	v5s
味醂	みりん	n
喜ばす	よろこばす	v5s
圖	ず	n
圧延	あつえん	vs
在所	ざいしょ	vs
売女	ばいた	n
変体	へんたい	n
多汗症	たかんしょう	n
大形	おおぎょう	adj-na
大賢	たいけん	n
天真	てんしん	adj-na
女衒	ぜげん	n
安山岩	あんざんがん	n
官職	かんしょく	n
寝覚め	ねざめ	n
射幸	しゃこう	n
射抜く	いぬく	v5k
小姓	こしょう	n
小紋	こもん	n
屍体	したい	n
岩室	いわむろ	n
巴里	パリ	n
庚	かのえ	n
府下	ふか	n
座頭	ざとう	n
弔問	ちょうもん	vs
我侭	わがまま	adj-na
手向け	たむけ	n
手筋	てすじ	n
押し花	おしばな	n
持ち直す	もちなおす	v5s
振付け	ふりつけ	vs
改易	かいえき	vs
教派	きょうは	n
敷石	しきいし	n
文武	ぶんぶ	n
普請	ふしん	vs
暗譜	あんぷ	vs
桿菌	かんきん	n
梅園	ばいえん	n
樹下	じゅか	n
欠格	けっかく	n
水差し	みずさし	n
法力	ほうりき	n
涙ぐましい	なみだぐましい	adj-i
淡雪	あわゆき	n
湖底	こてい	n
湯屋	ゆや	n
満蒙	まんもう	n
溶出	ようしゅつ	vs
火加減	ひかげん	n
点描	てんびょう	vs
無勢	ぶぜい	n
無花果	いちじく	n
焼き付ける	やきつける	v1
牛糞	ぎゅうふん	n
牛脂	ぎゅうし	n
狭まる	せばまる	v5r
獄死	ごくし	vs
璧	へき	n
甑	こしき	n
生酒	きざけ	n
白装束	しろしょうぞく	n
白雲	しらくも	n
百舌鳥	もず	n
目立て	めたて	n
睨み合い	にらみあい	n
石造	せきぞう	n
秀麗	しゅうれい	adj-na
竹筒	たけづつ	n
精読	せいどく	vs
紅潮	こうちょう	vs
義憤	ぎふん	n
羽交い締め	はがいじめ	vs
老い先	おいさき	n
職域	しょくいき	n
肩掛け	かたかけ	n
腐乱	ふらん	vs
腑抜け	ふぬけ	adj-na
腕白	わんぱく	adj-na
腰骨	こしぼね	n
膵炎	すいえん	n
臍帯	さいたい	n
花祭	はなまつり	n
花芽	かが	n
茶寮	ちゃりょう	n
菌株	きんかぶ	n
薀蓄	うんちく	n
薄まる	うすまる	v5r
薄幸	はっこう	n
薄板	うすいた	n
薄目	うすめ	n
見晴台	みはらしだい	n
討死	うちじに	vs
話し掛ける	はなしかける	v1
負けん気	まけんき	n
貫入	かんにゅう	vs
買主	かいぬし	n
資力	しりょく	n
賽の河原	さいのかわら	exp
赤鼻	あかはな	n
軍靴	ぐんか	n
辛味噌	からみそ	n
退色	たいしょく	vs
送受	そうじゅ	n
連用	れんよう	vs
道ばた	みちばた	n
道長	どうちょう	n
遠視	えんし	n
金堂	こんどう	n
金権	きんけん	n
閏年	うるうどし	n
雌牛	めうし	n
難き	かたき	n
雪渓	せっけい	n
雷管	らいかん	n
風土病	ふうどびょう	n
風雲児	ふううんじ	n
飛び越し	とびこし	n
飲みで	のみで	n
馬子	まご	n
高利	こうり	n
鰭	ひれ	n
黒松	くろまつ	n
黙想	もくそう	vs
あくる	あくる	
あさる	あさる	v5r
あざらし	あざらし	n
あらまし	あらまし	n
いわい	いわい	n
おしろい	おしろい	n
かぎ針	かぎばり	n
かわいがる	かわいがる	v5r
きめる	きめる	v1
ぎょうさん	ぎょうさん	adj-na
くつした	くつした	n
ごしごし	ごしごし	vs
さえぎる	さえぎる	v5r
さがり	さがり	n
しかく	しかく	n
しゃけ	しゃけ	n
しろく	しろく	n
しんかい	しんかい	n
じゅもん	じゅもん	n
そんじょそこら	そんじょそこら	exp
たどたどしい	たどたどしい	adj-i
ついぞ	ついぞ	adv
つき合う	つきあう	v5u
つどう	つどう	v5u
つなぎ目	つなぎめ	n
なり手	なりて	n
ねじ伏せる	ねじふせる	v1
はいし	はいし	vs
ひけらかす	ひけらかす	v5s
ひっこし	ひっこし	vs
ふかく	ふかく	n
ふろしき	ふろしき	n
まどう	まどう	n
まにまに	まにまに	adv
もうろう	もうろう	adv
もらす	もらす	v5s
アイパッチ	アイパッチ	n
アッラーフ	アラー	n
アデノシン	アデノシン	n
アトモスフィア	アトモスフィア	n
アルジェ	アルジェ	n
アルデヒド	アルデヒド	n
アーウィン	アーウィン	n
イスパニア	イスパニア	n
イメージ図	イメージず	n
イルミ	イルミ	n
ウイッグ	ウィッグ	n
エクスペリエンス	エクスペリエンス	n
エチレン	エチレン	n
エバーグリーン	エバーグリーン	n
カタログスペック	カタログスペック	n
カチコチ	カチカチ	adv
カッコー	かっこう	n
カットオフ	カットオフ	vs
カワハギ	かわはぎ	n
